product_id,product_name,category,price,description,image_url,product_url,gender,rating
1,CHAIN LINK COIN NECKLACE,ACCESSORIES_JEWELLERY,1890.0,Necklace featuring metal links in different sizes with raised coin pendants. Lobster clasp fastening.,https://static.zara.net/photos///2023/I/0/1/p/4548/245/808/2/w/448/4548245808_1_1_1.jpg?ts=1692868198326,https://www.zara.com/in/en/chain-link-coin-necklace-p04548245.html,Women,4.3
2,LEATHER BELT WITH SQUARE BUCKLE,ACCESSORIES_JEWELLERY,2590.0,Leather belt with a square buckle and loops lined in the same material.,https://static.zara.net/photos///2023/I/0/1/p/6399/203/700/2/w/448/6399203700_1_1_1.jpg?ts=1692868198780,https://www.zara.com/in/en/leather-belt-with-square-buckle-p06399203.html,Women,4.0
3,DENIM SASH BELT,ACCESSORIES_JEWELLERY,2290.0,Sash belt in denim fabric. Asymmetric waistband. Front pockets. Metal button fastening on the front.,https://static.zara.net/photos///2023/I/0/1/p/3183/205/400/13/w/448/3183205400_1_1_1.jpg?ts=1692893221589,https://www.zara.com/in/en/denim-sash-belt-p03183205.html,Women,4.4
4,FLORAL NECK BOW,ACCESSORIES_JEWELLERY,990.0,Long bow with floral detail made of the same fabric.,https://static.zara.net/photos///2023/I/0/1/p/0653/270/400/12/w/448/0653270400_1_1_1.jpg?ts=1692893120657,https://www.zara.com/in/en/floral-neck-bow-p00653270.html,Women,4.8
5,DENIM SASH BELT WITH POCKETS,ACCESSORIES_JEWELLERY,2290.0,Sash belt in denim fabric with patch pockets.,https://static.zara.net/photos///2023/I/0/1/p/3183/203/400/13/w/448/3183203400_1_1_1.jpg?ts=1692893185957,https://www.zara.com/in/en/denim-sash-belt-with-pockets-p03183203.html,Women,4.0
6,TWILL SASH BELT WITH POCKETS,ACCESSORIES_JEWELLERY,2290.0,Twill sash belt with patch pockets.,https://static.zara.net/photos///2023/I/0/1/p/3183/209/712/13/w/448/3183209712_1_1_1.jpg?ts=1692893247924,https://www.zara.com/in/en/twill-sash-belt-with-pockets-p03183209.html,Women,4.0
7,DENIM TOP WITH RHINESTONES,ACCESSORIES_JEWELLERY,2590.0,"Top made of denim. Featuring a straight neckline, thin straps, rhinestone appliqués and metal hook fastening at the back.",https://static.zara.net/photos///2023/I/0/1/p/0653/273/400/12/w/448/0653273400_2_1_1.jpg?ts=1692947812175,https://www.zara.com/in/en/denim-top-with-rhinestones-p00653273.html,Women,4.8
8,MAXI PEARL BEAD NECKLACE,ACCESSORIES_JEWELLERY,1990.0,Double necklace with faux pearl appliqués. Lobster clasp fastening.,https://static.zara.net/photos///2023/I/0/1/p/1856/344/109/2/w/448/1856344109_1_1_1.jpg?ts=1692607629807,https://www.zara.com/in/en/maxi-pearl-bead-necklace-p01856344.html,Women,4.4
9,PACK OF FAUX PEARL NECKLACES,ACCESSORIES_JEWELLERY,2990.0,Pack of necklaces:-Long necklaces with faux pearl appliqués.-Necklace with faux pearl appliqués. Lobster clasp fastening.,https://static.zara.net/photos///2023/I/0/1/p/1856/345/109/3/w/448/1856345109_1_1_1.jpg?ts=1692633398097,https://www.zara.com/in/en/pack-of-faux-pearl-necklaces-p01856345.html,Women,3.9
10,LEATHER CORD NECKLACE WITH PLATE,ACCESSORIES_JEWELLERY,1990.0,Metal plate necklace with leather cord.,https://static.zara.net/photos///2023/I/0/1/p/1856/349/303/2/w/448/1856349303_1_1_1.jpg?ts=1692607629626,https://www.zara.com/in/en/leather-cord-necklace-with-plate-p01856349.html,Women,4.3
11,INTERWOVEN CHAIN NECKLACE,ACCESSORIES_JEWELLERY,1590.0,Metal necklace with interwoven chain. Lobster clasp fastening.,https://static.zara.net/photos///2023/I/0/1/p/4736/243/303/2/w/448/4736243303_1_1_1.jpg?ts=1692607629660,https://www.zara.com/in/en/interwoven-chain-necklace-p04736243.html,Women,3.9
12,MAXI BUTTON EARRINGS,ACCESSORIES_JEWELLERY,1590.0,Metal round earrings. Push-back clasps.,https://static.zara.net/photos///2023/I/0/1/p/1856/338/303/2/w/448/1856338303_1_1_1.jpg?ts=1692607629501,https://www.zara.com/in/en/maxi-button-earrings-p01856338.html,Women,3.9
13,KAFTAN WITH WOODEN BEADS,ACCESSORIES_JEWELLERY,3990.0,V-neck kaftan with short sleeves. Drawstrings with wooden beads.,https://static.zara.net/photos///2023/I/0/1/p/6188/010/712/2/w/448/6188010712_1_1_1.jpg?ts=1683728027400,https://www.zara.com/in/en/kaftan-with-wooden-beads-p06188010.html,Women,4.2
14,ASYMMETRIC DENIM WAISTCOAT,ACCESSORIES_JEWELLERY,2590.0,"Waistcoat made of denim. Featuring an asymmetric neckline, front patch pocket and belt with metal buckle fastening at the waist.",https://static.zara.net/photos///2023/I/0/1/p/3183/206/400/2/w/448/3183206400_1_1_1.jpg?ts=1692350044208,https://www.zara.com/in/en/asymmetric-denim-waistcoat-p03183206.html,Women,3.2
15,ASYMMETRIC DENIM SLEEVES,ACCESSORIES_JEWELLERY,2290.0,Sleeves made of denim. Featuring an asymmetric neckline and adjustable metal buckle fastening.,https://static.zara.net/photos///2023/I/0/1/p/3183/207/400/2/w/448/3183207400_1_1_1.jpg?ts=1692350043823,https://www.zara.com/in/en/asymmetric-denim-sleeves-p03183207.html,Women,3.3
16,AVIATOR SUNGLASSES,ACCESSORIES_JEWELLERY,1990.0,Aviator-style sunglasses with a metal frame. Case included.100% UV Protection. Category 3.,https://static.zara.net/photos///2023/I/0/1/p/2727/201/303/3/w/448/2727201303_1_1_1.jpg?ts=1685703939310,https://www.zara.com/in/en/aviator-sunglasses-p02727201.html,Women,3.8
17,PRINTED MAXI BAG,ACCESSORIES_JEWELLERY,3290.0,Max quilted tote bag. Shoulder strap.Height x Length x Width: 50 x 74 x 10 cm. / 19.6 x 29.1 x 3.9″,https://static.zara.net/photos///2023/I/0/1/p/2856/205/670/2/w/448/2856205670_1_1_1.jpg?ts=1685615819865,https://www.zara.com/in/en/printed-maxi-bag-p02856218.html,Women,3.6
18,RESIN SUNGLASSES,ACCESSORIES_JEWELLERY,1990.0,Resin sunglasses. Case included.100% UV Protection. Category 3.,https://static.zara.net/photos///2023/I/0/1/p/2727/203/760/12/w/448/2727203760_1_1_1.jpg?ts=1685704020015,https://www.zara.com/in/en/resin-sunglasses-p02727203.html,Women,4.2
19,SURPLICE SWIMSUIT WITH METAL PIECE,ACCESSORIES_JEWELLERY,3290.0,"Swimsuit featuring removable cups, a surplice neckline and thin straps. Metal appliqué detail on the front.",https://static.zara.net/photos///2023/I/0/1/p/0167/234/800/12/w/448/0167234800_1_1_1.jpg?ts=1688480100062,https://www.zara.com/in/en/surplice-swimsuit-with-metal-piece-p00167234.html,Women,3.7
20,WIDE LEATHER BELT,ACCESSORIES_JEWELLERY,2590.0,Leather belt. Fastening with metal buckle and belt loop.,https://static.zara.net/photos///2023/I/0/1/p/6399/208/800/2/w/448/6399208800_1_1_1.jpg?ts=1691675319810,https://www.zara.com/in/en/wide-leather-belt-p06399208.html,Women,3.5
21,IRREGULAR HOOP EARRINGS,ACCESSORIES_JEWELLERY,1590.0,Irregular hoop-shaped metallic earrings. Push-back fastening.,https://static.zara.net/photos///2023/I/0/1/p/4736/242/303/2/w/448/4736242303_1_1_1.jpg?ts=1691675319976,https://www.zara.com/in/en/irregular-hoop-earrings-p04736242.html,Women,4.8
22,OVAL EARRINGS,ACCESSORIES_JEWELLERY,1590.0,Contrast metallic oval earrings. Push-back and clip closure.,https://static.zara.net/photos///2023/I/0/1/p/4736/236/303/17/w/448/4736236303_1_1_1.jpg?ts=1691736630947,https://www.zara.com/in/en/oval-earrings-p04736236.html,Women,4.0
23,MINI HOOP EARRINGS,ACCESSORIES_JEWELLERY,1590.0,Small metal hoop earrings. Push-back closure.,https://static.zara.net/photos///2023/I/0/1/p/1856/286/881/2/w/448/1856286881_1_1_1.jpg?ts=1691675320097,https://www.zara.com/in/en/mini-hoop-earrings-p01856286.html,Women,4.1
24,PACK OF HOOP EARRINGS,ACCESSORIES_JEWELLERY,990.0,- Metal earrings. Click fastening. - Metal earrings with rhinestone appliqué. Click fastening. - Metal earrings with rhinestone appliqué. Push-back fastening.,https://static.zara.net/photos///2023/I/0/1/p/1856/255/303/17/w/448/1856255303_1_1_1.jpg?ts=1691582964428,https://www.zara.com/in/en/pack-of-hoop-earrings-p01856255.html,Women,3.5
25,PACK OF NECKLACES,ACCESSORIES_JEWELLERY,1590.0,Three-pack of necklaces:- Metal chain link necklace. Lobster clasp fastening. - Metal necklace. Lobster clasp fastening. - Metal necklace. Lobster clasp fastening.View more,https://static.zara.net/photos///2023/I/0/1/p/1856/265/303/3/w/448/1856265303_1_1_1.jpg?ts=1690546400962,https://www.zara.com/in/en/pack-of-necklaces-p01856265.html,Women,3.9
26,PACK OF HOOP EARRINGS,ACCESSORIES_JEWELLERY,990.0,- Metal earrings. Push-back fastening. - Metal earrings. Push-back fastening.,https://static.zara.net/photos///2023/I/0/1/p/1856/256/808/2/w/448/1856256808_1_1_1.jpg?ts=1690530689657,https://www.zara.com/in/en/pack-of-hoop-earrings-p01856256.html,Women,4.1
27,MEDIUM HOOP EARRINGS,ACCESSORIES_JEWELLERY,990.0,Metal earrings. Push-back fastening.,https://static.zara.net/photos///2023/I/0/1/p/1856/257/303/3/w/448/1856257303_1_1_1.jpg?ts=1690546400594,https://www.zara.com/in/en/medium-hoop-earrings-p01856257.html,Women,3.6
28,PACK OF RHINESTONE NECKLACES,ACCESSORIES_JEWELLERY,1590.0,Two-pack of necklaces:- Metal necklace.- Metal necklace with rhinestone appliqués.,https://static.zara.net/photos///2023/I/0/1/p/1856/261/303/3/w/448/1856261303_1_1_1.jpg?ts=1690546400498,https://www.zara.com/in/en/pack-of-rhinestone-necklaces-p01856261.html,Women,4.3
29,PACK OF FRESH WATER PEARL BEAD NECKLACES,ACCESSORIES_JEWELLERY,1590.0,Two-pack of necklaces:- Metal necklace.- Metal necklace with faux pearl bead appliqués.,https://static.zara.net/photos///2023/I/0/1/p/1856/260/303/3/w/448/1856260303_1_1_1.jpg?ts=1690546400539,https://www.zara.com/in/en/pack-of-fresh-water-pearl-bead-necklaces-p01856260.html,Women,3.8
30,BEADED CROCHET TOP,ACCESSORIES_JEWELLERY,5990.0,Crochet top with multicoloured beads. Round neck and back fastening.,https://static.zara.net/photos///2023/I/0/1/p/4340/008/330/2/w/448/4340008330_1_1_1.jpg?ts=1687861189709,https://www.zara.com/in/en/beaded-crochet-top-p04340008.html,Women,4.0
31,CROCHET CHOKER WITH FRINGING,ACCESSORIES_JEWELLERY,1990.0,Crochet choker with bead appliqués and fringing. Braided tie closure.,https://static.zara.net/photos///2023/I/0/1/p/4340/005/330/2/w/448/4340005330_1_1_1.jpg?ts=1687861189223,https://www.zara.com/in/en/crochet-choker-with-fringing-p04340005.html,Women,3.8
32,STRIPED CROCHET HAT,ACCESSORIES_JEWELLERY,2290.0,Hat made of crochet fabric.,https://static.zara.net/photos///2023/I/0/1/p/3920/214/703/2/w/448/3920214703_1_1_1.jpg?ts=1687861188860,https://www.zara.com/in/en/striped-crochet-hat-p03920214.html,Women,4.9
33,BEADED FLORAL EARRINGS,ACCESSORIES_JEWELLERY,1990.0,Flower-shaped dangle earrings with fabric and multicoloured bead details. Push-back and clip closure.,https://static.zara.net/photos///2023/I/0/1/p/4340/006/330/3/w/448/4340006330_1_1_1.jpg?ts=1687963869620,https://www.zara.com/in/en/beaded-floral-earrings-p04340006.html,Women,4.1
34,ASYMMETRIC HEART EARRINGS,ACCESSORIES_JEWELLERY,1590.0,Heart-shaped metal earrings with faux pearl appliqués. Push-back closure.,https://static.zara.net/photos///2023/I/0/1/p/1856/319/808/2/w/448/1856319808_1_1_1.jpg?ts=1691049410533,https://www.zara.com/in/en/asymmetric-heart-earrings-p01856319.html,Women,3.6
35,PACK OF RESIN RINGS,ACCESSORIES_JEWELLERY,1590.0,Pack of two metal rings with a transparent resin stone.Measurements: 17 mm and 18 mm.,https://static.zara.net/photos///2023/I/0/1/p/4736/241/805/2/w/448/4736241805_1_1_1.jpg?ts=1691049409954,https://www.zara.com/in/en/pack-of-resin-rings-p04736241.html,Women,4.5
36,COLOURED RHINESTONE EARRINGS,ACCESSORIES_JEWELLERY,1590.0,Metal earrings with coloured rhinestones. Push-back and clip closure.,https://static.zara.net/photos///2023/I/0/1/p/1856/289/303/2/w/448/1856289303_1_1_1.jpg?ts=1691049410334,https://www.zara.com/in/en/coloured-rhinestone-earrings-p01856289.html,Women,3.6
37,ROLLED HOOP EARRINGS,ACCESSORIES_JEWELLERY,990.0,Twisted metal hoop earrings. Push-back closure.,https://static.zara.net/photos///2023/I/0/1/p/1856/258/303/2/w/448/1856258303_1_1_1.jpg?ts=1691049410029,https://www.zara.com/in/en/rolled-hoop-earrings-p01856258.html,Women,4.2
38,ASYMMETRIC EARRINGS,ACCESSORIES_JEWELLERY,1590.0,Metal asymmetric earrings. Push-back closure.,https://static.zara.net/photos///2023/I/0/1/p/1856/295/303/2/w/448/1856295303_1_1_1.jpg?ts=1691049410312,https://www.zara.com/in/en/asymmetric-earrings-p01856295.html,Women,3.2
39,CASCADING NECKLACE WITH BEADS,ACCESSORIES_JEWELLERY,2990.0,Cascading necklace with beads in different materials. Lobster clasp fastening.,https://static.zara.net/photos///2023/I/0/1/p/1070/201/700/2/w/448/1070201700_1_1_1.jpg?ts=1688032290705,https://www.zara.com/in/en/cascading-necklace-with-beads-p01070201.html,Women,3.5
40,BEADED FLORAL EARRINGS,ACCESSORIES_JEWELLERY,1990.0,Flower-shaped long earrings made of tulle with beading. Push-back and clip closure.,https://static.zara.net/photos///2023/I/0/1/p/7243/204/630/2/w/448/7243204630_1_1_1.jpg?ts=1688032290971,https://www.zara.com/in/en/beaded-floral-earrings-p07243204.html,Women,4.2
41,REVERSIBLE RUSTIC HAT,ACCESSORIES_JEWELLERY,2590.0,"Reversible hat made of a cotton, linen and jute blend.",https://static.zara.net/photos///2023/I/0/1/p/0653/236/052/2/w/448/0653236052_1_1_1.jpg?ts=1688032289837,https://www.zara.com/in/en/reversible-rustic-hat-p00653236.html,Women,4.4
42,PRINTED LINEN BLEND SCARF,ACCESSORIES_JEWELLERY,2290.0,Scarf made of a linen blend with frayed edges.Measurements: 187 x 105 cm. / 73.6 x 41.3″,https://static.zara.net/photos///2023/I/0/1/p/9967/201/330/3/w/448/9967201330_1_1_1.jpg?ts=1688460607161,https://www.zara.com/in/en/printed-linen-blend-scarf-p09967201.html,Women,4.2
43,RIPPED DENIM CAP,ACCESSORIES_JEWELLERY,1590.0,Peak cap made of denim fabric. Adjustable at the back. Ripped details.,https://static.zara.net/photos///2023/I/0/1/p/0653/268/811/2/w/448/0653268811_2_1_1.jpg?ts=1689088656441,https://www.zara.com/in/en/ripped-denim-cap-p03920237.html,Women,4.0
44,TRIPLE DIAMOND-SHAPED EARRINGS,ACCESSORIES_JEWELLERY,1590.0,Metal dangle earrings in the shape of diamonds. Push-back closure.,https://static.zara.net/photos///2023/I/0/1/p/1124/021/303/3/w/448/1124021303_1_1_1.jpg?ts=1685008128900,https://www.zara.com/in/en/triple-diamond-shaped-earrings-p01124021.html,Women,4.0
45,RESIN NECKLACE,ACCESSORIES_JEWELLERY,2590.0,Metallic necklace with transparent resin stones. Lobster clasp fastening.,https://static.zara.net/photos///2023/I/0/1/p/1856/277/808/12/w/448/1856277808_1_1_1.jpg?ts=1689680843555,https://www.zara.com/in/en/resin-necklace-p01856277.html,Women,3.4
46,RESIN EARRINGS,ACCESSORIES_JEWELLERY,1590.0,Metal earrings with transparent resin stone. Push-back and clip closure.,https://static.zara.net/photos///2023/I/0/1/p/1856/269/808/17/w/448/1856269808_1_1_1.jpg?ts=1689758409775,https://www.zara.com/in/en/resin-earrings-p01856269.html,Women,3.8
47,FAUX PEARL CHAIN LINK EARRINGS,ACCESSORIES_JEWELLERY,1590.0,Metal chain link earrings with a ball and faux pearl pendant. Push-back clasps.,https://static.zara.net/photos///2023/I/0/1/p/1856/271/808/12/w/448/1856271808_1_1_1.jpg?ts=1689680843776,https://www.zara.com/in/en/faux-pearl-chain-link-earrings-p01856271.html,Women,3.9
48,PACK OF METALLIC BRACELETS,ACCESSORIES_JEWELLERY,1590.0,Pack of textured metal bracelets.,https://static.zara.net/photos///2023/I/0/1/p/4548/228/808/12/w/448/4548228808_1_1_1.jpg?ts=1689680843456,https://www.zara.com/in/en/pack-of-metallic-bracelets-p04548228.html,Women,4.6
49,XL POLARISED SUNGLASSES,ACCESSORIES_JEWELLERY,2290.0,Sunglasses with XL shield.100% UV Protection. Category 3.,https://static.zara.net/photos///2023/I/0/1/p/2727/007/800/2/w/448/2727007800_6_1_1.jpg?ts=1689602885857,https://www.zara.com/in/en/xl-polarised-sunglasses-p02727007.html,Women,4.3
50,STRAIGHT SUNGLASSES WITH FRAME,ACCESSORIES_JEWELLERY,1990.0,Sunglasses with a coloured resin frame. Case included.100% UV PROTECTION. CATEGORY 3.,https://static.zara.net/photos///2023/I/0/1/p/4646/002/800/2/w/448/4646002800_6_1_1.jpg?ts=1689601549294,https://www.zara.com/in/en/straight-sunglasses-with-frame-p04646002.html,Women,3.3
51,CATEYE SUNGLASSES,ACCESSORIES_JEWELLERY,1990.0,Sunglasses with a resin frame. Case included.100% UV PROTECTION. CATEGORY 3.,https://static.zara.net/photos///2023/I/0/1/p/4646/201/800/2/w/448/4646201800_1_1_1.jpg?ts=1684420173174,https://www.zara.com/in/en/cateye-sunglasses-p04646201.html,Women,4.2
52,MAXI WOODEN NECKLACE,ACCESSORIES_JEWELLERY,2290.0,Maxi necklace with contrasting wood. Lobster clasp fastening.,https://static.zara.net/photos///2023/I/0/1/p/4736/212/303/2/w/448/4736212303_1_1_1.jpg?ts=1684852151014,https://www.zara.com/in/en/maxi-wooden-necklace-p04736212.html,Women,3.9
53,CIRCULAR WOODEN NECKLACE,ACCESSORIES_JEWELLERY,1990.0,Metal necklace with a circular wooden pendant.,https://static.zara.net/photos///2023/I/0/1/p/1856/212/303/2/w/448/1856212303_1_1_1.jpg?ts=1684852148956,https://www.zara.com/in/en/circular-wooden-necklace-p01856212.html,Women,3.8
54,MAXI BEADED NECKLACE,ACCESSORIES_JEWELLERY,2990.0,Maxi necklace with beads. Lobster clasp fastening.,https://static.zara.net/photos///2023/I/0/1/p/7243/200/700/17/w/448/7243200700_1_1_1.jpg?ts=1692187333204,https://www.zara.com/in/en/maxi-beaded-necklace-p07243200.html,Women,4.4
55,SATIN TURBAN CAP,ACCESSORIES_JEWELLERY,990.0,Satin cap headband. Elastic detail and tie detail.,https://static.zara.net/photos///2023/I/0/1/p/0653/266/620/17/w/448/0653266620_1_1_1.jpg?ts=1692187330999,https://www.zara.com/in/en/satin-turban-cap-p00653266.html,Women,4.6
56,NECK FLOWER WITH CORD,ACCESSORIES_JEWELLERY,990.0,Long cord with flowers made of fabric.,https://static.zara.net/photos///2023/I/0/1/p/0653/272/800/17/w/448/0653272800_1_1_1.jpg?ts=1692186532353,https://www.zara.com/in/en/neck-flower-with-cord-p00653272.html,Women,4.5
57,STRETCH BELT WITH ACETATE EFFECT,ACCESSORIES_JEWELLERY,1990.0,Stretch jute belt. Contrast acetate-effect buckle.,https://static.zara.net/photos///2023/I/0/1/p/1736/219/052/17/w/448/1736219052_1_1_1.jpg?ts=1692187337882,https://www.zara.com/in/en/stretch-belt-with-acetate-effect-p01736219.html,Women,3.7
58,PACK OF LONG NECKLACES,ACCESSORIES_JEWELLERY,1890.0,Two-pack of necklaces:-Necklace with coloured beads.-Fine chain with pendants in the shape of a fish and coloured rhinestones.,https://static.zara.net/photos///2023/I/0/1/p/4548/236/303/12/w/448/4548236303_1_1_1.jpg?ts=1690546393650,https://www.zara.com/in/en/pack-of-long-necklaces-p04548236.html,Women,4.0
59,FAN EARRINGS,ACCESSORIES_JEWELLERY,1590.0,Fan-shaped metal earrings. Push-back and clip closure.,https://static.zara.net/photos///2023/I/0/1/p/1856/281/303/17/w/448/1856281303_1_1_1.jpg?ts=1691583113474,https://www.zara.com/in/en/fan-earrings-p01856281.html,Women,4.2
60,METAL NECKLACE,ACCESSORIES_JEWELLERY,990.0,Rigid metal necklace.,https://static.zara.net/photos///2023/I/0/1/p/1856/224/808/2/w/448/1856224808_1_1_1.jpg?ts=1689929449635,https://www.zara.com/in/en/metal-necklace-p01856224.html,Women,4.5
61,FAUX PEARL BEAD DOUBLE NECKLACE,ACCESSORIES_JEWELLERY,1990.0,Short double necklace with faux pearl beads. Lobster clasp fastening.,https://static.zara.net/photos///2023/I/0/1/p/4548/235/303/2/w/448/4548235303_1_1_1.jpg?ts=1689929452348,https://www.zara.com/in/en/faux-pearl-bead-double-necklace-p04548235.html,Women,3.9
62,PEARL BEAD HOOP EARRINGS,ACCESSORIES_JEWELLERY,1590.0,Hoop earrings with faux pearl bead appliqués. Push-back closure.,https://static.zara.net/photos///2023/I/0/1/p/1856/282/303/2/w/448/1856282303_1_1_1.jpg?ts=1689929451970,https://www.zara.com/in/en/pearl-bead-hoop-earrings-p01856282.html,Women,4.0
63,FLOWER BROOCH,ACCESSORIES_JEWELLERY,990.0,Flower-shaped fabric brooch. Double clip-on and safety pin fastening.,https://static.zara.net/photos///2023/I/0/1/p/0653/271/800/2/w/448/0653271800_1_1_1.jpg?ts=1689929448906,https://www.zara.com/in/en/flower-brooch-p00653271.html,Women,3.6
64,PACK OF RESIN RINGS,ACCESSORIES_JEWELLERY,1590.0,Pack of three resin rings.,https://static.zara.net/photos///2023/I/0/1/p/4548/223/330/17/w/448/4548223330_1_1_1.jpg?ts=1686738753806,https://www.zara.com/in/en/pack-of-resin-rings-p04548223.html,Women,3.6
65,PACK OF RESIN BRACELETS,ACCESSORIES_JEWELLERY,1890.0,Pack of two resin bracelets.,https://static.zara.net/photos///2023/I/0/1/p/4548/216/330/17/w/448/4548216330_1_1_1.jpg?ts=1686738560423,https://www.zara.com/in/en/pack-of-resin-bracelets-p04548216.html,Women,4.5
66,BUCKET HAT WITH WIDE BRIM,ACCESSORIES_JEWELLERY,2290.0,Wide-brimmed bucket hat with a shapewear border.,https://static.zara.net/photos///2023/I/0/1/p/3739/214/705/2/w/448/3739214705_1_1_1.jpg?ts=1688550128360,https://www.zara.com/in/en/bucket-hat-with-wide-brim-p03739214.html,Women,4.7
67,PACK OF RESIN RINGS,ACCESSORIES_JEWELLERY,1590.0,Pack of two resin rings.Size S = 16.5 mm.Size M = 17.5 mm.,https://static.zara.net/photos///2023/I/0/1/p/8435/203/712/2/w/448/8435203712_1_1_1.jpg?ts=1688550128589,https://www.zara.com/in/en/pack-of-resin-rings-p08435203.html,Women,4.1
68,PACK OF FAUX PEARL AND CHAIN EARRINGS AND EAR CUFFS,ACCESSORIES_JEWELLERY,1590.0,Pack of earrings:-Ear cuffs with faux pearls and thin chains. -Earrings with faux pearl appliqués and thin chains. Push-back closure.,https://static.zara.net/photos///2023/I/0/1/p/1856/278/808/17/w/448/1856278808_1_1_1.jpg?ts=1691583067763,https://www.zara.com/in/en/pack-of-faux-pearl-and-chain-earrings-and-ear-cuffs-p01856278.html,Women,4.6
69,HEART EARRINGS,ACCESSORIES_JEWELLERY,990.0,Heart-shaped metal earrings. Push-back closure.,https://static.zara.net/photos///2023/I/0/1/p/1856/318/808/17/w/448/1856318808_1_1_1.jpg?ts=1691583141043,https://www.zara.com/in/en/heart-earrings-p01856318.html,Women,4.3
70,RIGID V-SHAPED CHOKER,ACCESSORIES_JEWELLERY,2290.0,Rigid metal V-shaped choker.,https://static.zara.net/photos///2023/I/0/1/p/4548/275/303/2/w/448/4548275303_1_1_1.jpg?ts=1691579760435,https://www.zara.com/in/en/rigid-v-shaped-choker-p04548275.html,Women,3.8
71,PACK OF BEAD AND RHINESTONE CHAINS,ACCESSORIES_JEWELLERY,1590.0,Pack of two chains:- Thin metal bead chain. Lobster clasp fastening.- Thin metal chain with rhinestone appliqués. Lobster clasp fastening.View more,https://static.zara.net/photos///2023/I/0/1/p/1856/263/303/17/w/448/1856263303_1_1_1.jpg?ts=1691583037173,https://www.zara.com/in/en/pack-of-bead-and-rhinestone-chains-p01856263.html,Women,4.3
72,HEART CORD NECKLACE,ACCESSORIES_JEWELLERY,1590.0,Long cord necklace made of leather with a pendant in the shape of a resin heart.,https://static.zara.net/photos///2023/I/0/1/p/1856/276/615/12/w/448/1856276615_1_1_1.jpg?ts=1689939817006,https://www.zara.com/in/en/heart-cord-necklace-p01856276.html,Women,4.8
73,MACRAMÉ DRESS,ACCESSORIES_JEWELLERY,4990.0,"Sleeveless fabric dress with knot detail, a round neckline and a fringed hem.This garment is not lined.",https://static.zara.net/photos///2023/I/0/1/p/3920/219/251/2/w/448/3920219251_1_1_1.jpg?ts=1689003670922,https://www.zara.com/in/en/macrame-dress-p03920219.html,Women,4.1
74,COLOURED RESIN EARRINGS,ACCESSORIES_JEWELLERY,1590.0,Metal earrings with resin oval stone. Push-back and clip clasps.,https://static.zara.net/photos///2023/I/0/1/p/1856/268/808/2/w/448/1856268808_1_1_1.jpg?ts=1689003669698,https://www.zara.com/in/en/coloured-resin-earrings-p01856268.html,Women,4.8
75,PRINTED COTTON MULTIWAY PAREO,ACCESSORIES_JEWELLERY,2290.0,Multiway pareo made of cotton. Fringed trim.,https://static.zara.net/photos///2023/I/0/1/p/0264/203/402/2/w/448/0264203402_1_1_1.jpg?ts=1689003671397,https://www.zara.com/in/en/printed-cotton-multiway-pareo-p00264203.html,Women,2.9
76,NECKLACE WITH MULTICOLOURED BEADS,ACCESSORIES_JEWELLERY,2590.0,Multi-strand necklace with multicoloured beads. Lobster clasp fastening.,https://static.zara.net/photos///2023/I/0/1/p/4548/230/330/2/w/448/4548230330_1_1_1.jpg?ts=1689003671777,https://www.zara.com/in/en/necklace-with-multicoloured-beads-p04548230.html,Women,4.5
77,SEASHELL DENIM NECKLACE,ACCESSORIES_JEWELLERY,1590.0,Braided denim necklace with a seashell pendant. Lobster clasp fastening.,https://static.zara.net/photos///2023/I/0/1/p/1856/272/400/12/w/448/1856272400_1_1_1.jpg?ts=1689939817724,https://www.zara.com/in/en/seashell-denim-necklace-p01856272.html,Women,4.1
78,PACK OF FISH CHAIN NECKLACES,ACCESSORIES_JEWELLERY,1590.0,Two-pack of necklaces:Thin metal chain. Lobster clasp fastening.-Thin metal chain with a fish pendant. Lobster clasp fastening.,https://static.zara.net/photos///2023/I/0/1/p/4548/234/303/2/w/448/4548234303_1_1_1.jpg?ts=1689003670697,https://www.zara.com/in/en/pack-of-fish-chain-necklaces-p04548234.html,Women,4.0
79,EAR CUFF HOOP EARRING,ACCESSORIES_JEWELLERY,990.0,-Metal ear cuff.-Small open metal hoop. Push-back clasp.,https://static.zara.net/photos///2023/I/0/1/p/1856/294/303/3/w/448/1856294303_1_1_1.jpg?ts=1690993221162,https://www.zara.com/in/en/ear-cuff-hoop-earring-p01856294.html,Women,4.1
80,FLORAL DRAWSTRING BELT,ACCESSORIES_JEWELLERY,1990.0,Belt with metal flowers. Drawstring fastening with a knot or tie.,https://static.zara.net/photos///2023/I/0/1/p/4548/248/800/23/w/448/4548248800_1_1_1.jpg?ts=1690993468935,https://www.zara.com/in/en/floral-drawstring-belt-p04548248.html,Women,3.2
81,FAUX PEARL EAR CUFF HOOP EARRING,ACCESSORIES_JEWELLERY,990.0,-Metal ear cuff with faux pearl appliqué.-Small open metal hoop. Push-back clasp.,https://static.zara.net/photos///2023/I/0/1/p/1856/293/808/2/w/448/1856293808_1_1_1.jpg?ts=1690810874989,https://www.zara.com/in/en/faux-pearl-ear-cuff-hoop-earring-p01856293.html,Women,4.0
82,TWISTED EARRINGS,ACCESSORIES_JEWELLERY,1590.0,Twisted dangle earrings. Push-back fastening.,https://static.zara.net/photos///2023/I/0/1/p/1856/342/303/2/w/448/1856342303_1_1_1.jpg?ts=1692193785852,https://www.zara.com/in/en/twisted-earrings-p01856342.html,Women,4.3
83,ABSTRACT EARRINGS,ACCESSORIES_JEWELLERY,1590.0,Metal earrings. Push-back and clip closure.,https://static.zara.net/photos///2023/I/0/1/p/1856/347/303/2/w/448/1856347303_1_1_1.jpg?ts=1692193785884,https://www.zara.com/in/en/abstract-earrings-p01856347.html,Women,4.8
84,RHINESTONE TOP,ACCESSORIES_JEWELLERY,5990.0,Crop top featuring a straight neckline and wide straps. Metal chain fastening at the back.,https://static.zara.net/photos///2023/I/0/1/p/4548/286/808/17/w/448/4548286808_1_1_1.jpg?ts=1692198906287,https://www.zara.com/in/en/rhinestone-top-p04548286.html,Women,3.9
85,LEATHER BELT WITH TUBULAR PIECE,ACCESSORIES_JEWELLERY,2290.0,Leather belt with a tubular metal piece.,https://static.zara.net/photos///2023/I/0/1/p/1736/224/808/2/w/448/1736224808_1_1_1.jpg?ts=1692193786095,https://www.zara.com/in/en/leather-belt-with-tubular-piece-p01736224.html,Women,3.7
86,OPEN CIRCULAR EARRINGS,ACCESSORIES_JEWELLERY,1590.0,Metal earrings in an open flat circular shape with texture. Push-back closure.,https://static.zara.net/photos///2023/I/0/1/p/1124/204/303/2/w/448/1124204303_1_1_1.jpg?ts=1688546406508,https://www.zara.com/in/en/open-circular-earrings-p01124204.html,Women,3.9
87,IRREGULAR CIRCLE EARRINGS,ACCESSORIES_JEWELLERY,1590.0,Irregular metal circle earrings. Push-back fastening.,https://static.zara.net/photos///2023/I/0/1/p/1124/206/817/2/w/448/1124206817_6_1_1.jpg?ts=1688544358465,https://www.zara.com/in/en/irregular-circle-earrings-p01124206.html,Women,4.5
88,PACK OF METALLIC BRACELETS,ACCESSORIES_JEWELLERY,1590.0,Pack of multiple thin metal bracelets.,https://static.zara.net/photos///2023/I/0/1/p/1856/247/808/17/w/448/1856247808_2_2_1.jpg?ts=1691155520915,https://www.zara.com/in/en/pack-of-metallic-bracelets-p01856247.html,Women,4.2
89,RESIN CASCADING EARRINGS,ACCESSORIES_JEWELLERY,1590.0,Metal dangle earrings with coloured resin stones. Push-back and clip closure.,https://static.zara.net/photos///2023/I/0/1/p/1856/249/303/12/w/448/1856249303_1_1_1.jpg?ts=1688631537513,https://www.zara.com/in/en/resin-cascading-earrings-p01856249.html,Women,3.9
90,MULTICOLOURED RESIN NECKLACE,ACCESSORIES_JEWELLERY,2290.0,Metal necklace with multicoloured resin appliqués. Lobster clasp fastening.,https://static.zara.net/photos///2023/I/0/1/p/1856/236/303/12/w/448/1856236303_1_1_1.jpg?ts=1688631525468,https://www.zara.com/in/en/multicoloured-resin-necklace-p01856236.html,Women,4.3
91,POINTELLE HAT,ACCESSORIES_JEWELLERY,2590.0,Natural fibre hat.,https://static.zara.net/photos///2023/I/0/1/p/0653/209/052/2/w/448/0653209052_1_1_1.jpg?ts=1685015300183,https://www.zara.com/in/en/pointelle-hat-p00653209.html,Women,4.1
92,WIDE ELASTIC BELT,ACCESSORIES_JEWELLERY,2290.0,Wide belt with striped detail. Metal fastening.,https://static.zara.net/photos///2023/I/0/1/p/1736/204/052/2/w/448/1736204052_1_1_1.jpg?ts=1684919833319,https://www.zara.com/in/en/wide-elastic-belt-p01736204.html,Women,4.5
93,PACK OF MULTICOLOURED EARRINGS,ACCESSORIES_JEWELLERY,1590.0,Pack of earrings in different shapes and appliqués. Push-back and screw-back closure.,https://static.zara.net/photos///2023/I/0/1/p/4548/222/330/2/w/448/4548222330_1_1_1.jpg?ts=1689754041307,https://www.zara.com/in/en/pack-of-multicoloured-earrings-p04548222.html,Women,3.8
94,METAL NECKLACE,ACCESSORIES_JEWELLERY,1990.0,Articulated metal necklace. Lobster clasp fastening.,https://static.zara.net/photos///2023/I/0/1/p/1856/273/808/12/w/448/1856273808_2_3_1.jpg?ts=1690366952080,https://www.zara.com/in/en/metal-necklace-p01856273.html,Women,4.0
95,SEASHELL EARRINGS,ACCESSORIES_JEWELLERY,1590.0,Metal earrings in the shape of seashells. Push-back and clip fastening.,https://static.zara.net/photos///2023/I/0/1/p/1856/292/303/2/w/448/1856292303_1_1_1.jpg?ts=1689788790699,https://www.zara.com/in/en/seashell-earrings-p01856292.html,Women,3.9
96,METAL RESIN EARRINGS,ACCESSORIES_JEWELLERY,1590.0,Metal earrings with coloured resin stones. Push-back and clip closure.,https://static.zara.net/photos///2023/I/0/1/p/1856/274/808/2/w/448/1856274808_6_1_1.jpg?ts=1689601550651,https://www.zara.com/in/en/metal-resin-earrings-p01856274.html,Women,3.4
97,BIKINI TOP,ACCESSORIES_JEWELLERY,1990.0,Bikini top with removable cups and a lined metal piece on the chest.,https://static.zara.net/photos///2023/I/0/1/p/0167/226/636/2/w/448/0167226636_1_1_1.jpg?ts=1686034757019,https://www.zara.com/in/en/bikini-top-p00167226.html,Women,4.2
98,CURTAIN STRING BIKINI BOTTOMS,ACCESSORIES_JEWELLERY,1890.0,Curtain string bikini bottoms.,https://static.zara.net/photos///2023/I/0/1/p/0167/227/636/2/w/448/0167227636_1_1_1.jpg?ts=1684935151059,https://www.zara.com/in/en/curtain-string-bikini-bottoms-p00167227.html,Women,4.2
99,PLEATED BIKINI TOP,ACCESSORIES_JEWELLERY,1990.0,"Bikini top with removable cups, a round neck and thin adjustable straps. Fastening at the back.",https://static.zara.net/photos///2023/I/0/1/p/2856/219/330/2/w/448/2856219330_1_1_1.jpg?ts=1686034746896,https://www.zara.com/in/en/pleated-bikini-top-p02856219.html,Women,4.1
100,PLEATED BIKINI BOTTOMS,ACCESSORIES_JEWELLERY,1890.0,Bikini bottoms in pleated fabric.,https://static.zara.net/photos///2023/I/0/1/p/2856/221/330/2/w/448/2856221330_1_1_1.jpg?ts=1684935151526,https://www.zara.com/in/en/pleated-bikini-bottoms-p02856221.html,Women,4.0
101,CUT-OUT SWIMSUIT,ACCESSORIES_JEWELLERY,3290.0,V-neck swimsuit with straps. Featuring an adjustable slit and tie detail on the front.,https://static.zara.net/photos///2023/I/0/1/p/0167/224/610/2/w/448/0167224610_1_1_1.jpg?ts=1685607448224,https://www.zara.com/in/en/cut-out-swimsuit-p00167224.html,Women,3.5
102,BEADED NECKLACE,ACCESSORIES_JEWELLERY,1990.0,Long necklace with bead appliqués and teardrop pendants.,https://static.zara.net/photos///2023/I/0/1/p/4736/237/712/22/w/448/4736237712_1_1_1.jpg?ts=1691048936986,https://www.zara.com/in/en/beaded-necklace-p04736237.html,Women,3.9
103,PACK OF BANGLES,ACCESSORIES_JEWELLERY,1890.0,Pack of two metal bangles.,https://static.zara.net/photos///2023/I/0/1/p/4736/225/303/22/w/448/4736225303_1_1_1.jpg?ts=1691048992652,https://www.zara.com/in/en/pack-of-bangles-p04736225.html,Women,3.9
104,FAN EARRINGS,ACCESSORIES_JEWELLERY,1590.0,Raised metal earrings. Push-back closure.,https://static.zara.net/photos///2023/I/0/1/p/1856/290/303/22/w/448/1856290303_1_1_1.jpg?ts=1691049841398,https://www.zara.com/in/en/fan-earrings-p01856290.html,Women,3.7
105,RESIN PLAQUE EARRINGS,ACCESSORIES_JEWELLERY,1590.0,Metal earrings with a coloured resin plaque. Push-back and clip closure.,https://static.zara.net/photos///2023/I/0/1/p/1856/316/712/22/w/448/1856316712_1_1_1.jpg?ts=1691049861260,https://www.zara.com/in/en/resin-plaque-earrings-p01856316.html,Women,4.0
106,CONTRASTING EARRINGS,ACCESSORIES_JEWELLERY,1590.0,Contrast oval earrings. Push-back and clip closure.,https://static.zara.net/photos///2023/I/0/1/p/4736/239/303/22/w/448/4736239303_1_1_1.jpg?ts=1691049890767,https://www.zara.com/in/en/contrasting-earrings-p04736239.html,Women,4.3
107,METAL FLOWER EARRINGS,ACCESSORIES_JEWELLERY,1890.0,Textured and floral-shaped metal dangle earrings. Push-back and clip closure.,https://static.zara.net/photos///2023/I/0/1/p/1856/219/303/2/w/448/1856219303_1_1_1.jpg?ts=1688722785869,https://www.zara.com/in/en/metal-flower-earrings-p01856219.html,Women,4.9
108,LINEN BLEND SCARF,ACCESSORIES_JEWELLERY,2290.0,Scarf made of a linen blend with frayed edges.Measurements: 195 x 105 cm / 76.7 x 41.3″,https://static.zara.net/photos///2023/I/0/1/p/0653/267/712/2/w/448/0653267712_1_1_1.jpg?ts=1688722784725,https://www.zara.com/in/en/linen-blend-scarf-p00653267.html,Women,4.2
109,METAL FLOWER EARRINGS,ACCESSORIES_JEWELLERY,1590.0,Textured and floral-shaped metal earrings. Push-back and clip closure.,https://static.zara.net/photos///2023/I/0/1/p/1856/239/303/2/w/448/1856239303_1_1_1.jpg?ts=1688722784965,https://www.zara.com/in/en/metal-flower-earrings-p01856239.html,Women,4.2
110,PRINTED SATIN SCARF,ACCESSORIES_JEWELLERY,990.0,Printed satin scarf.Measurements: 70 x 70 cm / 27.5 x 27.5″,https://static.zara.net/photos///2023/I/0/1/p/4758/012/615/2/w/448/4758012615_1_1_1.jpg?ts=1688722785806,https://www.zara.com/in/en/printed-satin-scarf-p04758012.html,Women,4.1
111,SEASHELL CORD NECKLACE,ACCESSORIES_JEWELLERY,1590.0,Braided cord necklace with a metal seashell-shaped pendant. Lobster clasp fastening.,https://static.zara.net/photos///2023/I/0/1/p/1856/287/303/2/w/448/1856287303_1_1_1.jpg?ts=1689783795721,https://www.zara.com/in/en/seashell-cord-necklace-p01856287.html,Women,3.2
112,SEQUINNED BUTTERFLY EARRINGS,ACCESSORIES_JEWELLERY,1890.0,Metal butterfly-shaped earrings with sequin appliqués. Push-back and clip closure.,https://static.zara.net/photos///2023/I/0/1/p/1856/248/303/12/w/448/1856248303_1_1_1.jpg?ts=1688564866751,https://www.zara.com/in/en/sequinned-butterfly-earrings-p01856248.html,Women,4.1
113,UNDERWIRED BIKINI TOP,ACCESSORIES_JEWELLERY,1990.0,Bikini top with underwire and removable cups. Double thin straps. Fastening at the back.,https://static.zara.net/photos///2023/I/0/1/p/2910/201/717/2/w/448/2910201717_1_1_1.jpg?ts=1685615820208,https://www.zara.com/in/en/underwired-bikini-top-p02910201.html,Women,4.1
114,HIGH-WAIST BIKINI BOTTOM,ACCESSORIES_JEWELLERY,1990.0,High-waist bikini bottom.,https://static.zara.net/photos///2023/I/0/1/p/2910/202/717/2/w/448/2910202717_1_1_1.jpg?ts=1685704730589,https://www.zara.com/in/en/high-waist-bikini-bottom-p02910202.html,Women,5.0
115,BANDEAU SWIMSUIT WITH BEAD,ACCESSORIES_JEWELLERY,3290.0,"Swimsuit featuring removable cups, a straight-cut neckline and exposed shoulders. Tied straps at the neck. Bead appliqué detail.",https://static.zara.net/photos///2023/I/0/1/p/0167/228/650/12/w/448/0167228650_2_1_1.jpg?ts=1688479980515,https://www.zara.com/in/en/bandeau-swimsuit-with-bead-p00167228.html,Women,4.0
116,KNOTTED SWIMSUIT,ACCESSORIES_JEWELLERY,3290.0,"Swimsuit with removable cups, a V-neckline and multiple thin straps with a knotted detail at the back.",https://static.zara.net/photos///2023/I/0/1/p/0167/204/701/12/w/448/0167204701_1_1_1.jpg?ts=1685704282771,https://www.zara.com/in/en/knotted-swimsuit-p00167204.html,Women,4.2
117,TRIANGLE BIKINI TOP WITH PATTERNED EMBROIDERY,ACCESSORIES_JEWELLERY,1990.0,"Bikini top featuring removable cups, a V-neck and straps. Contrast patterned embroidery detail.",https://static.zara.net/photos///2023/I/0/1/p/0167/213/800/2/w/448/0167213800_1_1_1.jpg?ts=1685615818493,https://www.zara.com/in/en/triangle-bikini-top-with-patterned-embroidery-p00167213.html,Women,4.1
118,ASYMMETRIC RHINESTONE SWIMSUIT,ACCESSORIES_JEWELLERY,3290.0,"Swimsuit with removable cups, a straight neckline and metallic straps with rhinestones.",https://static.zara.net/photos///2023/I/0/1/p/0167/232/800/3/w/448/0167232800_1_1_1.jpg?ts=1685704304996,https://www.zara.com/in/en/asymmetric-rhinestone-swimsuit-p00167232.html,Women,3.6
119,FADED CAP WITH SLOGAN,ACCESSORIES_JEWELLERY,1590.0,Peak cap. Contrast embroidered slogan. Adjustable at the back.,https://static.zara.net/photos///2023/I/0/1/p/0653/263/832/2/w/448/0653263832_1_1_1.jpg?ts=1688127860733,https://www.zara.com/in/en/faded-cap-with-slogan-p00653263.html,Women,4.6
120,SEASHELL EARRINGS WITH MULTICOLOURED BEADS,ACCESSORIES_JEWELLERY,1590.0,Metal dangle earrings with seashell appliqués and multicoloured beads. Push-back and omega-clip closure.,https://static.zara.net/photos///2023/I/0/1/p/4340/015/330/2/w/494/4340015330_1_1_1.jpg?ts=1684756462124,https://www.zara.com/in/en/seashell-earrings-with-multicoloured-beads-p04340015.html,Women,4.4
121,SEQUINNED CASCADING EARRINGS,ACCESSORIES_JEWELLERY,1990.0,Metal earrings with multicoloured sequin appliqués. Push-back closure.,https://static.zara.net/photos///2023/I/0/1/p/4340/004/611/2/w/448/4340004611_1_1_1.jpg?ts=1684756460877,https://www.zara.com/in/en/sequinned-cascading-earrings-p04340004.html,Women,4.5
122,BASIC TWILL CAP,ACCESSORIES_JEWELLERY,990.0,Peak cap with an adjustable strap at the back.,https://static.zara.net/photos///2023/V/0/1/p/1023/001/712/12/w/448/1023001712_1_1_1.jpg?ts=1678449719293,https://www.zara.com/in/en/basic-twill-cap-p01023001.html,Women,3.7
123,STAR FLOWER EARRINGS,ACCESSORIES_JEWELLERY,1890.0,Flower-shaped dangle earrings with beads and stars. Push-back and clip fastening.,https://static.zara.net/photos///2023/I/0/1/p/4340/007/330/2/w/448/4340007330_1_1_1.jpg?ts=1687963293765,https://www.zara.com/in/en/star-flower-earrings-p04340007.html,Women,4.7
124,MACRAMÉ BAG,ACCESSORIES_JEWELLERY,2290.0,Bag made of macramé. Shoulder straps.No lining.HEIGHT x LENGTH x WIDTH: 40 x 26 x 1 cm / 15.7 x 10.2 x 0.3″View more,https://static.zara.net/photos///2023/I/0/1/p/4162/201/615/2/w/448/4162201615_1_1_1.jpg?ts=1687963294501,https://www.zara.com/in/en/macrame-bag-p04162201.html,Women,3.5
125,STRIPED CROCHET HAT,ACCESSORIES_JEWELLERY,2290.0,Hat made of crochet fabric. Adjustable braided drawstrings with beads.,https://static.zara.net/photos///2023/I/0/1/p/3920/215/330/2/w/448/3920215330_1_1_1.jpg?ts=1687963293156,https://www.zara.com/in/en/striped-crochet-hat-p03920215.html,Women,4.4
126,CROCHET BANDANA,ACCESSORIES_JEWELLERY,1590.0,Crochet bandana. Braided tie fastening.,https://static.zara.net/photos///2023/I/0/1/p/2673/004/630/2/w/448/2673004630_1_1_1.jpg?ts=1687963293120,https://www.zara.com/in/en/crochet-bandana-p02673004.html,Women,5.0
127,CHARM NECKLACE,ACCESSORIES_JEWELLERY,2290.0,Necklace with fringe-shaped beads. Lobster clasp fastening.,https://static.zara.net/photos///2023/I/0/1/p/7243/010/630/2/w/448/7243010630_6_1_1.jpg?ts=1687776284564,https://www.zara.com/in/en/charm-necklace-p07243010.html,Women,3.7
128,MAXI BEADED CHOKER,ACCESSORIES_JEWELLERY,2590.0,Maxi choker made with metallic thread and fringing with bead appliqués. Braided tie closure.,https://static.zara.net/photos///2023/I/0/1/p/4340/221/330/2/w/448/4340221330_1_1_1.jpg?ts=1688035953045,https://www.zara.com/in/en/maxi-beaded-choker-p04340221.html,Women,3.8
129,PACK OF MULTICOLOURED BRACELETS,ACCESSORIES_JEWELLERY,1590.0,Pack of bracelets lined with multicoloured thread.,https://static.zara.net/photos///2023/I/0/1/p/4340/217/330/2/w/448/4340217330_1_1_1.jpg?ts=1687963293503,https://www.zara.com/in/en/pack-of-multicoloured-bracelets-p04340217.html,Women,4.1
130,FLAT METAL EARRINGS,ACCESSORIES_JEWELLERY,1590.0,Flat metal textured earrings. Push-back closure.,https://static.zara.net/photos///2023/I/0/1/p/1124/203/303/17/w/448/1124203303_1_1_1.jpg?ts=1692187333521,https://www.zara.com/in/en/flat-metal-earrings-p01124203.html,Women,3.9
131,RESIN HOOP EARRINGS,ACCESSORIES_JEWELLERY,1890.0,Open hoop earrings featuring irregular dangle hoop and resin stone. Push-back closure.,https://static.zara.net/photos///2023/I/0/1/p/1124/202/303/2/w/448/1124202303_1_1_1.jpg?ts=1687506067431,https://www.zara.com/in/en/resin-hoop-earrings-p01124202.html,Women,3.4
132,PACK OF METALLIC BRACELETS,ACCESSORIES_JEWELLERY,1590.0,Pack of bracelets lined with metallic thread.,https://static.zara.net/photos///2023/I/0/1/p/4340/203/303/2/w/494/4340203303_1_1_1.jpg?ts=1687506068091,https://www.zara.com/in/en/pack-of-metallic-bracelets-p04340203.html,Women,4.1
133,CHAIN EARRINGS WITH FAUX PEARLS AND RHINESTONES,ACCESSORIES_JEWELLERY,1890.0,"Metal hoop earrings with faux pearl appliqués, rhinestones and thin chains. Push-back closure.",https://static.zara.net/photos///2023/I/0/1/p/4548/229/808/2/w/448/4548229808_1_1_1.jpg?ts=1691152934534,https://www.zara.com/in/en/chain-earrings-with-faux-pearls-and-rhinestones-p04548229.html,Women,3.6
134,PACK OF FAUX PEARL AND CHAIN NECKLACES,ACCESSORIES_JEWELLERY,1890.0,Two-pack of necklaces:-Metal necklace with fresh water pearl bead appliqués. Lobster clasp fastening.-Necklace with faux pearl appliqués and chains. Lobster clasp fastening.View more,https://static.zara.net/photos///2023/I/0/1/p/1856/304/808/2/w/448/1856304808_1_1_1.jpg?ts=1691152934480,https://www.zara.com/in/en/pack-of-faux-pearl-and-chain-necklaces-p01856304.html,Women,4.3
135,PATCHWORK DENIM BUCKET HAT,ACCESSORIES_JEWELLERY,1890.0,Patchwork denim bucket hat.,https://static.zara.net/photos///2023/I/0/1/p/3920/238/400/12/w/448/3920238400_1_1_1.jpg?ts=1689939817209,https://www.zara.com/in/en/patchwork-denim-bucket-hat-p03920238.html,Women,3.7
136,DENIM BUCKET HAT WITH RHINESTONES,ACCESSORIES_JEWELLERY,1890.0,Bucket hat made of denim. Rhinestone appliqués.,https://static.zara.net/photos///2023/I/0/1/p/0653/269/400/12/w/448/0653269400_1_1_1.jpg?ts=1689939817594,https://www.zara.com/in/en/denim-bucket-hat-with-rhinestones-p00653269.html,Women,4.8
137,DENIM BUCKET HAT WITH DRAWSTRING,ACCESSORIES_JEWELLERY,1890.0,Bucket hat made of denim fabric with frayed edges. Adjustable drawstring.,https://static.zara.net/photos///2023/I/0/1/p/3920/230/400/2/w/448/3920230400_1_1_1.jpg?ts=1689088658914,https://www.zara.com/in/en/denim-bucket-hat-with-drawstring-p03920230.html,Women,3.7
138,NECKLACE WITH RESIN PIECES,ACCESSORIES_JEWELLERY,1990.0,Denim necklace with transparent resin pieces.,https://static.zara.net/photos///2023/I/0/1/p/4548/231/805/12/w/448/4548231805_1_1_1.jpg?ts=1689939817034,https://www.zara.com/in/en/necklace-with-resin-pieces-p04548231.html,Women,4.0
139,ASYMMETRICAL HOOP EARRINGS,ACCESSORIES_JEWELLERY,1590.0,Textured irregular hoop earrings. Push-back clasps.,https://static.zara.net/photos///2023/I/0/1/p/4548/232/303/2/w/449/4548232303_2_1_1.jpg?ts=1689067534566,https://www.zara.com/in/en/asymmetrical-hoop-earrings-p04548232.html,Women,4.5
140,DENIM BUCKET HAT,ACCESSORIES_JEWELLERY,1890.0,Bucket hat made of denim fabric with a brim. Matching visible topstitching detail.,https://static.zara.net/photos///2023/I/0/1/p/3920/235/800/2/w/448/3920235800_1_1_1.jpg?ts=1689938373552,https://www.zara.com/in/en/denim-bucket-hat-p03920235.html,Women,3.5
141,FLORAL EARRINGS,ACCESSORIES_JEWELLERY,1890.0,Dangle earrings in the shape of flowers.,https://static.zara.net/photos///2023/I/0/1/p/4548/212/500/2/w/448/4548212500_1_1_1.jpg?ts=1683719567830,https://www.zara.com/in/en/floral-earrings-p04548212.html,Women,4.2
142,PRINTED QUILTED TOILETRY BAG,ACCESSORIES_JEWELLERY,1890.0,Multi-purpose quilted toiletry bag featuring a main compartment with zip closure with tassel and fringing.,https://static.zara.net/photos///2023/I/0/1/p/0264/202/612/2/w/448/0264202612_6_1_1.jpg?ts=1684487567236,https://www.zara.com/in/en/printed-quilted-toiletry-bag-p00264202.html,Women,4.7
143,CORAL ARM CUFF,ACCESSORIES_JEWELLERY,2290.0,Enamelled metal arm cuff in the shape of coral.,https://static.zara.net/photos///2023/I/0/1/p/4548/210/600/2/w/448/4548210600_1_1_1.jpg?ts=1685009842864,https://www.zara.com/in/en/coral-arm-cuff-p04548210.html,Women,3.4
144,KAFTAN DRESS WITH METALLIC THREAD FRINGING,ACCESSORIES_JEWELLERY,4990.0,"Semi-sheer kaftan dress with metallic thread, a round neckline, short sleeves and fringing.",https://static.zara.net/photos///2023/I/0/1/p/3920/217/808/3/w/448/3920217808_1_1_1.jpg?ts=1686149607358,https://www.zara.com/in/en/kaftan-dress-with-metallic-thread-fringing-p03920217.html,Women,4.2
145,METALLIC SWIMSUIT,ACCESSORIES_JEWELLERY,3290.0,Swimsuit featuring removable cups with a round neckline and straps.,https://static.zara.net/photos///2023/I/0/1/p/0501/201/808/17/w/448/0501201808_1_1_1.jpg?ts=1686739079437,https://www.zara.com/in/en/metallic-swimsuit-p00501201.html,Women,4.2
146,METALLIC BIKINI TOP,ACCESSORIES_JEWELLERY,1990.0,Bikini top with removable cups. Adjustable thin straps. Knot detail on the chest.,https://static.zara.net/photos///2023/I/0/1/p/0501/215/920/2/w/448/0501215920_1_1_1.jpg?ts=1685009960390,https://www.zara.com/in/en/metallic-bikini-top-p00501215.html,Women,4.5
147,METALLIC BIKINI BOTTOMS,ACCESSORIES_JEWELLERY,1890.0,Bikini bottoms.,https://static.zara.net/photos///2023/I/0/1/p/0501/216/920/2/w/448/0501216920_1_1_1.jpg?ts=1685009959776,https://www.zara.com/in/en/metallic-bikini-bottoms-p00501216.html,Women,3.5
148,CROCHET SASH BELT,ACCESSORIES_JEWELLERY,2290.0,Crochet sash belt. Drawstring fastening with tassel.,https://static.zara.net/photos///2023/I/0/1/p/2673/003/717/2/w/448/2673003717_1_1_1.jpg?ts=1685609207750,https://www.zara.com/in/en/crochet-sash-belt-p02673003.html,Women,3.5
149,BEADED EARRINGS,ACCESSORIES_JEWELLERY,1890.0,Dangle earrings with multicoloured bead appliqués. Push-back and clip closure.,https://static.zara.net/photos///2023/I/0/1/p/7243/034/330/2/w/448/7243034330_1_1_1.jpg?ts=1683815623394,https://www.zara.com/in/en/beaded-earrings-p07243034.html,Women,4.3
150,TRIPLE RHINESTONE EARRINGS,ACCESSORIES_JEWELLERY,1590.0,Metal dangle earrings with coloured rhinestone appliqués. Push-back and clip closure.,https://static.zara.net/photos///2023/I/0/1/p/4736/228/330/2/w/448/4736228330_1_1_1.jpg?ts=1690360067997,https://www.zara.com/in/en/triple-rhinestone-earrings-p04736228.html,Women,4.2
151,PRINTED TULLE SWIMSUIT,ACCESSORIES_JEWELLERY,3290.0,"Swimsuit with removable cups, a round neck and thin straps. Adjustable side gathering detail with ties.Due to the dyeing process, the colour on each garment is unique and special, therefore it may differ from what is shown in the photo.View more",https://static.zara.net/photos///2023/I/0/1/p/2856/208/330/17/w/448/2856208330_1_1_1.jpg?ts=1686824149488,https://www.zara.com/in/en/printed-tulle-swimsuit-p02856208.html,Women,4.2
152,TULLE PRINTED BIKINI TOP,ACCESSORIES_JEWELLERY,1990.0,"Bandeau bikini top with removable cups, a straight neckline and a rigid piece on the chest. Fastens at the back.",https://static.zara.net/photos///2023/I/0/1/p/2856/212/612/17/w/448/2856212612_1_1_1.jpg?ts=1686824154534,https://www.zara.com/in/en/tulle-printed-bikini-top-p02856212.html,Women,4.3
153,BIKINI TOP WITH FRILLS,ACCESSORIES_JEWELLERY,2290.0,"Bikini top with removable cups, a straight-cut neckline and exposed shoulders. Featuring matching ruffle trims.",https://static.zara.net/photos///2023/I/0/1/p/2856/048/545/17/w/448/2856048545_1_1_1.jpg?ts=1686824128162,https://www.zara.com/in/en/bikini-top-with-frills-p02856048.html,Women,3.8
154,PLEATED SWIMSUIT,ACCESSORIES_JEWELLERY,3290.0,"Swimsuit with removable cups, a V-neckline and straps. Pleated fabric.",https://static.zara.net/photos///2023/I/0/1/p/0167/223/717/2/w/448/0167223717_1_1_1.jpg?ts=1683728026823,https://www.zara.com/in/en/pleated-swimsuit-p00167223.html,Women,4.2
155,RHINESTONE BIKINI TOP,ACCESSORIES_JEWELLERY,1990.0,Bikini top with removable cups and an asymmetric neckline. Adjustable thin straps with metallic appliqué and rhinestones.,https://static.zara.net/photos///2023/I/0/1/p/0167/235/800/12/w/448/0167235800_1_1_1.jpg?ts=1688458895182,https://www.zara.com/in/en/rhinestone-bikini-top-p00167235.html,Women,4.2
156,RHINESTONE BIKINI BOTTOMS,ACCESSORIES_JEWELLERY,1990.0,Bikini bottoms with metallic appliqué on the side with rhinestones.,https://static.zara.net/photos///2023/I/0/1/p/0167/236/800/12/w/448/0167236800_1_1_1.jpg?ts=1688458908454,https://www.zara.com/in/en/rhinestone-bikini-bottoms-p00167236.html,Women,3.8
157,FABRIC BELT BAG,BAGS,2590.0,"Fabric belt bag. Adjustable strap. Front zip pocket. Zip closure. Height x Length x Width 17,9 x 29,3 x 6 cm. / 7.0 x 11.5 x 2.3″",https://static.zara.net/photos///2023/I/1/1/p/6021/210/719/2/w/448/6021210719_1_1_1.jpg?ts=1692877244813,https://www.zara.com/in/en/fabric-belt-bag-p16021210.html,Women,4.9
158,FABRIC CROSSBODY BAG,BAGS,2890.0,Fabric crossbody bag. Adjustable fabric crossbody strap. Zip closure.Height x Length x Width 42 x 24 x 15 cm. / 16.5 x 9.4 x 5.9″,https://static.zara.net/photos///2023/I/1/1/p/6020/210/716/2/w/448/6020210716_1_1_1.jpg?ts=1686314716035,https://www.zara.com/in/en/fabric-crossbody-bag-p16020210.html,Women,4.3
159,FABRIC CROSSBODY BAG,BAGS,2590.0,Fabric crossbody bag. Adjustable fabric crossbody strap. Zip closure.Height x Length x Width 12 x 31 x 12 cm. / 4.7 x 12.2 x 4.7″,https://static.zara.net/photos///2023/I/1/1/p/6701/210/529/2/w/448/6701210529_1_1_1.jpg?ts=1692877244345,https://www.zara.com/in/en/fabric-crossbody-bag-p16701210.html,Women,3.6
160,CROSSBODY PURSE,BAGS,2290.0,Crossbody bag that converts into a clutch. Interior with several compartments. Detachable chain shoulder strap. Golden metal hardware. Zip closure.Height x Length x Width 14 x 23 x 3 cm. / 5.5 x 9.0 x 1.1″View more,https://static.zara.net/photos///2023/I/1/1/p/6072/210/719/2/w/448/6072210719_1_1_1.jpg?ts=1692877244495,https://www.zara.com/in/en/crossbody-purse-p16072210.html,Women,4.4
161,CROSSBODY BAG,BAGS,2890.0,Crossbody bag with adjustable strap. Lining. Zip closure.Height x Length x Width 17 x 30 x 11 cm. / 6.6 x 11.8 x 4.3″,https://static.zara.net/photos///2023/I/1/1/p/6006/210/800/2/w/448/6006210800_1_1_1.jpg?ts=1692877244799,https://www.zara.com/in/en/crossbody-bag-p16006210.html,Women,3.7
162,CROCHET BUCKET BAG WITH FRINGING,BAGS,4990.0,Crochet bucket bag with fringing on the sides. Shoulder strap. Magnetic clasp closure. Height x Length x Width 35 x 27 x 11 cm. / 13.7 x 10.6 x 4.3″View more,https://static.zara.net/photos///2023/I/1/1/p/6149/210/800/2/w/448/6149210800_1_1_1.jpg?ts=1692877244950,https://www.zara.com/in/en/crochet-bucket-bag-with-fringing-p16149210.html,Women,4.5
163,FAUX PEARL SHOULDER BAG,BAGS,3290.0,Shoulder bag with faux pearl exterior. Shoulder strap and detachable crossbody strap. Lined interior. Magnetic clasp closure. Height x Length x Width: 22 x 19 x 6.5 cm. / 8.6 x 7.4 x 2.5″View more,https://static.zara.net/photos///2023/I/1/1/p/6088/210/910/2/w/448/6088210910_1_1_1.jpg?ts=1692877245309,https://www.zara.com/in/en/faux-pearl-shoulder-bag-p16088210.html,Women,4.6
164,PATCHWORK SHOULDER BAG,BAGS,4990.0,"Shoulder bag in patchwork-effect fabric. Front and side flap pockets. Shoulder straps. Zip closure. Height x Length x Width 21,6 x 44 x 17,3 cm. / 8.5 x 17.3 x 6.8″View more",https://static.zara.net/photos///2023/I/1/1/p/6140/210/202/2/w/448/6140210202_1_1_1.jpg?ts=1692702214362,https://www.zara.com/in/en/patchwork-shoulder-bag-p16140210.html,Women,3.7
165,PATCHWORK BELT BAG WITH POCKETS,BAGS,2890.0,Belt bag in denim fabric. Patchwork-effect pockets in different sizes. Adjustable strap. Height x Length x Width: 15.5 x 38 x 7.7 cm. / 6.1 x 14.9 x 3.0″,https://static.zara.net/photos///2023/I/1/1/p/6142/210/017/2/w/448/6142210017_1_1_1.jpg?ts=1692702214596,https://www.zara.com/in/en/patchwork-belt-bag-with-pockets-p16142210.html,Women,4.5
166,METALLIC FABRIC TOTE BAG,BAGS,5990.0,Metallic-effect tote bag. Shoulder straps. Zip closure. Height x Length x Width: 43 x 58 x 11 cm. / 16.9 x 22.8 x 4.3″,https://static.zara.net/photos///2023/I/1/1/p/6125/210/303/2/w/448/6125210303_1_1_1.jpg?ts=1692705620843,https://www.zara.com/in/en/metallic-fabric-tote-bag-p16125210.html,Women,4.3
167,METALLIC FABRIC TOTE BAG,BAGS,3290.0,Metallic-effect tote bag. Handles and shoulder straps. Magnetic clasp closure. Height x Length x Width: 26 x 43 x 18 cm. / 10.2 x 16.9 x 7.0″,https://static.zara.net/photos///2023/I/1/1/p/6123/210/808/2/w/448/6123210808_1_1_1.jpg?ts=1692705620480,https://www.zara.com/in/en/metallic-fabric-tote-bag-p16123210.html,Women,4.5
168,METALLIC MINAUDIÈRE,BAGS,3990.0,"Oval minaudière. Brushed metallic effect. Chain crossbody strap. Metal clasp closure.Height x Length x Width 18 x 19 x 6,5 cm. / 7.0 x 7.4 x 2.5″",https://static.zara.net/photos///2023/I/1/1/p/6292/210/808/2/w/448/6292210808_1_1_1.jpg?ts=1692705620496,https://www.zara.com/in/en/metallic-minaudiere-p16317110.html,Women,5.0
169,CROSSBODY BUCKET BAG,BAGS,2890.0,Bucket bag. Handle and detachable and adjustable crossbody strap. Inner fabric bag with gathered closure.Height x Length x Width: 21.9 x 19.9 x 13.3 cm. / 8.6 x 7.8 x 5.2″View more,https://static.zara.net/photos///2023/I/1/1/p/6121/210/709/2/w/448/6121210709_1_1_1.jpg?ts=1692705620515,https://www.zara.com/in/en/crossbody-bucket-bag-p16121210.html,Women,4.0
170,CROSSBODY BUCKET BAG,BAGS,2890.0,Not Found,https://static.zara.net/photos///2023/I/1/1/p/6192/210/250/2/w/448/6192210250_1_1_1.jpg?ts=1692705620567,https://www.zara.com/in/en/crossbody-bucket-bag-p16192210.html,Women,3.8
171,CROSSBODY BAG WITH METAL PIECE,BAGS,3290.0,Crossbody bag. Matching metal piece on the front. Adjustable and detachable canvas strap and a crossbody strap. Double compartment. Zip closure.Height x Length x Width: 13 x 20 x 7 cm. / 5.1 x 7.8 x 2.7″View more,https://static.zara.net/photos///2023/I/1/1/p/6000/210/800/32/w/448/6000210800_2_5_1.jpg?ts=1692796922513,https://www.zara.com/in/en/crossbody-bag-with-metal-piece-p16000210.html,Women,3.7
172,CROSSBODY BAG,BAGS,3290.0,"Crossbody bag with a flap. Two adjustable and detachable straps, one a canvas shoulder strap and the other a crossbody strap. Magnetic clasp closure.Height x Length x Width 20,8 x 24,5 x 9,1 cm. / 8.1 x 9.6 x 3.5″View more",https://static.zara.net/photos///2023/I/1/1/p/6064/110/800/17/w/448/6064110800_1_1_1.jpg?ts=1687362890169,https://www.zara.com/in/en/crossbody-bag-p16064110.html,Women,3.7
173,CROSSBODY BAG WITH TOPSTITCHING,BAGS,3290.0,"Crossbody bag with topstitching detail. Long crossbody strap and canvas fabric handle, both adjustable and detachable. Magnetic clasp on the flap. Height x Length x Width 16,2 x 24 x 8 cm. / 6.3 x 9.4 x 3.1″View more",https://static.zara.net/photos///2023/I/1/1/p/6008/210/709/32/w/448/6008210709_6_1_1.jpg?ts=1692012065994,https://www.zara.com/in/en/crossbody-bag-with-topstitching-p16007210.html,Women,4.1
174,CONTRAST CROSSBODY BAG,BAGS,2890.0,Crossbody bag in a combination of materials with a flap. Shoulder strap. Magnetic clasp closure.Height x Length x Width: 15 x 29 x 7 cm. / 5.9 x 11.4 x 2.7″View more,https://static.zara.net/photos///2023/I/1/1/p/6043/210/202/2/w/448/6043210202_1_1_1.jpg?ts=1690466481156,https://www.zara.com/in/en/contrast-crossbody-bag-p16043210.html,Women,4.3
175,CONTRAST BUCKET BAG,BAGS,2890.0,"Bucket bag in a combination of materials. Adjustable crossbody strap. Magnetic clasp closure.Height x Length x Width 33,5 x 24,6 x 14,8 cm. / 13.1 x 9.6 x 5.8″View more",https://static.zara.net/photos///2023/I/1/1/p/6044/210/202/2/w/448/6044210202_1_1_1.jpg?ts=1690466480261,https://www.zara.com/in/en/contrast-bucket-bag-p16044210.html,Women,4.2
176,FABRIC SHOULDER BAG,BAGS,2890.0,Fabric shoulder bag with frayed detail. Magnetic clasp closure on the flap. Shoulder strap.Height x Length x Width: 12 x 27 x 8 cm. / 4.7 x 10.6 x 3.1″View more,https://static.zara.net/photos///2023/I/1/1/p/6057/210/716/2/w/448/6057210716_1_1_1.jpg?ts=1688732311243,https://www.zara.com/in/en/fabric-shoulder-bag-p16057210.html,Women,4.5
177,CROSSBODY BAG WITH PEARLS,BAGS,3990.0,Crossbody bag. Faux pearl beads on the exterior. Lining. Shoulder strap and detachable crossbody strap. Magnetic clasp closure.Height x Length x Width: 16 x 26 x 4 cm. / 6.2 x 10.2 x 1.5″View more,https://static.zara.net/photos///2023/I/1/1/p/6005/210/910/2/w/448/6005210910_1_1_1.jpg?ts=1686037448051,https://www.zara.com/in/en/crossbody-bag-with-pearls-p16005210.html,Women,4.1
178,FAUX PEARL BEAD BUCKET BAG,BAGS,3290.0,"Bucket bag with faux pearl beads on the exterior. Shoulder strap. Zip closure.Height x Length x Width 24,5 x 16 x 7 cm. / 9.6 x 6.2 x 2.7″",https://static.zara.net/photos///2023/V/1/1/p/6259/110/850/2/w/448/6259110850_1_1_1.jpg?ts=1684228678609,https://www.zara.com/in/en/faux-pearl-bead-bucket-bag-p16259110.html,Women,4.8
179,SHINY SHOULDER BAG,BAGS,3290.0,"Shoulder bag with rhinestones. Lined interior. Shoulder strap. Zip fastening. Height x Length x Width 24 x 26 x 8,5 cm. / 9.4 x 10.2 x 3.3″",https://static.zara.net/photos///2023/I/1/1/p/6364/210/808/2/w/448/6364210808_1_1_1.jpg?ts=1685615024655,https://www.zara.com/in/en/shiny-shoulder-bag-p16363210.html,Women,4.0
180,BEADED BUCKET BAG WITH RHINESTONES,BAGS,3290.0,"Bucket bag with rhinestones and fringing. Top handles. Gathered drawstring closure. Height x Length x Width 19,6 x 22,6 x 4,5 cm. / 7.7 x 8.8 x 1.7″",https://static.zara.net/photos///2023/I/1/1/p/6176/110/909/17/w/448/6176110909_1_1_1.jpg?ts=1687516179809,https://www.zara.com/in/en/beaded-bucket-bag-with-rhinestones-p16176110.html,Women,5.0
181,SHOULDER BAG WITH POCKETS,BAGS,3290.0,"Shoulder bag with a metallic effect. Front pockets. Detachable straps, one being a shoulder strap and another a crossbody canvas strap. Zip closure.Height x Length x Width 14 x 26 x 14 cm. / 5.5 x 10.2 x 5.5″View more",https://static.zara.net/photos///2023/I/1/1/p/6023/210/808/2/w/448/6023210808_1_1_1.jpg?ts=1689753602135,https://www.zara.com/in/en/shoulder-bag-with-pockets-p16023210.html,Women,4.4
182,TRF DENIM TOTE BAG,BAGS,2990.0,Bag made of denim fabric jeans. Shoulder straps. Front pockets.Height x Length x Width 38 x 40 x 6 cm. / 14.9 x 15.7 x 2.3″,https://static.zara.net/photos///2023/I/0/1/p/8197/802/400/2/w/448/8197802400_1_1_1.jpg?ts=1689695026089,https://www.zara.com/in/en/trf-denim-tote-bag-p08197802.html,Women,3.7
183,TRF DENIM BAG,BAGS,2990.0,Bag made of denim fabric jeans. Adjustable shoulder strap with snap buttons. Ripped details on the flap. Snap-button fastening. Height x Length x Width 23 x 27 x 7 cm. / 9.0 x 10.6 x 2.7″View more,https://static.zara.net/photos///2023/I/0/1/p/8197/801/400/2/w/448/8197801400_6_1_1.jpg?ts=1689663626255,https://www.zara.com/in/en/trf-denim-bag-p08197801.html,Women,3.6
184,TOTE BAG WITH POCKETS,BAGS,4990.0,Tote bag with buckled pockets and straps. Shoulder straps and adjustable crossbody strap. Zip closure. Height x Length x Width 45 x 26 x 20 cm. / 17.7 x 10.2 x 7.8″View more,https://static.zara.net/photos///2023/I/1/1/p/6017/210/716/2/w/448/6017210716_1_1_1.jpg?ts=1692356732277,https://www.zara.com/in/en/tote-bag-with-pockets-p16017210.html,Women,4.3
185,SHOULDER BAG WITH POCKETS,BAGS,2890.0,Shoulder bag with pockets and buckled bands. Adjustable strap. Zip closure with double pull tab. Height x Length x Width: 12 x 30 x 6 cm. / 4.7 x 11.8 x 2.3″View more,https://static.zara.net/photos///2023/I/1/1/p/6018/210/627/4/w/448/6018210627_1_1_1.jpg?ts=1692356791979,https://www.zara.com/in/en/shoulder-bag-with-pockets-p16018210.html,Women,4.0
186,BACKPACK WITH POCKETS,BAGS,3290.0,Backpack with buckled pockets and straps. Shoulder straps. Gathered drawstring closure and flap.Height x Length x Width 34 x 31 x 16 cm. / 13.3 x 12.2 x 6.2″View more,https://static.zara.net/photos///2023/I/1/1/p/6067/210/716/2/w/448/6067210716_6_1_1.jpg?ts=1688997404815,https://www.zara.com/in/en/backpack-with-pockets-p16067210.html,Women,4.4
187,ROCKER SHOULDER BAG WITH FLAP,BAGS,2990.0,"Soft shoulder bag. Exterior with seam details and three compartments, one of which has zip closure. Chain shoulder strap. Lined interior with pocket. Magnetic clasp closure.Height x Length x Width 18 x 30 x 13,5 cm. / 7.0 x 11.8 x 5.3″View more",https://static.zara.net/photos///2023/I/1/1/p/6360/615/719/2/w/448/6360615719_1_1_1.jpg?ts=1691143049697,https://www.zara.com/in/en/rocker-shoulder-bag-with-flap-p16360615.html,Women,4.3
188,MINI CITY BAG,BAGS,2590.0,Mini city bag. Top handle and detachable and adjustable crossbody strap. Magnetic clasp closure. Height x Length x Width 11 x 22 x 6 cm. / 4.3 x 8.6 x 2.3″View more,https://static.zara.net/photos///2023/I/1/1/p/6100/210/800/2/w/448/6100210800_1_1_1.jpg?ts=1692187515704,https://www.zara.com/in/en/mini-city-bag-p16100210.html,Women,4.1
189,ROCK SHOULDER BAG WITH FLAP,BAGS,2590.0,"Soft shoulder bag. Exterior with seam details and three compartments, one of which has zip closure. Chain shoulder strap. Lined interior with pocket. Magnetic clasp closure.Height x Length x Width 23 x 14 x 9 cm. / 9.0 x 5.5 x 3.5″View more",https://static.zara.net/photos///2023/I/1/1/p/6362/210/719/2/w/448/6362210719_1_1_1.jpg?ts=1683212662639,https://www.zara.com/in/en/rock-shoulder-bag-with-flap-p16362210.html,Women,3.7
190,TOTE WITH INTERIOR BAG,BAGS,3290.0,Tote bag. Shoulder straps. Inner bag with gathered drawstring fastening.Height x Length x Width 22 x 36 x 14 cm. / 8.6 x 14.1 x 5.5″,https://static.zara.net/photos///2023/I/1/1/p/6040/210/709/2/w/448/6040210709_1_1_1.jpg?ts=1691591568333,https://www.zara.com/in/en/tote-with-interior-bag-p16040210.html,Women,3.4
191,BUCKET BAG WITH TOPSTITCHING,BAGS,2590.0,Bucket bag with topstitching details. Top handle and adjustable shoulder strap. Gathered drawstring closure.Height x Length x Width: 20 x 17 x 11 cm. / 7.8 x 6.6 x 4.3″View more,https://static.zara.net/photos///2023/I/1/1/p/6702/210/800/2/w/448/6702210800_1_1_1.jpg?ts=1691591567387,https://www.zara.com/in/en/bucket-bag-with-topstitching-p16702210.html,Women,3.9
192,MINI CITY BAG,BAGS,2890.0,"Mini city bag. Top handles and adjustable and crossbody shoulder strap. Zip closure. Inner pouch with gathered drawstring closure.Height x Length x Width 16 x 22 x 7,5 cm. / 6.2 x 8.6 x 2.9″View more",https://static.zara.net/photos///2023/I/1/1/p/6041/210/719/2/w/448/6041210719_1_1_1.jpg?ts=1691591567385,https://www.zara.com/in/en/mini-city-bag-p16041210.html,Women,4.5
193,SHOULDER BAG WITH GEOMETRIC FLAP,BAGS,2590.0,"Shoulder bag with a geometric flap. Strap with buckle on the sides. Magnetic clasp closure.Height x Length x Width 26,6 x 13,7 x 5,5 cm. / 10.4 x 5.3 x 2.1″View more",https://static.zara.net/photos///2023/I/1/1/p/6066/110/800/2/w/448/6066110800_1_1_1.jpg?ts=1690976672992,https://www.zara.com/in/en/shoulder-bag-with-geometric-flap-p16066110.html,Women,4.2
194,MINI CITY BAG,BAGS,2890.0,"Mini city bag with two inner compartments. Inside pocket with zip closure. Tubular handles and adjustable and detachable crossbody strap. Magnetic clasp closure. Height x Length x Width 18,5 x 22 x 10,5 cm. / 7.2 x 8.6 x 4.1″View more",https://static.zara.net/photos///2023/V/1/1/p/6311/910/003/12/w/448/6311910003_1_1_1.jpg?ts=1672658666297,https://www.zara.com/in/en/mini-city-bag-p16311910.html,Women,3.5
195,SHIMMERY MINI CITY BAG,BAGS,3990.0,"Mini city bag with rhinestones. Handles and metal chain crossbody strap. Magnetic clasp closure.Height x Length x Width 14,5 x 17 x 7 cm. / 5.7 x 6.6 x 2.7″View more",https://static.zara.net/photos///2023/I/1/1/p/6357/210/604/2/w/448/6357210604_6_1_1.jpg?ts=1684748151252,https://www.zara.com/in/en/shimmery-mini-city-bag-p16357210.html,Women,4.2
196,MOCK CROC TOTE BAG,BAGS,3290.0,"Tote bag in embossed animal print fabric. Inside zip pocket. Shoulder straps. Magnetic clasp closure.Height x Length x Width 56,3 x 47 x 14 cm. / 22.1 x 18.5 x 5.5″View more",https://static.zara.net/photos///2023/I/1/1/p/6012/110/800/2/w/448/6012110800_1_1_1.jpg?ts=1692187515970,https://www.zara.com/in/en/mock-croc-tote-bag-p16012110.html,Women,4.3
197,MOCK CROC MINI TOTE BAG,BAGS,2890.0,Mini tote bag in embossed animal print fabric. Inside zip pocket. Top handles and detachable and adjustable crossbody strap. Magnetic clasp closure.Height x Length x Width: 23.7 x 28.6 x 12.9 cm. / 9.3 x 11.2 x 5.0″View more,https://static.zara.net/photos///2023/V/1/1/p/6015/110/800/3/w/448/6015110800_6_1_1.jpg?ts=1673974673278,https://www.zara.com/in/en/mock-croc-mini-tote-bag-p16015110.html,Women,3.7
198,FABRIC TOTE BAG,BAGS,3290.0,Tote bag in fabric. Handles and detachable crossbody shoulder strap. Zip closure.Height x Length x Width: 26.3 x 31.2 x 12.7 cm. / 10.3 x 12.2 x 5.0″,https://static.zara.net/photos///2023/I/1/1/p/6110/210/719/2/w/448/6110210719_1_1_1.jpg?ts=1692200336749,https://www.zara.com/in/en/fabric-tote-bag-p16110210.html,Women,4.2
199,FABRIC MINI CITY BAG,BAGS,2890.0,"Mini city bag in fabric. Handles and detachable crossbody shoulder strap. Zip closure.Height x Length x Width 23,7 x 28,6 x 12,9 cm. / 9.3 x 11.2 x 5.0″View more",https://static.zara.net/photos///2023/I/1/1/p/6114/210/017/2/w/448/6114210017_6_1_1.jpg?ts=1692207206618,https://www.zara.com/in/en/fabric-mini-city-bag-p16114210.html,Women,4.1
200,TOTE BAG WITH TOPSTITCHING,BAGS,2290.0,Tote bag with topstitching details. Shoulder straps. Magnetic clasp closure. Height x Length x Width 38 x 34 x 10 cm. / 14.9 x 13.3 x 3.9″,https://static.zara.net/photos///2023/I/1/1/p/6206/110/719/2/w/448/6206110719_1_1_1.jpg?ts=1691749861774,https://www.zara.com/in/en/tote-bag-with-topstitching-p16205110.html,Women,3.6
201,BACKPACK WITH FOLDOVER FLAP,BAGS,2290.0,"Backpack featuring outside pockets, top carry handle and adjustable shoulder straps. Gathered and magnetic clasp closure.Height x Length x Width 29 x 26 x 16 cm. / 11.4 x 10.2 x 6.2″View more",https://static.zara.net/photos///2023/V/1/1/p/6069/010/040/12/w/448/6069010040_1_1_1.jpg?ts=1672658687543,https://www.zara.com/in/en/backpack-with-foldover-flap-p16069010.html,Women,4.3
202,BACKPACK WITH FOLDOVER FLAP,BAGS,2290.0,"Backpack with side pockets. Gathered drawstring closure and magnetic clasp on the flap. Adjustable shoulder straps and top handle. Height x Length x Width 32 x 27,7 x 17,2 cm. / 12.5 x 10.9 x 6.7″View more",https://static.zara.net/photos///2023/V/1/1/p/6411/110/719/2/w/448/6411110719_6_1_1.jpg?ts=1676640214214,https://www.zara.com/in/en/backpack-with-foldover-flap-p16411110.html,Women,4.4
203,PEARL BEAD-SHAPED MINAUDIÈRE,BAGS,3990.0,"Minaudière in the shape of a pearl bead. Rigid metal handle. Height x Length x Width 18,8 x 22,2 x 8,8 cm. / 7.4 x 8.7 x 3.4″",https://static.zara.net/photos///2023/V/1/1/p/6131/110/850/2/w/448/6131110850_1_1_1.jpg?ts=1676633625128,https://www.zara.com/in/en/pearl-bead-shaped-minaudiere-p16131110.html,Women,4.6
204,DENIM MINI CITY BAG,BAGS,2590.0,"Mini city bag in denim fabric. Top handles and long adjustable and detachable crossbody strap. Magnetic clasp closure. Height x Length x Width 13,9 x 18,8 x 8,7 cm. / 5.4 x 7.4 x 3.4″View more",https://static.zara.net/photos///2023/V/1/1/p/6003/110/017/2/w/448/6003110017_1_1_1.jpg?ts=1681379761618,https://www.zara.com/in/en/denim-mini-city-bag-p16003110.html,Women,4.6
205,TOTE BAG WITH CHAIN,BAGS,2590.0,"Soft tote bag. Chain shoulder strap. Gathered drawstring closure. Height x Length x Width 33,5 x 43.5 x 7 cm. / 13.1 x 17.1 x 2.7″",https://static.zara.net/photos///2023/I/1/1/p/6034/210/618/2/w/448/6034210618_1_1_1.jpg?ts=1691073268449,https://www.zara.com/in/en/tote-bag-with-chain-p16033210.html,Women,3.5
206,QUILTED DENIM CROSSBODY BAG,BAGS,3290.0,Quilted effect denim crossbody bag. Adjustable strap. Magnetic clasp closure. Height x Length x Width: 18 x 19.5 x 15 cm. / 7.0 x 7.6 x 5.9″,https://static.zara.net/photos///2023/I/1/1/p/6076/210/017/32/w/448/6076210017_2_3_1.jpg?ts=1689177055136,https://www.zara.com/in/en/quilted-denim-crossbody-bag-p16076210.html,Women,3.7
207,CROSSBODY BAG WITH FLAP,BAGS,3290.0,Crossbody bag with three inner compartments. Adjustable and detachable canvas strap and chain strap. Magnetic clasp closure. Height x Length x Width 15 x 24 x 7 cm. / 5.9 x 9.4 x 2.7″View more,https://static.zara.net/photos///2023/I/1/1/p/6128/110/800/32/w/448/6128110800_1_1_1.jpg?ts=1687266880181,https://www.zara.com/in/en/crossbody-bag-with-flap-p16128110.html,Women,4.3
208,MINIMALIST SHOULDER BAG WITH FLAP,BAGS,2590.0,Minimalist shoulder bag. Wide strap and buckles on the edges. Lined interior. Magnetic clasp closure.Height x Length x Width: 12 x 26 x 5 cm. / 4.7 x 10.2 x 1.9″View more,https://static.zara.net/photos///2023/I/1/1/p/6136/110/400/2/w/448/6136110400_1_1_1.jpg?ts=1691142722742,https://www.zara.com/in/en/minimalist-shoulder-bag-with-flap-p16136110.html,Women,4.3
209,BUCKLED SHOULDER BAG,BAGS,2590.0,Shoulder bag with buckle detail. Adjustable shoulder strap. Zip and magnetic clasp closure.Height x Length x Width 15 x 25 x 6 cm. / 5.9 x 9.8 x 2.3″View more,https://static.zara.net/photos///2023/I/1/1/p/6368/210/700/2/w/448/6368210700_2_1_1.jpg?ts=1691679675696,https://www.zara.com/in/en/buckled-shoulder-bag-p16368210.html,Women,4.3
210,PEARL-EFFECT MINAUDIÈRE,BAGS,4990.0,"Pearl-effect minaudière. Asymmetric exterior. Raised details. Metal clasp. Height x Length x Width 13 x 19,3 x 7 cm. / 5.1 x 7.5 x 2.7″",https://static.zara.net/photos///2023/I/1/1/p/6047/210/850/2/w/448/6047210850_1_1_1.jpg?ts=1689157160970,https://www.zara.com/in/en/pearl-effect-minaudiere-p16047210.html,Women,5.0
211,MINI TOTE BAG,BAGS,3290.0,"Fabric mini tote bag. Top handles and detachable and adjustable crossbody strap. Inner zip pocket. Zip closure. Height x Length x Width 23 x 27 x 9,8 cm. / 9.0 x 10.6 x 3.8″View more",https://static.zara.net/photos///2023/I/1/1/p/6045/210/719/32/w/448/6045210719_6_8_1.jpg?ts=1689942663212,https://www.zara.com/in/en/-p16045210.html,Women,4.4
212,QUILTED CLUTCH,BAGS,1990.0,Crossbody bag that converts into a clutch. Interior with several compartments. Detachable chain shoulder strap. Magnetic zip closure.Height x Length x Width: 11 x 21 x 6 cm. / 4.3 x 8.2 x 2.3″View more,https://static.zara.net/photos///2023/I/1/1/p/6250/110/716/2/w/448/6250110716_1_1_1.jpg?ts=1689331590997,https://www.zara.com/in/en/quilted-clutch-p16250110.html,Women,4.6
213,EMBROIDERED TOTE BAG,BAGS,2890.0,Tote bag with die-cut fabric and embroidery. Inner bag with gathered closure. Shoulder straps. Height x Length x Width: 32 x 17 x 12.5 cm. / 12.5 x 6.6 x 4.9″View more,https://static.zara.net/photos///2023/V/1/1/p/6183/110/111/2/w/448/6183110111_1_1_1.jpg?ts=1683128163286,https://www.zara.com/in/en/embroidered-tote-bag-p16183110.html,Women,4.5
214,BRAIDED CROSSBODY BAG,BAGS,2290.0,"Braided crossbody bag. Adjustable strap with buckle. Lined interior. Magnetic clasp closure. Height x Length x Width 18,2 x 27,7 x 11,6 cm. / 7.1 x 10.9 x 4.5″View more",https://static.zara.net/photos///2023/I/1/1/p/6305/110/111/2/w/448/6305110111_1_1_1.jpg?ts=1684917674218,https://www.zara.com/in/en/braided-crossbody-bag-p16305110.html,Women,4.4
215,DENIM TOTE BAG,BAGS,3290.0,Denim tote bag. Shoulder straps. Height x Length x Width 50 x 39 x 18 cm. / 19.6 x 15.3 x 7.0″,https://static.zara.net/photos///2023/I/1/1/p/6028/210/802/22/w/448/6028210802_1_1_1.jpg?ts=1690366743462,https://www.zara.com/in/en/denim-tote-bag-p16028210.html,Women,4.0
216,BASKET BAG,BAGS,3290.0,"Raffia basket bag. Handle and detachable and adjustable crossbody strap. Inner bag with gathered closure. Height x Length x Width 18 x 15 x 13,5 cm. / 7.0 x 5.9 x 5.3″View more",https://static.zara.net/photos///2023/I/1/1/p/6051/210/111/32/w/448/6051210111_1_1_1.jpg?ts=1686739875915,https://www.zara.com/in/en/basket-bag-p16051210.html,Women,4.4
217,CROSSBODY BAG WITH KNOTTED STRAP,BAGS,2290.0,Crossbody bag. Adjustable strap with knots and metal pieces on the ends. Magnetic clasp closure on the flap. Height x Length x Width 19 x 11 x 4 cm. / 7.4 x 4.3 x 1.5″View more,https://static.zara.net/photos///2023/I/1/1/p/6251/110/850/2/w/448/6251110850_1_1_1.jpg?ts=1683212662797,https://www.zara.com/in/en/crossbody-bag-with-knotted-strap-p16110110.html,Women,3.8
218,SOFT TOTE BAG,BAGS,2590.0,"Soft-effect tote bag. Tubular shoulder straps. Magnetic clasp closure. Height x Length x Width 28,8 x 34 x 11,1 cm. / 11.3 x 13.3 x 4.3″",https://static.zara.net/photos///2023/I/1/1/p/6077/210/716/2/w/448/6077210716_1_1_1.jpg?ts=1690466480424,https://www.zara.com/in/en/soft-tote-bag-p16077210.html,Women,4.0
219,CROSSBODY BAG,BAGS,3290.0,"Crossbody bag with a flap. Two adjustable and detachable straps, one a canvas shoulder strap and the other a crossbody strap. Magnetic clasp closure. Height x Length x Width 20,8 x 24,5 x 9,1 cm. / 8.1 x 9.6 x 3.5″View more",https://static.zara.net/photos///2023/I/1/1/p/6011/210/719/32/w/448/6011210719_2_2_1.jpg?ts=1690382836068,https://www.zara.com/in/en/crossbody-bag-p16011210.html,Women,3.9
220,CORD BUCKET BAG,BAGS,3990.0,"Bucket bag with woven cords and beading. Shoulder straps. Inner bag with gathered drawstring closure. Height x Length x Width 31,5 x 37,9 x 11,4 cm. / 12.4 x 14.9 x 4.4″View more",https://static.zara.net/photos///2023/I/1/1/p/6102/110/719/2/w/448/6102110719_1_1_1.jpg?ts=1685434794516,https://www.zara.com/in/en/cord-bucket-bag-p16102110.html,Women,4.1
221,BUCKET BAG,BAGS,2590.0,"Bucket bag. Contrast-coloured details. Shoulder strap.Height x Length x Width 34,4 x 22 x 8,4 cm. / 13.5 x 8.6 x 3.3″",https://static.zara.net/photos///2023/I/1/1/p/6172/110/111/2/w/448/6172110111_1_1_1.jpg?ts=1687514046045,https://www.zara.com/in/en/bucket-bag-p16172110.html,Women,5.0
222,METALLIC SHOULDER BAG,BAGS,2590.0,Shoulder bag with a metallic effect. Gathered detail at the top. Shoulder strap. Lined interior with pocket. Magnetic clasp closure.Height x Length x Width 35 x 47 x 6 cm. / 13.7 x 18.5 x 2.3″View more,https://static.zara.net/photos///2023/I/1/1/p/6022/210/808/2/w/448/6022210808_1_1_1.jpg?ts=1689753585837,https://www.zara.com/in/en/metallic-shoulder-bag-p16022210.html,Women,3.3
223,FRAYED FABRIC BUCKET BAG,BAGS,4990.0,Fabric bucket bag with frayed detail on the side. Shoulder strap.Height x Length x Width 49 x 46 x 13 cm. / 19.2 x 18.1 x 5.1″,https://static.zara.net/photos///2023/I/1/1/p/6052/210/719/2/w/448/6052210719_1_1_1.jpg?ts=1688553117953,https://www.zara.com/in/en/frayed-fabric-bucket-bag-p16052210.html,Women,4.4
224,MINI BUCKET BAG WITH RHINESTONES,BAGS,4990.0,Mini bucket bag in rhinestone fabric. Lined interior. Handle and chain crossbody strap. Magnetic clasp closure.Height x Length x Width 16 x 16 x 8 cm. / 6.2 x 6.2 x 3.1″View more,https://static.zara.net/photos///2023/I/1/1/p/6344/110/604/2/w/448/6344110604_1_1_1.jpg?ts=1689149035269,https://www.zara.com/in/en/mini-bucket-bag-with-rhinestones-p16343110.html,Women,3.4
225,SHOULDER BAG WITH CHAIN,BAGS,3990.0,Braided shoulder bag. Chain shoulder strap. Lined interior with double compartment and zip. Magnetic clasp closure.Height x Length x Width: 19.9 x 24.7 x 10.6 cm. / 7.8 x 9.7 x 4.1″View more,https://static.zara.net/photos///2023/I/1/1/p/6304/110/626/2/w/448/6304110626_1_1_1.jpg?ts=1685093208112,https://www.zara.com/in/en/shoulder-bag-with-chain-p16303110.html,Women,3.9
226,FAUX FUR LEATHER SHOULDER BAG,BAGS,7990.0,"Leather shoulder bag with faux fur. Adjustable shoulder strap. Zip closure. Height x Length x Width 12,3 x 35,6 x 6,5 cm. / 4.8 x 14.0 x 2.5″",https://static.zara.net/photos///2023/I/1/1/p/6013/210/612/2/w/448/6013210612_1_1_1.jpg?ts=1690968919890,https://www.zara.com/in/en/faux-fur-leather-shoulder-bag-p16013210.html,Women,4.6
227,PADDED BUCKET BAG,BAGS,2590.0,"Padded-effect bucket bag. Tubular crossbody straps. Gathered drawstring closure. Height x Length x Width 20,5 x 23,2 x 11 cm. / 8.0 x 9.1 x 4.3″View more",https://static.zara.net/photos///2023/I/1/1/p/6035/210/111/2/w/448/6035210111_1_1_1.jpg?ts=1690466481247,https://www.zara.com/in/en/padded-bucket-bag-p16035210.html,Women,4.1
228,PLAITED TOTE BAG,BAGS,3290.0,Woven tote bag. Shoulder straps. Magnetic clasp closure. Height x Length x Width: 38.1 x 33.2 x 15.2 cm. / 15.0 x 13.0 x 5.9″,https://static.zara.net/photos///2023/I/1/1/p/6265/110/400/2/w/448/6265110400_1_1_1.jpg?ts=1687964272331,https://www.zara.com/in/en/plaited-tote-bag-p16265110.html,Women,3.6
229,CLUTCH BAG WITH STUDS,BAGS,1990.0,Crossbody bag that converts into a clutch. Interior with several compartments. Detachable chain shoulder strap. Silver metal hardware. Zip closure.Height x Length x Width 14 x 23 x 3 cm. / 5.5 x 9.0 x 1.1″View more,https://static.zara.net/photos///2023/I/1/1/p/6000/110/040/17/w/448/6000110040_1_1_1.jpg?ts=1687516189409,https://www.zara.com/in/en/clutch-bag-with-studs-p16000110.html,Women,3.8
230,STUDDED SPLIT SUEDE CLUTCH CROSSBODY BAG,BAGS,2890.0,Split suede crossbody bag that converts into a clutch. Several inside compartments. Detachable chain shoulder strap. Silver metal pieces. Zip closure.Height x Length x Width 14 x 23 x 3 cm. / 5.5 x 9.0 x 1.1″View more,https://static.zara.net/photos///2023/I/1/1/p/6085/210/718/22/w/448/6085210718_1_1_1.jpg?ts=1684337565507,https://www.zara.com/in/en/studded-split-suede-clutch-crossbody-bag-p16085210.html,Women,4.4
231,CLUTCH BAG WITH STUDS,BAGS,1990.0,Mini crossbody bag. Beading around the edge. Zip closure. Lined interior with pocket.Height x Length x Width 14 x 23 x 3 cm. / 5.5 x 9.0 x 1.1″,https://static.zara.net/photos///2023/I/1/1/p/6001/111/092/2/w/448/6001111092_1_1_1.jpg?ts=1685434793367,https://www.zara.com/in/en/clutch-bag-with-studs-p16001110.html,Women,3.8
232,STUDDED MACRAMÉ WALLET CROSSBODY BAG,BAGS,2590.0,Crossbody bag that converts into a wallet. Macramé exterior. Interior with several compartments. Detachable chain shoulder strap. Silver metal pieces. Zip closure.Height x Length x Width 14 x 23 x 3 cm. / 5.5 x 9.0 x 1.1″View more,https://static.zara.net/photos///2023/I/1/1/p/6074/110/719/22/w/448/6074110719_1_1_1.jpg?ts=1687189058332,https://www.zara.com/in/en/studded-macrame-wallet-crossbody-bag-p16074110.html,Women,4.2
233,METALLIC QUILTED MINI BUCKET BAG,BAGS,2290.0,Metallic-effect quilted mini bucket bag. Detachable and adjustable crossbody strap. Magnetic clasp closure.Height x Length x Width: 13.7 x 18.5 x 14.5 cm. / 5.3 x 7.2 x 5.7″View more,https://static.zara.net/photos///2023/I/1/1/p/6069/210/254/2/w/448/6069210254_1_1_1.jpg?ts=1690968920349,https://www.zara.com/in/en/metallic-quilted-mini-bucket-bag-p16068210.html,Women,4.1
234,FABRIC HANDBAG,BAGS,2290.0,Fabric handbag. Handle. Zip closure.Height x Length x Width 30 x 15 x 5 cm. / 11.8 x 5.9 x 1.9″,https://static.zara.net/photos///2023/I/1/1/p/6806/210/850/2/w/448/6806210850_1_1_1.jpg?ts=1691139836248,https://www.zara.com/in/en/fabric-handbag-p16805210.html,Women,3.8
235,TEXTURED FABRIC BAG,BAGS,2290.0,Textured fabric handbag. Handle. Zip closure.Height x Length x Width 30 x 15 x 5 cm. / 11.8 x 5.9 x 1.9″,https://static.zara.net/photos///2023/I/1/1/p/6300/210/400/2/w/448/6300210400_1_1_1.jpg?ts=1691139835549,https://www.zara.com/in/en/textured-fabric-bag-p16300210.html,Women,5.0
236,CITY BAG WITH GROMMETS,BAGS,3290.0,City bag. Grommets on the exterior. Top handles. Magnetic clasp closure.Height x Length x Width 17 x 14 x 9 cm. / 6.6 x 5.5 x 3.5″,https://static.zara.net/photos///2023/I/1/1/p/6148/210/017/2/w/448/6148210017_1_1_1.jpg?ts=1691679675537,https://www.zara.com/in/en/city-bag-with-grommets-p16148210.html,Women,4.4
237,BRAIDED BUCKET BAG,BAGS,8990.0,Braided bucket bag. Braided shoulder strap. Zip closure. Height x Length x Width 25 x 23 x 9 cm. / 9.8 x 9.0 x 3.5″,https://static.zara.net/photos///2023/I/1/1/p/6061/210/604/2/w/448/6061210604_1_1_1.jpg?ts=1691073267677,https://www.zara.com/in/en/braided-bucket-bag-p16061210.html,Women,3.2
238,BRAIDED CROSSBODY BAG,BAGS,7990.0,Braided crossbody bag. Long braided strap. Zip closure. Height x Length x Width 18 x 18 x 7 cm. / 7.0 x 7.0 x 2.7″,https://static.zara.net/photos///2023/I/1/1/p/6059/210/111/2/w/448/6059210111_1_1_1.jpg?ts=1691073268631,https://www.zara.com/in/en/braided-crossbody-bag-p16059210.html,Women,4.2
239,PLAITED TOTE BAG,BAGS,7990.0,Braided tote bag. Long braided strap. Zip closure.Height x Length x Width 17 x 35 x 10 cm. / 6.6 x 13.7 x 3.9″,https://static.zara.net/photos///2023/I/1/1/p/6060/210/716/2/w/448/6060210716_1_1_1.jpg?ts=1691073268041,https://www.zara.com/in/en/plaited-tote-bag-p16060210.html,Women,3.8
240,BRAIDED FABRIC BUCKET BAG,BAGS,5990.0,Bucket bag in braided-effect fabric. Shoulder straps. Magnetic clasp closure. Height x Length x Width 36 x 46 x 9 cm. / 14.1 x 18.1 x 3.5″,https://static.zara.net/photos///2023/I/1/1/p/6031/210/111/2/w/448/6031210111_1_1_1.jpg?ts=1691073268737,https://www.zara.com/in/en/braided-fabric-bucket-bag-p16031210.html,Women,4.5
241,MESH MINI TOTE BAG,BAGS,1990.0,"Mini tote bag. Beaded detailing on the exterior. Lining.Height x Length x Width 14,3 x 19 x 7 cm. / 5.6 x 7.4 x 2.7″",https://static.zara.net/photos///2023/V/1/1/p/6108/110/802/22/w/448/6108110802_1_1_1.jpg?ts=1681374851329,https://www.zara.com/in/en/mesh-mini-tote-bag-p16108110.html,Women,3.7
242,MACRAMÉ SHOULDER BAG,BAGS,3290.0,"Knit macramé shoulder bag. Lined interior. Shoulder strap. Magnetic clasp closure. Height x Length x Width 21,1 x 32,6 x 5,4 cm. / 8.3 x 12.8 x 2.1″",https://static.zara.net/photos///2023/I/1/1/p/6101/110/719/2/w/448/6101110719_15_2_1.jpg?ts=1684498139767,https://www.zara.com/in/en/macrame-shoulder-bag-p16101110.html,Women,4.0
243,MACRAMÉ TOTE BAG,BAGS,5990.0,"Knit macramé tote bag. Shoulder straps. Inner bag with gathered drawstring fastening. Height x Length x Width 34,8 x 58,2 x 20,5 cm. / 13.7 x 22.9 x 8.0″",https://static.zara.net/photos///2023/I/1/1/p/6100/110/719/2/w/448/6100110719_1_1_1.jpg?ts=1684837641502,https://www.zara.com/in/en/macrame-tote-bag-p16100110.html,Women,4.3
244,BEADED SHOULDER BAG WITH FRINGING,BAGS,4990.0,Shoulder bag with beads and fringing. Magnetic clasp closure on the flap. Height x Length x Width 13 x 23 x 5 cm. / 5.1 x 9.0 x 1.9″,https://static.zara.net/photos///2023/I/1/1/p/6361/010/091/2/w/448/6361010091_1_1_1.jpg?ts=1690968920422,https://www.zara.com/in/en/beaded-shoulder-bag-with-fringing-p16361010.html,Women,4.5
245,CUTWORK MINI TOTE BAG,BAGS,5990.0,"Mini tote bag with cutwork effect. Fabric inner bag with gathered closure. Top handles and detachable and adjustable crossbody strap. Magnetic clasp closure. Height x Length x Width 18,7 x 24,7 x 11,5 cm. / 7.3 x 9.7 x 4.5″View more",https://static.zara.net/photos///2023/I/1/1/p/6078/210/800/2/w/448/6078210800_1_1_1.jpg?ts=1689686542615,https://www.zara.com/in/en/cutwork-mini-tote-bag-p16153110.html,Women,3.6
246,MINI LEATHER BUCKET BAG WITH COINS,BAGS,13990.0,Mini leather bucket bag. Metallic details in the shape of coins. Shoulder strap. Magnetic clasp closure. Height x Length x Width: 21 x 27 x 11 cm. / 8.2 x 10.6 x 4.3″View more,https://static.zara.net/photos///2023/I/1/1/p/6063/210/719/2/w/448/6063210719_1_1_1.jpg?ts=1692200336829,https://www.zara.com/in/en/mini-leather-bucket-bag-with-coins-p16063210.html,Women,3.9
247,LEATHER BUCKET BAG WITH COINS,BAGS,16990.0,Leather bucket bag. Metallic details in the shape of coins. Adjustable shoulder strap. Magnetic clasp closure. Height x Length x Width: 27.7 x 25 x 13.4 cm. / 10.9 x 9.8 x 5.2″View more,https://static.zara.net/photos///2023/I/1/1/p/6062/210/719/2/w/448/6062210719_1_1_1.jpg?ts=1690189295087,https://www.zara.com/in/en/leather-bucket-bag-with-coins-p16062210.html,Women,3.9
248,BRAIDED MINI TOTE BAG,BAGS,2590.0,"Woven mini tote bag. Handles and detachable and adjustable crossbody strap. Magnetic clasp closure. Height x Length x Width 17 x 22,5 x 10 cm. / 6.6 x 8.8 x 3.9″View more",https://static.zara.net/photos///2023/I/1/1/p/6213/110/111/2/w/448/6213110111_1_1_1.jpg?ts=1685616454473,https://www.zara.com/in/en/braided-mini-tote-bag-p16213110.html,Women,3.8
249,PLAITED TOTE BAG,BAGS,3290.0,"Woven paper tote bag. Handles.Height x Length x Width 24,6 x 43,8 x 16,4 cm. / 9.6 x 17.2 x 6.4″",https://static.zara.net/photos///2023/I/1/1/p/6064/210/500/2/w/448/6064210500_1_1_1.jpg?ts=1688732311392,https://www.zara.com/in/en/plaited-tote-bag-p16207110.html,Women,4.9
250,BUCKET BAG WITH BEADING,BAGS,4990.0,Bucket bag with beading. Shoulder strap. Lined interior. Magnetic clasp closure. Height x Length x Width: 31 x 18 x 5 cm. / 12.2 x 7.0 x 1.9″,https://static.zara.net/photos///2023/I/1/1/p/6056/210/700/2/w/448/6056210700_1_1_1.jpg?ts=1688127590908,https://www.zara.com/in/en/bucket-bag-with-beading-p16056210.html,Women,4.3
251,BUCKET BAG WITH RUFFLES,BAGS,4990.0,Bucket bag with beading. Ruffled detail. Shoulder strap. Lined interior. Magnetic clasp closure. Height x Length x Width: 14 x 29.5 x 15 cm. / 5.5 x 11.6 x 5.9″View more,https://static.zara.net/photos///2023/I/1/1/p/6049/210/111/2/w/448/6049210111_1_1_1.jpg?ts=1688127590783,https://www.zara.com/in/en/bucket-bag-with-ruffles-p16049210.html,Women,3.5
252,QUILTED TOTE BAG,BAGS,2890.0,"Quilted-effect tote bag. Handles and detachable and adjustable crossbody strap. Magnetic clasp closure. Height x Length x Width 31,5 x 26,9 x 12,7 cm. / 12.4 x 10.5 x 5.0″View more",https://static.zara.net/photos///2023/I/1/1/p/6037/210/300/2/w/448/6037210300_1_1_1.jpg?ts=1690466482853,https://www.zara.com/in/en/quilted-tote-bag-p16037210.html,Women,4.5
253,DENIM PATCHWORK MINI CITY BAG,BAGS,2590.0,Mini city bag in patchwork-effect denim fabric. Handle with knot detail and long crossbody strap. Height x Length x Width 11 x 19 x 7 cm. / 4.3 x 7.4 x 2.7″View more,https://static.zara.net/photos///2023/I/1/1/p/6065/210/802/2/w/448/6065210802_1_1_1.jpg?ts=1689149034950,https://www.zara.com/in/en/denim-patchwork-mini-city-bag-p16025210.html,Women,5.0
254,TIE-DYE TOTE BAG,BAGS,4990.0,"Woven tie-dye effect tote bag. Shoulder straps. Magnetic clasp closure. Height x Length x Width 31,7 x 50,6 x 8,4 cm. / 12.4 x 19.9 x 3.3″",https://static.zara.net/photos///2023/I/1/1/p/6053/210/202/2/w/448/6053210202_1_1_1.jpg?ts=1689157164452,https://www.zara.com/in/en/tie-dye-tote-bag-p16053210.html,Women,4.6
255,TIE-DYE MOBILE PHONE BAG,BAGS,1990.0,Crossbody mobile phone bag. Tie-dye effect. Inner bag. Gathered drawstring closure. Height x Length x Width: 17.7 x 12.2 x 4.7 cm. / 6.9 x 4.8 x 1.8″,https://static.zara.net/photos///2023/I/1/1/p/6081/210/202/2/w/448/6081210202_1_1_1.jpg?ts=1689157162178,https://www.zara.com/in/en/tie-dye-mobile-phone-bag-p16081210.html,Women,3.4
256,TIE-DYE DENIM MAXI TOTE BAG,BAGS,4990.0,Tote bag in tie-dye effect denim fabric. Shoulder straps. Magnetic clasp closure. Height x Length x Width 48 x 62 x 25 cm. / 18.8 x 24.4 x 9.8″,https://static.zara.net/photos///2023/I/1/1/p/6024/210/202/22/w/448/6024210202_1_1_1.jpg?ts=1689178492449,https://www.zara.com/in/en/tie-dye-denim-maxi-tote-bag-p16024210.html,Women,3.9
257,CANVAS MINI CITY BAG,BAGS,2890.0,"Mini city bag in canvas fabric. Contrast-coloured details. Top handle and detachable and adjustable crossbody shoulder strap. Height x Length x Width 16 x 22 x 7,5 cm. / 6.2 x 8.6 x 2.9″View more",https://static.zara.net/photos///2023/I/1/1/p/6334/110/800/17/w/448/6334110800_1_1_1.jpg?ts=1687362635298,https://www.zara.com/in/en/canvas-mini-city-bag-p16334110.html,Women,4.7
258,TEXTURED RIGID SUITCASE,BAGS,9590.0,Rigid travel suitcase. The main compartment has double zip closure. Interior with separator with zip closure and adjustable straps for organising luggage. Top handle and extendible pull tab. Four swivel wheels.Height x Length x Width: 55 x 40 x 20 cm. / 21.6 x 15.7 x 7.8″View more,https://static.zara.net/photos///2023/I/1/1/p/3001/120/070/502/w/448/3001120070_6_1_1.jpg?ts=1684846781210,https://www.zara.com/in/en/textured-rigid-suitcase-p13001920.html,Women,3.8
259,SEMI-RIGID SUITCASE,BAGS,9590.0,"Semi-rigid travel suitcase. The main compartment has double zip closure and a security system with a code. Its interior features a large compartment without closure, a small bag with gathered drawstring closure and two small zip pockets. Also features adjustable straps for organising luggage on the inside. One side has a zip pocket. Two central handles, one top handle and an extendible handle. Rigid base at the back and two wheels at the bottom. Suitable for carry-on luggage depending on the airline. Height x Length x Width 52 x 30 x 32 cm. / 20.4 x 11.8 x 12.5″View more",https://static.zara.net/photos///2023/I/1/2/p/3000/120/202/2/w/448/3000120202_2_1_1.jpg?ts=1686563299333,https://www.zara.com/in/en/semi-rigid-suitcase-p13000120.html,Women,4.3
260,MONOCHROME BRIEFCASE,BAGS,4590.0,Plain monochrome briefcase. The main compartment is suitable for electronic devices and laptops of up to 13 inches. Zip closure. The inside has a large pocket without closure. Large front pocket with zip closure.Height x Length x Width 30 x 40 x 3 cm.View more,https://static.zara.net/photos///2023/I/1/1/p/3400/220/800/502/w/448/3400220800_6_1_1.jpg?ts=1687872086277,https://www.zara.com/in/en/monochrome-briefcase-p13400220.html,Women,4.4
261,MONOCHROME FORMAL BOWLING BAG,BAGS,5990.0,"Bowling bag. Soft design. The main compartment closes with a zip and its interior has four pockets, three of them without closure. Has two handles and one adjustable and detachable shoulder strap.Height x Length x Width 33 x 47 x 24 cm. / 12.9 x 18.5 x 9.4″View more",https://static.zara.net/photos///2023/I/1/2/p/3100/123/700/2/w/448/3100123700_2_1_1.jpg?ts=1684313564423,https://www.zara.com/in/en/monochrome-formal-bowling-bag-p13100123.html,Women,3.7
262,DOUBLE BRIEFCASE,BAGS,5990.0,Monochrome briefcase. Two main compartments for electronic devices and laptops of up to 13 inches with zip closure. The first main compartment has a medium-sized inside pocket for devices with hook-and-loop strap closure. The second main compartment has two pockets without closures. The front has a compartment with concealed magnetic clasp closure. Two top handles and an adjustable and detachable shoulder strap.Height x Length x Width: 30 x 42 x 15 cm.View more,https://static.zara.net/photos///2023/I/1/2/p/3402/220/800/2/w/448/3402220800_2_1_1.jpg?ts=1687173845118,https://www.zara.com/in/en/double-briefcase-p13402220.html,Women,4.1
263,MESH TOTE BAG,BAGS,1590.0,Tote bag. Soft mesh design. No fastening. Two shoulder straps.Height x Length x Width 74 x 36 x 3 cm. / 29.1 x 14.1 x 1.1″,https://static.zara.net/photos///2023/I/1/1/p/3342/220/701/502/w/448/3342220701_6_1_1.jpg?ts=1689698623101,https://www.zara.com/in/en/mesh-tote-bag-p13342220.html,Women,2.6
264,POPLIN SHIRT,BASICS,2290.0,Collared V-neck shirt with long sleeves and a button-up front.,,https://www.zara.com/in/en/poplin-shirt-p04387036.html,Women,3.6
265,POPLIN SHIRT,BASICS,2290.0,"Shirt with a johnny collar, long sleeves and a button-up front.",,https://www.zara.com/in/en/poplin-shirt-p04387256.html,Women,4.0
266,COTTON BLEND OXFORD SHIRT,BASICS,2590.0,Shirt made of a cotton blend. Johnny collar and long sleeves. Asymmetric hem. Button-up front.,,https://www.zara.com/in/en/cotton-blend-oxford-shirt-p08372046.html,Women,3.5
267,OXFORD SHIRT,BASICS,2590.0,Shirt made of a cotton blend. Johnny collar and long sleeves. Button-up front.,,https://www.zara.com/in/en/oxford-shirt-p08372060.html,Women,4.8
268,STRIPED OVERSIZE SHIRT,BASICS,3290.0,Loose-fitting shirt featuring a Johnny collar and long sleeves with cuffs. Chest patch pocket. Pleated detail on the back. Button-up front.,,https://www.zara.com/in/en/striped-oversize-shirt-p09479267.html,Women,3.5
269,ZW MARINE STRAIGHT FIT HIGH-WAIST POCKET JEANS,BASICS,3290.0,Slim Fit - Relaxed Leg - High WaistZW ZARA WOMAN JEANSHigh-waist jeans with belt loops. Patch pockets on the front and back. Contrast visible topstitching detail. Seamless hems. Front zip fly and button fastening.,,https://www.zara.com/in/en/zw-marine-straight-fit-high-waist-pocket-jeans-p09632250.html,Women,3.9
270,ZW MARINE STRAIGHT-LEG HIGH-WAIST JEANS,BASICS,3290.0,Slim Fit - Relaxed Leg - High WaistZW ZARA WOMAN JEANSHigh-waist jeans with back patch pockets. Seamless hems. Front zip fly and top button fastening.,,https://www.zara.com/in/en/zw-marine-straight-leg-high-waist-jeans-p08307240.html,Women,4.2
271,100% WOOL KNIT POLO SWEATER,BASICS,4990.0,"Fitted sweater made of 100% extra soft wool. Featuring a polo collar, long sleeves and front button fastening.",,https://www.zara.com/in/en/100-wool-knit-polo-sweater-p09598170.html,Women,4.7
272,CASHMERE KNIT SWEATER,BASICS,11990.0,Sweater made of a cashmere and wool blend. Round neck and long sleeves. Matching ribbed trims.,,https://www.zara.com/in/en/cashmere-knit-sweater-p06771126.html,Women,3.5
273,CROPPED KNIT SWEATER,BASICS,2290.0,Short sweater with a round neckline and long sleeves.,,https://www.zara.com/in/en/cropped-knit-sweater-p03390102.html,Women,4.6
274,BASIC HIGH NECK KNIT SWEATER,BASICS,1890.0,"Sweater featuring a high neck, long sleeves with decorative metal buttons and ribbed trims.",https://static.zara.net/photos///2023/I/0/1/p/8851/123/800/22/w/448/8851123800_1_1_1.jpg?ts=1693219160353,https://www.zara.com/in/en/basic-high-neck-knit-sweater-p08851123.html,Women,4.1
275,HIGH-WAIST CULOTTE TROUSERS,BASICS,3290.0,"High-waist trousers featuring front pockets and rear welt pockets. Short and wide leg design. Front zip fly, interior button and metal hook fastening.",https://static.zara.net/photos///2023/I/0/1/p/9929/329/800/2/w/448/9929329800_1_1_1.jpg?ts=1692876611654,https://www.zara.com/in/en/high-waist-culotte-trousers-p07600683.html,Women,3.7
276,SHORT TAILORED WAISTCOAT,BASICS,2990.0,V-neck waistcoat. Featuring false welt pockets and button fastening on the front.,https://static.zara.net/photos///2023/I/0/1/p/9929/329/704/2/w/448/9929329704_1_1_1.jpg?ts=1693208680604,https://www.zara.com/in/en/short-tailored-waistcoat-p09929329.html,Women,4.3
277,DOUBLE-BREASTED OVERSIZED BLAZER,BASICS,4590.0,"Loose-fitting blazer featuring a lapel collar, long sleeves with pronounced shoulders, front flap pockets and front double-breasted button fastening.",https://static.zara.net/photos///2023/I/0/1/p/2753/332/803/2/w/448/2753332803_1_1_1.jpg?ts=1692203340480,https://www.zara.com/in/en/double-breasted-oversized-blazer-p02753132.html,Women,4.2
278,CROPPED TROUSERS,BASICS,2290.0,High-waist cropped trousers with an elasticated waistband and drawstring. Side darts and front pockets.,https://static.zara.net/photos///2023/I/0/1/p/9929/328/800/18/w/448/9929328800_1_1_1.jpg?ts=1692798819039,https://www.zara.com/in/en/cropped-trousers-p09929328.html,Women,3.8
279,CARROT FIT TROUSERS WITH DARTS DETAIL,BASICS,4990.0,Mid-waist trousers made of a viscose blend. Belt loops. Side pockets and rear welt pockets. Dart details on the front. Pleated hem with contrast button. Front zip fly and button fastening.,https://static.zara.net/photos///2023/I/0/1/p/1478/060/800/2/w/448/1478060800_1_1_1.jpg?ts=1692791553719,https://www.zara.com/in/en/carrot-fit-trousers-with-darts-detail-p01478060.html,Women,4.1
280,OVERSIZED SHIRT,BASICS,2590.0,Loose-fitting collared shirt featuring long sleeves with cuffs. Chest patch pocket. Pleated detail at the back. Button-up fastening on the front.,https://static.zara.net/photos///2023/I/0/1/p/4432/013/250/17/w/448/4432013250_1_1_1.jpg?ts=1692193685526,https://www.zara.com/in/en/oversized-shirt-p04432013.html,Women,3.9
281,TRF HIGH-RISE MOM FIT DENIM BERMUDA SHORTS,BASICS,2290.0,HIGH-RISE - MOM FITHigh-rise Bermuda shorts with a five-pocket design. Front zip fly and metal top button fastening. Turn-up hems.,https://static.zara.net/photos///2023/I/0/1/p/8197/053/400/12/w/448/8197053400_1_1_1.jpg?ts=1689775918489,https://www.zara.com/in/en/trf-high-rise-mom-fit-denim-bermuda-shorts-p08197053.html,Women,4.2
282,FULL LENGTH TROUSERS,BASICS,2890.0,"Pleated high-waist trousers with side pockets. Front zip fly, inside button and metal hook fastening.",https://static.zara.net/photos///2023/I/0/1/p/7385/440/804/20/w/448/7385440804_1_1_1.jpg?ts=1691591185914,https://www.zara.com/in/en/full-length-trousers-p07385440.html,Women,4.4
283,FAUX LEATHER JACKET,BASICS,5990.0,"Jacket with a lapel collar and long sleeves. Featuring front pockets with metal zip, shoulder tabs, belt in the same fabric with buckle and metal zip-up fastening on the front.",https://static.zara.net/photos///2023/I/0/1/p/4341/826/822/18/w/448/4341826822_1_1_1.jpg?ts=1690988660770,https://www.zara.com/in/en/faux-leather-jacket-p04341826.html,Women,4.8
284,FAUX LEATHER JACKET,BASICS,4990.0,"Collared jacket featuring long sleeves with tabs on the shoulders. Featuring front pockets with metal zips, a belt in the same material with a metal buckle and zip fastening at the front.",https://static.zara.net/photos///2023/I/0/1/p/3427/736/800/17/w/448/3427736800_1_1_1.jpg?ts=1687505128322,https://www.zara.com/in/en/faux-leather-jacket-p03427736.html,Women,3.5
285,HIGH-RISE STOVE PIPE TRF JEANS,BASICS,2990.0,HIGH-WAIST - SLIM - ANKLE LENGTHHigh-waist jeans with a five-pocket design. Front zip fly and metal top button fastening.,https://static.zara.net/photos///2023/I/0/1/p/8197/248/443/2/w/448/8197248443_1_1_1.jpg?ts=1692362501984,https://www.zara.com/in/en/high-rise-stove-pipe-trf-jeans-p08197248.html,Women,5.0
286,TRF WIDE-LEG MID-RISE FULL LENGTH JEANS,BASICS,3290.0,MID-RISE - WIDE-LEG - FULL LENGTHMid-rise rigid jeans with a five-pocket design. Long wide leg. Zip fly and metal top button fastening.,https://static.zara.net/photos///2023/I/0/1/p/6045/228/802/18/w/448/6045228802_1_1_1.jpg?ts=1690965391526,https://www.zara.com/in/en/trf-wide-leg-mid-rise-full-length-jeans-p06045129.html,Women,3.2
287,HIGH-WAIST TROUSERS,BASICS,2590.0,"High-waist trousers with seam detail on the front and back. Front welt pockets. Front zip fly, inside button and metal hook fastening.",https://static.zara.net/photos///2023/I/0/1/p/7102/562/804/18/w/448/7102562804_1_1_1.jpg?ts=1692689248482,https://www.zara.com/in/en/high-waist-trousers-p07102562.html,Women,4.0
288,3-IN-1 BAR REFILL,BEAUTY,1290.0,"Creamy texture multifunction makeup bar, available in two finishes: matte and pearl. Made with hyaluronic acid. Featuring an instant moisturising effect.                                                                                                                                 This creamy textured formula is easy to apply to the cheeks, lips, eyes and body. Ophthalmologically tested.View more",,https://www.zara.com/in/en/3-in-1-bar-refill-p24280100.html,Women,4.4
289,LIP OIL,BEAUTY,790.0,This creamy lip oil glides like silk to achieve a uniform and eye-catching finish in a single swipe.This hydrating formula smooths lips while delivering a wash of colour and gleam you won´t even notice you have on.View more,,https://www.zara.com/in/en/lip-oil-p24130314.html,Women,4.2
290,ULTIMATTE MATTE LIQUID LIPSTICK,BEAUTY,790.0,"Slick with it. Our favourite lipstick, now in a liquid version. Its full coverage, light, matte formula is transfer-proof and lasts for up to 16 hours. A lipstick that provides an effortless uniform finish for a gentle second-skin effect.View more",,https://www.zara.com/in/en/ultimatte-matte-liquid-lipstick-p24130322.html,Women,3.8
291,FACE BRUSH #3,BEAUTY,950.0,"Small face brush for the application of powder, cream or liquids in more localised areas. Rounded and precise shape. Ideal for applying highlighter or as a blending brush.",https://static.zara.net/photos///2022/I/2/1/p/4140/503/250/2/w/448/4140503250_6_1_1.jpg?ts=1661418123738,https://www.zara.com/in/en/face-brush--3-p24140503.html,Women,4.0
292,FACE BRUSH #2,BEAUTY,1290.0,Designed to apply powder and cream products. Perfect for blush and facial powder. The round compact shape allows you to modulate coverage until you reach an intense finish.,,https://www.zara.com/in/en/face-brush--2-p24140502.html,Women,3.9
293,KABUKI BRUSH,BEAUTY,1290.0,"Short and smooth dense-bristle brush, ideal for applying foundation and providing optimum coverage immediately.",https://static.zara.net/photos///2022/V/2/1/p/4140/509/250/2/w/448/4140509250_6_1_1.jpg?ts=1647362350884,https://www.zara.com/in/en/kabuki-brush-p24140509.html,Women,3.8
294,EYELASH CURLER,BEAUTY,890.0,Allows the eyelashes to be curled and raised in a single movement. Get a more intense finish by applying mascara. Includes two replacement pads.,https://static.zara.net/photos///2022/I/2/1/p/4550/511/800/2/w/448/4550511800_6_1_1.jpg?ts=1659955085289,https://www.zara.com/in/en/eyelash-curler-p24550511.html,Women,4.5
295,EYE BRUSH #2,BEAUTY,590.0,Compact and flat eye brush specially designed to apply eye shadow evenly.,https://static.zara.net/photos///2022/I/2/1/p/4140/505/250/2/w/448/4140505250_6_1_1.jpg?ts=1661418125427,https://www.zara.com/in/en/eye-brush--2-p24140505.html,Women,4.3
296,EYE BRUSH #1,BEAUTY,590.0,"Small eye brush designed to blend or apply eye shadow in a precise way, achieving an intense finish and high pigment.",https://static.zara.net/photos///2022/I/2/1/p/4140/504/250/2/w/448/4140504250_6_1_1.jpg?ts=1661418125014,https://www.zara.com/in/en/eye-brush--1-p24140504.html,Women,3.8
297,MAKEUP SPONGE,BEAUTY,490.0,"Makeup sponge specially designed for liquid and cream formulas. Allows for a simple, precise and adjustable application, achieving a natural finish. INSTRUCTIONS FOR USE:1. Moisten sponge with water2. Drain excess water3. Use the rounded part to apply liquid or cream formulas, blotting onto the skin.4. Use the flat part and tip for a more precise application5. After use, wash sponge with soap and water, drain to remove excess water and air dryView more",https://static.zara.net/photos///2023/V/2/1/p/4140/500/357/2/w/448/4140500357_6_1_1.jpg?ts=1686222829398,https://www.zara.com/in/en/makeup-sponge-p24140500.html,Women,4.5
298,FACE BRUSH #1,BEAUTY,1290.0,"Round makeup brush ideal for uniform application of compact and loose powder. Very easy to use and pleasant, allowing you to achieve a lightweight, yet flexible coverage.",,https://www.zara.com/in/en/face-brush--1-p24140501.html,Women,4.2
299,EYELINER,BEAUTY,790.0,This eyeliner with an ultra-thin and intensely pigmented tip glides smoothly to offer a uniform finish.The formula has been designed to draw precise lines with a long-lasting finish. Water-resistant and easy to remove.View more,,https://www.zara.com/in/en/eyeliner-p24130200.html,Women,4.5
300,TOP COAT NAIL VARNISH,BEAUTY,590.0,Quick-drying top coat that highlights the colour of the nails and ensures durability.,,https://www.zara.com/in/en/top-coat-nail-varnish-p24400440.html,Women,4.4
301,NAIL POLISH,BEAUTY,590.0,"Superior wear, naturally. This high-performance formula contains a large percentage of natural ingredients and lasts as long as traditional nail varnish.Formula made with a high percentage of natural ingredients. Its precision brush allows you to apply the product with total ease. Available in 39 versatile and trendy tones with matte, pearly and glitter finishes.View more",,https://www.zara.com/in/en/nail-polish-p24400463.html,Women,3.7
302,Not Found,BEAUTY,,Not Found,,https://www.zara.com/in/en/-pT2440045154.html,Women,3.8
303,NAIL SET,BEAUTY,1590.0,"Set of nail art brushes. It is composed of three multifunctional brushes, ideal for easy design and touching up, and a pointer with a spherical head for maximum accuracy.",,https://www.zara.com/in/en/nail-set-p24140001.html,Women,4.4
304,CONCEALER,BEAUTY,890.0,"A creamy, luscious formula that is easy to blend. This buildable medium-coverage product features a satin finish, providing a luminous glow. Available in 18 shades to perfectly complement our foundation.",,https://www.zara.com/in/en/concealer-p24130142.html,Women,4.4
305,BRONZING POWDER,BEAUTY,1790.0,"This velvety powder gives skin an instant boost, subtly warming up its tone while restoring vitality.Soft and delicate powder that conceals imperfections with a luminous finish.",,https://www.zara.com/in/en/bronzing-powder-p24130130.html,Women,4.1
306,TAILORED DOUBLE-BREASTED BLAZER,BLAZERS,5590.0,Blazer featuring a lapel collar with long sleeves and padded shoulders. Front flap pockets. Double-breasted button fastening on the front.,https://static.zara.net/photos///2023/I/0/1/p/7608/548/800/21/w/448/7608548800_2_1_1.jpg?ts=1691149647678,https://www.zara.com/in/en/tailored-double-breasted-blazer-p07608548.html,Women,4.2
307,STRIPE TEXTURED BLAZER,BLAZERS,5990.0,Lapelless blazer with long sleeves and shoulder pads. Front patch pockets. Metal hook fastening at the front.,https://static.zara.net/photos///2023/I/0/1/p/8341/112/070/2/w/448/8341112070_1_1_1.jpg?ts=1691577078132,https://www.zara.com/in/en/stripe-textured-blazer-p08341112.html,Women,4.7
308,TAILORED WAISTCOAT,BLAZERS,2990.0,Sleeveless waistcoat with a V-neck. Front jetted pockets on the front. Button-up front.,https://static.zara.net/photos///2023/I/0/1/p/2753/535/800/2/w/448/2753535800_1_1_1.jpg?ts=1691758137247,https://www.zara.com/in/en/tailored-waistcoat-p02753535.html,Women,3.8
309,STRAIGHT BLAZER,BLAZERS,4990.0,Blazer featuring a lapel collar with long sleeves and padded shoulders. Front flap pockets. Single button fastening on the front.,https://static.zara.net/photos///2023/I/0/1/p/9929/327/526/2/w/448/9929327526_1_1_1.jpg?ts=1691758471978,https://www.zara.com/in/en/straight-blazer-p09929327.html,Women,4.3
310,BLAZER WITH ROLLED-UP SLEEVES,BLAZERS,4490.0,Open blazer with a lapel collar and padded shoulders. Turn-up sleeves falling below the elbow with sleeve tabs and a golden button. Front flap pockets.,https://static.zara.net/photos///2023/I/0/1/p/2140/760/800/12/w/448/2140760800_1_1_1.jpg?ts=1689595278875,https://www.zara.com/in/en/blazer-with-rolled-up-sleeves-p02140760.html,Women,4.0
311,HIGH NECK TEXTURED BLAZER,BLAZERS,5990.0,Blazer featuring a high neck and long sleeves with padded shoulders. False flap pockets and front patch pockets. Front hook fastening.,https://static.zara.net/photos///2023/I/0/1/p/8001/513/251/2/w/448/8001513251_6_1_1.jpg?ts=1690529214282,https://www.zara.com/in/en/high-neck-textured-blazer-p08001513.html,Women,4.0
312,FITTED BLAZER WITH SEAMS,BLAZERS,5990.0,Blazer with a lapel collar and long sleeves with shoulder pads. Front flap pockets. Visible seam detail on the waist. Fastens at the front with buttons.,https://static.zara.net/photos///2023/I/0/1/p/2753/345/401/2/w/448/2753345401_1_1_1.jpg?ts=1692352292134,https://www.zara.com/in/en/fitted-blazer-with-seams-p02753345.html,Women,4.6
313,LONG BLAZER WITH BELT,BLAZERS,7590.0,"Blazer with a lapel collar, long sleeves and shoulder pads. Front flap pockets. Belt with buckle lined in matching fabric. Contrast lining. Double-breasted fastening with covered buttons.",https://static.zara.net/photos///2023/I/0/1/p/8165/642/420/2/w/448/8165642420_1_1_1.jpg?ts=1692362193581,https://www.zara.com/in/en/long-blazer-with-belt-p08165642.html,Women,4.5
314,CROPPED BLAZER WITH FEATHERS,BLAZERS,11990.0,Cropped blazer featuring a lapel collar and long sleeves with matching detachable feathers. False welt pockets on the front. Matching lining. Front button fastening.,https://static.zara.net/photos///2023/I/0/1/p/7602/484/631/2/w/448/7602484631_1_1_1.jpg?ts=1689579070170,https://www.zara.com/in/en/cropped-blazer-with-feathers-p07602484.html,Women,4.5
315,CAPE BLAZER,BLAZERS,5990.0,"Open blazer with no lapels, long cape-style sleeves and matching lining.",https://static.zara.net/photos///2023/I/0/1/p/2876/187/712/22/w/448/2876187712_1_1_1.jpg?ts=1687531940333,https://www.zara.com/in/en/cape-blazer-p02876187.html,Women,4.7
316,TAILORED WAISTCOAT,BLAZERS,2990.0,Fitted V-neck waistcoat with front button fastening.,https://static.zara.net/photos///2023/I/0/1/p/2010/715/743/2/w/448/2010715743_1_1_1.jpg?ts=1692704247795,https://www.zara.com/in/en/tailored-waistcoat-p02010715.html,Women,4.1
317,TAILORED WAISTCOAT,BLAZERS,3290.0,V-neck waistcoat. Featuring false jetted pockets and button fastening on the front.,https://static.zara.net/photos///2023/I/0/1/p/8178/736/712/2/w/448/8178736712_1_1_1.jpg?ts=1690454102579,https://www.zara.com/in/en/tailored-waistcoat-p08178736.html,Women,4.4
318,CROPPED BLAZER WITH POCKET,BLAZERS,4990.0,Cropped blazer with a lapel collar and long sleeves with vents and buttons. Buttoned welt pocket on the chest. Matching lining.,https://static.zara.net/photos///2023/I/0/1/p/2010/832/800/3/w/448/2010832800_1_1_1.jpg?ts=1692193508630,https://www.zara.com/in/en/cropped-blazer-with-pocket-p02010832.html,Women,4.0
319,SATIN LAPEL COLLAR BLAZER,BLAZERS,4990.0,Satin blazer with a lapel collar and long sleeves with padded shoulders. Button fastening on the front.,https://static.zara.net/photos///2023/I/0/1/p/4387/343/800/17/w/448/4387343800_1_1_1.jpg?ts=1692365587587,https://www.zara.com/in/en/satin-lapel-collar-blazer-p04387343.html,Women,4.2
320,LINEN BLEND ROLL-UP SLEEVE OPEN BLAZER,BLAZERS,4990.0,Blazer made of a linen blend fabric. Lapel collar and roll-up sleeves with buttoned tabs. Padded shoulders. Front flap pockets.,https://static.zara.net/photos///2023/I/0/1/p/8185/778/710/2/w/448/8185778710_1_1_1.jpg?ts=1689258559264,https://www.zara.com/in/en/linen-blend-roll-up-sleeve-open-blazer-p08185778.html,Women,4.0
321,TEXTURED DOUBLE-BREASTED BLAZER,BLAZERS,5990.0,Fitted blazer featuring a lapel collar and long sleeves with shoulder pads. Featuring front welt pockets and double-breasted front button fastening.,https://static.zara.net/photos///2023/I/0/1/p/2753/422/401/2/w/448/2753422401_1_1_1.jpg?ts=1692202713000,https://www.zara.com/in/en/textured-double-breasted-blazer-p02753422.html,Women,4.1
322,LAPELLESS SHORT BLAZER,BLAZERS,5990.0,Lapelless short blazer featuring long sleeves with openings. Front welt pockets. Matching lining.,https://static.zara.net/photos///2023/I/0/1/p/8039/178/632/2/w/448/8039178632_1_1_1.jpg?ts=1691658206961,https://www.zara.com/in/en/lapelless-short-blazer-p08039178.html,Women,4.4
323,TAILORED LINEN BLEND WAISTCOAT,BLAZERS,2990.0,V-neck waistcoat made of a linen blend. Featuring front welt pockets and front button fastening.,https://static.zara.net/photos///2023/I/0/1/p/7747/939/052/3/w/448/7747939052_1_1_1.jpg?ts=1687434571721,https://www.zara.com/in/en/tailored-linen-blend-waistcoat-p07747356.html,Women,3.7
324,TAILORED LINEN WAISTCOAT,BLAZERS,2990.0,V-neck waistcoat made of 100% linen. Front welt pockets and front button fastening.,https://static.zara.net/photos///2023/I/0/1/p/7747/372/450/2/w/448/7747372450_1_1_1.jpg?ts=1692281895059,https://www.zara.com/in/en/tailored-linen-waistcoat-p07747372.html,Women,5.0
325,TEXTURED VEST WITH FRAYED TRIMS,BLAZERS,4990.0,Sleeveless waistcoat with a lapel collar. Front patch pockets. Fringed trim details. Golden embossed button front fastening.,https://static.zara.net/photos///2023/I/0/1/p/7484/245/800/2/w/448/7484245800_1_1_1.jpg?ts=1692203338091,https://www.zara.com/in/en/textured-vest-with-frayed-trims-p07484245.html,Women,3.6
326,WAISTCOAT WITH VENT,BLAZERS,3290.0,Waistcoat made of viscose. V-neck. Back vent at the hem. Lining. Button-up front.,https://static.zara.net/photos///2023/I/0/1/p/7762/304/710/2/w/448/7762304710_1_1_1.jpg?ts=1685693896770,https://www.zara.com/in/en/waistcoat-with-vent-p04043247.html,Women,3.6
327,DOUBLE-BREASTED BLAZER WITH LAPEL COLLAR,BLAZERS,5990.0,"Blazer with a lapel collar, long sleeves and padded shoulders. Front flap pockets and a welt chest pocket. Matching lining. Covered buttons on this front.",https://static.zara.net/photos///2023/I/0/1/p/8375/701/712/2/w/448/8375701712_1_1_1.jpg?ts=1692792857703,https://www.zara.com/in/en/double-breasted-blazer-with-lapel-collar-p08375701.html,Women,4.6
328,BASIC BLAZER,BLAZERS,5990.0,Blazer featuring a lapel collar and long sleeves with padded shoulders. Front flap pockets and a chest welt pocket. Back vent at the hem. Button-up front.,https://static.zara.net/photos///2023/I/0/1/p/2010/750/800/17/w/448/2010750800_1_1_1.jpg?ts=1692193680642,https://www.zara.com/in/en/basic-blazer-p02010750.html,Women,4.5
329,CROSSOVER WAISTCOAT,BLAZERS,4990.0,Waistcoat with a lapel collar and pronounced shoulders. Featuring false front welt pockets and double breasted button fastening on the front.,https://static.zara.net/photos///2023/I/0/1/p/8372/352/711/2/w/448/8372352711_1_1_1.jpg?ts=1690366719497,https://www.zara.com/in/en/crossover-waistcoat-p08372352.html,Women,4.4
330,CROPPED LINEN BLEND WAISTCOAT,BLAZERS,3290.0,Short sleeveless waistcoat made of a linen blend fabric. V-neck. False welt pockets on the front. Matching lining. Button-up front.,https://static.zara.net/photos///2023/I/0/1/p/3736/240/615/12/w/448/3736240615_1_1_1.jpg?ts=1689693563165,https://www.zara.com/in/en/cropped-linen-blend-waistcoat-p03736240.html,Women,4.4
331,LINEN BLEND WAISTCOAT,BLAZERS,2990.0,Sleeveless waistcoat made of a linen blend fabric. V-neck. False welt pockets on the front. Button-up front.,https://static.zara.net/photos///2023/V/0/1/p/2010/711/832/2/w/448/2010711832_1_1_1.jpg?ts=1684404030109,https://www.zara.com/in/en/linen-blend-waistcoat-p02010711.html,Women,4.1
332,WRINKLED-EFFECT DOUBLE-BREASTED BLAZER,BLAZERS,3990.0,Blazer featuring a lapel collar and turn-up long sleeves. Double-breasted fastening on the front with buttons.,https://static.zara.net/photos///2023/I/0/1/p/1165/320/712/2/w/448/1165320712_1_1_1.jpg?ts=1690454101590,https://www.zara.com/in/en/wrinkled-effect-double-breasted-blazer-p01165320.html,Women,3.7
333,DOUBLE-BREASTED LINEN BLEND BLAZER,BLAZERS,6990.0,"Blazer made of linen blend fabric. Lapel collar, long sleeves and padded shoulders. Front flap pockets. Double-breasted front button fastening.",https://static.zara.net/photos///2023/I/0/1/p/8194/394/711/2/w/448/8194394711_1_1_1.jpg?ts=1690965015194,https://www.zara.com/in/en/double-breasted-linen-blend-blazer-p08194394.html,Women,4.1
334,TEXTURED DOUBLE-BREASTED BLAZER,BLAZERS,6990.0,Blazer featuring a lapel collar and long sleeves with shoulder pads. Featuring front pockets with flaps and double-breasted front fastening with textured gold buttons.,https://static.zara.net/photos///2023/I/0/1/p/7609/904/251/12/w/448/7609904251_1_1_1.jpg?ts=1685978500481,https://www.zara.com/in/en/textured-double-breasted-blazer-p07609904.html,Women,3.8
335,LINEN BLEND WAISTCOAT,BLAZERS,3290.0,Waistcoat made of a linen blend. V-neckline and no sleeves. Matching lining. Button-up front.,https://static.zara.net/photos///2023/I/0/1/p/8008/967/727/2/w/448/8008967727_1_1_1.jpg?ts=1688566404918,https://www.zara.com/in/en/linen-blend-waistcoat-p08008967.html,Women,4.5
336,LINEN BLEND OVERSIZE WAISTCOAT,BLAZERS,5990.0,Sleeveless loose-fitting waistcoat made of a linen blend. Lapel collar. Flap pockets on the front and chest welt pockets. Matching lining. Back vent at the hem. Button-up front.,https://static.zara.net/photos///2023/I/0/1/p/7836/967/802/2/w/448/7836967802_1_1_1.jpg?ts=1689761503813,https://www.zara.com/in/en/linen-blend-oversize-waistcoat-p07836967.html,Women,4.0
337,TEXTURED DOUBLE-BREASTED BLAZER,BLAZERS,5990.0,"Blazer featuring a lapel collar, long sleeves and padded shoulders. Frayed trims. Double-breasted button fastening on the front.",https://static.zara.net/photos///2023/I/0/1/p/7623/815/330/12/w/448/7623815330_1_1_1.jpg?ts=1692002574847,https://www.zara.com/in/en/textured-double-breasted-blazer-p07623815.html,Women,3.7
338,LINEN BLAZER WITH PRINTED CUFFS,BLAZERS,4990.0,"Open blazer featuring a lapel collar, turn-up long sleeves and padded shoulders. Front flap pockets.",https://static.zara.net/photos///2023/I/0/1/p/7726/392/401/2/w/448/7726392401_1_1_1.jpg?ts=1687440647303,https://www.zara.com/in/en/linen-blazer-with-printed-cuffs-p07726392.html,Women,4.0
339,CROPPED DOUBLE-BREASTED BLAZER,BLAZERS,4990.0,Blazer featuring a lapel collar and long sleeves with shoulder pads. Double-breasted front with buttons.,https://static.zara.net/photos///2023/I/0/1/p/7102/332/251/2/w/448/7102332251_1_1_1.jpg?ts=1691511618785,https://www.zara.com/in/en/cropped-double-breasted-blazer-p07102332.html,Women,4.3
340,LINEN WAISTCOAT WITH TOPSTITCHING,BLAZERS,3990.0,Short collared waistcoat made of 100% linen. Patch pockets with buttoned flaps on the front. Contrast visible topstitching details. Button-up front.,https://static.zara.net/photos///2023/I/0/1/p/4043/272/802/3/w/448/4043272802_1_1_1.jpg?ts=1689782150340,https://www.zara.com/in/en/linen-waistcoat-with-topstitching-p04043272.html,Women,3.8
341,LINEN BLEND WAISTCOAT,BLAZERS,3290.0,Waistcoat made of a linen and lyocell blend. V-neckline and no sleeves. Lining. Button-up front.,https://static.zara.net/photos///2023/I/0/1/p/8072/967/515/2/w/448/8072967515_1_1_1.jpg?ts=1688124231813,https://www.zara.com/in/en/linen-blend-waistcoat-p08072967.html,Women,3.7
342,OPEN BACK HALTER WAISTCOAT,BLAZERS,3290.0,Halter waistcoat featuring a V-neck and made of a wool blend. False welt pockets on the front. Open back and adjustable strap in the same fabric with buckle. Asymmetric hem. Button-up front.,https://static.zara.net/photos///2023/I/0/1/p/7926/446/800/3/w/448/7926446800_1_1_1.jpg?ts=1689780805789,https://www.zara.com/in/en/open-back-halter-waistcoat-p07926446.html,Women,4.2
343,LINEN BLEND WAISTCOAT,BLAZERS,3290.0,Waistcoat made of a linen blend fabric. V-neck. False welt pockets on the front. Matching lining. Button-up front.,,https://www.zara.com/in/en/linen-blend-waistcoat-p07839967.html,Women,4.2
344,HIGH COLLAR BLAZER,BLAZERS,5990.0,Blazer with a high neck and long sleeves with pronounced shoulders. Featuring front patch pockets and front metal hook fastening.,,https://www.zara.com/in/en/high-collar-blazer-p09006221.html,Women,3.9
345,DOUBLE-BREASTED LINEN BLEND BLAZER,BLAZERS,5990.0,"Blazer made a linen blend fabric. Lapel collar, long sleeves and padded shoulders. Front flap pockets. Double-breasted front button fastening.",,https://www.zara.com/in/en/double-breasted-linen-blend-blazer-p02753225.html,Women,3.9
346,SHORT BLAZER WITH PADDED SHOULDERS,BLAZERS,4990.0,Collarless blazer featuring long sleeves with padded shoulders. Double-breasted front button fastening.,,https://www.zara.com/in/en/short-blazer-with-padded-shoulders-p09929322.html,Women,4.2
347,LINEN BLEND CROPPED BLAZER,BLAZERS,4990.0,Blazer made of a linen blend fabric. Lapel collar with long sleeves and padded shoulders. Hidden snap-button fastening on the front.,,https://www.zara.com/in/en/linen-blend-cropped-blazer-p08073220.html,Women,3.4
348,STRIPED LINEN BLEND BLAZER,BLAZERS,5990.0,"Blazer made a linen blend fabric. Lapel collar, long sleeves and padded shoulders. Front flap pockets. Front button fastening.",,https://www.zara.com/in/en/striped-linen-blend-blazer-p08372324.html,Women,3.5
349,TIE-DYE LINEN BLEND BLAZER,BLAZERS,9590.0,"Blazer made of a linen and cotton blend. Lapel collar, V-neck and long sleeves. Front flap pockets. Button fastening at the front.",,https://www.zara.com/in/en/tie-dye-linen-blend-blazer-p07577013.html,Women,3.8
350,CROPPED WAISTCOAT,BLAZERS,3990.0,Sleeveless collared gilet with shoulder pads. Front button fastening.,,https://www.zara.com/in/en/cropped-waistcoat-p08372451.html,Women,4.0
351,STRAIGHT BLAZER WITH POCKETS,BLAZERS,7590.0,Straight blazer made of a cotton blend. Lapel collar and long sleeves. Front flap pockets. Back vent at the hem. Button-up front.,,https://www.zara.com/in/en/straight-blazer-with-pockets-p07876346.html,Women,4.2
352,ASYMMETRIC DOUBLE-BREASTED WAISTCOAT - LIMITED EDITION,BLAZERS,5990.0,Waistcoat made of linen blend. V-neckline. False welt pocket on the front. Tab detail in the same fabric at the back. Asymmetric hem. Double-breasted button-up front.,,https://www.zara.com/in/en/asymmetric-double-breasted-waistcoat---limited-edition-p07655728.html,Women,4.8
353,LINEN BLAZER,BLAZERS,8590.0,"Blazer made of 100% linen. Lapel collar, V-neckline and long sleeves. Front flap pockets. Matching lining. Front button fastening.",,https://www.zara.com/in/en/linen-blazer-p03191023.html,Women,4.5
354,SHORT TEXTURED WEAVE BLAZER,BLAZERS,4990.0,Blazer with a lapel collar and long sleeves with shoulder pads. Double-breasted front with golden buttons.,,https://www.zara.com/in/en/short-textured-weave-blazer-p07102231.html,Women,4.0
355,STRAIGHT BLAZER,BLAZERS,5990.0,Blazer with a lapel collar. Long sleeves with shoulder pads. Front pockets with flaps. Matching lining. Button-up front.,,https://www.zara.com/in/en/straight-blazer-p07102334.html,Women,4.1
356,SHORT TEXTURED WEAVE BLAZER,BLAZERS,4990.0,Collarless blazer with long sleeves. Front patch pockets with flaps. Front button fastening.,,https://www.zara.com/in/en/short-textured-weave-blazer-p07102233.html,Women,3.6
357,TEXTURED BLAZER WITH PATCH POCKETS,BLAZERS,4990.0,Blazer featuring a lapel collar and long sleeves with tabs and buttons on the shoulders. Front patch pockets with flaps. Button-up front.,,https://www.zara.com/in/en/textured-blazer-with-patch-pockets-p08015128.html,Women,4.1
358,CREASED-EFFECT STRAIGHT RUSTIC BLAZER,BLAZERS,5990.0,"Blazer featuring a lapel collar, long sleeves and shoulder pads. Front flap pockets. Button-up front.",,https://www.zara.com/in/en/creased-effect-straight-rustic-blazer-p03046335.html,Women,4.0
359,LOOSE-FITTING BLAZER,BLAZERS,5990.0,"Blazer with a lapel collar, long sleeves and shoulder pads. Front flap pockets. Front button-up fastening.",,https://www.zara.com/in/en/loose-fitting-blazer-p08111559.html,Women,4.2
360,SHAWL COLLAR BLAZER WITH BELT,BLAZERS,8590.0,"Shawl collar blazer with long sleeves. Featuring front pockets, welt chest pockets, a tie belt in the same fabric, lining and hidden button fastening at the front.",,https://www.zara.com/in/en/shawl-collar-blazer-with-belt-p02310187.html,Women,3.7
361,BLAZER WITH PRINTED CUFFS,BLAZERS,4990.0,"Open blazer featuring a lapel collar, turn-up long sleeves with printed cuffs and padded shoulders. Front flap pockets.",,https://www.zara.com/in/en/blazer-with-printed-cuffs-p08193272.html,Women,4.3
362,LONG FITTED BLAZER,BLAZERS,7590.0,Long sleeve blazer with a lapel collar and shoulder pads. Featuring front flap pockets and double-breasted button fastening at the front.,,https://www.zara.com/in/en/long-fitted-blazer-p08013850.html,Women,4.8
363,TAILORED LINEN BLEND WAISTCOAT,BLAZERS,2990.0,"V-neck waistcoat made of a linen blend. Featuring false front welt pockets, tab at the back and front button fastening.",,https://www.zara.com/in/en/tailored-linen-blend-waistcoat-p08214376.html,Women,4.1
364,RELAXED FIT LINEN BLAZER - LIMITED EDITION,BLAZERS,7590.0,Relaxed fit blazer made of 100% linen. Lapel collar and long sleeves with a buttoned opening. Front patch pockets. Double-breasted front fastening with matching buttons.,,https://www.zara.com/in/en/relaxed-fit-linen-blazer---limited-edition-p04043268.html,Women,4.3
365,FLOWING ANIMAL PRINT BLAZER,BLAZERS,5990.0,Flowing blazer with a lapel collar and long sleeves with shoulder pads. Front flap pockets. Contrast lining. Double-breasted front with buttons.,,https://www.zara.com/in/en/flowing-animal-print-blazer-p05247331.html,Women,4.4
366,LINEN BLEND CREASED-EFFECT BLAZER,BLAZERS,8590.0,Blazer with a lapel collar and long sleeves. Front patch pockets. Front double-breasted button fastening.,,https://www.zara.com/in/en/linen-blend-creased-effect-blazer-p08009743.html,Women,3.9
367,CROPPED BLAZER,BLAZERS,4990.0,Cropped blazer featuring a high neck and long sleeves with padded shoulders. Front welt pocket. Double-breasted fastening on the front with hidden buttons.,,https://www.zara.com/in/en/cropped-blazer-p01255837.html,Women,4.2
368,SHORT TEXTURED WEAVE BLAZER,BLAZERS,5990.0,Blazer with a high neck and long sleeves. Front flap pockets. Contrast trim details. Golden button fastenings on the front.,,https://www.zara.com/in/en/short-textured-weave-blazer-p07995137.html,Women,4.1
369,TUXEDO COLLAR BLAZER WITH BELT,BLAZERS,8590.0,"Blazer with a tuxedo collar and long sleeves with slits at the cuffs. Front welt pockets, a tie belt in the same fabric, matching lining and hidden button fastening at the front.",,https://www.zara.com/in/en/tuxedo-collar-blazer-with-belt-p02225483.html,Women,4.1
370,STRAIGHT BLAZER,BLAZERS,4990.0,Blazer featuring a lapel collar and long sleeves with padded shoulders. Front flap pockets. Single button fastening at the front.,,https://www.zara.com/in/en/straight-blazer-p08073327.html,Women,3.8
371,Not Found,CO-ORD SETS,,Not Found,,https://www.zara.com/in/en/textured-jacquard-top-and-trousers-co-ord-pT0503963084.html,Women,4.1
372,TEXTURED JACQUARD TOP,CO-ORD SETS,1990.0,ROUND NECK - NORMAL LENGTH - SHORT SLEEVESRound neck T-shirt with short sleeves. Textured fabric detail.,,https://www.zara.com/in/en/textured-jacquard-top-p05039638.html,Women,4.3
373,TEXTURED JACQUARD TROUSERS,CO-ORD SETS,2290.0,High-waist trousers with an inner elasticated waistband. Textured fabric detail. Wide-leg design.,,https://www.zara.com/in/en/textured-jacquard-trousers-p05039637.html,Women,4.8
374,Z1975 DENIM SHIRT,CO-ORD SETS,2590.0,Collared shirt with long sleeves. Front patch pockets with flaps. Front fastening with metal buttons.,,https://www.zara.com/in/en/-pT0187922427.html,Women,4.5
375,SEMI-SHEER BLOUSE WITH RUFFLE TRIMS,CO-ORD SETS,4990.0,"Semi-sheer blouse featuring a V-neckline, long cape sleeves with drawstrings, ruffled details in matching fabric, asymmetric hem and front fastening with matching ties. Made of viscose.",,https://www.zara.com/in/en/semi-sheer-blouse-with-ruffle-trims-p08081334.html,Women,5.0
376,LONG DRESS WITH RUFFLES,CO-ORD SETS,5990.0,Long dress made of viscose. V-neck and thin straps. Ruffle details in the same fabric.,,https://www.zara.com/in/en/long-dress-with-ruffles-p08088334.html,Women,3.8
377,HIGH-WAIST CULOTTE TROUSERS,CO-ORD SETS,3290.0,"High-waist trousers featuring front pockets and rear welt pockets. Short and wide leg design. Front zip fly, interior button and metal hook fastening.",,https://www.zara.com/in/en/-pT0992932704.html,Women,4.5
378,FLOWING ASYMMETRIC CAPE,CO-ORD SETS,2290.0,Flowing cape with a round neck and an asymmetric hem.,,https://www.zara.com/in/en/flowing-asymmetric-cape-p08686453.html,Women,4.2
379,STRAPLESS FLOWING JUMPSUIT,CO-ORD SETS,3990.0,Straight-leg strapless jumpsuit. Layered cape detail in the same fabric.,,https://www.zara.com/in/en/strapless-flowing-jumpsuit-p08686456.html,Women,5.0
380,MINIMALIST BLOUSE WITH BELT,CO-ORD SETS,5990.0,Semi-sheer blouse made of a viscose blend. V-neckline and long sleeves. Tied belt in the same fabric. Side vents at the hem.,,https://www.zara.com/in/en/minimalist-blouse-with-belt-p08266357.html,Women,3.7
381,MINIMALIST PALAZZO TROUSERS,CO-ORD SETS,4990.0,Semi-sheer trousers made of a viscose blend. Elasticated waistband. Side pockets hidden in the seam. Lining. Wide leg.,,https://www.zara.com/in/en/minimalist-palazzo-trousers-p08258357.html,Women,3.7
382,ASYMMETRIC SHIRT WITH STRIPES,CO-ORD SETS,2290.0,"Shirt with an asymmetric neckline, long sleeves and pleats at the waist.",,https://www.zara.com/in/en/asymmetric-shirt-with-stripes-p05644812.html,Women,3.8
383,STRIPED PALAZZO TROUSERS,CO-ORD SETS,2290.0,High-waist trousers with an elastic waistband and wide-leg design.,,https://www.zara.com/in/en/striped-palazzo-trousers-p05644815.html,Women,3.1
384,ANIMAL PRINT SATIN SHIRT,CO-ORD SETS,3290.0,Flowing collared shirt with long cuffed sleeves. Button-up front.,,https://www.zara.com/in/en/animal-print-satin-shirt-p01971170.html,Women,3.9
385,ANIMAL PRINT FLARED TROUSERS,CO-ORD SETS,3290.0,"Flowing high-waist trousers. Flared hems. Front zip fly, inside button and metal hook fastening.",,https://www.zara.com/in/en/animal-print-flared-trousers-p07484231.html,Women,3.8
386,ASYMMETRIC GATHERED TOP,CO-ORD SETS,2590.0,Sleeveless round neck top made of stretch fabric. Featuring an asymmetric hem and a buttoned opening at the back.,,https://www.zara.com/in/en/asymmetric-gathered-top-p00085846.html,Women,4.2
387,CROPPED FLARED LEGGINGS,CO-ORD SETS,2290.0,High-waist stretchy leggings. Flared hems.,,https://www.zara.com/in/en/cropped-flared-leggings-p00085838.html,Women,4.3
388,CROPPED JACKET WITH TOPSTITCHING,CO-ORD SETS,5590.0,Cropped jacket with a lapel collar. Long sleeves with shoulder pads and buttoned tabs. Flap detail on the chest and contrast topstitching. Button-up front.,,https://www.zara.com/in/en/cropped-jacket-with-topstitching-p01478326.html,Women,4.9
389,STRAIGHT FIT TROUSERS WITH TOPSTITCHING,CO-ORD SETS,3290.0,Mid-rise trousers with belt loops. Side pockets and false welt pockets on the back. Contrast topstitching detail. Front zip and button fastening.,,https://www.zara.com/in/en/straight-fit-trousers-with-topstitching-p01478226.html,Women,4.5
390,LONG SLEEVE FLOWING TOP,CO-ORD SETS,1890.0,Flowing top with a high neck and long sleeves.,,https://www.zara.com/in/en/long-sleeve-flowing-top-p08686452.html,Women,3.8
391,FLOWING WIDE-LEG TROUSERS,CO-ORD SETS,2290.0,Mid-waist trousers featuring an elasticated waistband with adjustable drawstrings. Wide-leg design.,,https://www.zara.com/in/en/flowing-wide-leg-trousers-p08686455.html,Women,3.7
392,LINEN BLEND CROSSOVER SKIRT,CO-ORD SETS,3290.0,"Midi skirt made of a linen blend. Featuring an asymmetric waist with belt loops, front welt pocket and front button fastening.",,https://www.zara.com/in/en/linen-blend-vest-and-skirt-set-pT0271247800.html,Women,4.3
393,SEQUINNED SATIN SHIRT,CO-ORD SETS,5990.0,"Collared shirt made of viscose. Featuring long cuffed sleeves, embroidered sequin appliqués, side vents at the hem and front button fastening.",,https://www.zara.com/in/en/sequinned-satin-shirt-p02731242.html,Women,3.5
394,SEQUINNED SATIN TROUSERS,CO-ORD SETS,5990.0,High-waist trousers made of viscose. Elastic waistband with adjustable drawstrings. Side pockets and rear patch pockets. Embroidery detail with sequin appliqués. Straight-leg design.,,https://www.zara.com/in/en/sequinned-satin-trousers-p02731092.html,Women,4.9
395,STRAIGHT-LEG TROUSERS WITH TURN-UP HEMS,CO-ORD SETS,3290.0,"High-waist trousers featuring front pockets and a rear false welt pockets. Straight-leg design and turn-up hems. Front zip fly, interior button and metal hook fastening.",,https://www.zara.com/in/en/straight-leg-trousers-with-turn-up-hems-p02753435.html,Women,4.6
396,POPLIN WRAP SHIRT,CO-ORD SETS,3290.0,Collared shirt featuring long sleeves with cuffs. Crossover fabric detail on the front with a knot. Button-up front hidden by a placket.,,https://www.zara.com/in/en/poplin-wrap-shirt-p09479282.html,Women,3.9
397,WIDE-LEG POPLIN TROUSERS,CO-ORD SETS,3290.0,Mid-rise trousers made of cotton with an elasticated waistband and adjustable drawstrings. Side in-seam pockets. Wide-leg design.,,https://www.zara.com/in/en/wide-leg-poplin-trousers-p07563242.html,Women,3.3
398,SATIN BOMBER JACKET,CO-ORD SETS,3990.0,Bomber jacket with a round neckline and long sleeves. Front flap pockets and a zipped sleeve pocket. Elasticated trims. Front fastening with metal zip.,,https://www.zara.com/in/en/satin-bomber-jacket-p07854591.html,Women,4.7
399,SATIN CARGO TROUSERS,CO-ORD SETS,3290.0,"High-waist trousers featuring an elasticated waistband at the back. Front pockets and side patch pockets with flaps. Straight-leg design. Front zip fly, interior button and metal hook fastening.",,https://www.zara.com/in/en/satin-cargo-trousers-p07845591.html,Women,4.0
400,CREASED-EFFECT SATIN HALTER TOP,CO-ORD SETS,2590.0,Halter top with a buttoned opening at the back.,,https://www.zara.com/in/en/creased-effect-satin-halter-top-p09878151.html,Women,4.7
401,CREASED-EFFECT SATIN TROUSERS,CO-ORD SETS,3290.0,High-waist trousers with an elasticated waistband. Front pockets. Straight leg.,,https://www.zara.com/in/en/creased-effect-satin-trousers-p09878251.html,Women,3.4
402,LINEN SHIRT WITH POCKET,CO-ORD SETS,3290.0,100% linen collared shirt. Sleeves falling below the elbow. Patch pocket on the chest. Asymmetric hem. Button-up front.,,https://www.zara.com/in/en/linen-shirt-with-pocket-p04786320.html,Women,3.8
403,LINEN TROUSERS,CO-ORD SETS,3290.0,"Mid-rise trousers made of 100% linen. Belt loops. Front and back pockets, frayed hems and front zip fly and top button fastening.",,https://www.zara.com/in/en/linen-trousers-p04786321.html,Women,4.1
404,PRINTED PLEATED JUMPSUIT,DRESSES_JUMPSUITS,4990.0,Playsuit with a surplice neckline and long sleeves. Elasticated waist. Lining at the bottom. Fastening with buttoned opening at the back.,https://static.zara.net/photos///2023/I/0/1/p/9878/239/330/2/w/448/9878239330_1_1_1.jpg?ts=1693224764546,https://www.zara.com/in/en/printed-pleated-jumpsuit-p09878239.html,Women,4.1
405,PLAYSUIT WITH CUT-OUT DETAIL,DRESSES_JUMPSUITS,3990.0,Sleeveless playsuit with a round neck. Pleated detail on the front and an opening at the waist. Invisible back zip fastening and openings with metal buttons. Split hem at the side and gathered detail.,https://static.zara.net/photos///2023/I/0/1/p/1165/178/401/2/w/448/1165178401_1_1_1.jpg?ts=1693305744717,https://www.zara.com/in/en/playsuit-with-cut-out-detail-p01165178.html,Women,3.9
406,POLYAMIDE MIDI DRESS,DRESSES_JUMPSUITS,2290.0,Midi dress made of polyamide and elastane blend. Round neck and drop sleeves.,https://static.zara.net/photos///2023/I/0/1/p/3641/815/700/2/w/448/3641815700_1_1_1.jpg?ts=1692865109452,https://www.zara.com/in/en/polyamide-midi-dress-p03641815.html,Women,4.4
407,FITTED ASYMMETRIC DRESS WITH CUT-OUT DETAIL,DRESSES_JUMPSUITS,2590.0,Dress made of a polyamide and elastane blend. Asymmetric neckline and thin elastic straps. Gathered detail and cut-out detail at the waist.,https://static.zara.net/photos///2023/I/0/1/p/3641/808/250/2/w/448/3641808250_1_1_1.jpg?ts=1688048277567,https://www.zara.com/in/en/fitted-asymmetric-dress-with-cut-out-detail-p03641808.html,Women,3.6
408,METALLIC STRAPLESS DRESS,DRESSES_JUMPSUITS,3990.0,Off-the-shoulder midi dress with a straight-cut neckline. Metallic fabric. Gathered details. Back slit at the hem. Invisible side zip fastening.,https://static.zara.net/photos///2023/I/0/1/p/3067/290/220/2/w/448/3067290220_1_1_1.jpg?ts=1692874441282,https://www.zara.com/in/en/metallic-strapless-dress-p03152390.html,Women,4.0
409,FOIL SLIP DRESS,DRESSES_JUMPSUITS,3990.0,Midi dress made of metallic-effect fabric. Draped neckline and thin straps. Open back. Invisible zip fastening.,https://static.zara.net/photos///2023/I/0/1/p/8396/741/800/2/w/448/8396741800_1_1_1.jpg?ts=1692874441145,https://www.zara.com/in/en/foil-slip-dress-p08396741.html,Women,4.2
410,FOIL SLIP DRESS,DRESSES_JUMPSUITS,3990.0,"Long dress made of metallic-effect fabric. Featuring a V-neckline, thin straps and an open back.",https://static.zara.net/photos///2023/I/0/1/p/8326/350/808/2/w/448/8326350808_1_1_1.jpg?ts=1692874443895,https://www.zara.com/in/en/foil-slip-dress-p08326350.html,Women,4.3
411,TRANSPARENT TULLE DRESS,DRESSES_JUMPSUITS,2990.0,Transparent midi dress with a high neck and long sleeves. Pronounced seams. Buttoned opening at the neck.,https://static.zara.net/photos///2023/I/0/1/p/8497/359/802/2/w/448/8497359802_1_1_1.jpg?ts=1692874442937,https://www.zara.com/in/en/transparent-tulle-dress-p08497359.html,Women,4.4
412,COMBINED NYLON JUMPSUIT,DRESSES_JUMPSUITS,3990.0,V-neck jumpsuit with thin adjustable straps. Side pockets and false rear welt pockets. Matching fabric. Invisible back zip and metal hook fastening at the front.,https://static.zara.net/photos///2023/I/0/1/p/8338/239/800/22/w/448/8338239800_1_1_1.jpg?ts=1693212396279,https://www.zara.com/in/en/combined-nylon-jumpsuit-p08338239.html,Women,3.6
413,SATIN DRESS,DRESSES_JUMPSUITS,3290.0,Satin dress with a V-neckline and thin straps. Featuring an open back with a matching fabric strap.,https://static.zara.net/photos///2023/I/0/1/p/1131/807/622/2/w/448/1131807622_1_1_1.jpg?ts=1692273229105,https://www.zara.com/in/en/satin-dress-p01131807.html,Women,3.4
414,FAUX LEATHER STRAPLESS DRESS,DRESSES_JUMPSUITS,3290.0,Short dress with a straight-cut neckline and exposed shoulders. Draped fabric on the side with metal links on the hem. Invisible back zip fastening.,https://static.zara.net/photos///2023/I/0/1/p/8741/245/800/2/w/448/8741245800_1_1_1.jpg?ts=1692892311388,https://www.zara.com/in/en/faux-leather-strapless-dress-p08741245.html,Women,4.7
415,OPEN CABLE-KNIT DRESS,DRESSES_JUMPSUITS,3990.0,Long felt texture dress. Round neck and long sleeves. Perforated fabric detail. A-line hem with side slit. This garment is not lined.,https://static.zara.net/photos///2023/I/0/1/p/0021/103/705/12/w/448/0021103705_1_1_1.jpg?ts=1693237097875,https://www.zara.com/in/en/open-cable-knit-dress-p00021103.html,Women,4.2
416,JUMPSUIT WITH CROSSOVER BACK,DRESSES_JUMPSUITS,4990.0,V-neck jumpsuit with thin straps that cross at the back. Lining. Wide-leg design. Invisible back zip fastening.,https://static.zara.net/photos///2023/I/0/1/p/9878/232/684/12/w/448/9878232684_1_1_1.jpg?ts=1692888368378,https://www.zara.com/in/en/jumpsuit-with-crossover-back-p09878232.html,Women,3.8
417,CUT-OUT JUMPSUIT,DRESSES_JUMPSUITS,3990.0,Flowing jumpsuit with a V-neckline and full short sleeves. Pleat details and openings at the waist. Invisible back zip fastening.,https://static.zara.net/photos///2023/I/0/1/p/0387/166/610/2/w/448/0387166610_1_1_1.jpg?ts=1692879491500,https://www.zara.com/in/en/cut-out-jumpsuit-p00387166.html,Women,4.8
418,SATIN CAMISOLE DRESS,DRESSES_JUMPSUITS,3990.0,Midi dress with a draped neckline and thin straps. Gathered detail on the side. Invisible zip fastening.,https://static.zara.net/photos///2023/I/0/1/p/8490/899/690/2/w/448/8490899690_1_1_1.jpg?ts=1692879490213,https://www.zara.com/in/en/satin-camisole-dress-p08490899.html,Women,4.2
419,SATIN DRESS WITH FEATHERS,DRESSES_JUMPSUITS,11990.0,Fitted midi dress made of viscose. Strapless with matching feather appliqués. Invisible zip fastening.,https://static.zara.net/photos///2023/I/0/1/p/7844/934/501/2/w/448/7844934501_1_1_1.jpg?ts=1691482578125,https://www.zara.com/in/en/satin-dress-with-feathers-p07844934.html,Women,4.6
420,DENIM TRF MIDI DRESS,DRESSES_JUMPSUITS,3990.0,Midi dress with a V-neckline and adjustable thin straps.,https://static.zara.net/photos///2023/I/0/1/p/5520/081/400/19/w/448/5520081400_1_1_1.jpg?ts=1688126428450,https://www.zara.com/in/en/denim-trf-midi-dress-p05520081.html,Women,4.1
421,CORSETRY-INSPIRED MIDI DRESS,DRESSES_JUMPSUITS,3290.0,V-neck midi dress with thin straps. Featuring a ring detail on the chest and side cut-out details. Draped fabric on the side and a slit at the hem. Invisible back zip fastening.,https://static.zara.net/photos///2023/I/0/1/p/2298/173/600/2/w/448/2298173600_1_1_1.jpg?ts=1692699026829,https://www.zara.com/in/en/corsetry-inspired-midi-dress-p02298173.html,Women,5.0
422,TEXTURED MIDI DRESS WITH BELT,DRESSES_JUMPSUITS,4990.0,Midi dress with lapel collar and V-neck. Long sleeves with cuffs. Patch pockets on chest. Combined belt with tortoiseshell effect buckle. Inner lining. Front button fastening.,https://static.zara.net/photos///2023/I/0/1/p/8351/224/800/2/w/448/8351224800_1_1_1.jpg?ts=1692792858610,https://www.zara.com/in/en/textured-midi-dress-with-belt-p08351224.html,Women,4.9
423,GATHERED LINEN BLEND DRESS,DRESSES_JUMPSUITS,4990.0,"Sleeveless midi dress made of a linen and viscose blend. Featuring a wide neckline, gathered detailing, pleats and a side slit at the hem.",https://static.zara.net/photos///2023/I/0/1/p/9479/268/518/3/w/448/9479268518_1_1_1.jpg?ts=1687855034746,https://www.zara.com/in/en/gathered-linen-blend-dress-p09479268.html,Women,4.0
424,PRINTED KNIT DRESS,DRESSES_JUMPSUITS,2990.0,Fitted midi dress with a straight-cut neckline and thin straps.,https://static.zara.net/photos///2023/I/0/1/p/6427/122/050/2/w/448/6427122050_1_1_1.jpg?ts=1692790314025,https://www.zara.com/in/en/printed-knit-dress-p06427122.html,Women,4.5
425,PRINTED LINEN BLEND SHIRT DRESS,DRESSES_JUMPSUITS,5590.0,Dress made of a linen blend. Johnny collar and short sleeves with buttoned tabs. Front patch pockets. Buttoned front and belt.,https://static.zara.net/photos///2023/I/0/1/p/8032/462/070/2/w/448/8032462070_1_1_1.jpg?ts=1687791315703,https://www.zara.com/in/en/printed-linen-blend-shirt-dress-p08032462.html,Women,4.4
426,ASYMMETRIC MIDI DRESS,DRESSES_JUMPSUITS,3990.0,Midi dress made of knit fabric with an asymmetric neckline. Draped fabric on the side. Matching lining. Back vent at the hem. Invisible side zip fastening.,https://static.zara.net/photos///2023/I/0/1/p/7882/636/250/2/w/448/7882636250_1_1_1.jpg?ts=1685626667953,https://www.zara.com/in/en/asymmetric-midi-dress-p07882636.html,Women,4.7
427,LINEN BLEND MIDI DRESS,DRESSES_JUMPSUITS,4990.0,Sleeveless dress made of a linen and cotton blend fabric. Round neck. Split hem. Fastening at the back with button and side zip.,https://static.zara.net/photos///2023/I/0/1/p/8055/394/626/17/w/448/8055394626_1_1_1.jpg?ts=1691136774085,https://www.zara.com/in/en/linen-blend-midi-dress-p08055394.html,Women,3.7
428,PRINTED HALTER DRESS,DRESSES_JUMPSUITS,4990.0,Midi dress made of 100% cotton. Halter neck and V-neck with adjustable ties on the collar. Pleated detail on the chest. Tied belt in the same fabric. Open back with elastic. Flared hem.,https://static.zara.net/photos///2023/I/0/1/p/2183/247/251/12/w/448/2183247251_1_1_1.jpg?ts=1691599336676,https://www.zara.com/in/en/printed-halter-dress-p02183247.html,Women,4.4
429,ASYMMETRIC TUNIC BLOUSE,DRESSES_JUMPSUITS,4990.0,"Blouse made of a viscose blend. Featuring a V-neckline, short sleeves and an adjustable drawstring waist in the same fabric.",https://static.zara.net/photos///2023/I/0/1/p/9479/277/737/2/w/448/9479277737_1_1_1.jpg?ts=1688980756229,https://www.zara.com/in/en/asymmetric-tunic-blouse-p09479277.html,Women,4.6
430,HALTER MIDI DRESS WITH BUCKLE,DRESSES_JUMPSUITS,4990.0,Dress featuring a cowl neckline and halter neck with tie detail. Open back. Crossover front with a gold buckle. Gathered detail at the back. Slit at the hem.,https://static.zara.net/photos///2023/I/0/1/p/0387/164/800/2/w/448/0387164800_1_1_1.jpg?ts=1691755226194,https://www.zara.com/in/en/halter-midi-dress-with-buckle-p00387164.html,Women,3.3
431,SUIT-EFFECT JUMPSUIT,DRESSES_JUMPSUITS,4990.0,"Jumpsuit with a straight neckline and thin straps. Side pockets and fake rear welt pockets. Front fastening with buttons and zip, inside button and metal hook.",https://static.zara.net/photos///2023/I/0/1/p/8462/550/704/2/w/448/8462550704_1_1_1.jpg?ts=1692793176857,https://www.zara.com/in/en/suit-effect-jumpsuit-p08462550.html,Women,3.6
432,SLIP DRESS WITH BEADS,DRESSES_JUMPSUITS,3990.0,Midi dress with a straight-cut neckline. Thin straps with multicoloured beads. Side slit at the hem. Invisible back zip fastening.,https://static.zara.net/photos///2023/I/0/1/p/8351/232/505/2/w/448/8351232505_1_1_1.jpg?ts=1692603424156,https://www.zara.com/in/en/slip-dress-with-beads-p08351232.html,Women,3.2
433,TWO-PIECE FLARED JUMPSUIT,DRESSES_JUMPSUITS,5990.0,"Strapless jumpsuit with false front jetted pockets. Featuring flared hems, hidden zip fastening at the front and golden buttons.",https://static.zara.net/photos///2023/I/0/1/p/8195/688/800/2/w/448/8195688800_1_1_1.jpg?ts=1690970189306,https://www.zara.com/in/en/two-piece-flared-jumpsuit-p08195688.html,Women,4.0
434,PRINTED DRAPED TULLE DRESS,DRESSES_JUMPSUITS,2990.0,Midi dress with a cowl neckline and thin straps. Draped fabric. Asymmetric hem. Contrast lining. Open back with strap detail.,https://static.zara.net/photos///2023/I/0/1/p/5039/203/112/2/w/448/5039203112_1_1_1.jpg?ts=1688632736228,https://www.zara.com/in/en/printed-draped-tulle-dress-p05039203.html,Women,4.4
435,PRINTED FITTED STRAPLESS DRESS,DRESSES_JUMPSUITS,2290.0,Midi dress made of tulle. Straight neckline and exposed shoulders. Draped fabric on the sides. Contrast lining.,https://static.zara.net/photos///2023/I/0/1/p/5039/207/400/2/w/448/5039207400_1_1_1.jpg?ts=1688632736147,https://www.zara.com/in/en/printed-fitted-strapless-dress-p05039207.html,Women,4.8
436,STRAPLESS DRESS WITH CUT-OUT DETAIL,DRESSES_JUMPSUITS,2990.0,Strapless midi dress. Cut-out detail on the front.,https://static.zara.net/photos///2023/I/0/1/p/5584/453/250/2/w/448/5584453250_1_1_1.jpg?ts=1688121429466,https://www.zara.com/in/en/strapless-dress-with-cut-out-detail-p05584453.html,Women,4.1
437,DRAPED NECK DRESS,DRESSES_JUMPSUITS,2290.0,Midi dress with a draped neckline and thin double straps.,https://static.zara.net/photos///2023/I/0/1/p/1165/134/800/2/w/448/1165134800_1_1_1.jpg?ts=1690549006749,https://www.zara.com/in/en/draped-neck-dress-p01165134.html,Women,4.8
438,MIDI SHIRT DRESS,DRESSES_JUMPSUITS,5590.0,"Johnny collar dress featuring long sleeves, false flap pockets at the front, front button fastening and a matching belt with a golden buckle.",https://static.zara.net/photos///2023/I/0/1/p/8401/522/251/2/w/448/8401522251_1_1_1.jpg?ts=1691570061954,https://www.zara.com/in/en/midi-shirt-dress-p08401522.html,Women,3.5
439,PRINTED CUT-OUT TULLE DRESS,DRESSES_JUMPSUITS,3290.0,Off-the-shoulder midi dress with a straight neckline. Draped fabric. Open detail on the front. Lining. Invisible side zip fastening.,https://static.zara.net/photos///2023/I/0/1/p/8342/201/120/2/w/448/8342201120_1_1_1.jpg?ts=1692196694888,https://www.zara.com/in/en/printed-cut-out-tulle-dress-p08342201.html,Women,3.3
440,ZW DENIM JUMPSUIT,DRESSES_JUMPSUITS,5990.0,ZW ZARA WOMAN Fitted jumpsuit with a lapel collar and short sleeves. Front pockets and chest and back patch pockets. Faded effect. Contrast pronounced topstitching. Belt loops. Frayed hem. Front fastening with metal zip.View more,https://static.zara.net/photos///2023/I/0/1/p/7223/245/400/2/w/448/7223245400_1_1_1.jpg?ts=1692690779616,https://www.zara.com/in/en/zw-denim-jumpsuit-p07223245.html,Women,4.1
441,PLEATED SHIRT DRESS WITH BELT,DRESSES_JUMPSUITS,5590.0,Collared dress with long sleeves. Elastic waist with contrast belt. Lining. Front fastening with gold buttons.,https://static.zara.net/photos///2023/I/0/1/p/4387/253/712/2/w/448/4387253712_1_1_1.jpg?ts=1692203339827,https://www.zara.com/in/en/pleated-shirt-dress-with-belt-p04387253.html,Women,4.3
442,LONG ASYMMETRIC JUMPSUIT,DRESSES_JUMPSUITS,4990.0,Sleeveless jumpsuit with an asymmetric neckline. Gold-toned buckle detail on the shoulder. Gathered sides and front darts. Front pockets. Wide-leg design. Invisible side zip fastening.,https://static.zara.net/photos///2023/I/0/1/p/1971/188/123/2/w/448/1971188123_1_1_1.jpg?ts=1691145776936,https://www.zara.com/in/en/long-asymmetric-jumpsuit-p01971188.html,Women,4.1
443,LACE-TRIMMED PRINTED DRESS,DRESSES_JUMPSUITS,4990.0,Dress with a V-neckline and long cuffed sleeves. Contrast lace trims. Panelled hems. Front fastening with covered buttons.,https://static.zara.net/photos///2023/I/0/1/p/8471/156/330/2/w/448/8471156330_1_1_1.jpg?ts=1692699026448,https://www.zara.com/in/en/lace-trimmed-printed-dress-p08471156.html,Women,3.2
444,LONG PRINTED DRESS,DRESSES_JUMPSUITS,4990.0,Collared cotton long dress. Sleeves falling below the elbow. Ruffled hem. Button-up front.,https://static.zara.net/photos///2023/I/0/1/p/2183/071/500/3/w/448/2183071500_1_1_1.jpg?ts=1687855033075,https://www.zara.com/in/en/long-printed-dress-p02183071.html,Women,4.1
445,MATCHING DRESS WITH CUT-OUT DETAIL,DRESSES_JUMPSUITS,4990.0,Sleeveless dress featuring a round neck with gathering. Side opening detail at the waist. Back fastening with invisible zip and buttoned opening. Combined satin fabric detail.,https://static.zara.net/photos///2023/I/0/1/p/9878/234/064/2/w/448/9878234064_1_1_1.jpg?ts=1692203336748,https://www.zara.com/in/en/matching-dress-with-cut-out-detail-p09878234.html,Women,3.5
446,STRAPLESS NYLON JUMPSUIT,DRESSES_JUMPSUITS,3990.0,Jumpsuit with a straight neckline and exposed shoulders. Front pockets and flap details at the back. Belt loops and a hook-and-loop strap on the front. Invisible side zip fastening. Metal brooch details at the back.,https://static.zara.net/photos///2023/I/0/1/p/2712/224/710/2/w/448/2712224710_1_1_1.jpg?ts=1690987132747,https://www.zara.com/in/en/strapless-nylon-jumpsuit-p02712224.html,Women,4.4
447,CROCHET PRINTED DRESS,DRESSES_JUMPSUITS,7590.0,Midi dress made of cotton. Round neck and thin straps that cross at the back. Matching crochet and bead appliqués. Lining.,https://static.zara.net/photos///2023/I/0/1/p/5107/247/330/2/w/448/5107247330_1_1_1.jpg?ts=1689936424646,https://www.zara.com/in/en/crochet-printed-dress-p05107247.html,Women,4.3
448,ASYMMETRIC LONG DRESS WITH RUFFLES,DRESSES_JUMPSUITS,7590.0,Long sleeve satiny dress with an asymmetric neckline. Featuring pleated ruffle trims.,https://static.zara.net/photos///2023/I/0/1/p/1971/155/630/2/w/448/1971155630_1_1_1.jpg?ts=1688480096129,https://www.zara.com/in/en/asymmetric-long-dress-with-ruffles-p01971155.html,Women,3.7
449,DRAPED HALTER DRESS,DRESSES_JUMPSUITS,4990.0,Midi dress with a V-neck and gathered front. Halter neck with buckles. Front slit. Invisible back zip fastening.,https://static.zara.net/photos///2023/I/0/1/p/8213/359/712/2/w/448/8213359712_1_1_1.jpg?ts=1690804563985,https://www.zara.com/in/en/draped-halter-dress-p08213359.html,Women,3.9
450,JUMPSUIT WITH PLEATED RUFFLES,DRESSES_JUMPSUITS,5990.0,Sleeveless jumpsuit with a round neck. Pleated ruffles on the front. Matching belt detail. Wide leg. Invisible zip fastening at the back and buttoned opening.,https://static.zara.net/photos///2023/I/0/1/p/1971/165/800/2/w/448/1971165800_1_1_1.jpg?ts=1691758139084,https://www.zara.com/in/en/jumpsuit-with-pleated-ruffles-p01971165.html,Women,3.6
451,STRAPLESS JUMPSUIT,DRESSES_JUMPSUITS,3990.0,Strapless jumpsuit. Wide-leg design. Invisible zip fastening.,https://static.zara.net/photos///2023/I/0/1/p/2712/456/250/2/w/448/2712456250_1_1_1.jpg?ts=1689069153345,https://www.zara.com/in/en/strapless-jumpsuit-p02712456.html,Women,4.1
452,FITTED STRAPPY HALTER DRESS,DRESSES_JUMPSUITS,1990.0,Halterneck midi dress with thin straps.,https://static.zara.net/photos///2023/I/0/1/p/2335/629/800/17/w/448/2335629800_1_1_1.jpg?ts=1692280276078,https://www.zara.com/in/en/fitted-strappy-halter-dress-p02335629.html,Women,4.5
453,SHORT PRINTED DRESS,DRESSES_JUMPSUITS,3290.0,Short cotton dress. Straight neckline and short sleeves. Smocking detail and contrast print.,https://static.zara.net/photos///2023/I/0/1/p/4786/267/330/2/w/448/4786267330_1_1_1.jpg?ts=1688126788347,https://www.zara.com/in/en/short-printed-dress-p04786267.html,Women,3.7
454,FITTED JACQUARD DRESS,DRESSES_JUMPSUITS,2990.0,Sleeveless midi dress with a round neck. Floral jacquard detail.,https://static.zara.net/photos///2023/I/0/1/p/3644/630/250/2/w/448/3644630250_1_1_1.jpg?ts=1691415764606,https://www.zara.com/in/en/fitted-jacquard-dress-p03644630.html,Women,4.3
455,SHORT FITTED RUFFLED DRESS,DRESSES_JUMPSUITS,1990.0,Fitted sleeveless dress made of cotton with a V-neckline. Contrast poplin fabric with ruffles on the chest.,https://static.zara.net/photos///2023/I/0/1/p/1660/804/800/2/w/448/1660804800_1_1_1.jpg?ts=1688568897731,https://www.zara.com/in/en/short-fitted-ruffled-dress-p01660804.html,Women,3.9
456,SHORT PRINTED DRESS,DRESSES_JUMPSUITS,3290.0,Short dress made of cotton. Square neckline with adjustable ties in the same fabric. Puff short sleeves with elasticated trim. Elasticated smocked detail on the back.,https://static.zara.net/photos///2023/I/0/1/p/4786/250/044/2/w/448/4786250044_1_1_1.jpg?ts=1686126002216,https://www.zara.com/in/en/short-printed-dress-p04786250.html,Women,3.7
457,ASYMMETRIC MIDI DRESS WITH GOLDEN APPLIQUÉ,DRESSES_JUMPSUITS,3990.0,Dress featuring an asymmetric neckline and golden appliqué on the shoulder. Opening detail at the waist and gathering. Invisible side zip fastening.,https://static.zara.net/photos///2023/I/0/1/p/3897/160/800/17/w/448/3897160800_1_1_1.jpg?ts=1692777366626,https://www.zara.com/in/en/asymmetric-midi-dress-with-golden-applique-p03897160.html,Women,4.1
458,ASYMMETRIC DRESS WITH METAL PIECE,DRESSES_JUMPSUITS,3990.0,Midi dress with an asymmetric neckline. One long sleeve and one sleeveless arm with metal piece detail. Draped fabric. Side slit at the hem. Invisible back zip fastening.,https://static.zara.net/photos///2023/I/0/1/p/9878/254/518/2/w/448/9878254518_1_1_1.jpg?ts=1692779344427,https://www.zara.com/in/en/asymmetric-dress-with-metal-piece-p09878254.html,Women,3.6
459,FAUX SUEDE DRESS WITH RHINESTONES,DRESSES_JUMPSUITS,2590.0,Short dress with a round neck and short sleeves. Rhinestone appliqués on the front.,https://static.zara.net/photos///2023/I/0/1/p/5070/647/630/2/w/448/5070647630_1_1_1.jpg?ts=1689069155435,https://www.zara.com/in/en/faux-suede-dress-with-rhinestones-p05070647.html,Women,3.9
460,PRINTED FITTED STRAPLESS TULLE DRESS,DRESSES_JUMPSUITS,2990.0,Strapless midi dress with a straight-cut neckline. Draped fabric. Knot detail on the chest. Matching lining.,https://static.zara.net/photos///2023/I/0/1/p/5039/204/030/2/w/448/5039204030_1_1_1.jpg?ts=1688632735827,https://www.zara.com/in/en/printed-fitted-strapless-tulle-dress-p05039204.html,Women,3.6
461,DRESS WITH MATCHING POCKETS,DRESSES_JUMPSUITS,2990.0,Sleeveless midi dress with a round neck. Featuring front patch pockets and contrast fabric detail.,https://static.zara.net/photos///2023/I/0/1/p/0264/465/592/2/w/448/0264465592_1_1_1.jpg?ts=1688724524950,https://www.zara.com/in/en/dress-with-matching-pockets-p00264465.html,Women,5.0
462,PLEATED MIDI DRESS,DRESSES_JUMPSUITS,4990.0,Dress featuring a straight-cut neckline with gathering. Lining. Invisible back zip fastening.,https://static.zara.net/photos///2023/I/0/1/p/7969/228/427/2/w/448/7969228427_1_1_1.jpg?ts=1689940537819,https://www.zara.com/in/en/pleated-midi-dress-p07969228.html,Women,4.1
463,PRINTED LINEN BLEND MIDI DRESS,DRESSES_JUMPSUITS,4990.0,Dress made of a linen blend fabric. Crossover halter neck with tied detail at the back. Gathered detail and side slit at the hem. Invisible back zip fastening.,https://static.zara.net/photos///2023/I/0/1/p/8208/448/330/2/w/448/8208448330_1_1_1.jpg?ts=1690454106841,https://www.zara.com/in/en/printed-linen-blend-midi-dress-p08208448.html,Women,3.8
464,LINEN SHIRT DRESS,DRESSES_JUMPSUITS,5990.0,Sleeveless midi dress made of 100% linen. Johnny collar. Patch pockets with flaps on the chest. Frayed trims in the same fabric. Front fastening with matching buttons.,https://static.zara.net/photos///2023/I/0/1/p/4043/257/802/2/w/448/4043257802_1_1_1.jpg?ts=1689765042727,https://www.zara.com/in/en/linen-shirt-dress-p04043257.html,Women,4.2
465,RUFFLED PRINTED DRESS,DRESSES_JUMPSUITS,5990.0,Sleeveless V-neck midi dress. Metallic thread detail and ruffles. Side slit at the hem. Combined lining. Invisible back zip fastening.,https://static.zara.net/photos///2023/I/0/1/p/9878/246/592/2/w/448/9878246592_1_1_1.jpg?ts=1692699026082,https://www.zara.com/in/en/ruffled-printed-dress-p09878246.html,Women,4.0
466,RUFFLED PRINTED DRESS,DRESSES_JUMPSUITS,3990.0,"V-neck dress with thin straps that cross at the back. Featuring ruffled trims, lining, a front slit at the hem and invisible side zip fastening.",https://static.zara.net/photos///2023/I/0/1/p/8081/752/620/2/w/448/8081752620_1_1_1.jpg?ts=1689696939737,https://www.zara.com/in/en/ruffled-printed-dress-p08081752.html,Women,4.0
467,Z1975 DENIM DRESS,DRESSES_JUMPSUITS,3990.0,Collared mini dress with a V-neckline and short sleeves. Featuring front and back patch pockets and metal button fastening at the front.,https://static.zara.net/photos///2023/I/0/1/p/6164/220/427/2/w/448/6164220427_1_1_1.jpg?ts=1692688582831,https://www.zara.com/in/en/z1975-denim-dress-p06164220.html,Women,4.4
468,LINEN BLEND LONG WAISTCOAT,DRESSES_JUMPSUITS,5590.0,Sleeveless waistcoat made of a linen blend. Lapel collar. Front patch pockets. Front button fastening and belt in the same fabric.,https://static.zara.net/photos///2023/I/0/1/p/7942/939/052/2/w/448/7942939052_1_1_1.jpg?ts=1686153834906,https://www.zara.com/in/en/linen-blend-long-waistcoat-p07942939.html,Women,4.4
469,LOOSE-FITTING BELTED JUMPSUIT,DRESSES_JUMPSUITS,4990.0,Jumpsuit featuring a Johnny collar and turn-up long sleeves with buttoned tabs. Patch pockets on the front and back. Elastic waistband with matching belt. Straight-leg design. Button-up front.,https://static.zara.net/photos///2023/I/0/1/p/8191/511/505/17/w/448/8191511505_1_1_1.jpg?ts=1692777367391,https://www.zara.com/in/en/loose-fitting-belted-jumpsuit-p08191511.html,Women,3.9
470,RUFFLED FLORAL PRINT DRESS,DRESSES_JUMPSUITS,4990.0,V-neck midi dress with wide ruffled elastic straps. Front slit at the hem. Ruffle trims.,https://static.zara.net/photos///2023/I/0/1/p/8442/230/330/2/w/448/8442230330_1_1_1.jpg?ts=1691417176769,https://www.zara.com/in/en/ruffled-floral-print-dress-p08442230.html,Women,3.8
471,SATIN DRESS WITH RHINESTONE STRAPS,DRESSES_JUMPSUITS,3990.0,Midi dress featuring a straight neckline and thin straps with rhinestones. Side gathered details. Front slit at the hem. Invisible zip fastening.,https://static.zara.net/photos///2023/I/0/1/p/7765/313/620/2/w/448/7765313620_1_1_1.jpg?ts=1691577445970,https://www.zara.com/in/en/satin-dress-with-rhinestone-straps-p07765313.html,Women,4.0
472,COTTON DRESS WITH TASSELS AND EMBROIDERY,DRESSES_JUMPSUITS,5990.0,Midi dress made of 100% cotton fabric. V-neck and full sleeves falling below the elbow. Pleated waist. Contrast embroidery and tassel details. Asymmetric hem with front slit.,https://static.zara.net/photos///2023/I/0/1/p/6895/247/251/2/w/448/6895247251_1_1_1.jpg?ts=1690372898064,https://www.zara.com/in/en/cotton-dress-with-tassels-and-embroidery-p06895247.html,Women,3.1
473,SEQUINNED MIDI DRESS,DRESSES_JUMPSUITS,5990.0,Sleeveless dress with a round neckline. Sequin appliqué and contrast lining.,https://static.zara.net/photos///2023/I/0/1/p/7901/454/302/2/w/448/7901454302_1_1_1.jpg?ts=1688392507165,https://www.zara.com/in/en/sequinned-midi-dress-p07901454.html,Women,3.4
474,JUMPSUIT WITH GOLDEN BUTTONS,DRESSES_JUMPSUITS,4990.0,V-neck jumpsuit with thin double straps. Decorative front darts and decorative buttons at the waist. Wide-leg design featuring side slits at the hem with buttons. Invisible back zip fastening.,https://static.zara.net/photos///2023/I/0/1/p/4387/222/505/2/w/448/4387222505_1_1_1.jpg?ts=1685446744470,https://www.zara.com/in/en/jumpsuit-with-golden-buttons-p04387222.html,Women,4.7
475,DENIM JUMPSUIT,DRESSES_JUMPSUITS,4990.0,Collared jumpsuit with a V-neckline and short sleeves. Elasticated waist at the back. Front pockets and back patch pockets. Straight leg with turn-up hems. Front zip and button fastening.,https://static.zara.net/photos///2023/I/0/1/p/7147/034/406/2/w/448/7147034406_1_1_1.jpg?ts=1683881166712,https://www.zara.com/in/en/denim-jumpsuit-p07147034.html,Women,4.8
476,LINEN BLEND MIDI DRESS,DRESSES_JUMPSUITS,4990.0,Midi dress made of a linen blend fabric. Straight-cut neckline and thin straps that cross at the back with adjustable ties. Side gathered details. Slit at the hem. Invisible back zip fastening.,https://static.zara.net/photos///2023/I/0/1/p/4786/297/615/2/w/448/4786297615_1_1_1.jpg?ts=1688726905806,https://www.zara.com/in/en/linen-blend-midi-dress-p04786297.html,Women,4.0
477,CUTWORK EMBROIDERY MIDI DRESS,DRESSES_JUMPSUITS,4990.0,Dress featuring a ruffled straight neckline with elasticated trim. Short sleeves. Belt in the same fabric with a buckle and matching cutwork embroidery. Lining. Front button fastening.,https://static.zara.net/photos///2023/I/0/1/p/7678/916/250/2/w/448/7678916250_1_1_1.jpg?ts=1685103817792,https://www.zara.com/in/en/cutwork-embroidery-midi-dress-p07678916.html,Women,4.4
478,BELTED WIDE-LEG JUMPSUIT,DRESSES_JUMPSUITS,4990.0,"Sleeveless V-neck jumpsuit featuring a contrast belt, wide-leg design and invisible back zip fastening.",https://static.zara.net/photos///2023/I/0/1/p/2157/227/537/2/w/448/2157227537_1_1_1.jpg?ts=1689696940976,https://www.zara.com/in/en/belted-wide-leg-jumpsuit-p02157227.html,Women,4.2
479,EMBROIDERED TUNIC DRESS,DRESSES_JUMPSUITS,4990.0,Tunic dress made of a viscose blend. V-neckline and short sleeves. Contrast embroidery detail. Fastens at the back with ties.,https://static.zara.net/photos///2023/I/0/1/p/1165/626/060/2/w/448/1165626060_1_1_1.jpg?ts=1688031205345,https://www.zara.com/in/en/embroidered-tunic-dress-p01165626.html,Women,5.0
480,RUFFLED MIDI SLIP DRESS,DRESSES_JUMPSUITS,4990.0,V-neck dress with short sleeves. Ruffle trims. Lining. Front slit at the hem.,https://static.zara.net/photos///2023/I/0/1/p/0387/156/123/2/w/448/0387156123_1_1_1.jpg?ts=1687446565368,https://www.zara.com/in/en/ruffled-midi-slip-dress-p00387156.html,Women,4.6
481,ASYMMETRIC LINEN DRESS,DRESSES_JUMPSUITS,4990.0,Short dress made of 100% linen. Asymmetric neckline and wide strap. Side pleats. Bow detail in matching fabric with fringing. Invisible side zip fastening.,https://static.zara.net/photos///2023/I/0/1/p/7492/915/916/3/w/448/7492915916_1_1_1.jpg?ts=1685097159842,https://www.zara.com/in/en/asymmetric-linen-dress-p07492915.html,Women,4.0
482,MIDI DRESS WITH CUT-OUT DETAIL,DRESSES_JUMPSUITS,4990.0,Sleeveless dress with a round neckline and padded shoulders. Side openings at the waist and gathering. Slit at the hem. Invisible back zip fastening.,https://static.zara.net/photos///2023/I/0/1/p/2157/239/800/19/w/448/2157239800_1_1_1.jpg?ts=1692355812431,https://www.zara.com/in/en/midi-dress-with-cut-out-detail-p02157239.html,Women,3.7
483,PRINT SHIRT DRESS,DRESSES_JUMPSUITS,4990.0,Midi dress with lapel collar and V-neck. Long sleeves with cuffs. Combined belt with a metallic buckle. Front button fastening.,https://static.zara.net/photos///2023/I/0/1/p/9878/237/084/2/w/448/9878237084_1_1_1.jpg?ts=1692699025717,https://www.zara.com/in/en/print-shirt-dress-p09878237.html,Women,3.4
484,SHIRT DRESS WITH BELT,DRESSES_JUMPSUITS,4990.0,Collared midi dress featuring turn-up long sleeves with buttoned tabs. Contrast belt and darts at the waist. Button-up front.,https://static.zara.net/photos///2023/I/0/1/p/7789/951/044/12/w/448/7789951044_1_1_1.jpg?ts=1685978499770,https://www.zara.com/in/en/shirt-dress-with-belt-p07789951.html,Women,4.2
485,ASYMMETRIC TULLE DRESS,DRESSES_JUMPSUITS,3990.0,Midi dress with a round neck. Sleeveless on one side and one long sleeve on the other. Draped fabric. Contrast lining. Invisible side zip fastening.,https://static.zara.net/photos///2023/I/0/1/p/3067/274/112/2/w/448/3067274112_1_1_1.jpg?ts=1691152511654,https://www.zara.com/in/en/asymmetric-tulle-dress-p03067274.html,Women,3.8
486,MINI DRESS WITH PUFF SLEEVES,DRESSES_JUMPSUITS,3990.0,Dress featuring a straight neckline and elastic puff sleeves. Invisible back zip fastening.,https://static.zara.net/photos///2023/I/0/1/p/9878/253/800/2/w/448/9878253800_1_1_1.jpg?ts=1692203337034,https://www.zara.com/in/en/mini-dress-with-puff-sleeves-p09878253.html,Women,3.5
487,PRINTED DRESS WITH BELT,DRESSES_JUMPSUITS,4990.0,Collared dress with a V-neckline and short sleeves. Belt detail in the same fabric with buckle. Button-up front. Flared hem.,https://static.zara.net/photos///2023/I/0/1/p/7921/629/080/2/w/448/7921629080_1_1_1.jpg?ts=1685703813341,https://www.zara.com/in/en/printed-dress-with-belt-p07921629.html,Women,3.8
488,TRF DENIM DRESS,DRESSES_JUMPSUITS,3990.0,Short denim dress. Lapel collar and loose-fitting long sleeves. Featuring a chest patch pocket and a zip-up polo-style front.,https://static.zara.net/photos///2023/I/0/1/p/3607/282/400/2/w/448/3607282400_1_1_1.jpg?ts=1692196691998,https://www.zara.com/in/en/trf-denim-dress-p03607282.html,Women,3.6
489,SHORT TEXTURED DRESS,DRESSES_JUMPSUITS,3290.0,Short dress with a straight-cut neckline and thin adjustable straps. Elasticated smocked fabric. Matching lining.,https://static.zara.net/photos///2023/I/0/1/p/3152/266/800/12/w/448/3152266800_1_1_1.jpg?ts=1687345991892,https://www.zara.com/in/en/short-textured-dress-p03152266.html,Women,4.9
490,FITTED STRAPLESS TEXTURED DRESS,DRESSES_JUMPSUITS,2290.0,Off-the-shoulder dress made of textured fabric. Straight neckline. Pleated detail.,https://static.zara.net/photos///2023/I/0/1/p/3644/313/450/2/w/448/3644313450_1_1_1.jpg?ts=1691491156836,https://www.zara.com/in/en/fitted-strapless-textured-dress-p03644313.html,Women,4.5
491,FITTED TEXTURED DRESS,DRESSES_JUMPSUITS,2590.0,Sleeveless long dress made of textured fabric. Round neck.,https://static.zara.net/photos///2023/I/0/1/p/3644/311/506/17/w/448/3644311506_1_1_1.jpg?ts=1692797331911,https://www.zara.com/in/en/fitted-textured-dress-p03644311.html,Women,4.1
492,MIDI DRESS WITH CUT-OUT DETAIL,DRESSES_JUMPSUITS,3290.0,Strappy dress with a straight-cut neckline. Cut-out details at the waist with an elasticated band. Front slit at the hem. Invisible back zip fastening.,https://static.zara.net/photos///2023/I/0/1/p/2298/143/250/17/w/448/2298143250_1_1_1.jpg?ts=1690372813580,https://www.zara.com/in/en/midi-dress-with-cut-out-detail-p02298143.html,Women,4.8
493,LINEN-BLEND CORSETRY-INSPIRED DRESS,DRESSES_JUMPSUITS,3290.0,Midi dress made of a linen blend fabric. Straight-cut neckline and thin straps crossing at the back. Side gathered details and wide elasticated smocking at the back. Slit at the hem. Invisible side zip fastening.,https://static.zara.net/photos///2023/I/0/1/p/8079/793/800/18/w/448/8079793800_1_1_1.jpg?ts=1692777534450,https://www.zara.com/in/en/linen-blend-corsetry-inspired-dress-p08079793.html,Women,4.1
494,SEQUINNED MIDI DRESS WITH CUT-OUT DETAIL,DRESSES_JUMPSUITS,5990.0,Sleeveless dress with a round neckline and padded shoulders. Side openings at the waist. Front slit at the hem. Invisible back zip fastening with buttoned opening.,https://static.zara.net/photos///2023/I/0/1/p/7990/908/526/2/w/448/7990908526_1_1_1.jpg?ts=1691758138656,https://www.zara.com/in/en/sequinned-midi-dress-with-cut-out-detail-p07990908.html,Women,3.7
495,PRINTED MIDI DRESS WITH CUT-OUT DETAIL,DRESSES_JUMPSUITS,3990.0,Dress featuring a slot collar and long sleeves with elastic trims. Elastic waistband with openings. Split hem. Button-up front.,https://static.zara.net/photos///2023/I/0/1/p/9878/174/330/2/w/448/9878174330_1_1_1.jpg?ts=1688568630980,https://www.zara.com/in/en/printed-midi-dress-with-cut-out-detail-p09878174.html,Women,4.8
496,GATHERED SHORT DRESS,DRESSES_JUMPSUITS,2990.0,Sleeveless dress in knit fabric with a round neckline. Draped fabric. Invisible back zip fastening.,https://static.zara.net/photos///2023/I/0/1/p/3067/258/800/2/w/448/3067258800_1_1_1.jpg?ts=1689342447788,https://www.zara.com/in/en/gathered-short-dress-p03067348.html,Women,4.3
497,PLEATED JUMPSUIT WITH KNOTTED WAIST,DRESSES_JUMPSUITS,4990.0,Sleeveless round neck jumpsuit. Front knot detail at the waist and open back. Wide-leg design. Lining. Invisible back zip fastening.,https://static.zara.net/photos///2023/I/0/1/p/7969/229/982/2/w/448/7969229982_1_1_1.jpg?ts=1689940537309,https://www.zara.com/in/en/pleated-jumpsuit-with-knotted-waist-p07969229.html,Women,3.6
498,PLEATED RUFFLED MINI DRESS,DRESSES_JUMPSUITS,4990.0,Dress with a straight neckline and pleated ruffles. Lining. Invisible back zip fastening.,https://static.zara.net/photos///2023/I/0/1/p/3564/165/671/2/w/448/3564165671_2_1_1.jpg?ts=1689090870560,https://www.zara.com/in/en/pleated-ruffled-mini-dress-p03564165.html,Women,4.0
499,FITTED ASYMMETRIC DRAPED DRESS,DRESSES_JUMPSUITS,2590.0,Sleeveless midi dress with an asymmetric neckline. Draped detail on the side.,https://static.zara.net/photos///2023/I/0/1/p/3905/635/505/2/w/448/3905635505_1_1_1.jpg?ts=1690191626729,https://www.zara.com/in/en/fitted-asymmetric-draped-dress-p03905635.html,Women,3.7
500,STRAPLESS JUMPSUIT,DRESSES_JUMPSUITS,5590.0,Jumpsuit with a straight neckline and exposed shoulders. Front box pleat detailing and covered buttons. Invisible side zip fastening.,https://static.zara.net/photos///2023/I/0/1/p/7969/241/800/2/w/448/7969241800_1_1_1.jpg?ts=1692806227393,https://www.zara.com/in/en/strapless-jumpsuit-p07969241.html,Women,3.5
501,TIE-DYE PRINT HALTER SLIP DRESS,DRESSES_JUMPSUITS,5590.0,Satin halter neck dress with thin straps.,https://static.zara.net/photos///2023/I/0/1/p/8479/150/330/2/w/448/8479150330_1_1_1.jpg?ts=1691758355111,https://www.zara.com/in/en/tie-dye-print-halter-slip-dress-p08479150.html,Women,4.5
502,MULTICOLOURED DOTTED MESH PLAYSUIT DRESS,DRESSES_JUMPSUITS,3990.0,Playsuit dress with a plunging V-neckline and long sleeves with elastic trims. Shorts-style lining. Fastens at the back with an invisible zip and tie.,https://static.zara.net/photos///2023/I/0/1/p/0881/335/712/2/w/448/0881335712_1_1_1.jpg?ts=1686234436438,https://www.zara.com/in/en/multicoloured-dotted-mesh-playsuit-dress-p00881335.html,Women,5.0
503,ASYMMETRIC DENIM TRF DRESS,DRESSES_JUMPSUITS,3990.0,Sleeveless midi dress with an asymmetric neckline. Featuring a frayed hem and metal zip fastening on the side.,https://static.zara.net/photos///2023/I/0/1/p/5520/280/406/2/w/448/5520280406_1_1_1.jpg?ts=1685534062130,https://www.zara.com/in/en/asymmetric-denim-trf-dress-p05520280.html,Women,3.5
504,TOPSTITCHED MIDI DRESS,DRESSES_JUMPSUITS,3990.0,Midi dress with a straight-cut neckline and wide straps that cross at the back with contrast topstitching. Side in-seam pockets. Smocked fabric.,https://static.zara.net/photos///2023/I/0/1/p/0881/221/800/2/w/448/0881221800_1_1_1.jpg?ts=1689172925374,https://www.zara.com/in/en/topstitched-midi-dress-p00881221.html,Women,4.4
505,LONG FITTED ASYMMETRIC DRESS,DRESSES_JUMPSUITS,2990.0,Sleeveless long dress with an asymmetric neckline. Opening detail on the shoulder.,https://static.zara.net/photos///2023/I/0/1/p/5584/637/505/2/w/448/5584637505_1_1_1.jpg?ts=1691748080785,https://www.zara.com/in/en/long-fitted-asymmetric-dress-p05584637.html,Women,3.8
506,LINEN BLEND MIDI DRESS WITH CUT-OUT DETAIL,DRESSES_JUMPSUITS,3990.0,Dress made of a linen blend. V-neck with gathering and thin straps that cross at the back. Front cut-out detail at the waist. Front slit at the hem. Invisible back zip fastening.,https://static.zara.net/photos///2023/I/0/1/p/7696/939/800/2/w/448/7696939800_1_1_1.jpg?ts=1685703813466,https://www.zara.com/in/en/linen-blend-midi-dress-with-cut-out-detail-p07696939.html,Women,3.9
507,CONTRAST CROCHET KNIT DRESS,DRESSES_JUMPSUITS,3990.0,Dress with straight neckline and thin straps. Matching crochet fabric detail and tonal embroidery.,https://static.zara.net/photos///2023/I/0/1/p/4331/113/800/17/w/448/4331113800_1_1_1.jpg?ts=1688999503474,https://www.zara.com/in/en/contrast-crochet-knit-dress-p04331113.html,Women,3.8
508,PRINTED TULLE DRESS,DRESSES_JUMPSUITS,3290.0,Short dress featuring a high neck and long sleeves. Draped fabric. Lining. Invisible back zip fastening.,https://static.zara.net/photos///2023/I/0/1/p/3152/237/120/2/w/448/3152237120_1_1_1.jpg?ts=1691668025625,https://www.zara.com/in/en/printed-tulle-dress-p03152237.html,Women,3.7
509,PRINTED CUT-OUT TULLE DRESS,DRESSES_JUMPSUITS,2990.0,Short sleeveless dress with a round neckline. Cut-out detail at the waist and back. Draped fabric. Invisible zip fastening.,https://static.zara.net/photos///2023/I/0/1/p/8340/451/112/2/w/448/8340451112_1_1_1.jpg?ts=1691152510560,https://www.zara.com/in/en/printed-cut-out-tulle-dress-p08340451.html,Women,4.1
510,PRINTED STRAPLESS TULLE DRESS,DRESSES_JUMPSUITS,3290.0,Off-the-shoulder midi dress with a straight-cut neckline. Draped fabric. Invisible side zip fastening.,https://static.zara.net/photos///2023/I/0/1/p/8091/437/716/2/w/448/8091437716_1_1_1.jpg?ts=1689588088855,https://www.zara.com/in/en/printed-strapless-tulle-dress-p08091437.html,Women,3.7
511,LONG FITTED ELASTIC DRESS,DRESSES_JUMPSUITS,2290.0,Long dress with a straight-cut neckline and elasticated thin straps.,https://static.zara.net/photos///2023/I/0/1/p/3641/331/442/2/w/448/3641331442_1_1_1.jpg?ts=1690536805557,https://www.zara.com/in/en/long-fitted-elastic-dress-p03641331.html,Women,4.2
512,LACE-TRIMMED DRESS,DRESSES_JUMPSUITS,3990.0,Satin dress featuring a V-neck with lace and wide straps. Hem with front slit. Invisible side zip fastening.,https://static.zara.net/photos///2023/I/0/1/p/2298/171/800/2/w/448/2298171800_1_1_1.jpg?ts=1691758139455,https://www.zara.com/in/en/lace-trimmed-dress-p02298171.html,Women,4.1
513,LINEN BLEND PRINTED JUMPSUIT,DRESSES_JUMPSUITS,3990.0,Jumpsuit made of a linen blend. Straight neckline and exposed shoulders. Chest tab with metal buttons. Front pockets. Side metal zip fastening.,https://static.zara.net/photos///2023/I/0/1/p/8217/072/050/17/w/448/8217072050_1_1_1.jpg?ts=1690543857524,https://www.zara.com/in/en/linen-blend-printed-jumpsuit-p08217072.html,Women,4.0
514,BEADED HALTER DRESS,DRESSES_JUMPSUITS,5990.0,Short halter dress with adjustable bead appliqués and ties in the same fabric. Exposed shoulders. Open back with elastic. Asymmetric hem. Lining.,https://static.zara.net/photos///2023/I/0/1/p/7521/259/330/2/w/448/7521259330_1_1_1.jpg?ts=1689936421175,https://www.zara.com/in/en/beaded-halter-dress-p07521259.html,Women,3.7
515,RAFFIA JUMPSUIT WITH BELT,DRESSES_JUMPSUITS,4990.0,Sleeveless jumpsuit with a V-neckline. Featuring a wide-leg design and hidden button fastening at the front.,https://static.zara.net/photos///2023/I/0/1/p/7739/522/712/2/w/448/7739522712_1_1_1.jpg?ts=1686063610144,https://www.zara.com/in/en/raffia-jumpsuit-with-belt-p07739522.html,Women,3.8
516,LINEN BLEND MIDI SHIRT DRESS,DRESSES_JUMPSUITS,4990.0,Dress made of a linen blend. Johnny collar and short turn-up sleeves. Belt detail in matching fabric with gold buckle. Front button-up fastening. Front slit at the hem.,https://static.zara.net/photos///2023/I/0/1/p/7944/939/505/2/w/448/7944939505_1_1_1.jpg?ts=1687190138804,https://www.zara.com/in/en/linen-blend-midi-shirt-dress-p07944939.html,Women,4.4
517,ZW DENIM MIDI DRESS,DRESSES_JUMPSUITS,5990.0,"ZW ZARA WOMANDress with a sweetheart neckline and exposed shoulders. Featuring contrast seam details, a back slit at the hem and zip fastening at the back.View more",https://static.zara.net/photos///2023/I/0/1/p/2553/068/407/2/w/448/2553068407_1_1_1.jpg?ts=1691152491865,https://www.zara.com/in/en/zw-denim-midi-dress-p02553068.html,Women,4.3
518,STRAIGHT NECK JUMPSUIT WITH LAYERED DETAIL,DRESSES_JUMPSUITS,4990.0,Straight neck jumpsuit with layer appliqué. Wide-leg design. Invisible back zip fastening.,https://static.zara.net/photos///2023/I/0/1/p/1165/267/630/2/w/448/1165267630_1_1_1.jpg?ts=1685447961565,https://www.zara.com/in/en/straight-neck-jumpsuit-with-layered-detail-p01165267.html,Women,3.7
519,PANELLED PRINTED DRESS,DRESSES_JUMPSUITS,4990.0,Midi dress made of cotton. V-neck and thin straps. Asymmetric panelled hem.,https://static.zara.net/photos///2023/I/0/1/p/7521/257/330/2/w/448/7521257330_1_1_1.jpg?ts=1688997271164,https://www.zara.com/in/en/panelled-printed-dress-p07521257.html,Women,4.1
520,LINEN BLEND HALTER NECK MIDI DRESS,DRESSES_JUMPSUITS,4990.0,Dress made of a linen blend. Crossover halter neck with knot at the back. Open back. Flared hem. Invisible back zip fastening.,https://static.zara.net/photos///2023/I/0/1/p/7890/939/707/2/w/448/7890939707_1_1_1.jpg?ts=1685358956541,https://www.zara.com/in/en/linen-blend-halter-neck-midi-dress-p07890939.html,Women,4.4
521,POPLIN SHIRT DRESS,DRESSES_JUMPSUITS,4990.0,Midi dress featuring a Johnny collar and turn-up short sleeves with buttoned tabs. Matching belt detail with buckle. Flared hem. Fastens at the front with gold-toned buttons.,https://static.zara.net/photos///2023/I/0/1/p/2157/224/800/2/w/448/2157224800_1_1_1.jpg?ts=1691577076312,https://www.zara.com/in/en/poplin-shirt-dress-p02157224.html,Women,3.3
522,CREASED-EFFECT HALTER NECK MIDI DRESS,DRESSES_JUMPSUITS,4990.0,Dress featuring a halter neck. Buttoned opening at the back.,https://static.zara.net/photos///2023/I/0/1/p/8095/757/506/2/w/448/8095757506_1_1_1.jpg?ts=1689005387695,https://www.zara.com/in/en/creased-effect-halter-neck-midi-dress-p08095757.html,Women,4.3
523,CROCHET ASYMMETRIC DRESS,DRESSES_JUMPSUITS,4990.0,"Sleeveless crochet midi dress featuring a round neck, matching fabric lining and asymmetric hem.",https://static.zara.net/photos///2023/I/0/1/p/2712/484/738/2/w/448/2712484738_1_1_1.jpg?ts=1691748079264,https://www.zara.com/in/en/crochet-asymmetric-dress-p02712484.html,Women,3.8
524,WAXED SHORT DRESS,DRESSES_JUMPSUITS,4990.0,Dress made of waxed fabric. Round neckline and straps. Front patch pocket and false rear welt pocket. Double belt with metal buckles. Invisible side zip fastening.,https://static.zara.net/photos///2023/I/0/1/p/4341/228/716/2/w/448/4341228716_1_1_1.jpg?ts=1690987135047,https://www.zara.com/in/en/waxed-short-dress-p04341228.html,Women,4.4
525,STRAPLESS DRESS,DRESSES_JUMPSUITS,2990.0,Off-the-shoulder short dress with a straight-cut neckline. Strap details with metallic clips and openings at the back. Matching lining. Invisible back zip fastening.,https://static.zara.net/photos///2023/I/0/1/p/3152/227/800/2/w/448/3152227800_1_1_1.jpg?ts=1691075813381,https://www.zara.com/in/en/strapless-dress-p03152227.html,Women,3.8
526,DRAPED MIDI DRESS,DRESSES_JUMPSUITS,3290.0,Midi dress with a cowl neckline and wide straps. Side gathered detail. Hem with back slit. Invisible side zip fastening.,https://static.zara.net/photos///2023/I/0/1/p/3067/278/800/2/w/448/3067278800_1_1_1.jpg?ts=1692193282847,https://www.zara.com/in/en/draped-midi-dress-p03067278.html,Women,3.3
527,PRINTED DRESS WITH BELT,DRESSES_JUMPSUITS,3290.0,Short slot collar dress with a tasselled drawstring. Long sleeves with elasticated trim. Elasticated waist and belt in the same fabric. Button-up front.,https://static.zara.net/photos///2023/I/0/1/p/9878/214/044/2/w/448/9878214044_1_1_1.jpg?ts=1683880397735,https://www.zara.com/in/en/printed-dress-with-belt-p09878214.html,Women,3.4
528,FITTED ASYMMETRIC DRAPED ORGANZA DRESS,DRESSES_JUMPSUITS,2590.0,Short sleeveless organza dress with an asymmetric neckline and long sleeves. Draped detail on the side.,https://static.zara.net/photos///2023/I/0/1/p/2712/837/903/2/w/448/2712837903_1_1_1.jpg?ts=1689861329095,https://www.zara.com/in/en/fitted-asymmetric-draped-organza-dress-p02712837.html,Women,4.1
529,JUMPSUIT WITH PLEATED TROUSERS AND BELT,DRESSES_JUMPSUITS,5590.0,"Jumpsuit with a cowl neckline, short sleeves and pleated shoulders. Elastic waistband. Wide and pleated leg. Matching belt. Buttoned opening at the back.",https://static.zara.net/photos///2023/I/0/1/p/4387/261/942/2/w/448/4387261942_1_1_1.jpg?ts=1691591178770,https://www.zara.com/in/en/jumpsuit-with-pleated-trousers-and-belt-p04387261.html,Women,4.2
530,METALLIC MINI DRESS WITH RHINESTONE STRAPS,DRESSES_JUMPSUITS,3290.0,Dress featuring a cowl neckline and thin straps with rhinestones.,https://static.zara.net/photos///2023/I/0/1/p/1165/152/302/2/w/448/1165152302_1_1_1.jpg?ts=1692183074739,https://www.zara.com/in/en/metallic-mini-dress-with-rhinestone-straps-p01165152.html,Women,3.7
531,SHORT DRESS WITH CUTWORK EMBROIDERY,DRESSES_JUMPSUITS,3290.0,Dress featuring a V-neckline and short puff sleeves. Matching cutwork embroidery. Lining.,https://static.zara.net/photos///2023/I/0/1/p/0881/232/250/2/w/448/0881232250_1_1_1.jpg?ts=1687878782595,https://www.zara.com/in/en/short-dress-with-cutwork-embroidery-p00881232.html,Women,4.4
532,BELTED CARGO JUMPSUIT,DRESSES_JUMPSUITS,5590.0,Jumpsuit with a straight neckline and false front flaps. Front pockets and side patch pockets. Wide-leg design. Belt with elastic at the back. Invisible back zip fastening.,https://static.zara.net/photos///2023/I/0/1/p/8272/934/800/2/w/448/8272934800_1_1_1.jpg?ts=1690793023070,https://www.zara.com/in/en/belted-cargo-jumpsuit-p08272934.html,Women,3.4
533,SATIN SLIP DRESS,DRESSES_JUMPSUITS,3990.0,Midi dress featuring a cowl neckline and double thin straps that cross at the back.,https://static.zara.net/photos///2023/I/0/1/p/9878/168/515/2/w/448/9878168515_1_1_1.jpg?ts=1690454107093,https://www.zara.com/in/en/satin-slip-dress-p09878168.html,Women,4.1
534,SATIN CAMISOLE DRESS,DRESSES_JUMPSUITS,3990.0,Midi dress with a draped neckline and thin straps. Open back. Invisible zip fastening.,https://static.zara.net/photos///2023/I/0/1/p/8496/361/307/2/w/448/8496361307_1_1_1.jpg?ts=1692362504777,https://www.zara.com/in/en/satin-camisole-dress-p08496361.html,Women,3.6
535,PRINTED BEADED MINI DRESS,DRESSES_JUMPSUITS,3290.0,V-neck dress with bead appliqués and thin straps. Elastic trim at the back.,https://static.zara.net/photos///2023/I/0/1/p/7200/226/067/2/w/449/7200226067_1_1_1.jpg?ts=1684402927316,https://www.zara.com/in/en/printed-beaded-mini-dress-p07200226.html,Women,3.8
536,STRAPPY KNIT DRESS,DRESSES_JUMPSUITS,3290.0,V-neck dress with thin straps.,https://static.zara.net/photos///2023/I/0/1/p/3500/002/330/2/w/448/3500002330_1_1_1.jpg?ts=1688568110888,https://www.zara.com/in/en/strappy-knit-dress-p03500002.html,Women,4.1
537,CONTRASTING SHORT DRESS,DRESSES_JUMPSUITS,3290.0,Short dress with a straight neckline and contrast poplin detail. Adjustable thin straps. Contrast lining. Invisible back zip fastening.,https://static.zara.net/photos///2023/I/0/1/p/3152/349/746/2/w/448/3152349746_1_1_1.jpg?ts=1685534061486,https://www.zara.com/in/en/contrasting-short-dress-p03152349.html,Women,3.7
538,CONTRAST CHENILLE DRESS,DRESSES_JUMPSUITS,3290.0,"Sleeveless midi dress with a round neckline. Featuring cutwork fabric, contrast scalloped trims and an open back.",https://static.zara.net/photos///2023/I/0/1/p/7901/875/064/22/w/448/7901875064_1_1_1.jpg?ts=1690541677236,https://www.zara.com/in/en/contrast-chenille-dress-p07901875.html,Women,3.9
539,POLKA DOT SATIN CORSETRY-INSPIRED DRESS,DRESSES_JUMPSUITS,3290.0,Midi dress with a gathered V-neckline and thin straps. Back cut-out detail and gathered sides. Front slit at the hem. Invisible back zip fastening.,https://static.zara.net/photos///2023/I/0/1/p/7613/317/084/12/w/448/7613317084_1_1_1.jpg?ts=1689680123902,https://www.zara.com/in/en/polka-dot-satin-corsetry-inspired-dress-p07613317.html,Women,4.6
540,LONG SHINY DRESS,DRESSES_JUMPSUITS,3290.0,V-neck dress with thin straps. Metallic thread detail.,https://static.zara.net/photos///2023/I/0/1/p/2298/453/605/2/w/448/2298453605_1_1_1.jpg?ts=1688392508008,https://www.zara.com/in/en/long-shiny-dress-p02298453.html,Women,3.8
541,FITTED STRAPLESS LACE DRESS,DRESSES_JUMPSUITS,3290.0,Off-the-shoulder midi dress with a straight neckline. Matching lining.,https://static.zara.net/photos///2023/I/0/1/p/1198/323/800/2/w/448/1198323800_1_1_1.jpg?ts=1691058935142,https://www.zara.com/in/en/fitted-strapless-lace-dress-p01198323.html,Women,4.5
542,PRINTED OPEN-BACK TULLE DRESS,DRESSES_JUMPSUITS,2990.0,Sleeveless midi dress with a round neckline. Draped fabric. Open back with crossed straps.,https://static.zara.net/photos///2023/I/0/1/p/5039/208/119/2/w/448/5039208119_1_1_1.jpg?ts=1688632732391,https://www.zara.com/in/en/printed-open-back-tulle-dress-p05039208.html,Women,3.6
543,TROPICAL PRINT CORSETRY-INSPIRED DRESS,DRESSES_JUMPSUITS,3290.0,Dress made of a linen blend. V-neckline and thin straps. Gathered detail on the front and slit at the hem. Smocking on the back. Invisible side zip fastening.,https://static.zara.net/photos///2023/I/0/1/p/8065/795/330/2/w/448/8065795330_6_1_1.jpg?ts=1687848263056,https://www.zara.com/in/en/tropical-print-corsetry-inspired-dress-p08065795.html,Women,4.3
544,BELTED SATIN SHIRT DRESS,DRESSES_JUMPSUITS,3290.0,Short dress featuring a Johnny collar and turn-up long sleeves with buttoned tabs. Belt detail in the same fabric with front chain links and tied detail at the back. Button-up front.,https://static.zara.net/photos///2023/I/0/1/p/7729/581/504/2/w/448/7729581504_1_1_1.jpg?ts=1685446743922,https://www.zara.com/in/en/belted-satin-shirt-dress-p07729581.html,Women,4.7
545,SHORT PRINTED DRESS,DRESSES_JUMPSUITS,3290.0,Slot collar dress with long sleeves with elasticated trim. Front pintuck detail. Button-up front.,https://static.zara.net/photos///2023/I/0/1/p/9878/163/046/2/w/448/9878163046_1_1_1.jpg?ts=1683881201884,https://www.zara.com/in/en/short-printed-dress-p09878163.html,Women,3.0
546,FLORAL PRINT SHORT JUMPSUIT,DRESSES_JUMPSUITS,3290.0,Playsuit with a surplice neckline and long sleeves. Elasticated waist. Lining. Fastening with buttoned opening at the back.,https://static.zara.net/photos///2023/I/0/1/p/9878/173/330/2/w/448/9878173330_1_1_1.jpg?ts=1688375858496,https://www.zara.com/in/en/floral-print-short-jumpsuit-p09878173.html,Women,3.7
547,FITTED ASYMMETRIC ORGANZA DRESS WITH GATHERING,DRESSES_JUMPSUITS,3290.0,"Midi dress featuring a straight neckline, long sleeves with exposed shoulders, gathered fabric detail and matching lining.",https://static.zara.net/photos///2023/I/0/1/p/2712/845/400/2/w/448/2712845400_1_1_1.jpg?ts=1692258405355,https://www.zara.com/in/en/fitted-asymmetric-organza-dress-with-gathering-p02712845.html,Women,4.4
548,FITTED V-NECK MIDI DRESS,DRESSES_JUMPSUITS,2590.0,V-neck midi dress with short sleeves. Back slit at the hem.,https://static.zara.net/photos///2023/I/0/1/p/2712/466/527/2/w/448/2712466527_1_1_1.jpg?ts=1690532849660,https://www.zara.com/in/en/fitted-v-neck-midi-dress-p02712466.html,Women,4.0
549,FITTED RIBBED DRESS WITH CUT-OUT DETAIL,DRESSES_JUMPSUITS,2290.0,Fitted sleeveless dress with a V-neckline. Cut-out detail at the waist.,https://static.zara.net/photos///2023/I/0/1/p/0858/801/800/2/w/448/0858801800_1_1_1.jpg?ts=1689328776780,https://www.zara.com/in/en/fitted-ribbed-dress-with-cut-out-detail-p00858801.html,Women,4.3
550,FITTED DRAPED FLOWING DRESS,DRESSES_JUMPSUITS,2290.0,Short sleeve flowing dress with a draped neckline. Pleated details on the sides.,https://static.zara.net/photos///2023/I/0/1/p/1165/462/800/2/w/448/1165462800_1_1_1.jpg?ts=1692274456002,https://www.zara.com/in/en/fitted-draped-flowing-dress-p01165462.html,Women,3.8
551,SATIN MIDI DRESS,DRESSES_JUMPSUITS,4990.0,Midi dress made of a viscose blend. Cowl neckline and adjustable thin straps. Pleated detail on the sides. Asymmetric hem. Invisible side zip fastening.,https://static.zara.net/photos///2023/I/0/1/p/7775/588/404/2/w/448/7775588404_1_1_1.jpg?ts=1685693893697,https://www.zara.com/in/en/satin-midi-dress-p07775588.html,Women,4.1
552,TECHNICAL JUMPSUIT,DRESSES_JUMPSUITS,4990.0,Sleeveless jumpsuit with an adjustable hood with stoppers. Rear patch pockets. Waist with adjustable stoppers. Front fastening with a metal zip. Slits and metal zip at the hems.,https://static.zara.net/photos///2023/I/0/1/p/5520/283/711/2/w/448/5520283711_1_1_1.jpg?ts=1689692177131,https://www.zara.com/in/en/technical-jumpsuit-p05520283.html,Women,4.0
553,FLORAL PRINT MIDI DRESS,DRESSES_JUMPSUITS,4990.0,Johnny collar dress featuring short turn-up sleeves with buttoned tabs. Elasticated waistband with a matching fabric belt. Front patch pockets. Buttoned front.,https://static.zara.net/photos///2023/I/0/1/p/3401/243/044/17/w/448/3401243044_1_1_1.jpg?ts=1687345021496,https://www.zara.com/in/en/floral-print-midi-dress-p03401243.html,Women,4.6
554,FRILLED MIDI DRESS,DRESSES_JUMPSUITS,4990.0,Midi dress with a sweetheart neckline and wide straps. Asymmetric hem with a frayed finish. Invisible zip fastening.,https://static.zara.net/photos///2023/I/0/1/p/7992/187/800/12/w/448/7992187800_1_1_1.jpg?ts=1692791792655,https://www.zara.com/in/en/frilled-midi-dress-p07992187.html,Women,4.2
555,BELTED STRIPED SHIRT DRESS,DRESSES_JUMPSUITS,4990.0,"Midi dress featuring a Johnny collar, short turn-up sleeves, front button fastening and a belt.",https://static.zara.net/photos///2023/I/0/1/p/7921/751/829/2/w/448/7921751829_1_1_1.jpg?ts=1690386809275,https://www.zara.com/in/en/belted-striped-shirt-dress-p07921751.html,Women,4.3
556,DENIM PLAYSUIT,DRESSES_JUMPSUITS,4990.0,Playsuit featuring a lapel collar and long sleeves with cuffs. Patch pockets on the front and back. Frayed hem. Front metal button and zip fastening.,https://static.zara.net/photos///2023/I/0/1/p/8197/189/400/2/w/448/8197189400_1_1_1.jpg?ts=1685096067253,https://www.zara.com/in/en/denim-playsuit-p08197189.html,Women,3.9
557,TULLE DRESS WITH CAPE SLEEVES,DRESSES_JUMPSUITS,2990.0,Semi-sheer midi dress featuring a round neck and loose-fitting short sleeves. Buttoned opening at the back. This garment is not lined.,https://static.zara.net/photos///2023/I/0/1/p/0085/468/800/2/w/448/0085468800_1_1_1.jpg?ts=1689599720220,https://www.zara.com/in/en/tulle-dress-with-cape-sleeves-p00085468.html,Women,3.9
558,MIDI DRESS,DRESSES_JUMPSUITS,2990.0,Midi dress with a straight-cut neckline and thin straps. Contrast fabric appliqué detail. Front and side patch pockets with flaps. Elasticated waistband with adjustable drawstrings. Front vent at the hem.,https://static.zara.net/photos///2023/I/0/1/p/4174/802/668/2/w/448/4174802668_1_1_1.jpg?ts=1689862176628,https://www.zara.com/in/en/midi-dress-p04174802.html,Women,3.9
559,KNIT CROCHET DRESS,DRESSES_JUMPSUITS,5990.0,Short sleeveless dress with a round neckline.,https://static.zara.net/photos///2023/I/0/1/p/0021/039/330/2/w/448/0021039330_1_1_1.jpg?ts=1688996666757,https://www.zara.com/in/en/knit-crochet-dress-p00021039.html,Women,4.3
560,PRINTED MIDI DRESS,DRESSES_JUMPSUITS,5990.0,Midi dress with a straight neckline and wide straps. Tied belt in the same fabric with visible topstitching. Button-up front.,https://static.zara.net/photos///2023/I/0/1/p/7698/026/330/2/w/448/7698026330_1_1_1.jpg?ts=1686126004340,https://www.zara.com/in/en/printed-midi-dress-p07698026.html,Women,3.9
561,LINEN BLEND CARGO DRESS,DRESSES_JUMPSUITS,3990.0,Short collared dress made of a linen blend. Short turn-up sleeves with buttoned tabs. Front patch pockets with buttoned flaps. Elasticated waist at the back and belt in the same fabric. Front zip fastening.,https://static.zara.net/photos///2023/I/0/1/p/8037/939/052/3/w/448/8037939052_1_1_1.jpg?ts=1687434571716,https://www.zara.com/in/en/linen-blend-cargo-dress-p08037939.html,Women,4.2
562,CHIFFON DRESS WITH TOPSTITCHING,DRESSES_JUMPSUITS,3990.0,Midi dress with a V-neck and double straps. Elasticated smocked fabric at the back. Multicoloured topstitching detail. Matching lining.,https://static.zara.net/photos///2023/I/0/1/p/0881/324/250/17/w/448/0881324250_1_1_1.jpg?ts=1691591147130,https://www.zara.com/in/en/chiffon-dress-with-topstitching-p00881324.html,Women,5.0
563,STRAPLESS SHORT DRESS,DRESSES_JUMPSUITS,2990.0,Dress made of knit fabric with a straight neckline and exposed shoulders. Draped fabric. Invisible back zip fastening. Matching lining.,https://static.zara.net/photos///2023/I/0/1/p/3180/332/800/12/w/448/3180332800_1_1_1.jpg?ts=1692363936965,https://www.zara.com/in/en/strapless-short-dress-p03180332.html,Women,4.5
564,WRINKLED-EFFECT ASYMMETRIC JUMPSUIT,DRESSES_JUMPSUITS,3990.0,Sleeveless jumpsuit with an asymmetric neckline and ruffled armhole. Elastic waist. Wide-leg design. Invisible side zip fastening.,https://static.zara.net/photos///2023/I/0/1/p/3897/157/401/2/w/448/3897157401_1_1_1.jpg?ts=1690454101692,https://www.zara.com/in/en/wrinkled-effect-asymmetric-jumpsuit-p03897157.html,Women,4.0
565,SATIN HALTER DRESS,DRESSES_JUMPSUITS,3990.0,Midi dress featuring a halter neck with a tied detail at the back. Creased effect.,https://static.zara.net/photos///2023/I/0/1/p/9878/169/409/2/w/448/9878169409_1_1_1.jpg?ts=1690454107526,https://www.zara.com/in/en/satin-halter-dress-p09878169.html,Women,4.6
566,SATIN JUMPSUIT WITH WRINKLED EFFECT,DRESSES_JUMPSUITS,3990.0,Halterneck jumpsuit. Elastic waistband and matching thin belt. Straight leg. Button fastening at the back.,https://static.zara.net/photos///2023/I/0/1/p/3897/153/420/2/w/448/3897153420_1_1_1.jpg?ts=1687446565483,https://www.zara.com/in/en/satin-jumpsuit-with-wrinkled-effect-p03897153.html,Women,3.9
567,PRINTED MINI DRESS,DRESSES_JUMPSUITS,3990.0,Satiny dress featuring a surplice neckline and short sleeves. Elasticated waist with side drawstrings. Ruffled hem.,https://static.zara.net/photos///2023/I/0/1/p/7929/536/330/2/w/448/7929536330_1_1_1.jpg?ts=1688733477124,https://www.zara.com/in/en/printed-mini-dress-p07929536.html,Women,3.2
568,MIDI DRESS WITH ZIPS,DRESSES_JUMPSUITS,3990.0,Fitted sleeveless midi dress made of knit fabric. Featuring a high neck and metal zip fastening at the front.,https://static.zara.net/photos///2023/I/0/1/p/3152/257/800/2/w/448/3152257800_1_1_1.jpg?ts=1691507319064,https://www.zara.com/in/en/midi-dress-with-zips-p03152257.html,Women,3.6
569,FITTED ASYMMETRIC MIDI DRESS,DRESSES_JUMPSUITS,2590.0,Midi dress with an asymmetric neck and short sleeves.,https://static.zara.net/photos///2023/I/0/1/p/2712/621/800/2/w/448/2712621800_1_1_1.jpg?ts=1692274456371,https://www.zara.com/in/en/fitted-asymmetric-midi-dress-p02712621.html,Women,3.3
570,KNIT DRESS WITH COMBINED EMBROIDERY,DRESSES_JUMPSUITS,3290.0,Dress with a straight neckline with front slit. Contrast fabric detail with cutwork embroidery.,https://static.zara.net/photos///2023/I/0/1/p/4331/114/712/2/w/448/4331114712_1_1_1.jpg?ts=1687942738995,https://www.zara.com/in/en/knit-dress-with-combined-embroidery-p04331114.html,Women,3.9
571,PRINTED MINI DRESS,DRESSES_JUMPSUITS,3290.0,Dress featuring a slot collar and long sleeves with elasticated trims. Lace trim appliqué detail. Ruffled hem. Button-up front.,https://static.zara.net/photos///2023/I/0/1/p/9878/211/069/2/w/448/9878211069_1_1_1.jpg?ts=1684497826123,https://www.zara.com/in/en/printed-mini-dress-p09878211.html,Women,4.1
572,SHORT DRESS WITH ZIPS,DRESSES_JUMPSUITS,3290.0,Short fitted dress made of knit fabric. V-neck and straps. Metal zip details. Invisible back zip fastening.,https://static.zara.net/photos///2023/I/0/1/p/3152/247/800/2/w/448/3152247800_1_1_1.jpg?ts=1691507320116,https://www.zara.com/in/en/short-dress-with-zips-p03152247.html,Women,4.9
573,SHORT LINEN BLEND DRESS WITH EMBROIDERY,DRESSES_JUMPSUITS,3290.0,Short dress made of a linen blend. V-neck and thin straps. Matching floral embroidery detail. Matching lining. Invisible side zip fastening and button fastening at the back.,https://static.zara.net/photos///2023/I/0/1/p/0881/304/800/12/w/448/0881304800_1_1_1.jpg?ts=1687345998612,https://www.zara.com/in/en/short-linen-blend-dress-with-embroidery-p00881304.html,Women,4.2
574,PLAYSUIT WITH POCKETS,DRESSES_JUMPSUITS,3290.0,"Short sleeve collared playsuit. Patch pockets on the chest, sides and back. Waistband with elasticated detail at the back. Zip fly and metal button fastening.",https://static.zara.net/photos///2023/I/0/1/p/5520/212/250/2/w/448/5520212250_1_1_1.jpg?ts=1688732544283,https://www.zara.com/in/en/playsuit-with-pockets-p05520212.html,Women,4.0
575,CORSETRY-INSPIRED MIDI DRESS,DRESSES_JUMPSUITS,3290.0,V-neck dress with gathering and thin straps. Gathered sides and back vent. Front slit at the hem. Invisible back zip fastening.,https://static.zara.net/photos///2023/I/0/1/p/7613/955/800/3/w/448/7613955800_1_1_1.jpg?ts=1684941748532,https://www.zara.com/in/en/corsetry-inspired-midi-dress-p07613955.html,Women,4.5
576,PRINTED MINI DRESS,DRESSES_JUMPSUITS,3290.0,"Dress featuring a ruffled round neckline, a V-neck, short sleeves, a wide elasticated waist, a ruffled hem and front button fastening.",https://static.zara.net/photos///2023/I/0/1/p/7484/168/330/2/w/448/7484168330_1_1_1.jpg?ts=1691075774542,https://www.zara.com/in/en/printed-mini-dress-p07484168.html,Women,3.1
577,SHORT PRINTED DRESS,DRESSES_JUMPSUITS,3290.0,Short dress with a plunging V-neckline and tie detail. Wide sleeves falling below the elbow. Contrast bead details. Invisible back zip fastening.,https://static.zara.net/photos///2023/I/0/1/p/7521/340/630/2/w/448/7521340630_1_1_1.jpg?ts=1686739418220,https://www.zara.com/in/en/short-printed-dress-p07521340.html,Women,4.2
578,TRF DENIM DRESS,DRESSES_JUMPSUITS,3290.0,Collared dress made of flowing denim fabric. Long sleeves with cuffs. Asymmetric hem with side slits. Button-up front.,https://static.zara.net/photos///2023/I/0/1/p/5520/270/406/2/w/448/5520270406_1_1_1.jpg?ts=1689176620757,https://www.zara.com/in/en/trf-denim-dress-p05520270.html,Women,4.4
579,SHORT PRINTED DRESS,DRESSES_JUMPSUITS,3290.0,Dress featuring a slot collar and long sleeves with elastic trims. Elastic waistband with woven belt. False matching covered buttons.,https://static.zara.net/photos///2023/I/0/1/p/9878/190/046/2/w/448/9878190046_1_1_1.jpg?ts=1689328169834,https://www.zara.com/in/en/short-printed-dress-p09878190.html,Women,3.4
580,SHORT FITTED STRETCH KNIT DRESS,DRESSES_JUMPSUITS,1990.0,Short dress with a square neckline and wide straps.,https://static.zara.net/photos///2023/I/0/1/p/5584/627/982/2/w/448/5584627982_6_1_1.jpg?ts=1688627334539,https://www.zara.com/in/en/short-fitted-stretch-knit-dress-p05584627.html,Women,4.6
581,SHIRT DRESS WITH BELT,DRESSES_JUMPSUITS,5590.0,Johnny collar dress featuring short sleeves with turn-up trims and buttoned tabs. Front button fastening and a matching belt with buckle.,https://static.zara.net/photos///2023/I/0/1/p/3471/522/251/18/w/448/3471522251_1_1_1.jpg?ts=1687347345829,https://www.zara.com/in/en/shirt-dress-with-belt-p03471522.html,Women,4.3
582,FADED COTTON DRESS,DRESSES_JUMPSUITS,2590.0,Midi dress made of cotton. Round neckline and wide straps. Faded effect.,https://static.zara.net/photos///2023/I/0/1/p/4174/457/822/2/w/448/4174457822_2_1_1.jpg?ts=1688546873662,https://www.zara.com/in/en/faded-cotton-dress-p04174457.html,Women,3.9
583,FITTED DRAPED DRESS WITH SWEETHEART NECKLINE,DRESSES_JUMPSUITS,2590.0,Midi dress with a sweetheart neckline and exposed shoulders. Draped fabric detail.,https://static.zara.net/photos///2023/I/0/1/p/3905/627/629/2/w/448/3905627629_1_1_1.jpg?ts=1690191632184,https://www.zara.com/in/en/fitted-draped-dress-with-sweetheart-neckline-p03905627.html,Women,4.4
584,FITTED MIDI DRESS WITH PADDED SHOULDERS,DRESSES_JUMPSUITS,2290.0,Sleeveless midi dress with a round neckline and padded shoulders. Open back and draped side detail.,https://static.zara.net/photos///2023/I/0/1/p/7901/455/800/12/w/448/7901455800_1_1_1.jpg?ts=1692202843587,https://www.zara.com/in/en/fitted-midi-dress-with-padded-shoulders-p07901455.html,Women,5.0
585,FITTED KNIT DRESS WITH OPEN BACK,DRESSES_JUMPSUITS,2290.0,"Short dress with a round neckline, short sleeves and an open-back detail.",https://static.zara.net/photos///2023/I/0/1/p/5584/634/670/2/w/448/5584634670_1_1_1.jpg?ts=1691415764594,https://www.zara.com/in/en/fitted-knit-dress-with-open-back-p05584634.html,Women,4.2
586,DENIM TRF PLAYSUIT,DRESSES_JUMPSUITS,4990.0,Sleeveless denim playsuit with a lapel collar. Patch pockets on the chest and back. Front pockets. Frayed hems. Front zip fly and metal button fastening.,https://static.zara.net/photos///2023/I/0/1/p/8197/187/400/2/w/448/8197187400_1_1_1.jpg?ts=1689924973614,https://www.zara.com/in/en/denim-trf-playsuit-p08197187.html,Women,4.2
587,FULL LENGTH COMBINED JUMPSUIT,DRESSES_JUMPSUITS,4990.0,Jumpsuit with a straight neckline and thin straps. Contrast fabric on the chest. Invisible side zip fastening.,https://static.zara.net/photos///2023/I/0/1/p/8342/234/705/2/w/448/8342234705_1_1_1.jpg?ts=1690987134116,https://www.zara.com/in/en/full-length-combined-jumpsuit-p08342234.html,Women,3.9
588,CONTRAST CROCHET DRESS,DRESSES_JUMPSUITS,4990.0,Long dress with a V-neck and thin straps. Contrast crochet fabric. Lining. Invisible side zip fastening.,https://static.zara.net/photos///2023/I/0/1/p/5107/056/251/2/w/448/5107056251_1_1_1.jpg?ts=1684234003686,https://www.zara.com/in/en/contrast-crochet-dress-p05107056.html,Women,3.7
589,FITTED STRAPLESS DRESS WITH SEQUINS,DRESSES_JUMPSUITS,4990.0,Midi dress with a straight-cut neckline and exposed shoulders. Sequin appliqués. Matching interior lining. Invisible side zip fastening.,https://static.zara.net/photos///2023/I/0/1/p/2712/807/712/2/w/448/2712807712_1_1_1.jpg?ts=1689676926518,https://www.zara.com/in/en/fitted-strapless-dress-with-sequins-p02712807.html,Women,4.5
590,BELTED WIDE-LEG JUMPSUIT,DRESSES_JUMPSUITS,4990.0,Sleeveless jumpsuit with a slot collar. Wide-leg design. Contrast belt detail. Front button fastening hidden by a placket.,https://static.zara.net/photos///2023/I/0/1/p/8314/522/712/2/w/448/8314522712_1_1_1.jpg?ts=1691593336763,https://www.zara.com/in/en/belted-wide-leg-jumpsuit-p08314522.html,Women,3.7
591,LINEN MIDI DRESS WITH BELT,DRESSES_JUMPSUITS,4990.0,Sleeveless dress made of 100% linen. V-neck with ruffles. Button-up front and contrast braided belt.,https://static.zara.net/photos///2023/I/0/1/p/8456/352/800/2/w/448/8456352800_1_1_1.jpg?ts=1690974864724,https://www.zara.com/in/en/linen-midi-dress-with-belt-p08456352.html,Women,4.1
592,SATIN MINI DRESS WITH CAPE,DRESSES_JUMPSUITS,3990.0,Round neck dress with cape sleeves. Back fastening with invisible zip and buttoned opening.,https://static.zara.net/photos///2023/I/0/1/p/7969/845/446/2/w/448/7969845446_1_1_1.jpg?ts=1687446566271,https://www.zara.com/in/en/satin-mini-dress-with-cape-p07969845.html,Women,3.9
593,PRINTED LINEN BLEND SHIRT DRESS,DRESSES_JUMPSUITS,3990.0,Short dress made of a linen blend fabric. Round collar with a V-neckline and short sleeves. Button-up front and belt in the same fabric.,https://static.zara.net/photos///2023/I/0/1/p/8091/481/044/2/w/448/8091481044_1_1_1.jpg?ts=1688375856961,https://www.zara.com/in/en/printed-linen-blend-shirt-dress-p08091481.html,Women,4.3
594,SATIN MIDI DRESS,DRESSES_JUMPSUITS,4990.0,Midi dress made of 100% viscose. Flowing neckline with a wide strap and adjustable thin strap.,https://static.zara.net/photos///2023/I/0/1/p/4786/340/600/12/w/448/4786340600_1_1_1.jpg?ts=1692791792734,https://www.zara.com/in/en/satin-midi-dress-p04786340.html,Women,4.3
595,METALLIC HALTER DRESS,DRESSES_JUMPSUITS,3990.0,Halterneck midi dress with a plunging V-neckline. Metallic-effect fabric. Back slit at the hem. Contrast lining. Button fastening at the neck and invisible zip at the back.,https://static.zara.net/photos///2023/I/0/1/p/3152/291/312/2/w/448/3152291312_1_1_1.jpg?ts=1691591952663,https://www.zara.com/in/en/metallic-halter-dress-p03152291.html,Women,4.6
596,PRINTED LINEN BLEND MIDI DRESS,DRESSES_JUMPSUITS,3990.0,"Dress made of a linen blend fabric. Straight, elasticated neckline and wide straps. Front slit at the hem. In-seam side zip fastening.",https://static.zara.net/photos///2023/I/0/1/p/7887/618/946/3/w/448/7887618946_1_1_1.jpg?ts=1687434572623,https://www.zara.com/in/en/printed-linen-blend-midi-dress-p07887618.html,Women,3.9
597,WIDE-LEG TECHNICAL FABRIC JUMPSUIT,DRESSES_JUMPSUITS,4990.0,Strapless jumpsuit with a wide-leg design. Side patch pockets with flaps. Invisible side zip fastening and a matching fabric belt with elastic at the back.,https://static.zara.net/photos///2023/I/0/1/p/8237/938/506/2/w/448/8237938506_1_1_1.jpg?ts=1690974865038,https://www.zara.com/in/en/wide-leg-technical-fabric-jumpsuit-p08237938.html,Women,4.0
598,STRAPLESS PRINTED DRESS,DRESSES_JUMPSUITS,3990.0,Strapless midi dress made of a linen blend fabric. Exposed shoulders. Wide elastic smocked detail at the back. Front slit at the hem. Invisible side zip fastening.,https://static.zara.net/photos///2023/I/0/1/p/2587/156/069/2/w/448/2587156069_1_1_1.jpg?ts=1684402930485,https://www.zara.com/in/en/strapless-printed-dress-p02587156.html,Women,3.7
599,COLOURFUL CROCHET DRESS,DRESSES_JUMPSUITS,3290.0,Short sleeveless crochet dress with a round neck.This garment is not lined.,https://static.zara.net/photos///2023/I/0/1/p/7901/840/330/2/w/448/7901840330_1_1_1.jpg?ts=1689170515714,https://www.zara.com/in/en/colourful-crochet-dress-p07901840.html,Women,3.9
600,Z1975 STRAPLESS DENIM MINI DRESS,DRESSES_JUMPSUITS,3290.0,Dress with a straight-cut neckline. Faded effect. Back zip fastening.,https://static.zara.net/photos///2023/I/0/1/p/6164/107/406/2/w/448/6164107406_1_1_1.jpg?ts=1686564087066,https://www.zara.com/in/en/z1975-strapless-denim-mini-dress-p06164107.html,Women,4.3
601,PRINTED TULLE ASYMMETRIC DRESS,DRESSES_JUMPSUITS,3290.0,Short dress with an asymmetric neckline. Draped fabric. Lining. Invisible zip fastening.,https://static.zara.net/photos///2023/I/0/1/p/7930/432/120/2/w/448/7930432120_1_1_1.jpg?ts=1688628474933,https://www.zara.com/in/en/printed-tulle-asymmetric-dress-p07930432.html,Women,4.4
602,STRAPLESS STRIPED DRESS,DRESSES_JUMPSUITS,3290.0,Off-the-shoulder short dress with a straight-cut neckline. Box pleat hem with shorts-style lining. Invisible side zip fastening.,https://static.zara.net/photos///2023/I/0/1/p/8018/820/622/2/w/448/8018820622_1_1_1.jpg?ts=1689176775468,https://www.zara.com/in/en/strapless-striped-dress-p08018820.html,Women,3.7
603,PINSTRIPED MINI DRESS,DRESSES_JUMPSUITS,3290.0,Short dress with an asymmetric neckline and short sleeves. Draped fabric detail. Invisible side zip fastening.,https://static.zara.net/photos///2023/I/0/1/p/8342/246/084/2/w/448/8342246084_1_1_1.jpg?ts=1691075814977,https://www.zara.com/in/en/pinstriped-mini-dress-p08342246.html,Women,4.5
604,MINI DRESS WITH RUFFLES,DRESSES_JUMPSUITS,3290.0,V-neck dress with long sleeves with slits and bows. Ruffled trims on the front. Lining.,https://static.zara.net/photos///2023/I/0/1/p/9878/248/610/2/w/555/9878248610_2_1_1.jpg?ts=1691755227946,https://www.zara.com/in/en/mini-dress-with-ruffles-p09878248.html,Women,4.7
605,TIE HALTER DRESS,DRESSES_JUMPSUITS,3290.0,Short dress featuring a tie-effect halter neck. False welt pocket on the front. Open back. Contrast lining. Invisible back zip fastening and a buttoned collar.,https://static.zara.net/photos///2023/I/0/1/p/4661/209/835/2/w/448/4661209835_1_1_1.jpg?ts=1692193283458,https://www.zara.com/in/en/tie-halter-dress-p04661209.html,Women,4.3
606,LINEN BLEND SLIP DRESS WITH KNOT,DRESSES_JUMPSUITS,3290.0,Dress made of a linen blend. Surplice neckline and adjustable thin straps. Front knot detail. Front slit at the hem. Invisible back zip fastening.,https://static.zara.net/photos///2023/I/0/1/p/1618/221/800/17/w/448/1618221800_1_1_1.jpg?ts=1686155193566,https://www.zara.com/in/en/linen-blend-slip-dress-with-knot-p01618221.html,Women,4.9
607,DRESS WITH SEASHELLS AND EMBROIDERY,DRESSES_JUMPSUITS,5990.0,Short dress with a round neckline and adjustable thin straps. Embroidered details and shell and bead appliqués. Invisible side zip fastening.,https://static.zara.net/photos///2023/I/0/1/p/7521/337/712/2/w/448/7521337712_1_1_1.jpg?ts=1689172928212,https://www.zara.com/in/en/dress-with-seashells-and-embroidery-p07521337.html,Women,3.8
608,TRF STRAPLESS DENIM JUMPSUIT,DRESSES_JUMPSUITS,5990.0,Off-the-shoulder jumpsuit with a straight neckline. Side pockets and rear patch pockets. Elasticated smocked fabric on the back. Front fastening with metal buttons and side zip fastening.,https://static.zara.net/photos///2023/I/0/1/p/8197/182/400/2/w/448/8197182400_1_1_1.jpg?ts=1685096066908,https://www.zara.com/in/en/trf-strapless-denim-jumpsuit-p08197182.html,Women,3.5
609,PRINTED LINEN BLEND DRESS,DRESSES_JUMPSUITS,5990.0,Dress made of a linen blend. Slot collar and long sleeves. Frayed trims on the front. Side slits at the hem. Button-up front.,https://static.zara.net/photos///2023/I/0/1/p/8038/456/330/2/w/448/8038456330_1_1_1.jpg?ts=1689264050405,https://www.zara.com/in/en/printed-linen-blend-dress-p08038456.html,Women,3.3
610,STRAPLESS TULLE DRESS WITH FRINGING,DRESSES_JUMPSUITS,5990.0,Midi dress with a straight-cut neckline and exposed shoulders. Back slit at the hem. Matching fringe detail. Lining.,https://static.zara.net/photos///2023/I/0/1/p/2712/834/700/2/w/448/2712834700_1_1_1.jpg?ts=1690529708586,https://www.zara.com/in/en/strapless-tulle-dress-with-fringing-p02712834.html,Women,4.8
611,FLOWING PRINTED DRESS WITH SCARF,DRESSES_JUMPSUITS,8590.0,Sleeveless round neck midi dress made of viscose. Contrast front print detail. Matching lining with a V-neckline. Open back. Side vents at the hem. Scarf made of the same fabric.View more,https://static.zara.net/photos///2023/I/0/1/p/8077/041/629/2/w/448/8077041629_1_1_1.jpg?ts=1692689343292,https://www.zara.com/in/en/flowing-printed-dress-with-scarf-p08077041.html,Women,4.4
612,TIE-DYE PRINT ASYMMETRIC DRESS,DRESSES_JUMPSUITS,5590.0,Midi dress with asymmetric neckline and thin straps that cross at the back.,https://static.zara.net/photos///2023/I/0/1/p/8030/484/330/2/w/448/8030484330_1_1_1.jpg?ts=1687348745122,https://www.zara.com/in/en/tie-dye-print-asymmetric-dress-p08030484.html,Women,4.1
613,ZW DENIM DRESS WITH POCKETS,DRESSES_JUMPSUITS,5590.0,ZW ZARA WOMANCollared midi dress featuring long sleeves with cuffs. Patch pockets with buttoned flaps on the front. Tie belt in the same fabric. Visible contrast topstitching detail. Front fastening with metallic buttons.View more,https://static.zara.net/photos///2023/I/0/1/p/2449/245/400/2/w/448/2449245400_1_1_1.jpg?ts=1691402819399,https://www.zara.com/in/en/zw-denim-dress-with-pockets-p02449245.html,Women,4.2
614,EMBROIDERED SHIRT DRESS,DRESSES_JUMPSUITS,5590.0,Midi dress with a Johnny collar and short turn-up sleeves. Featuring cutwork embroidery and an opening at the back. Lining. Front button fastening.,https://static.zara.net/photos///2023/I/0/1/p/8067/505/044/2/w/448/8067505044_1_1_1.jpg?ts=1688574084070,https://www.zara.com/in/en/embroidered-shirt-dress-p08067505.html,Women,3.6
615,PAISLEY PRINT CUT-OUT DRESS,DRESSES_JUMPSUITS,5590.0,Midi dress featuring a surplice neckline and long sleeves with elastic trims. Cut-out detail on the elastic waist. Lining.,https://static.zara.net/photos///2023/I/0/1/p/8470/136/330/2/w/448/8470136330_1_1_1.jpg?ts=1692008565497,https://www.zara.com/in/en/paisley-print-cut-out-dress-p08470136.html,Women,5.0
616,SATIN ANIMAL PRINT DRESS,DRESSES_JUMPSUITS,3290.0,Johnny collar dress with long sleeves. Crossover front knot detail. Invisible side zip fastening.,https://static.zara.net/photos///2023/I/0/1/p/2157/026/814/2/w/448/2157026814_1_1_1.jpg?ts=1692008564566,https://www.zara.com/in/en/satin-animal-print-dress-p02157026.html,Women,4.2
617,FLORAL PRINT DRESS,DRESSES_JUMPSUITS,3290.0,Sleeveless midi dress with a slot collar. Belt detail in the same fabric. Button-up front.,https://static.zara.net/photos///2023/I/0/1/p/7969/223/098/2/w/448/7969223098_1_1_1.jpg?ts=1685629436265,https://www.zara.com/in/en/floral-print-dress-p07969223.html,Women,4.1
618,POLKA DOT PRINT CORSETRY-INSPIRED DRESS,DRESSES_JUMPSUITS,3290.0,V-neck dress with thin straps. Open back with ties. Front slit at the hem. Invisible back zip fastening.,https://static.zara.net/photos///2023/I/0/1/p/7613/399/505/2/w/448/7613399505_1_1_1.jpg?ts=1684247724064,https://www.zara.com/in/en/polka-dot-print-corsetry-inspired-dress-p07613399.html,Women,4.4
619,CONTRASTING SHIRT DRESS,DRESSES_JUMPSUITS,3290.0,Short dress with a Johnny collar. Contrast fabric appliqué detail. Button-up front.,https://static.zara.net/photos///2023/I/0/1/p/0264/471/170/2/w/448/0264471170_1_1_1.jpg?ts=1692196435162,https://www.zara.com/in/en/contrasting-shirt-dress-p00264471.html,Women,4.3
620,PRINTED POPLIN MIDI DRESS,DRESSES_JUMPSUITS,3290.0,"Dress made of 100% cotton featuring a straight, elasticated neckline and wide straps.",https://static.zara.net/photos///2023/I/0/1/p/3897/152/080/3/w/448/3897152080_1_1_1.jpg?ts=1687434573151,https://www.zara.com/in/en/printed-poplin-midi-dress-p03897152.html,Women,4.2
621,FITTED STRETCH KNIT CUT-OUT DRESS,DRESSES_JUMPSUITS,2290.0,Sleeveless short dress with a round neck. Cut-out details at the front.,https://static.zara.net/photos///2023/I/0/1/p/5584/633/250/2/w/448/5584633250_1_1_1.jpg?ts=1691415765481,https://www.zara.com/in/en/fitted-stretch-knit-cut-out-dress-p05584633.html,Women,3.7
622,FULL LENGTH COMBINED JUMPSUIT,DRESSES_JUMPSUITS,3990.0,Round neck jumpsuit with adjustable thin straps. Elastic waistband. Side pockets. Contrast fabric detail. Elastic cuffed hems.,https://static.zara.net/photos///2023/I/0/1/p/1165/667/096/2/w/448/1165667096_1_1_1.jpg?ts=1689590268205,https://www.zara.com/in/en/full-length-combined-jumpsuit-p01165667.html,Women,4.3
623,EMBROIDERED MIDI DRESS,DRESSES_JUMPSUITS,3990.0,Midi dress with a straight neckline and adjustable thin straps. Featuring contrast embroidery details. Lining.,https://static.zara.net/photos///2023/I/0/1/p/0881/206/800/2/w/448/0881206800_1_1_1.jpg?ts=1687938097290,https://www.zara.com/in/en/embroidered-midi-dress-p00881206.html,Women,4.9
624,ASYMMETRIC DENIM TRF DRESS,DRESSES_JUMPSUITS,3990.0,Short dress with an asymmetric neckline and a wide strap. Belt loops. Side metal zip and button fastening.,https://static.zara.net/photos///2023/I/0/1/p/9213/211/400/3/w/448/9213211400_1_1_1.jpg?ts=1691507892385,https://www.zara.com/in/en/asymmetric-denim-trf-dress-p09213211.html,Women,4.7
625,SATIN STRAPPY DRESS,DRESSES_JUMPSUITS,3990.0,Round neck midi dress with thin straps that cross at the back. Invisible side zip fastening.,https://static.zara.net/photos///2023/I/0/1/p/7904/331/819/2/w/448/7904331819_1_1_1.jpg?ts=1688038512450,https://www.zara.com/in/en/satin-strappy-dress-p07904331.html,Women,4.8
626,PINSTRIPE HALTER NECK JUMPSUIT,DRESSES_JUMPSUITS,3990.0,Halter neck jumpsuit with a V-neck. Wide leg. Open back. Invisible back zip fastening and a buttoned collar.,https://static.zara.net/photos///2023/I/0/1/p/8278/694/807/2/w/448/8278694807_1_1_1.jpg?ts=1692193283255,https://www.zara.com/in/en/pinstripe-halter-neck-jumpsuit-p08278694.html,Women,3.9
627,FITTED HALTER DRESS,DRESSES_JUMPSUITS,2590.0,Halter neck midi dress with exposed shoulders. Draped fabric detail. Open back. Button fastening at the back.,https://static.zara.net/photos///2023/I/0/1/p/3905/626/505/2/w/448/3905626505_1_1_1.jpg?ts=1690191627559,https://www.zara.com/in/en/fitted-halter-dress-p03905626.html,Women,3.7
628,FITTED GATHERED DRESS WITH CUT-OUT DETAIL,DRESSES_JUMPSUITS,2590.0,Dress made of a polyamide and elastane blend. Asymmetric neckline with one thin elastic strap and one twisted strap. Fabric with gathered detailing and a cut-out detail at the waist.,https://static.zara.net/photos///2023/I/0/1/p/3641/807/700/2/w/448/3641807700_1_1_1.jpg?ts=1688032183918,https://www.zara.com/in/en/fitted-gathered-dress-with-cut-out-detail-p03641807.html,Women,4.0
629,RAMIE DRESS WITH KNOT - LIMITED EDITION,DRESSES_JUMPSUITS,7590.0,"Dress made of ramie. Featuring long sleeves with cuffs, a chest patch pocket, knot detail on the front, an asymmetric hem with side vents and a button-up front.",https://static.zara.net/photos///2023/I/0/1/p/7657/009/330/2/w/448/7657009330_1_1_1.jpg?ts=1685457217119,https://www.zara.com/in/en/ramie-dress-with-knot---limited-edition-p07657009.html,Women,4.1
630,SHIRT DRESS WITH BELT,DRESSES_JUMPSUITS,7590.0,Collared midi dress featuring long sleeves with cuffs. Tie belt in the same fabric. Matching cutwork embroidery details. Buttoned front.,https://static.zara.net/photos///2023/I/0/1/p/7781/974/251/12/w/448/7781974251_1_1_1.jpg?ts=1686749149570,https://www.zara.com/in/en/shirt-dress-with-belt-p07781974.html,Women,4.6
631,PLEATED MINI DRESS,DRESSES_JUMPSUITS,3990.0,Dress with a surplice neckline and short sleeves. Elasticated hem with an adjustable knot. Lining.,https://static.zara.net/photos///2023/I/0/1/p/9878/160/251/2/w/448/9878160251_1_1_1.jpg?ts=1688732567739,https://www.zara.com/in/en/pleated-mini-dress-p09878160.html,Women,3.3
632,STRIPED LINEN BLEND SHIRT DRESS,DRESSES_JUMPSUITS,4990.0,Dress made of a linen blend. Johnny collar and short turn-up sleeves. Belt detail in matching fabric with buckle. Front button-up fastening.,https://static.zara.net/photos///2023/I/0/1/p/8092/469/044/2/w/448/8092469044_1_1_1.jpg?ts=1688573296425,https://www.zara.com/in/en/striped-linen-blend-shirt-dress-p08092469.html,Women,4.8
633,LINEN BLEND STRAPLESS JUMPSUIT,DRESSES_JUMPSUITS,4990.0,High-waist jumpsuit in a linen blend fabric. Straight neckline. Front pockets and rear false jetted pockets. Wide-leg design. Invisible back zip fastening.,https://static.zara.net/photos///2023/I/0/1/p/8097/371/401/2/w/448/8097371401_1_1_1.jpg?ts=1687446567958,https://www.zara.com/in/en/linen-blend-strapless-jumpsuit-p08097371.html,Women,4.0
634,CUTWORK EMBROIDERY HALTER DRESS,DRESSES_JUMPSUITS,4990.0,Short dress with a halter neck. Matching cutwork embroidery detail. Voluminous hem.,https://static.zara.net/photos///2023/I/0/1/p/4786/981/250/12/w/448/4786981250_1_1_1.jpg?ts=1686749146764,https://www.zara.com/in/en/cutwork-embroidery-halter-dress-p04786282.html,Women,3.9
635,KNIT DRESS WITH RHINESTONE STRAPS,DRESSES_JUMPSUITS,4990.0,Knit midi dress with a V-neckline. Thin straps that cross at the back in a metal chain with rhinestone appliqués. A-line hem.,https://static.zara.net/photos///2023/I/0/1/p/3920/133/800/2/w/448/3920133800_1_1_1.jpg?ts=1692790315283,https://www.zara.com/in/en/knit-dress-with-rhinestone-straps-p03920133.html,Women,3.6
636,TEXTURED PLAYSUIT,DRESSES_JUMPSUITS,2990.0,Halterneck playsuit with tie detail and a V-neck. Elasticated smocked fabric at the waist.,https://static.zara.net/photos///2023/I/0/1/p/2180/212/505/2/w/448/2180212505_1_1_1.jpg?ts=1686146369137,https://www.zara.com/in/en/textured-playsuit-p02180212.html,Women,3.4
637,RUFFLED SLIP DRESS,DRESSES_JUMPSUITS,4990.0,Midi dress made of a linen blend. V-neckline and thin adjustable straps. Ruffled trims. Slit at the hem. Invisible side zip fastening.,https://static.zara.net/photos///2023/I/0/1/p/7856/939/611/2/w/448/7856939611_1_1_1.jpg?ts=1688124510587,https://www.zara.com/in/en/ruffled-slip-dress-p07856939.html,Women,4.5
638,STRAPLESS PRINTED DRESS,DRESSES_JUMPSUITS,4990.0,Midi dress with a straight-cut neckline. Back slit at the hem. Invisible back zip fastening.,https://static.zara.net/photos///2023/I/0/1/p/8156/463/330/2/w/448/8156463330_1_1_1.jpg?ts=1689621979978,https://www.zara.com/in/en/strapless-printed-dress-p08156463.html,Women,4.1
639,CUT-OUT LINEN BLEND MIDI DRESS,DRESSES_JUMPSUITS,4990.0,Sleeveless dress made of a linen blend fabric. Round neck. Cut-out details at the waist. Front slit at the hem. Fastens at the back with invisible zip fastening and buttoned opening.,https://static.zara.net/photos///2023/I/0/1/p/8279/376/538/2/w/448/8279376538_1_1_1.jpg?ts=1690965015746,https://www.zara.com/in/en/cut-out-linen-blend-midi-dress-p08279376.html,Women,3.5
640,PRINTED MIDI DRESS,DRESSES_JUMPSUITS,4990.0,V-neck dress with short sleeves and a wide elasticated waist.,https://static.zara.net/photos///2023/I/0/1/p/0779/162/069/2/w/448/0779162069_1_1_1.jpg?ts=1691075844441,https://www.zara.com/in/en/printed-midi-dress-p00779162.html,Women,3.5
641,PRINTED DRESS WITH SHOULDER PADS,DRESSES_JUMPSUITS,4990.0,Sleeveless flowing midi dress with a round neckline and shoulder pads. Gathered side detail. Fastens at the back with a buttoned opening and at the side with an invisible zip.,https://static.zara.net/photos///2023/I/0/1/p/8281/716/098/2/w/448/8281716098_1_1_1.jpg?ts=1692779345196,https://www.zara.com/in/en/printed-dress-with-shoulder-pads-p08281716.html,Women,3.9
642,SHORT SATIN DRESS,DRESSES_JUMPSUITS,2990.0,Short dress with a halter neck with a tied detail and plunging V-neck. Open back. Invisible back zip fastening.,https://static.zara.net/photos///2023/I/0/1/p/3417/331/738/17/w/448/3417331738_1_1_1.jpg?ts=1689349520380,https://www.zara.com/in/en/short-satin-dress-p03417331.html,Women,4.9
643,GABARDINE DRESS WITH POCKETS,DRESSES_JUMPSUITS,2990.0,Dress made of gabardine fabric. Straight neckline and straps with adjustable buttons at the back. Patch pockets on the front and welt pockets. Front fastening with metal buttons.,https://static.zara.net/photos///2023/I/0/1/p/7200/267/708/17/w/448/7200267708_1_1_1.jpg?ts=1690543857194,https://www.zara.com/in/en/gabardine-dress-with-pockets-p07200267.html,Women,4.0
644,COLOURED JUMPSUIT,DRESSES_JUMPSUITS,4990.0,"Collared jumpsuit with short sleeves. Patch pockets on the chest, sides and back. Elasticated waist at the back. Tab and snap button at the hem. Zip fastening and snap buttons at the front.",https://static.zara.net/photos///2023/I/0/1/p/6929/011/485/2/w/448/6929011485_1_1_1.jpg?ts=1688978642401,https://www.zara.com/in/en/coloured-jumpsuit-p06929011.html,Women,3.4
645,STRAPLESS LINEN BLEND DRESS,DRESSES_JUMPSUITS,2990.0,"Short dress made of a linen blend. Featuring a straight-cut neckline, exposed shoulders, pleated fabric and invisible side zip fastening.",https://static.zara.net/photos///2023/I/0/1/p/7754/325/250/2/w/448/7754325250_1_1_1.jpg?ts=1685086664934,https://www.zara.com/in/en/strapless-linen-blend-dress-p07754325.html,Women,4.0
646,METALLIC PRINTED TULLE DRESS,DRESSES_JUMPSUITS,2990.0,Short dress with an asymmetric neckline and a wide strap. Draped fabric. Metallic print. Invisible side zip fastening.,https://static.zara.net/photos///2023/I/0/1/p/8342/252/808/2/w/448/8342252808_1_1_1.jpg?ts=1688039975653,https://www.zara.com/in/en/metallic-printed-tulle-dress-p08342252.html,Women,4.0
647,STRAPLESS DRESS,DRESSES_JUMPSUITS,2990.0,Off-the-shoulder short dress with a straight-cut neckline. Matching lining. Contrast seam details. Back slit at the hem. Invisible side zip fastening.,https://static.zara.net/photos///2023/I/0/1/p/8023/717/505/2/w/448/8023717505_1_1_1.jpg?ts=1692361751769,https://www.zara.com/in/en/strapless-dress-p08023717.html,Women,2.9
648,SHORT DRESS WITH CUT-OUT DETAIL,DRESSES_JUMPSUITS,2990.0,Short sleeveless knit dress with an asymmetric neckline. Cut-out detail at the waist with a metal piece. Invisible side zip fastening.,https://static.zara.net/photos///2023/I/0/1/p/8342/228/545/2/w/448/8342228545_1_1_1.jpg?ts=1689588089708,https://www.zara.com/in/en/short-dress-with-cut-out-detail-p08342228.html,Women,4.1
649,DRAPED SATIN DRESS,DRESSES_JUMPSUITS,2990.0,Short sleeveless dress with a halter neck and a tied detail. Open back. Invisible zip fastening.,https://static.zara.net/photos///2023/I/0/1/p/3152/260/800/2/w/448/3152260800_1_1_1.jpg?ts=1692704244123,https://www.zara.com/in/en/draped-satin-dress-p03152260.html,Women,4.0
650,FITTED BANDEAU MIDI DRESS,DRESSES_JUMPSUITS,2290.0,Off-the-shoulder dress with a straight neckline. Gathered details on the front.,https://static.zara.net/photos///2023/I/0/1/p/5584/451/707/2/w/448/5584451707_1_1_1.jpg?ts=1689768540470,https://www.zara.com/in/en/fitted-bandeau-midi-dress-p05584451.html,Women,4.4
651,LONG FITTED DRESS WITH STRAPS,DRESSES_JUMPSUITS,2290.0,Long dress with a straight-cut neckline and thin straps.,https://static.zara.net/photos///2023/I/0/1/p/5039/631/600/3/w/448/5039631600_1_1_1.jpg?ts=1690386816913,https://www.zara.com/in/en/long-fitted-dress-with-straps-p05039631.html,Women,4.9
652,MIDI DRESS WITH CUT-OUT DETAIL,DRESSES_JUMPSUITS,3290.0,V-neck midi dress made of knit fabric. Featuring an opening at the waist and invisible side zip fastening.,https://static.zara.net/photos///2023/I/0/1/p/7722/636/800/2/w/448/7722636800_1_1_1.jpg?ts=1684767145719,https://www.zara.com/in/en/midi-dress-with-cut-out-detail-p07722636.html,Women,4.6
653,Z1975 MIDI DENIM DRESS,DRESSES_JUMPSUITS,3290.0,Dress with a straight neckline and gathering. Featuring a front slit and zip fastening.,https://static.zara.net/photos///2023/I/0/1/p/6147/175/250/2/w/448/6147175250_1_1_1.jpg?ts=1686134952041,https://www.zara.com/in/en/z1975-midi-denim-dress-p06147175.html,Women,4.0
654,TIE-DYE SHORT DRESS,DRESSES_JUMPSUITS,3290.0,Short V-neck dress with wide sleeves falling below the elbow. Adjustable tied drawstring. Combined lining.,https://static.zara.net/photos///2023/I/0/1/p/0881/356/112/2/w/448/0881356112_1_1_1.jpg?ts=1686739418847,https://www.zara.com/in/en/tie-dye-short-dress-p00881356.html,Women,3.6
655,PRINTED MINI DRESS,DRESSES_JUMPSUITS,3290.0,"Dress featuring a slot collar with lace trim and front pintucks, long sleeves with elasticated trim and a ruffled hem.",https://static.zara.net/photos///2023/I/0/1/p/9878/146/070/17/w/448/9878146070_1_1_1.jpg?ts=1686295561675,https://www.zara.com/in/en/printed-mini-dress-p09878146.html,Women,5.0
656,SHORT TECHNICAL DRESS,DRESSES_JUMPSUITS,3290.0,Short dress with a straight-cut neckline and thin straps. Belt loops detail at the waist. Invisible side zip fastening.,https://static.zara.net/photos///2023/I/0/1/p/6929/005/800/17/w/448/6929005800_1_1_1.jpg?ts=1689348558018,https://www.zara.com/in/en/short-technical-dress-p06929005.html,Women,4.1
657,LINEN BLEND POLKA DOT DRESS,DRESSES_JUMPSUITS,3290.0,Dress made of a linen blend fabric. V-neck and thin adjustable straps. Front gathered details and slit at the hem. Invisible back zip fastening.,https://static.zara.net/photos///2023/I/0/1/p/7812/606/093/12/w/448/7812606093_1_1_1.jpg?ts=1690459373150,https://www.zara.com/in/en/linen-blend-polka-dot-dress-p07812606.html,Women,4.1
658,LINEN BLEND KNOTTED MIDI DRESS,DRESSES_JUMPSUITS,3290.0,Dress made of a linen blend fabric. V-neck with knots and thin tied straps at the back. Wide elasticated smocking at the back. Front slit at the hem. Invisible side zip fastening.,https://static.zara.net/photos///2023/I/0/1/p/7881/381/626/2/w/448/7881381626_1_1_1.jpg?ts=1686154836039,https://www.zara.com/in/en/linen-blend-knotted-midi-dress-p07881381.html,Women,4.1
659,METALLIC STRAPLESS PLAYSUIT DRESS,DRESSES_JUMPSUITS,3290.0,Short dress made of metallic fabric. Off-the-shoulder sweetheart neckline. Shorts-style lining in the same fabric. Pleated details on the sides. Invisible back zip fastening.,https://static.zara.net/photos///2023/I/0/1/p/3152/229/312/2/w/448/3152229312_1_1_1.jpg?ts=1689583016251,https://www.zara.com/in/en/metallic-strapless-playsuit-dress-p03152229.html,Women,4.2
660,SHORT DRESS WITH BELT AND POCKETS,DRESSES_JUMPSUITS,3290.0,Short sleeveless dress with a stand-up collar. Belt in the same fabric and pockets with adjustable metal zip with snap buttons. Invisible zip and button fastening at the front.,https://static.zara.net/photos///2023/I/0/1/p/8338/242/806/2/w/448/8338242806_1_1_1.jpg?ts=1690542447606,https://www.zara.com/in/en/short-dress-with-belt-and-pockets-p08338242.html,Women,4.0
661,FITTED STRAPLESS TULLE TIE-DYE DRESS,DRESSES_JUMPSUITS,2590.0,Sweetheart neckline midi dress with a lined metal piece. Contrast lining.,https://static.zara.net/photos///2023/I/0/1/p/5039/396/115/2/w/448/5039396115_1_1_1.jpg?ts=1691422498832,https://www.zara.com/in/en/fitted-strapless-tulle-tie-dye-dress-p05039396.html,Women,3.8
662,EMBROIDERED DRESS - LIMITED EDITION,DRESSES_JUMPSUITS,11990.0,Short dress with a round neckline and thin straps. Embroidered details with bead appliqués.,https://static.zara.net/photos///2023/I/0/1/p/7521/244/506/2/w/448/7521244506_1_1_1.jpg?ts=1685619492812,https://www.zara.com/in/en/embroidered-dress---limited-edition-p07521244.html,Women,3.9
663,CROCHET STRAPLESS DRESS,DRESSES_JUMPSUITS,5990.0,Short dress with a straight-cut neckline and exposed shoulders. Matching lining. Trim details with multicoloured embroidery. Invisible side zip fastening.,https://static.zara.net/photos///2023/I/0/1/p/0881/342/712/2/w/448/0881342712_1_1_1.jpg?ts=1686234435319,https://www.zara.com/in/en/crochet-strapless-dress-p00881342.html,Women,4.1
664,WIDE-LEG JUMPSUIT WITH PLEATED RUFFLES,DRESSES_JUMPSUITS,5990.0,Jumpsuit featuring a straight-cut neckline with ruffles on the front. Wide-leg design. Invisible back zip fastening.,https://static.zara.net/photos///2023/I/0/1/p/1971/951/630/2/w/448/1971951630_1_1_1.jpg?ts=1686842371415,https://www.zara.com/in/en/wide-leg-jumpsuit-with-pleated-ruffles-p01971951.html,Women,3.9
665,EMBROIDERED CREASED TUNIC DRESS,DRESSES_JUMPSUITS,5990.0,V-neck tunic dress with sleeves falling below the elbow. Featuring creased fabric and matching embroidery.,https://static.zara.net/photos///2023/I/0/1/p/2731/241/518/2/w/448/2731241518_1_1_1.jpg?ts=1686125999706,https://www.zara.com/in/en/embroidered-creased-tunic-dress-p02731241.html,Women,3.8
666,EMBROIDERED LINEN DRESS,DRESSES_JUMPSUITS,5990.0,Midi dress made of linen. Straight neckline and wide straps with elastic. Contrast embroidery details. Slit at the hem. Tied fastening at the back in the same fabric.,https://static.zara.net/photos///2023/I/0/1/p/4786/254/712/2/w/448/4786254712_1_1_1.jpg?ts=1686130596194,https://www.zara.com/in/en/embroidered-linen-dress-p04786254.html,Women,4.1
667,POPLIN SHIRT DRESS,DRESSES_JUMPSUITS,5990.0,Sleeveless collared midi dress made of 100% cotton. Buttoned tabs on the shoulders. Chest patch pocket. Belt loops and pareo-style layered detail in the same fabric with adjustable ties. Button-up front.,https://static.zara.net/photos///2023/I/0/1/p/7895/545/250/2/w/448/7895545250_1_1_1.jpg?ts=1691154412594,https://www.zara.com/in/en/poplin-shirt-dress-p07895545.html,Women,4.0
668,LINEN BLEND STRAPPY JUMPSUIT,DRESSES_JUMPSUITS,5990.0,Jumpsuit made of a viscose and linen blend. Straight neckline and thin adjustable straps. Tied belt in the same fabric. Wide leg. Invisible zip fastening.,https://static.zara.net/photos///2023/I/0/1/p/7563/246/800/2/w/448/7563246800_1_1_1.jpg?ts=1691570636560,https://www.zara.com/in/en/linen-blend-strappy-jumpsuit-p07563246.html,Women,4.8
669,SEQUINNED MIDI DRESS,DRESSES_JUMPSUITS,5990.0,"Midi dress with a V-neckline, wide straps and sequin appliqués.This garment is not lined.",https://static.zara.net/photos///2023/I/0/1/p/8779/007/150/2/w/448/8779007150_1_1_1.jpg?ts=1686302449629,https://www.zara.com/in/en/sequinned-midi-dress-p08779007.html,Women,2.9
670,GABARDINE JUMPSUIT,DRESSES_JUMPSUITS,5990.0,Jumpsuit made of gabardine fabric. Lapel collar and long cuffed sleeves. Patch pockets on the front and back. Belt loops with buttons at the waist. Front fastening with buttons hidden by a placket.,https://static.zara.net/photos///2023/I/0/1/p/8243/360/514/2/w/448/8243360514_1_1_1.jpg?ts=1692361752473,https://www.zara.com/in/en/gabardine-jumpsuit-p08243360.html,Women,4.6
671,MIDI SHIRT DRESS,DRESSES_JUMPSUITS,5990.0,Collared midi dress featuring long sleeves with tabbed cuffs. Front patch pockets. Beltloops at the waist. Button-up front hidden by a placket.,https://static.zara.net/photos///2023/I/0/1/p/8244/702/507/2/w/448/8244702507_1_1_1.jpg?ts=1692361752422,https://www.zara.com/in/en/midi-shirt-dress-p08244702.html,Women,4.7
672,PLEATED SATIN JUMPSUIT WITH RING DETAIL,DRESSES_JUMPSUITS,3990.0,Jumpsuit featuring a V-neck with ring detail and sleeves falling below the shoulders. Elastic waistband. Wide-leg design. Buttoned opening at the back.,https://static.zara.net/photos///2023/I/0/1/p/9878/164/982/2/w/448/9878164982_1_1_1.jpg?ts=1690454106204,https://www.zara.com/in/en/pleated-satin-jumpsuit-with-ring-detail-p09878164.html,Women,3.2
673,PRINTED SATIN DRESS,DRESSES_JUMPSUITS,3990.0,Midi dress with a cowl neckline and asymmetric straps. Open back detail. Invisible side zip fastening.,https://static.zara.net/photos///2023/I/0/1/p/8029/439/703/2/w/448/8029439703_1_1_1.jpg?ts=1688053742871,https://www.zara.com/in/en/printed-satin-dress-p08029439.html,Women,3.9
674,SEQUIN CAMISOLE DRESS,DRESSES_JUMPSUITS,5990.0,V-neck midi dress with thin straps that cross at the back. Lining. Fringe and sequin appliqués.,https://static.zara.net/photos///2023/I/0/1/p/6962/024/620/3/w/448/6962024620_1_1_1.jpg?ts=1689621976079,https://www.zara.com/in/en/sequin-camisole-dress-p06962024.html,Women,3.9
675,ASYMMETRIC DENIM TRF DRESS,DRESSES_JUMPSUITS,3990.0,Short dress featuring an asymmetric neckline and long cuffed sleeves. Asymmetric frayed hem. Buttoned front.,https://static.zara.net/photos///2023/I/0/1/p/8197/271/406/2/w/448/8197271406_1_1_1.jpg?ts=1685534063623,https://www.zara.com/in/en/asymmetric-denim-trf-dress-p08197271.html,Women,3.5
676,LINEN BLEND WAISTCOAT JUMPSUIT,DRESSES_JUMPSUITS,3990.0,"Playsuit made of a linen blend. Featuring a V-neck and front darts. Front pockets and false rear jetted pockets. Front cut-out detail on the waist. Metal hook, inside button and zip fastening on the front.",https://static.zara.net/photos///2023/I/0/1/p/8280/377/538/2/w/448/8280377538_1_1_1.jpg?ts=1690965015841,https://www.zara.com/in/en/linen-blend-waistcoat-jumpsuit-p08280377.html,Women,3.7
677,LONG HALTER NECK JUMPSUIT,DRESSES_JUMPSUITS,3990.0,Jumpsuit made of stretch fabric. Halter neck with a V-neckline and a lined metal piece. Wide leg. Cut-out details at the waist and an open back. Button fastening at the neck and invisible back zip fastening.,https://static.zara.net/photos///2023/I/0/1/p/7901/237/711/2/w/448/7901237711_1_1_1.jpg?ts=1691489539407,https://www.zara.com/in/en/long-halter-neck-jumpsuit-p07901237.html,Women,3.6
678,PLAYSUIT WITH WOVEN STRAPS,DRESSES_JUMPSUITS,2990.0,Playsuit with a V-neck and woven straps. Matching lining. Invisible side zip fastening.,https://static.zara.net/photos///2023/I/0/1/p/7200/355/800/2/w/448/7200355800_1_1_1.jpg?ts=1684408965248,https://www.zara.com/in/en/playsuit-with-woven-straps-p07200355.html,Women,4.9
679,LONG FITTED BANDEAU DRESS,DRESSES_JUMPSUITS,2990.0,Long dress with an asymmetric neckline. Bandeau layered detail in the same fabric.,https://static.zara.net/photos///2023/I/0/1/p/0085/811/615/2/w/448/0085811615_1_1_1.jpg?ts=1689848766709,https://www.zara.com/in/en/long-fitted-bandeau-dress-p00085811.html,Women,4.5
680,FITTED KNIT GATHERED DRESS,DRESSES_JUMPSUITS,1990.0,"Knit dress with a round neck, short sleeves and gathered detail on the sides.",https://static.zara.net/photos///2023/I/0/1/p/5644/832/615/2/w/448/5644832615_1_1_1.jpg?ts=1692343666327,https://www.zara.com/in/en/fitted-knit-gathered-dress-p05644832.html,Women,4.7
681,BELTED LINEN BLEND SHIRT DRESS,DRESSES_JUMPSUITS,5590.0,Collared dress made of a linen and cotton blend fabric. Long sleeves. Patch pockets with flaps. Fastens at the front with a contrast belt and buttons.,https://static.zara.net/photos///2023/I/0/1/p/2157/063/712/2/w/448/2157063712_1_1_1.jpg?ts=1684945670727,https://www.zara.com/in/en/belted-linen-blend-shirt-dress-p02157063.html,Women,4.4
682,DRAPED SATIN DRESS,DRESSES_JUMPSUITS,5590.0,Sleeveless midi dress with a cowl neckline. Side slit at the hem. Buckle detail on the side and draped fabric. Fastens at the back with invisible zip and buttoned opening.,https://static.zara.net/photos///2023/I/0/1/p/9878/229/818/2/w/448/9878229818_1_1_1.jpg?ts=1692354890002,https://www.zara.com/in/en/draped-satin-dress-p09878229.html,Women,3.6
683,ASYMMETRIC DRESS WITH TIES,DRESSES_JUMPSUITS,2990.0,Dress with an asymmetric neckline and strap. Fabric with gathered sides. Bow details on the shoulder and waist. Invisible side zip fastening.,https://static.zara.net/photos///2023/I/0/1/p/4688/368/712/2/w/448/4688368712_1_1_1.jpg?ts=1688039972096,https://www.zara.com/in/en/asymmetric-dress-with-ties-p04688368.html,Women,3.9
684,FITTED STRAPLESS DRESS WITH GATHERED DETAILING,DRESSES_JUMPSUITS,2590.0,Dress made of a polyamide and elastane blend. Straight neckline and exposed shoulders. Gathered fabric detail.,https://static.zara.net/photos///2023/I/0/1/p/3641/805/600/2/w/448/3641805600_1_1_1.jpg?ts=1688117461317,https://www.zara.com/in/en/fitted-strapless-dress-with-gathered-detailing-p03641805.html,Women,4.3
685,PRINTED FITTED TULLE DRESS WITH CUT-OUT DETAIL,DRESSES_JUMPSUITS,2590.0,Sleeveless midi dress with a round neckline. Cut-out detail at the waist. Draped fabric. Contrast lining.,https://static.zara.net/photos///2023/I/0/1/p/5039/395/116/2/w/448/5039395116_1_1_1.jpg?ts=1691422498435,https://www.zara.com/in/en/printed-fitted-tulle-dress-with-cut-out-detail-p05039395.html,Women,3.6
686,DENIM SURPLICE JUMPSUIT,DRESSES_JUMPSUITS,4990.0,Collared jumpsuit with a surplice neckline and short sleeves. Belt detail in the same fabric. Straight leg and turn-up hems. Front zip fly and metal button fastening.,https://static.zara.net/photos///2023/I/0/1/p/7147/031/505/2/w/448/7147031505_1_1_1.jpg?ts=1683892246898,https://www.zara.com/in/en/denim-surplice-jumpsuit-p07147031.html,Women,4.4
687,CONTRAST CROCHET KNIT DRESS,DRESSES_JUMPSUITS,4990.0,Midi dress featuring a straight neckline with a drawstring and thin straps. Ruffled hem.,https://static.zara.net/photos///2023/I/0/1/p/7200/003/330/2/w/448/7200003330_1_1_1.jpg?ts=1689175062482,https://www.zara.com/in/en/contrast-crochet-knit-dress-p07200003.html,Women,4.0
688,RUSTIC DRESS WITH CONTRAST BUST,DRESSES_JUMPSUITS,2590.0,Midi dress with a straight-cut neckline and thin straps. Contrast fabric appliqué. Pleated waist.,https://static.zara.net/photos///2023/I/0/1/p/2298/628/800/2/w/448/2298628800_1_1_1.jpg?ts=1688565201298,https://www.zara.com/in/en/rustic-dress-with-contrast-bust-p02298628.html,Women,3.9
689,PLEATED RUFFLED SLIP DRESS,DRESSES_JUMPSUITS,4990.0,Midi dress featuring a surplice neckline with ruffles. Thin straps that cross at the back. Elastic at the back. Lining.,https://static.zara.net/photos///2023/I/0/1/p/3564/110/611/2/w/448/3564110611_1_1_1.jpg?ts=1684406394737,https://www.zara.com/in/en/pleated-ruffled-slip-dress-p03564110.html,Women,4.4
690,SATIN MIDI DRESS,DRESSES_JUMPSUITS,4990.0,Midi dress made of viscose. Cowl neckline and thin adjustable straps. Side draped detail. Asymmetric hem. Invisible zip fastening.,https://static.zara.net/photos///2023/I/0/1/p/9479/274/808/2/w/448/9479274808_1_1_1.jpg?ts=1689336384782,https://www.zara.com/in/en/satin-midi-dress-p09479274.html,Women,4.3
691,LINEN HALTERNECK DRESS,DRESSES_JUMPSUITS,4990.0,100% linen dress. Crossover halter neck with adjustable ties in the same fabric. Slit at the hem. Open back. Invisible back zip fastening.,https://static.zara.net/photos///2023/I/0/1/p/4786/326/629/2/w/448/4786326629_1_1_1.jpg?ts=1690450402114,https://www.zara.com/in/en/linen-halterneck-dress-p04786326.html,Women,3.9
692,LONG HALTER NECK JUMPSUIT,DRESSES_JUMPSUITS,4990.0,Sleeveless jumpsuit with a halter neck and crossover front. Front opening detail at the waist. Wide-leg design. Fastens at the back with an invisible zip and buttons.,https://static.zara.net/photos///2023/I/0/1/p/0387/159/600/2/w/448/0387159600_1_1_1.jpg?ts=1689862656664,https://www.zara.com/in/en/long-halter-neck-jumpsuit-p00387159.html,Women,4.6
693,PRINTED RUSTIC DRESS WITH CUT-OUT DETAIL,DRESSES_JUMPSUITS,4990.0,Dress featuring a Johnny collar and turn-up short sleeves. Elastic waist with cut-out detail. Button-up front.,https://static.zara.net/photos///2023/I/0/1/p/8351/228/084/2/w/448/8351228084_1_1_1.jpg?ts=1691577425274,https://www.zara.com/in/en/printed-rustic-dress-with-cut-out-detail-p08351228.html,Women,3.6
694,MESH DRESS WITH FRINGING,DRESSES_JUMPSUITS,4990.0,Sleeveless dress made of contrast woven mesh fabric. Featuring a round neck and a low-cut back. Fringed hems.This garment is not lined.,https://static.zara.net/photos///2023/I/0/1/p/7901/842/700/2/w/448/7901842700_1_1_1.jpg?ts=1689170512024,https://www.zara.com/in/en/mesh-dress-with-fringing-p07901842.html,Women,4.4
695,CROCHET HALTER DRESS,DRESSES_JUMPSUITS,4990.0,Long crochet dress featuring a halter neck with tie detail and matching lining.,https://static.zara.net/photos///2023/I/0/1/p/2712/806/712/2/w/448/2712806712_1_1_1.jpg?ts=1689170520104,https://www.zara.com/in/en/crochet-halter-dress-p02712806.html,Women,4.4
696,GABARDINE JUMPSUIT,DRESSES_JUMPSUITS,4990.0,Jumpsuit made of gabardine-style fabric. Halter neck with round neckline. Darted detailing on the front. Front zip and metal hook fastening at the neck with buttons Back zip fastening hidden in the seam.,https://static.zara.net/photos///2023/I/0/1/p/7901/245/507/2/w/448/7901245507_1_1_1.jpg?ts=1692361752088,https://www.zara.com/in/en/gabardine-jumpsuit-p07901245.html,Women,4.0
697,PRINTED SATIN DRESS,DRESSES_JUMPSUITS,4990.0,Midi dress made of 100% viscose. Flowing neckline and adjustable thin straps. Asymmetric A-line hem.,https://static.zara.net/photos///2023/I/0/1/p/4786/338/330/2/w/448/4786338330_1_1_1.jpg?ts=1691658207148,https://www.zara.com/in/en/printed-satin-dress-p04786338.html,Women,4.2
698,Z1975 DENIM JUMPSUIT,DRESSES_JUMPSUITS,4990.0,Jumpsuit with a johnny collar and short sleeves. Front pockets and rear patch pockets. Straight-leg design. Elastic waist at the back. Button-up front.,https://static.zara.net/photos///2023/I/0/1/p/8069/669/400/2/w/448/8069669400_1_1_1.jpg?ts=1690464700833,https://www.zara.com/in/en/z1975-denim-jumpsuit-p08069669.html,Women,3.5
699,RUFFLED POLKA DOT DRESS,DRESSES_JUMPSUITS,4990.0,Dress with an asymmetric neckline and thin straps. Lining. Ruffled trims. Slit at the hem. Invisible back zip fastening.,https://static.zara.net/photos///2023/I/0/1/p/8215/313/084/2/w/448/8215313084_1_1_1.jpg?ts=1689172815974,https://www.zara.com/in/en/ruffled-polka-dot-dress-p08215313.html,Women,4.5
700,PRINTED HALTER DRESS,DRESSES_JUMPSUITS,4990.0,Midi dress made of 100% cotton. Halter neck with adjustable ties at the neck. Layered detail in the same fabric. Open back. A-line hem. Wrap-style front with ties.,https://static.zara.net/photos///2023/I/0/1/p/2183/248/251/12/w/448/2183248251_1_1_1.jpg?ts=1691599336539,https://www.zara.com/in/en/printed-halter-dress-p02183248.html,Women,4.0
701,LINEN BLEND HALTER NECK DRESS,DRESSES_JUMPSUITS,4990.0,Midi dress made of a lyocell and linen blend. Halter neck with lapel. Tied belt in the same fabric and beading. Elastic detail at the back. Invisible side zip fastening.,https://static.zara.net/photos///2023/I/0/1/p/8295/967/430/2/w/448/8295967430_1_1_1.jpg?ts=1690961051447,https://www.zara.com/in/en/linen-blend-halter-neck-dress-p04786293.html,Women,3.9
702,PRINTED SATIN DRESS,DRESSES_JUMPSUITS,4990.0,Sleeveless midi dress with a round neckline and shoulder pads. Gathered side detail. Fastens at the back with a buttoned opening and at the side with an invisible zip.,https://static.zara.net/photos///2023/I/0/1/p/8437/152/330/3/w/448/8437152330_1_1_1.jpg?ts=1692365697621,https://www.zara.com/in/en/printed-satin-dress-p08437152.html,Women,4.6
703,LINEN BLEND MIDI DRESS,DRESSES_JUMPSUITS,4990.0,Midi dress made of a linen blend fabric. Straight neckline and wide straps. Open back detail with ties in the same fabric. Invisible back zip fastening.,https://static.zara.net/photos///2023/I/0/1/p/8263/967/800/13/w/448/8263967800_1_1_1.jpg?ts=1689852251228,https://www.zara.com/in/en/linen-blend-midi-dress-p04786283.html,Women,3.8
704,SHORT PRINTED DRESS,DRESSES_JUMPSUITS,3290.0,Dress featuring a slot collar with drawstring. Sleeves falling below the elbow with elastic trim. Elastic waist. Ruffled hem.,https://static.zara.net/photos///2023/I/0/1/p/2587/160/044/2/w/448/2587160044_1_1_1.jpg?ts=1691577426547,https://www.zara.com/in/en/short-printed-dress-p02587160.html,Women,3.5
705,GATHERED MIDI SLIP DRESS,DRESSES_JUMPSUITS,3290.0,V-neck dress with thin straps and buckles at the back. Gathered front detail and slit at the hem. Invisible back zip fastening.,https://static.zara.net/photos///2023/I/0/1/p/8474/359/052/2/w/448/8474359052_1_1_1.jpg?ts=1692008566181,https://www.zara.com/in/en/gathered-midi-slip-dress-p08474359.html,Women,3.4
706,LINEN BLEND MIDI DRESS,DRESSES_JUMPSUITS,3290.0,"Dress made of a linen blend. Featuring a V-neckline, thin woven straps, elasticated at the back and a button-up front fastening.",https://static.zara.net/photos///2023/I/0/1/p/7741/939/737/2/w/448/7741939737_1_1_1.jpg?ts=1685358959571,https://www.zara.com/in/en/linen-blend-midi-dress-p07741939.html,Women,4.4
707,LINEN BLEND FLORAL PRINT DRESS,DRESSES_JUMPSUITS,3290.0,Midi dress made of a linen blend. V-neck with gathering and thin straps. Cut-out detail at the back. Invisible back zip fastening.,https://static.zara.net/photos///2023/I/0/1/p/7737/525/330/2/w/448/7737525330_1_1_1.jpg?ts=1685104982304,https://www.zara.com/in/en/linen-blend-floral-print-dress-p07737525.html,Women,3.5
708,POINTELLE KNIT MINI DRESS,DRESSES_JUMPSUITS,3290.0,Sleeveless dress with a round neck and contrast cutwork fabric detail.,https://static.zara.net/photos///2023/I/0/1/p/9598/113/800/2/w/448/9598113800_1_1_1.jpg?ts=1686153250724,https://www.zara.com/in/en/pointelle-knit-mini-dress-p09598113.html,Women,4.9
709,LINEN BLEND MIDI SLIP DRESS,DRESSES_JUMPSUITS,3290.0,Dress made of a linen blend. Straight neckline with smocking and wide straps. Invisible side zip fastening and front buttons.,https://static.zara.net/photos///2023/I/0/1/p/7983/708/500/2/w/448/7983708500_1_1_1.jpg?ts=1687939165271,https://www.zara.com/in/en/linen-blend-midi-slip-dress-p07983708.html,Women,3.2
710,LONG KNIT DRESS,DRESSES_JUMPSUITS,3290.0,Long dress with a round neck and long sleeves.,https://static.zara.net/photos///2023/I/0/1/p/5536/135/070/2/w/448/5536135070_1_1_1.jpg?ts=1692346994896,https://www.zara.com/in/en/long-knit-dress-p05536135.html,Women,4.9
711,BOX PLEAT SHIRT DRESS,DRESSES_JUMPSUITS,3290.0,Short fitted dress with a Johnny collar and short sleeves. Matching visible topstitching detail. Box pleat hem. Front fastening with metal zip.,https://static.zara.net/photos///2023/I/0/1/p/7901/241/438/2/w/448/7901241438_1_1_1.jpg?ts=1690543008278,https://www.zara.com/in/en/box-pleat-shirt-dress-p07901241.html,Women,4.2
712,Z1975 DENIM PLAYSUIT,DRESSES_JUMPSUITS,3290.0,Collared playsuit with turn-up short sleeves. Front pockets and back patch pockets. Elasticated waistband at the back. Front zip fastening and metal buttons.,https://static.zara.net/photos///2023/I/0/1/p/8180/702/712/2/w/448/8180702712_1_1_1.jpg?ts=1691075842855,https://www.zara.com/in/en/z1975-denim-playsuit-p08180603.html,Women,4.1
713,FLOWING OPEN-BACK DRESS,DRESSES_JUMPSUITS,3290.0,Long dress with a round neck and long sleeves with flared trims. Open back detail.,https://static.zara.net/photos///2023/I/0/1/p/8686/451/800/2/w/448/8686451800_1_1_1.jpg?ts=1692787615859,https://www.zara.com/in/en/flowing-open-back-dress-p08686451.html,Women,3.9
714,FITTED MIDI DRESS,DRESSES_JUMPSUITS,2290.0,Fitted midi dress made of a cotton blend. Wide neck and short sleeves.,https://static.zara.net/photos///2023/I/0/1/p/2335/175/700/2/w/448/2335175700_1_1_1.jpg?ts=1686725691159,https://www.zara.com/in/en/fitted-midi-dress-p02335175.html,Women,4.3
715,LONG FITTED DRESS,DRESSES_JUMPSUITS,2290.0,Long dress with a round neckline and thin straps. Side draped detail.,https://static.zara.net/photos///2023/I/0/1/p/3905/628/800/2/w/448/3905628800_1_1_1.jpg?ts=1690191628513,https://www.zara.com/in/en/long-fitted-dress-p03905628.html,Women,4.1
716,TIE-DYE PRINT KNIT DRESS,DRESSES_JUMPSUITS,2990.0,Midi dress with a straight-cut neckline and thin straps.,https://static.zara.net/photos///2023/I/0/1/p/6427/103/050/2/w/448/6427103050_1_1_1.jpg?ts=1686830489258,https://www.zara.com/in/en/tie-dye-print-knit-dress-p06427103.html,Women,4.6
717,TEXTURED STRAPPY DRESS,DRESSES_JUMPSUITS,2990.0,Midi dress with a V-neck and straps. Raised textured fabric.,https://static.zara.net/photos///2023/I/0/1/p/4770/450/712/2/w/448/4770450712_1_1_1.jpg?ts=1691050444884,https://www.zara.com/in/en/textured-strappy-dress-p04770450.html,Women,4.2
718,FITTED MINI DRESS,DRESSES_JUMPSUITS,990.0,Short dress with a straight neckline and thin straps.,https://static.zara.net/photos///2023/V/0/1/p/4174/328/600/17/w/448/4174328600_1_1_1.jpg?ts=1683884646711,https://www.zara.com/in/en/fitted-mini-dress-p04174328.html,Women,4.2
719,STRAPLESS DRAPED DRESS,DRESSES_JUMPSUITS,8590.0,Long strapless dress made of 100% viscose. Elastic smocked fabric. Asymmetric hem with ruffles in the same fabric.,https://static.zara.net/photos///2023/I/0/1/p/8078/350/800/3/w/0/8078350800_1_1_1.jpg?ts=1689782107197,https://www.zara.com/in/en/strapless-draped-dress-p08078350.html,Women,3.9
720,PRINTED DRESS WITH FRILLS,DRESSES_JUMPSUITS,8590.0,Long dress featuring a halter neck with adjustable ties. Ruffle details in the same fabric. Flared hem.,https://static.zara.net/photos///2023/I/0/1/p/7616/023/330/3/w/448/7616023330_1_1_1.jpg?ts=1687183165137,https://www.zara.com/in/en/printed-dress-with-frills-p07616023.html,Women,4.1
721,SHINY MIDI DRESS - LIMITED EDITION,DRESSES_JUMPSUITS,8590.0,"Midi dress made of a viscose blend. V-neck and wide adjustable straps with ties at the neck. Bead, sequin and metallic thread appliqués. Cut-out details at the waist. Lining. Fastens at the back with ties in the same fabric.View more",https://static.zara.net/photos///2023/I/0/1/p/6895/250/250/2/w/448/6895250250_1_1_1.jpg?ts=1689936423116,https://www.zara.com/in/en/shiny-midi-dress---limited-edition-p06895250.html,Women,4.2
722,PRINTED DRESS WITH ASYMMETRIC HEM,DRESSES_JUMPSUITS,3990.0,Midi dress with an asymmetric neckline and woven adjustable tie strap. Featuring matching lining and bead detail on the strap.,https://static.zara.net/photos///2023/I/0/1/p/5107/365/080/2/w/448/5107365080_1_1_1.jpg?ts=1684923488916,https://www.zara.com/in/en/printed-dress-with-asymmetric-hem-p05107365.html,Women,3.3
723,LONG PRINTED PANELLED DRESS,DRESSES_JUMPSUITS,3990.0,Slot collar dress with long sleeves. Button-up front.,https://static.zara.net/photos///2023/I/0/1/p/5598/222/069/2/w/448/5598222069_1_1_1.jpg?ts=1684400765871,https://www.zara.com/in/en/long-printed-panelled-dress-p05598222.html,Women,3.5
724,CUT-OUT JUMPSUIT,DRESSES_JUMPSUITS,3990.0,Strappy jumpsuit with a square-cut neckline. Cut-out details. Invisible back zip and metal hook fastening.,https://static.zara.net/photos///2023/I/0/1/p/7801/707/800/2/w/448/7801707800_1_1_1.jpg?ts=1685626667011,https://www.zara.com/in/en/cut-out-jumpsuit-p07801707.html,Women,4.4
725,SATIN JUMPSUIT WITH WRINKLED EFFECT,DRESSES_JUMPSUITS,3990.0,V-neck jumpsuit with thin double straps. Elasticated waist and matching belt.,https://static.zara.net/photos///2023/I/0/1/p/9878/159/506/2/w/448/9878159506_1_1_1.jpg?ts=1687190190449,https://www.zara.com/in/en/satin-jumpsuit-with-wrinkled-effect-p09878159.html,Women,4.2
726,KNOTTED CUT-OUT JUMPSUIT,DRESSES_JUMPSUITS,3990.0,Jumpsuit with a knotted V-neckline and thin braided straps. Cut-out details at the waist. Straight-leg design. Invisible back zip fastening.,https://static.zara.net/photos///2023/I/0/1/p/3897/151/123/2/w/448/3897151123_1_1_1.jpg?ts=1687348745642,https://www.zara.com/in/en/knotted-cut-out-jumpsuit-p03897151.html,Women,4.0
727,PRINTED SATIN DRESS,DRESSES_JUMPSUITS,3990.0,Long V-neck dress with thin straps. Open back detail.,https://static.zara.net/photos///2023/I/0/1/p/8025/438/121/2/w/448/8025438121_1_1_1.jpg?ts=1688053742204,https://www.zara.com/in/en/printed-satin-dress-p08025438.html,Women,4.1
728,METALLIC MIDI DRESS,DRESSES_JUMPSUITS,3990.0,Midi dress made of metallic knit fabric. Halter neck and plunging V-neckline. Gathered elastic detail on the front. Contrast lining. Invisible side zip fastening.,https://static.zara.net/photos///2023/I/0/1/p/7901/233/307/2/w/448/7901233307_1_1_1.jpg?ts=1691489539050,https://www.zara.com/in/en/metallic-midi-dress-p07901233.html,Women,4.3
729,LINEN SHIRT DRESS,DRESSES_JUMPSUITS,3990.0,Dress made of 100% linen. Johnny collar and rolled-up sleeves with buttoned tabs. Side slits at the hem. Button-up front.,https://static.zara.net/photos///2023/I/0/1/p/7771/707/506/2/w/448/7771707506_1_1_1.jpg?ts=1686748948908,https://www.zara.com/in/en/linen-shirt-dress-p07771707.html,Women,3.9
730,METALLIC PRINTED SLIP DRESS,DRESSES_JUMPSUITS,3990.0,Midi dress with a V-neck and thin straps. Metallic print. Open back.,https://static.zara.net/photos///2023/I/0/1/p/8325/470/302/2/w/448/8325470302_1_1_1.jpg?ts=1691571724229,https://www.zara.com/in/en/metallic-printed-slip-dress-p08325470.html,Women,3.7
731,PRINTED TULLE DRESS,DRESSES_JUMPSUITS,3990.0,Sleeveless midi dress with a high neck. Gathered detail on the shoulder and side. Lining. Invisible back zip fastening.,https://static.zara.net/photos///2023/I/0/1/p/4661/213/111/2/w/448/4661213111_1_1_1.jpg?ts=1691662361875,https://www.zara.com/in/en/printed-tulle-dress-p04661213.html,Women,4.2
732,LINEN BLEND FLORAL PRINT DRESS,DRESSES_JUMPSUITS,3990.0,Midi dress made of a linen blend. Straight elasticated neckline and wide straps. Front slit at the hem. Invisible side zip fastening.,https://static.zara.net/photos///2023/I/0/1/p/8322/446/069/2/w/448/8322446069_1_1_1.jpg?ts=1690965015270,https://www.zara.com/in/en/linen-blend-floral-print-dress-p08322446.html,Women,3.7
733,PLEATED HALTER DRESS,DRESSES_JUMPSUITS,3990.0,Long dress featuring a flowing halter neck with pleats. Pleated fabric detail. Open back.,https://static.zara.net/photos///2023/I/0/1/p/0264/461/300/2/w/448/0264461300_1_1_1.jpg?ts=1690210736606,https://www.zara.com/in/en/pleated-halter-dress-p00264461.html,Women,4.3
734,DRAPED MIDI DRESS,DRESSES_JUMPSUITS,3990.0,Midi dress with a straight-cut neckline made of a cotton blend fabric. Thin straps featuring bead appliqués that cross at the back and with adjustable ties. Draped fabric detail. Side slit at the hem.,https://static.zara.net/photos///2023/I/0/1/p/9479/256/805/17/w/448/9479256805_1_1_1.jpg?ts=1687533946961,https://www.zara.com/in/en/draped-midi-dress-p09479256.html,Women,3.3
735,FITTED STRAPPY DRESS WITH CUT-OUT DETAIL,DRESSES_JUMPSUITS,2590.0,Round neck midi dress with wide straps. Cut-out detail at the back.,https://static.zara.net/photos///2023/I/0/1/p/5584/452/250/2/w/448/5584452250_6_1_1.jpg?ts=1688627331465,https://www.zara.com/in/en/fitted-strappy-dress-with-cut-out-detail-p05584452.html,Women,4.6
736,TUNIC DRESS WITH CUT-OUT DETAILS,DRESSES_JUMPSUITS,2590.0,Tunic dress with a V-neckline and short sleeves. Side cut-out details.,https://static.zara.net/photos///2023/I/0/1/p/4770/451/250/22/w/448/4770451250_1_1_1.jpg?ts=1691057649335,https://www.zara.com/in/en/tunic-dress-with-cut-out-details-p04770451.html,Women,4.3
737,ASYMMETRIC TIE-DYE PRINT TULLE DRESS,DRESSES_JUMPSUITS,2590.0,Midi dress with an asymmetric neckline and a long sleeve. Draped fabric. Contrast lining.,https://static.zara.net/photos///2023/I/0/1/p/5039/394/070/2/w/448/5039394070_1_1_1.jpg?ts=1691422498426,https://www.zara.com/in/en/asymmetric-tie-dye-print-tulle-dress-p05039394.html,Women,4.2
738,CUTWORK EMBROIDERY DRESS WITH BELT,DRESSES_JUMPSUITS,7590.0,Collared midi dress made of 100% cotton. Sleeves falling below the elbow with buttoned cuffs. Tie belt in the same fabric. Button-up fastening.,https://static.zara.net/photos///2023/I/0/1/p/7781/063/250/2/w/448/7781063250_1_1_1.jpg?ts=1690961051545,https://www.zara.com/in/en/cutwork-embroidery-dress-with-belt-p07781063.html,Women,4.5
739,MESH MIDI DRESS WITH RHINESTONES,DRESSES_JUMPSUITS,7590.0,Semi-sheer midi dress made of mesh fabric. Round neck and long sleeves. Rhinestone appliqués. This garment is not lined.,https://static.zara.net/photos///2023/I/0/1/p/7901/933/800/2/w/448/7901933800_1_1_1.jpg?ts=1692344971780,https://www.zara.com/in/en/mesh-midi-dress-with-rhinestones-p07901933.html,Women,4.8
740,HEAVY COTTON DRESS WITH SLITS,DRESSES_JUMPSUITS,2290.0,Midi dress made of 100% cotton. Round neck and short sleeves. Side slits at the hem.,https://static.zara.net/photos///2023/I/0/1/p/4174/465/706/2/w/448/4174465706_1_1_1.jpg?ts=1689844711030,https://www.zara.com/in/en/heavy-cotton-dress-with-slits-p04174465.html,Women,4.6
741,BELTED PLAYSUIT,DRESSES_JUMPSUITS,3290.0,Playsuit featuring a lapel collar and short sleeves. Front and back patch pockets. Button fastening on the front and a belt in the same fabric.,https://static.zara.net/photos///2023/I/0/1/p/8066/675/507/2/w/448/8066675507_1_1_1.jpg?ts=1689939072785,https://www.zara.com/in/en/belted-playsuit-p08066675.html,Women,3.3
742,TIE-DYE PRINT DRESS,DRESSES_JUMPSUITS,3290.0,Short V-neck dress with a tie detail at the neck. Open back. Contrast lining. Bead appliqués.,https://static.zara.net/photos///2023/I/0/1/p/7200/360/080/2/w/448/7200360080_1_1_1.jpg?ts=1684923490325,https://www.zara.com/in/en/tie-dye-print-dress-p07200360.html,Women,3.5
743,CUTWORK EMBROIDERY DRESS,DRESSES_JUMPSUITS,3290.0,Short dress with a round V-neckline and short sleeves. Matching cutwork embroidery. Flared hem.,https://static.zara.net/photos///2023/I/0/1/p/7521/269/250/2/w/448/7521269250_1_1_1.jpg?ts=1688980755953,https://www.zara.com/in/en/cutwork-embroidery-dress-p07521269.html,Women,3.8
744,DRAPED MIDI DRESS,DRESSES_JUMPSUITS,3290.0,"Dress featuring a straight neckline with side gathering. Slit at the hem, Invisible side zip fastening.",https://static.zara.net/photos///2023/I/0/1/p/2298/176/505/2/w/448/2298176505_1_1_1.jpg?ts=1690546671275,https://www.zara.com/in/en/draped-midi-dress-p02298155.html,Women,4.1
745,PRINTED TULLE MIDI DRESS,DRESSES_JUMPSUITS,3290.0,"Dress featuring a halter neck with tied detail, contrast lining, gathered detail and an invisible side zip fastening.",https://static.zara.net/photos///2023/I/0/1/p/7752/419/050/2/w/448/7752419050_1_1_1.jpg?ts=1684767551872,https://www.zara.com/in/en/printed-tulle-midi-dress-p07752419.html,Women,4.3
746,TRF DENIM BOX PLEAT DRESS,DRESSES_JUMPSUITS,3290.0,Short dress with a straight neckline and exposed shoulders. Side pockets. Box pleat hem. Side metal zip fastening.,https://static.zara.net/photos///2023/I/0/1/p/3607/281/400/2/w/448/3607281400_2_1_1.jpg?ts=1689692177630,https://www.zara.com/in/en/trf-denim-box-pleat-dress-p03607281.html,Women,3.8
747,SHORT JUMPSUIT WITH TIED BOW,DRESSES_JUMPSUITS,3290.0,Playsuit with a plunging V-neckline and short turn-up sleeves. Side in-seam pockets. Elasticated waistband with adjustable ties. Invisible back zip fastening.,https://static.zara.net/photos///2023/I/0/1/p/3152/208/304/2/w/448/3152208304_1_1_1.jpg?ts=1688732542837,https://www.zara.com/in/en/short-jumpsuit-with-tied-bow-p03152208.html,Women,4.2
748,SATIN MINI DRESS,DRESSES_JUMPSUITS,3290.0,Collared dress with a surplice neckline. Long slit sleeves. Gathered detail at the front. Invisible side zip fastening.,https://static.zara.net/photos///2023/I/0/1/p/2572/796/500/2/w/448/2572796500_1_1_1.jpg?ts=1689175827441,https://www.zara.com/in/en/satin-mini-dress-p02572851.html,Women,3.8
749,LINEN-BLEND SHIRT-STYLE PLAYSUIT,DRESSES_JUMPSUITS,3290.0,Playsuit featuring a Johnny collar and short sleeves. Elasticated waist. Front patch pockets. Button-up front.,https://static.zara.net/photos///2023/I/0/1/p/7826/939/961/2/w/448/7826939961_1_1_1.jpg?ts=1686063610289,https://www.zara.com/in/en/linen-blend-shirt-style-playsuit-p07826939.html,Women,3.8
750,LINEN BLEND GATHERED MIDI DRESS,DRESSES_JUMPSUITS,3290.0,Dress made of a linen blend fabric. V-neck and thin straps twisted at the back. Front gathered details and slit at the hem. Invisible back zip fastening.,https://static.zara.net/photos///2023/I/0/1/p/7812/575/420/2/w/448/7812575420_1_1_1.jpg?ts=1686581672390,https://www.zara.com/in/en/linen-blend-gathered-midi-dress-p07812575.html,Women,3.5
751,PRINTED RUSTIC MIDI DRESS,DRESSES_JUMPSUITS,3290.0,Dress featuring a V-neck with gathering and thin straps. Front fastening with matching covered buttons.,https://static.zara.net/photos///2023/I/0/1/p/8351/230/064/2/w/448/8351230064_2_1_1.jpg?ts=1691577425641,https://www.zara.com/in/en/printed-rustic-midi-dress-p08351230.html,Women,3.7
752,KNIT DRESS WITH GOLD BUTTONS,DRESSES_JUMPSUITS,3290.0,"Short sleeveless dress with a round neckline, false golden buttons and a pleated hem.",https://static.zara.net/photos///2023/I/0/1/p/3859/055/250/2/w/448/3859055250_1_1_1.jpg?ts=1688716765538,https://www.zara.com/in/en/knit-dress-with-gold-buttons-p03859055.html,Women,3.5
753,MIDI DRESS WITH CUT-OUT DETAIL,DRESSES_JUMPSUITS,3290.0,Knit midi dress with a halter neck and round neckline. Cut-out detail at the waist and metal pieces. Invisible back zip fastening. Back slit at the hem.,https://static.zara.net/photos///2023/I/0/1/p/8115/091/613/2/w/448/8115091613_1_1_1.jpg?ts=1689668777347,https://www.zara.com/in/en/midi-dress-with-cut-out-detail-p08115091.html,Women,3.7
754,STRAPLESS DRESS WITH SLITS,DRESSES_JUMPSUITS,3290.0,Long strapless dress. Front slit detail and lined metal ring in the same fabric. Draped fabric.,https://static.zara.net/photos///2023/I/0/1/p/5644/807/615/2/w/448/5644807615_1_1_1.jpg?ts=1689861335576,https://www.zara.com/in/en/strapless-dress-with-slits-p05644807.html,Women,4.6
755,FITTED HALTER DRESS WITH RING DETAIL,DRESSES_JUMPSUITS,3290.0,Long halter neck dress with metal ring. Draped fabric detail on the side.,https://static.zara.net/photos///2023/I/0/1/p/5644/808/800/22/w/448/5644808800_1_1_1.jpg?ts=1690451545791,https://www.zara.com/in/en/fitted-halter-dress-with-ring-detail-p05644808.html,Women,3.7
756,SHORT DRESS WITH LACE TRIM DETAILS,DRESSES_JUMPSUITS,3290.0,Slot collar dress with ruffles. Long sleeves. Front lace trim details. Ruffled hem. Button-up front.,https://static.zara.net/photos///2023/I/0/1/p/8101/592/250/2/w/448/8101592250_1_1_1.jpg?ts=1689264048668,https://www.zara.com/in/en/short-dress-with-lace-trim-details-p08101592.html,Women,5.0
757,SHORT PLEATED DRESS,DRESSES_JUMPSUITS,3290.0,Short dress featuring a halter neck with a tie detail and a V-neck. Pleated fabric with ruffle trims. Matching lining.,https://static.zara.net/photos///2023/I/0/1/p/0219/804/700/2/w/448/0219804700_1_1_1.jpg?ts=1691058935654,https://www.zara.com/in/en/short-pleated-dress-p00219804.html,Women,4.3
758,LINEN-BLEND CORSETRY-INSPIRED MIDI DRESS,DRESSES_JUMPSUITS,3290.0,Dress made of a linen blend. V-neck with gathering and thin straps. Matching false covered buttons on the front. Slit at the hem. Invisible zip and tied fastening at the back.,https://static.zara.net/photos///2023/I/0/1/p/7737/381/526/2/w/448/7737381526_1_1_1.jpg?ts=1690464702136,https://www.zara.com/in/en/linen-blend-corsetry-inspired-midi-dress-p07737381.html,Women,4.2
759,STRAPLESS MIDI DRESS WITH CUT-OUT DETAIL,DRESSES_JUMPSUITS,3290.0,Midi dress with a straight-cut neckline and exposed shoulders. Cut-out detail on the chest. Back slit at the hem. Invisible back zip fastening.,https://static.zara.net/photos///2023/I/0/1/p/8342/220/800/12/w/448/8342220800_1_1_1.jpg?ts=1687345998246,https://www.zara.com/in/en/strapless-midi-dress-with-cut-out-detail-p08342220.html,Women,3.7
760,CAMISOLE DRESS WITH GATHERING,DRESSES_JUMPSUITS,3290.0,Satiny dress with a V-neckline and thin straps. Gathered front detail. Front slit. Invisible back zip fastening.,https://static.zara.net/photos///2023/I/0/1/p/0387/155/800/2/w/448/0387155800_1_1_1.jpg?ts=1688480095315,https://www.zara.com/in/en/camisole-dress-with-gathering-p00387155.html,Women,4.4
761,PRINTED MINI DRESS,DRESSES_JUMPSUITS,3290.0,Slot collar dress with long sleeves with elasticated trim. Elasticated waist and a thin belt in the same fabric. Button-up front.,https://static.zara.net/photos///2023/I/0/1/p/9878/238/043/2/w/448/9878238043_1_1_1.jpg?ts=1690386809651,https://www.zara.com/in/en/printed-mini-dress-p09878238.html,Women,3.8
762,JUMPSUIT WITH RUFFLES,DRESSES_JUMPSUITS,5990.0,Sleeveless jumpsuit with a round neck. Matching pleated ruffle trims. Tied belt in the same fabric. Back fastening with invisible zip and buttoned opening.,https://static.zara.net/photos///2023/I/0/1/p/1971/102/800/2/w/448/1971102800_1_1_1.jpg?ts=1685015276069,https://www.zara.com/in/en/jumpsuit-with-ruffles-p01971102.html,Women,4.2
763,LINEN MIDI DRESS,DRESSES_JUMPSUITS,5990.0,Midi dress made of linen. Johnny collar and short sleeves with adjustable buttoned tabs. Pleated detail on the front. Side slits at the hem. Button-up front.,https://static.zara.net/photos///2023/I/0/1/p/4786/318/500/2/w/448/4786318500_1_1_1.jpg?ts=1688486452293,https://www.zara.com/in/en/linen-midi-dress-p04786318.html,Women,5.0
764,DRESS,DRESSES_JUMPSUITS,3290.0,Sleeveless knit midi dress with a high neck. Draped fabric. Back vent at the hem. Matching lining. Invisible zip fastening.,https://static.zara.net/photos///2023/I/0/1/p/3152/200/543/2/w/448/3152200543_1_1_1.jpg?ts=1692704247914,https://www.zara.com/in/en/dress-p03152200.html,Women,4.1
765,RUFFLED MIDI DRESS,DRESSES_JUMPSUITS,5990.0,Sleeveless midi dress made of linen. V-neck. Ruffles in the same fabric and side slits. Tied fastening at the back.,https://static.zara.net/photos///2023/I/0/1/p/2731/245/330/2/w/448/2731245330_1_1_1.jpg?ts=1685693896213,https://www.zara.com/in/en/ruffled-midi-dress-p02731245.html,Women,4.6
766,LINEN BLEND MIDI DRESS,DRESSES_JUMPSUITS,5990.0,Midi dress made of a lyocell and linen blend. Straight neckline and wide straps. Side in-seam pockets and smocking at the back. Invisible side zip fastening.,https://static.zara.net/photos///2023/V/0/1/p/4786/296/805/2/w/448/4786296805_1_1_1.jpg?ts=1684236117065,https://www.zara.com/in/en/linen-blend-midi-dress-p04786296.html,Women,3.8
767,DENIM TRF CARGO JUMPSUIT,DRESSES_JUMPSUITS,5990.0,Jumpsuit with a straight neckline and adjustable straps. Patch pockets with tabs on the leg. Smocked fabric on the back. Zip fly and top button fastening at the front hidden by a placket.,https://static.zara.net/photos///2023/I/0/1/p/8197/238/407/2/w/448/8197238407_1_1_1.jpg?ts=1690987134860,https://www.zara.com/in/en/denim-trf-cargo-jumpsuit-p08197238.html,Women,4.1
768,SATIN DRESS WITH TOPSTITCHING,DRESSES_JUMPSUITS,5990.0,V-neck satin dress with long sleeves. Contrast pronounced topstitching details.,https://static.zara.net/photos///2023/I/0/1/p/1058/402/715/2/w/448/1058402715_1_1_1.jpg?ts=1692273227865,https://www.zara.com/in/en/satin-dress-with-topstitching-p01058402.html,Women,4.9
769,PRINTED TULLE DRESS,DRESSES_JUMPSUITS,2990.0,Long dress with a straight-cut neckline and exposed shoulders. Hem with side slit.,https://static.zara.net/photos///2023/I/0/1/p/5039/200/114/2/w/448/5039200114_1_1_1.jpg?ts=1689861334225,https://www.zara.com/in/en/printed-tulle-dress-p05039200.html,Women,3.8
770,HEAVY COTTON LONG DRESS,DRESSES_JUMPSUITS,2990.0,Long dress made of cotton. V-neckline and short sleeves. Side slits at the hem.,https://static.zara.net/photos///2023/I/0/1/p/2335/631/711/2/w/448/2335631711_1_1_1.jpg?ts=1688983631170,https://www.zara.com/in/en/heavy-cotton-long-dress-p02335631.html,Women,4.9
771,STRAPLESS DRESS,DRESSES_JUMPSUITS,2990.0,Short dress with a straight neckline and exposed shoulders. Draped fabric. Invisible back zip fastening. Matching lining.,https://static.zara.net/photos///2023/I/0/1/p/7905/717/620/2/w/448/7905717620_1_1_1.jpg?ts=1688628474812,https://www.zara.com/in/en/strapless-dress-p07905717.html,Women,4.4
772,CONTRAST LINEN BLEND DRESS,DRESSES_JUMPSUITS,2990.0,Sleeveless midi dress with a round neckline. Fabric appliqué detail made of a matching linen blend. Pleated sides and shoulders. Buttoned opening at the back.,https://static.zara.net/photos///2023/I/0/1/p/4174/801/802/2/w/448/4174801802_1_1_1.jpg?ts=1689862176463,https://www.zara.com/in/en/contrast-linen-blend-dress-p04174801.html,Women,3.8
773,STRAPLESS PRINTED JUMPSUIT,DRESSES_JUMPSUITS,5590.0,Jumpsuit featuring a straight neckline and short layer appliqué. Front darts. Wide-leg design. Invisible back zip fastening.,https://static.zara.net/photos///2023/I/0/1/p/7953/470/330/2/w/448/7953470330_1_1_1.jpg?ts=1687446567575,https://www.zara.com/in/en/strapless-printed-jumpsuit-p07953470.html,Women,4.4
774,SHIRT DRESS WITH CUTWORK EMBROIDERY,DRESSES_JUMPSUITS,5590.0,Dress with a Johnny collar and short sleeves with turn-up cuffs. Contrast cutwork embroidery and open back detail. Buttoned front and invisible side zip fastening.,https://static.zara.net/photos///2023/I/0/1/p/7946/528/044/2/w/448/7946528044_1_1_1.jpg?ts=1686581673358,https://www.zara.com/in/en/shirt-dress-with-cutwork-embroidery-p07946528.html,Women,4.5
775,SHIRT DRESS WITH BELT,DRESSES_JUMPSUITS,5590.0,Dress made of a linen and cotton blend fabric. Johnny collar and short sleeves with turn-up cuffs and buttoned tabs. Button-up front with a braided belt.,https://static.zara.net/photos///2023/I/0/1/p/8024/390/712/2/w/448/8024390712_1_1_1.jpg?ts=1689175826594,https://www.zara.com/in/en/shirt-dress-with-belt-p08024390.html,Women,4.4
776,SNAKESKIN PRINT DRESS WITH CUT-OUT DETAIL,DRESSES_JUMPSUITS,5590.0,V-neck midi dress with long sleeves. Cut-out detail at the waist. Contrast lining. Invisible back zip fastening.,https://static.zara.net/photos///2023/I/0/1/p/8741/243/039/2/w/448/8741243039_1_1_1.jpg?ts=1692352293131,https://www.zara.com/in/en/snakeskin-print-dress-with-cut-out-detail-p08741243.html,Women,3.4
777,FLORAL PRINT SATIN DRESS,DRESSES_JUMPSUITS,5590.0,Midi dress featuring a V-neck with gathering and wide straps that cross at the back. Invisible side zip fastening.,https://static.zara.net/photos///2023/I/0/1/p/8460/148/330/2/w/448/8460148330_1_1_1.jpg?ts=1691593337621,https://www.zara.com/in/en/floral-print-satin-dress-p08460148.html,Women,3.8
778,PRINTED FITTED MIDI DRESS,DRESSES_JUMPSUITS,2590.0,Sleeveless dress with a round neck. Side gathering and opening at the back.,https://static.zara.net/photos///2023/I/0/1/p/1165/677/112/2/w/448/1165677112_1_1_1.jpg?ts=1689599720307,https://www.zara.com/in/en/printed-fitted-midi-dress-p01165677.html,Women,4.0
779,PRINTED MIDI DRESS,DRESSES_JUMPSUITS,4990.0,Halter neck midi dress with a contrast print. Buttoned opening at the neck.,https://static.zara.net/photos///2023/I/0/1/p/2548/241/800/2/w/448/2548241800_1_1_1.jpg?ts=1688725170276,https://www.zara.com/in/en/printed-midi-dress-p02548241.html,Women,4.1
780,STRIPED KAFTAN DRESS,DRESSES_JUMPSUITS,4990.0,Semi-sheer kaftan dress with metallic thread. Featuring a V-neckline and long sleeves. This garment is not lined.,https://static.zara.net/photos///2023/I/0/1/p/3920/040/330/2/w/448/3920040330_1_1_1.jpg?ts=1684935151456,https://www.zara.com/in/en/striped-kaftan-dress-p03920040.html,Women,4.4
781,BELTED LINEN BLEND SHIRT DRESS,DRESSES_JUMPSUITS,4990.0,"Dress made of a linen blend fabric. Johnny collar and sleeves falling below the elbow with turn-up cuffs, tabs and buttons. Belted button-up front.",https://static.zara.net/photos///2023/I/0/1/p/7742/939/250/2/w/448/7742939250_1_1_1.jpg?ts=1685358958908,https://www.zara.com/in/en/belted-linen-blend-shirt-dress-p07742939.html,Women,4.2
782,SATIN MIDI DRESS,DRESSES_JUMPSUITS,4990.0,Sleeveless dress with a round neck. Crossover front detail with opening at the chest. Back slit at the hem. Invisible back zip fastening.,https://static.zara.net/photos///2023/I/0/1/p/8011/899/600/22/w/448/8011899600_1_1_1.jpg?ts=1689931755589,https://www.zara.com/in/en/satin-midi-dress-p08011899.html,Women,3.5
783,LONG EMBROIDERED BLOUSE,DRESSES_JUMPSUITS,4990.0,Long blouse made of cotton. Slot collar with long sleeves. Contrast embroidery detail. Asymmetric hem with side vents. Button-up front.,https://static.zara.net/photos///2023/V/0/1/p/5107/047/251/2/w/448/5107047251_1_1_1.jpg?ts=1678811418814,https://www.zara.com/in/en/long-embroidered-blouse-p05107047.html,Women,4.3
784,STRAPLESS JUMPSUIT WITH BELT,DRESSES_JUMPSUITS,4990.0,Jumpsuit with a straight neckline and wide elastic trim at the back. Front pockets and side patch pockets with flaps. Belt detail in the same fabric with buckle. Invisible side zip fastening.,https://static.zara.net/photos///2023/I/0/1/p/0779/160/507/2/w/448/0779160507_1_1_1.jpg?ts=1690199036406,https://www.zara.com/in/en/strapless-jumpsuit-with-belt-p00779160.html,Women,4.4
785,PRINT SHIRT DRESS,DRESSES_JUMPSUITS,4990.0,"Collared midi dress made of 100% cotton. Featuring long sleeves with cuffs, a ruffled hem and front button fastening.",https://static.zara.net/photos///2023/I/0/1/p/2183/246/400/12/w/448/2183246400_1_1_1.jpg?ts=1691599336134,https://www.zara.com/in/en/print-shirt-dress-p02183246.html,Women,4.4
786,PRINTED MIDI DRESS,DRESSES_JUMPSUITS,4990.0,Midi dress made of cotton. Round neck and short sleeves. Ruffled hem.,https://static.zara.net/photos///2023/I/0/1/p/4786/258/330/2/w/448/4786258330_1_1_1.jpg?ts=1686126002724,https://www.zara.com/in/en/printed-midi-dress-p04786258.html,Women,4.6
787,LINEN BLEND DRAPED MINI DRESS,DRESSES_JUMPSUITS,4990.0,Dress made of a linen blend featuring a straight neckline. Gathered details. Invisible side zip fastening.,https://static.zara.net/photos///2023/I/0/1/p/7867/939/800/2/w/448/7867939800_1_1_1.jpg?ts=1686234645510,https://www.zara.com/in/en/linen-blend-draped-mini-dress-p07867939.html,Women,4.5
788,RUFFLED FLORAL PRINT DRESS,DRESSES_JUMPSUITS,4990.0,Midi slip dress with a V-neckline and thin straps. Lining. Front slit. Invisible side zip fastening.,https://static.zara.net/photos///2023/I/0/1/p/7969/224/071/2/w/448/7969224071_1_1_1.jpg?ts=1690199033825,https://www.zara.com/in/en/ruffled-floral-print-dress-p07969224.html,Women,4.3
789,LINEN BLEND DRESS WITH RUFFLES,DRESSES_JUMPSUITS,4990.0,Midi dress made of a linen blend. V-neckline with thin straps and bead appliqués. Cut-out detail at the waist. Ruffled hem. Invisible side zip fastening.,https://static.zara.net/photos///2023/I/0/1/p/7702/939/505/2/w/448/7702939505_1_1_1.jpg?ts=1688124510623,https://www.zara.com/in/en/linen-blend-dress-with-ruffles-p07702939.html,Women,4.1
790,FLOWING PRINTED JUMPSUIT,DRESSES_JUMPSUITS,4990.0,V-neck jumpsuit with wide short sleeves. Elasticated waistband. Lining. Wide-leg design. Buttoned opening at the back.,https://static.zara.net/photos///2023/I/0/1/p/9878/166/330/12/w/448/9878166330_1_1_1.jpg?ts=1688739356615,https://www.zara.com/in/en/flowing-printed-jumpsuit-p09878166.html,Women,3.4
791,Z1975 DENIM BAGGY MATCHING FABRIC JUMPSUIT,DRESSES_JUMPSUITS,4990.0,Sleeveless round neck jumpsuit. Elasticated waistband. Front pockets and rear patch pockets. Contrast fabric detail and opening at the back. Back zip fastening.,https://static.zara.net/photos///2023/I/0/1/p/1889/167/251/2/w/448/1889167251_1_1_1.jpg?ts=1689005386964,https://www.zara.com/in/en/z1975-denim-baggy-matching-fabric-jumpsuit-p01889167.html,Women,4.3
792,BELTED MIDI SHIRT DRESS,DRESSES_JUMPSUITS,4990.0,Johnny collar dress featuring turn-up sleeves with buttoned tabs. Front patch pockets. Elastic waistband and a contrast belt with buckle. Matching cutwork embroidery. Lining. Button-up front.,https://static.zara.net/photos///2023/I/0/1/p/8036/914/250/2/w/448/8036914250_1_1_1.jpg?ts=1689258558051,https://www.zara.com/in/en/belted-midi-shirt-dress-p08036914.html,Women,4.2
793,DENIM TRF SHIMMERY PLAYSUIT,DRESSES_JUMPSUITS,4990.0,Collared playsuit featuring turn-up short sleeves. Side pockets and rear patch pockets. Shimmer effect fabric. Button fastening on the front.,https://static.zara.net/photos///2023/I/0/1/p/6929/201/251/2/w/448/6929201251_2_1_1.jpg?ts=1688126313588,https://www.zara.com/in/en/denim-trf-shimmery-playsuit-p06929201.html,Women,4.2
794,TROPICAL PRINT JUMPSUIT,DRESSES_JUMPSUITS,4990.0,Jumpsuit with a Johnny collar and short sleeves. Elasticated waistband. Front pockets. Turn-up hems. Front button fastening.,https://static.zara.net/photos///2023/I/0/1/p/2298/167/071/2/w/448/2298167071_1_1_1.jpg?ts=1689258563192,https://www.zara.com/in/en/tropical-print-jumpsuit-p02298167.html,Women,3.5
795,CUTWORK EMBROIDERY MIDI DRESS,DRESSES_JUMPSUITS,4990.0,Dress with an elastic straight neckline and wide straps. Lining. Ruffled hem. Buttoned front.,https://static.zara.net/photos///2023/I/0/1/p/8170/504/250/2/w/448/8170504250_1_1_1.jpg?ts=1687791315056,https://www.zara.com/in/en/cutwork-embroidery-midi-dress-p08170504.html,Women,3.6
796,SATIN HALTER DRESS WITH FRINGING,DRESSES_JUMPSUITS,4990.0,Halterneck dress with an open back and thin straps. Featuring a fringed hem and button fastening at the neck.,https://static.zara.net/photos///2023/I/0/1/p/0219/801/982/2/w/448/0219801982_1_1_1.jpg?ts=1690529708170,https://www.zara.com/in/en/satin-halter-dress-with-fringing-p00219801.html,Women,4.6
797,FLORAL PRINT POPLIN SHIRT DRESS,DRESSES_JUMPSUITS,4990.0,Johnny collar midi dress featuring short turn-up sleeves. Fastens at the front with golden buttons and a matching belt with buckle.,https://static.zara.net/photos///2023/I/0/1/p/0387/165/069/2/w/448/0387165069_1_1_1.jpg?ts=1690199036941,https://www.zara.com/in/en/floral-print-poplin-shirt-dress-p00387165.html,Women,4.1
798,RUFFLED DRESS WITH FLOWER - LIMITED EDITION,DRESSES_JUMPSUITS,4990.0,Short flowing V-neck dress with thin straps. Ruffles and flower detail in the same fabric. Asymmetric hem.,https://static.zara.net/photos///2023/I/0/1/p/7614/342/630/3/w/448/7614342630_1_1_1.jpg?ts=1687183159644,https://www.zara.com/in/en/ruffled-dress-with-flower---limited-edition-p07614342.html,Women,4.4
799,PLEATED MIDI DRESS WITH CUT-OUT DETAIL,DRESSES_JUMPSUITS,4990.0,Halterneck dress with a gold buckle and tie detail. Cut-out detail at the front of the waist. Lining. Invisible back zip fastening.,https://static.zara.net/photos///2023/I/0/1/p/3564/179/611/2/w/448/3564179611_1_1_1.jpg?ts=1691417177355,https://www.zara.com/in/en/pleated-midi-dress-with-cut-out-detail-p03564179.html,Women,4.1
800,BELTED LINEN BLEND SHIRT DRESS,DRESSES_JUMPSUITS,4990.0,Dress made of a linen blend. Johnny collar and short turn-up sleeves. Dart details on the waist and braided belt. Front button-up fastening.,https://static.zara.net/photos///2023/I/0/1/p/8356/389/710/2/w/448/8356389710_1_1_1.jpg?ts=1690965015099,https://www.zara.com/in/en/belted-linen-blend-shirt-dress-p08356389.html,Women,4.1
801,SEAMLESS FITTED MESH DRESS,DRESSES_JUMPSUITS,2290.0,Midi dress made of contrast mesh stretch fabric. Straight neckline and thin straps.,https://static.zara.net/photos///2023/I/0/1/p/7901/854/717/2/w/448/7901854717_1_1_1.jpg?ts=1689170511862,https://www.zara.com/in/en/seamless-fitted-mesh-dress-p07901854.html,Women,4.5
802,RIBBED MIDI DRESS,DRESSES_JUMPSUITS,2290.0,Midi dress made of cotton blend fabric. Round neck and drop sleeves. Ribbed trims.,https://static.zara.net/photos///2023/I/0/1/p/1044/633/800/12/w/448/1044633800_1_1_1.jpg?ts=1692202849503,https://www.zara.com/in/en/ribbed-midi-dress-p01044633.html,Women,3.9
803,SHORT JACQUARD DRESS,DRESSES_JUMPSUITS,3990.0,V-neck dress featuring short full sleeves with fringing. Embroidered details and contrast beads. Fringed hems. Lining.,https://static.zara.net/photos///2023/I/0/1/p/0881/338/712/2/w/448/0881338712_1_1_1.jpg?ts=1687878783542,https://www.zara.com/in/en/short-jacquard-dress-p00881338.html,Women,4.1
804,PATCHWORK PRINT MIDI DRESS,DRESSES_JUMPSUITS,3990.0,V-neck dress with long sleeves and a buttoned opening at the back.,https://static.zara.net/photos///2023/I/0/1/p/5598/027/080/2/w/448/5598027080_1_1_1.jpg?ts=1683880397831,https://www.zara.com/in/en/patchwork-print-midi-dress-p05598027.html,Women,3.9
805,LINEN BLEND JUMPSUIT,DRESSES_JUMPSUITS,3990.0,"Jumpsuit made of a linen blend. Featuring a straight neckline, exposed shoulders with thin straps, extra wide legs, front darts and invisible side zip fastening.",https://static.zara.net/photos///2023/I/0/1/p/7738/326/250/2/w/448/7738326250_1_1_1.jpg?ts=1685086204182,https://www.zara.com/in/en/linen-blend-jumpsuit-p07738326.html,Women,3.9
806,TULLE DRESS WITH RHINESTONES,DRESSES_JUMPSUITS,3990.0,Tulle midi dress with a round neckline and thin straps. Rhinestone appliqué details. Matching lining.,https://static.zara.net/photos///2023/I/0/1/p/2712/810/942/2/w/448/2712810942_1_1_1.jpg?ts=1689676922568,https://www.zara.com/in/en/tulle-dress-with-rhinestones-p02712810.html,Women,4.0
807,DRAPED SATIN DRESS,DRESSES_JUMPSUITS,3990.0,Midi dress with an asymmetric neckline and a wide strap. Draped fabric. Invisible side zip fastening.,https://static.zara.net/photos///2023/I/0/1/p/7949/430/120/2/w/448/7949430120_1_1_1.jpg?ts=1688038513162,https://www.zara.com/in/en/draped-satin-dress-p07949430.html,Women,4.2
808,MESH TUNIC DRESS,DRESSES_JUMPSUITS,3990.0,Sleeveless round neck tunic dress made of mesh fabric. Metallic thread detail.This garment is not lined.,https://static.zara.net/photos///2023/I/0/1/p/2712/465/960/2/w/448/2712465960_1_1_1.jpg?ts=1691050444769,https://www.zara.com/in/en/mesh-tunic-dress-p02712465.html,Women,3.9
809,WRINKLED-EFFECT JUMPSUIT,DRESSES_JUMPSUITS,3990.0,V-neck jumpsuit with a gold appliqué and sleeves falling below the elbow. Elasticated waist. Wide-leg design. Tied bow at the back.,https://static.zara.net/photos///2023/I/0/1/p/3897/156/537/2/w/448/3897156537_1_1_1.jpg?ts=1688732569568,https://www.zara.com/in/en/wrinkled-effect-jumpsuit-p03897156.html,Women,4.7
810,FLORAL PRINT MIDI DRESS,DRESSES_JUMPSUITS,3990.0,V-neck dress with thin straps. Elasticated detail on the back.,https://static.zara.net/photos///2023/I/0/1/p/8072/836/330/2/w/448/8072836330_1_1_1.jpg?ts=1687939165414,https://www.zara.com/in/en/floral-print-midi-dress-p08072836.html,Women,3.7
811,SATIN JUMPSUIT WITH WRINKLED EFFECT,DRESSES_JUMPSUITS,3990.0,Sleeveless jumpsuit with a surplice neckline. Adjustable elasticated waistband with bows. Wide-leg design. Buttoned opening at the back.,https://static.zara.net/photos///2023/I/0/1/p/4387/224/800/2/w/448/4387224800_1_1_1.jpg?ts=1687791318398,https://www.zara.com/in/en/satin-jumpsuit-with-wrinkled-effect-p04387224.html,Women,4.0
812,PRINTED MINI DRESS WITH CUT-OUT DETAIL,DRESSES_JUMPSUITS,3990.0,Dress featuring a Johnny collar and short turn-up sleeves. Pleated and ruffle details on the front. Cut-out at the waist. Invisible side zip fastening.,https://static.zara.net/photos///2023/I/0/1/p/8349/801/330/2/w/448/8349801330_1_1_1.jpg?ts=1690804564269,https://www.zara.com/in/en/printed-mini-dress-with-cut-out-detail-p08349801.html,Women,3.9
813,CONTRAST STRIPED KNIT DRESS,DRESSES_JUMPSUITS,3990.0,Sleeveless dress with a round neckline and contrast fabric detail.,https://static.zara.net/photos///2023/I/0/1/p/2142/110/080/12/w/448/2142110080_1_1_1.jpg?ts=1688980089412,https://www.zara.com/in/en/contrast-striped-knit-dress-p02142110.html,Women,4.8
814,CAMISOLE MIDI DRESS,DRESSES_JUMPSUITS,3990.0,Dress featuring a V-neckline and double thin straps with seashell appliqués. Lining. Elastic detail at the back.,https://static.zara.net/photos///2023/I/0/1/p/8014/592/250/2/w/448/8014592250_1_1_1.jpg?ts=1689586843571,https://www.zara.com/in/en/camisole-midi-dress-p08014592.html,Women,4.2
815,FITTED GATHERED RIBBED MIDI DRESS,DRESSES_JUMPSUITS,1990.0,Fitted midi dress with a round neckline and wide straps. Plunging neckline. Gathered sides.,https://static.zara.net/photos///2023/I/0/1/p/4174/808/800/2/w/448/4174808800_1_1_1.jpg?ts=1688983634264,https://www.zara.com/in/en/fitted-gathered-ribbed-midi-dress-p04174808.html,Women,4.6
816,OVERSIZED PRINTED DRESS,DRESSES_JUMPSUITS,3290.0,"Short dress featuring a slot collar with a drawstring, tassel and bead appliqués and long sleeves.",https://static.zara.net/photos///2023/I/0/1/p/5598/031/330/2/w/448/5598031330_1_1_1.jpg?ts=1683880393271,https://www.zara.com/in/en/oversized-printed-dress-p05598031.html,Women,3.4
817,LACE TRIM SHORT DRESS,DRESSES_JUMPSUITS,3290.0,"Short dress featuring an adjustable halter neck, straps with lace trims, open back and matching lining.",https://static.zara.net/photos///2023/I/0/1/p/0881/350/800/2/w/448/0881350800_1_1_1.jpg?ts=1689172926072,https://www.zara.com/in/en/lace-trim-short-dress-p00881350.html,Women,4.2
818,EMBROIDERED CAMISOLE DRESS,DRESSES_JUMPSUITS,3290.0,V-neck mini dress with thin straps. Featuring matching embroidered trims.,https://static.zara.net/photos///2023/I/0/1/p/7200/133/506/2/w/448/7200133506_1_1_1.jpg?ts=1688029960933,https://www.zara.com/in/en/embroidered-camisole-dress-p07200133.html,Women,4.5
819,METALLIC THREAD KNIT DRESS,DRESSES_JUMPSUITS,3290.0,Short dress with a round neck and long sleeves. Metallic thread detail. Lining.,https://static.zara.net/photos///2023/I/0/1/p/3991/111/303/2/w/448/3991111303_1_1_1.jpg?ts=1689584768398,https://www.zara.com/in/en/metallic-thread-knit-dress-p03991111.html,Women,4.1
820,STRIPED CROCHET DRESS,DRESSES_JUMPSUITS,3290.0,Short dress made of crochet. Round neck and wide straps.,https://static.zara.net/photos///2023/I/0/1/p/7901/825/330/2/w/448/7901825330_1_1_1.jpg?ts=1690365043372,https://www.zara.com/in/en/striped-crochet-dress-p07901825.html,Women,4.6
821,FLOWING JUMPSUIT WITH KNOT,DRESSES_JUMPSUITS,3290.0,Flowing jumpsuit with a round neck and short sleeves. Knot detail with pleats on the front. Wide-leg design. Invisible back zip fastening.,https://static.zara.net/photos///2023/I/0/1/p/0264/454/620/2/w/448/0264454620_1_1_1.jpg?ts=1688724523193,https://www.zara.com/in/en/flowing-jumpsuit-with-knot-p00264454.html,Women,3.9
822,SHORT DRESS WITH POCKETS,DRESSES_JUMPSUITS,3290.0,Short fitted dress with a stand-up collar and short sleeves. Welt pockets with zips on the chest. Zip-up front hidden by a snap-button placket.,https://static.zara.net/photos///2023/I/0/1/p/7901/243/819/2/w/448/7901243819_1_1_1.jpg?ts=1690542446444,https://www.zara.com/in/en/short-dress-with-pockets-p07901243.html,Women,4.7
823,POPLIN DRESS WITH BOWS,DRESSES_JUMPSUITS,3290.0,Midi dress with a straight-cut neckline and thin double straps. Smocked fabric on the chest with openings and ties on the sides. Panelled hem.,https://static.zara.net/photos///2023/I/0/1/p/0881/203/800/17/w/448/0881203800_1_1_1.jpg?ts=1686064997619,https://www.zara.com/in/en/poplin-dress-with-bows-p00881203.html,Women,5.0
824,LINEN BLEND MIDI SLIP DRESS,DRESSES_JUMPSUITS,3290.0,Dress made of a linen blend. V-neck and thin woven straps. Elastic at the back. Flared hem with front slit. Fastens at the front with wooden buttons.,https://static.zara.net/photos///2023/I/0/1/p/8226/708/401/2/w/448/8226708401_1_1_1.jpg?ts=1690454103708,https://www.zara.com/in/en/linen-blend-midi-slip-dress-p08226708.html,Women,3.9
825,DRAPED TULLE DRESS,DRESSES_JUMPSUITS,3290.0,Sleeveless semi-sheer short dress with a round neck.,https://static.zara.net/photos///2023/I/0/1/p/2856/216/620/2/w/448/2856216620_1_1_1.jpg?ts=1684226189952,https://www.zara.com/in/en/draped-tulle-dress-p02856216.html,Women,3.9
826,LINEN BLEND GATHERED MIDI DRESS,DRESSES_JUMPSUITS,3290.0,Dress made of a linen blend. V-neckline and thin straps with beading. Gathered detailing and slit at the hem. Invisible side zip fastening.,https://static.zara.net/photos///2023/I/0/1/p/7886/381/506/2/w/448/7886381506_1_1_1.jpg?ts=1686748949159,https://www.zara.com/in/en/linen-blend-gathered-midi-dress-p07886381.html,Women,4.8
827,PRINTED PLAYSUIT,DRESSES_JUMPSUITS,3290.0,Playsuit featuring a surplice neckline and long sleeves with elasticated trim. Elasticated waist at the back.,https://static.zara.net/photos///2023/I/0/1/p/1165/165/330/2/w/448/1165165330_1_1_1.jpg?ts=1688655830462,https://www.zara.com/in/en/printed-playsuit-p01165165.html,Women,4.8
828,DRAPED MINI DRESS,DRESSES_JUMPSUITS,3290.0,Dress with a straight neckline and side gathering. Invisible back zip fastening.,https://static.zara.net/photos///2023/I/0/1/p/2298/151/250/17/w/448/2298151250_1_1_1.jpg?ts=1686146320787,https://www.zara.com/in/en/draped-mini-dress-p02298151.html,Women,3.9
829,LONG FITTED DRESS WITH CUT-OUT DETAIL,DRESSES_JUMPSUITS,3290.0,Sleeveless round neck dress with cut-out detail on the sides.,https://static.zara.net/photos///2023/I/0/1/p/5584/636/250/2/w/448/5584636250_1_1_1.jpg?ts=1691748078953,https://www.zara.com/in/en/long-fitted-dress-with-cut-out-detail-p05584636.html,Women,3.9
830,LONG KNIT DRESS,DRESSES_JUMPSUITS,3290.0,Long dress with a round neckline and long sleeves. Matching ribbed trims.,https://static.zara.net/photos///2023/I/0/1/p/5536/130/600/2/w/448/5536130600_1_1_1.jpg?ts=1692346995332,https://www.zara.com/in/en/long-knit-dress-p05536130.html,Women,4.0
831,SHORT DRESS WITH STUDS,DRESSES_JUMPSUITS,3290.0,Short dress with a V-neckline and braided straps. Studded detail. Matching lining.,https://static.zara.net/photos///2023/I/0/1/p/0881/325/712/17/w/448/0881325712_1_1_1.jpg?ts=1691591156585,https://www.zara.com/in/en/short-dress-with-studs-p00881325.html,Women,3.5
832,SHORT SATIN DRESS,DRESSES_JUMPSUITS,2990.0,Short halterneck dress with a V-neckline and invisible zip fastening.,https://static.zara.net/photos///2023/I/0/1/p/7751/331/300/17/w/448/7751331300_1_1_1.jpg?ts=1685086219736,https://www.zara.com/in/en/short-satin-dress-p07751331.html,Women,3.7
833,MATCHING POPLIN DRESS,DRESSES_JUMPSUITS,2990.0,Midi dress with a round neckline and wide straps. Contrast poplin hem detail.,https://static.zara.net/photos///2023/I/0/1/p/1044/628/063/2/w/448/1044628063_1_1_1.jpg?ts=1689590268361,https://www.zara.com/in/en/matching-poplin-dress-p01044628.html,Women,3.6
834,PRINTED TULLE DRESS,DRESSES_JUMPSUITS,2990.0,Midi dress with a round neckline and lining.,https://static.zara.net/photos///2023/I/0/1/p/5039/627/119/2/w/448/5039627119_1_1_1.jpg?ts=1689599720236,https://www.zara.com/in/en/printed-tulle-dress-p05039627.html,Women,3.8
835,FITTED KNIT MINI DRESS WITH CUT-OUT DETAIL,DRESSES_JUMPSUITS,2990.0,Sleeveless long dress with an asymmetric neckline. Cut-out details on the side.,https://static.zara.net/photos///2023/I/0/1/p/5584/635/305/2/w/448/5584635305_1_1_1.jpg?ts=1691415764873,https://www.zara.com/in/en/fitted-knit-mini-dress-with-cut-out-detail-p05584635.html,Women,4.1
836,FITTED OPEN BACK DRESS,DRESSES_JUMPSUITS,2590.0,Sleeveless midi dress with a round neckline and an open back detail. Slit at the hem. Fastens with buttons at the back.,https://static.zara.net/photos///2023/I/0/1/p/2712/622/800/22/w/448/2712622800_2_3_1.jpg?ts=1692361181326,https://www.zara.com/in/en/fitted-open-back-dress-p02712622.html,Women,4.2
837,FITTED DRESS WITH DRAPED SIDE,DRESSES_JUMPSUITS,2590.0,Sleeveless midi dress with a round neckline. Draped detail on the side.,https://static.zara.net/photos///2023/I/0/1/p/2712/460/800/2/w/448/2712460800_1_1_1.jpg?ts=1689069150963,https://www.zara.com/in/en/fitted-dress-with-draped-side-p02712460.html,Women,4.8
838,DRAPED FITTED STRAPLESS DRESS,DRESSES_JUMPSUITS,2590.0,Dress made of a polyamide and elastane blend. Straight neckline and exposed shoulders. Matching tulle fabric.,https://static.zara.net/photos///2023/I/0/1/p/5039/210/700/2/w/448/5039210700_1_1_1.jpg?ts=1688053735293,https://www.zara.com/in/en/draped-fitted-strapless-dress-p05039210.html,Women,3.7
839,DRESS WITH KNOT AT THE BACK,DRESSES_JUMPSUITS,2590.0,Sleeveless midi dress with a round neck. Knot detail at the back.,https://static.zara.net/photos///2023/I/0/1/p/2335/630/507/2/w/448/2335630507_1_1_1.jpg?ts=1688983633415,https://www.zara.com/in/en/dress-with-knot-at-the-back-p02335630.html,Women,4.5
840,MINIMALIST FLOWING DRESS,DRESSES_JUMPSUITS,2290.0,Flowing midi dress with a round neck and short sleeves.,https://static.zara.net/photos///2023/I/0/1/p/0264/460/800/2/w/448/0264460800_1_1_1.jpg?ts=1690532852064,https://www.zara.com/in/en/minimalist-flowing-dress-p00264460.html,Women,4.0
841,CROCHET DRESS WITH TRIM,DRESSES_JUMPSUITS,5990.0,Sleeveless printed midi dress made of cotton. Adjustable slot collar with drawstrings in the same fabric. Crochet trims. Panelled hem.,https://static.zara.net/photos///2023/I/0/1/p/5107/251/330/2/w/448/5107251330_1_1_1.jpg?ts=1688997271753,https://www.zara.com/in/en/crochet-dress-with-trim-p05107251.html,Women,4.1
842,KNIT DRESS WITH CONTRAST DETAIL,DRESSES_JUMPSUITS,3990.0,Midi dress featuring a V-neck with thin straps and bead appliqués. Contrast fabric detail.,https://static.zara.net/photos///2023/I/0/1/p/0234/101/798/2/w/448/0234101798_1_1_1.jpg?ts=1688568106032,https://www.zara.com/in/en/knit-dress-with-contrast-detail-p00234101.html,Women,4.4
843,PRINTED TUNIC DRESS,DRESSES_JUMPSUITS,4990.0,Loose-fitting tunic dress made of cotton. V-neck and short sleeves. Matching drawstring and beading appliqués.,https://static.zara.net/photos///2023/I/0/1/p/5107/243/064/2/w/448/5107243064_1_1_1.jpg?ts=1688726747783,https://www.zara.com/in/en/printed-tunic-dress-p05107243.html,Women,3.6
844,STRAPPY KNIT DRESS WITH KNOTS,DRESSES_JUMPSUITS,3290.0,Open-knit midi dress with lining. Round neckline and thin tied straps.,https://static.zara.net/photos///2023/I/0/1/p/6771/111/800/12/w/448/6771111800_1_1_1.jpg?ts=1688980089370,https://www.zara.com/in/en/strappy-knit-dress-with-knots-p06771111.html,Women,4.3
845,COTTON DRESS WITH FRINGING,DRESSES_JUMPSUITS,3290.0,Dress made of cotton featuring a round neck and thin straps. Fringed hem.,https://static.zara.net/photos///2023/I/0/1/p/0624/202/424/2/w/448/0624202424_1_1_1.jpg?ts=1689003670497,https://www.zara.com/in/en/cotton-dress-with-fringing-p00624202.html,Women,4.2
846,PRINTED MIDI DRESS,DRESSES_JUMPSUITS,5990.0,"Midi dress made of cotton. Featuring a V-neckline, thin straps, elastic under the chest and a ruffled hem.",https://static.zara.net/photos///2023/I/0/1/p/2731/244/330/2/w/448/2731244330_1_1_1.jpg?ts=1688725171220,https://www.zara.com/in/en/printed-midi-dress-p02731244.html,Women,4.3
847,STRAIGHT-LEG CARGO JUMPSUIT,DRESSES_JUMPSUITS,4990.0,Sleeveless jumpsuit with a Johnny collar and Side patch pockets with flaps. Straight leg. Invisible front zip and button fastening.,https://static.zara.net/photos///2023/I/0/1/p/0779/156/505/2/w/448/0779156505_1_1_1.jpg?ts=1686063609616,https://www.zara.com/in/en/straight-leg-cargo-jumpsuit-p00779156.html,Women,4.2
848,LONG KNIT DRESS,DRESSES_JUMPSUITS,3290.0,V-neck dress with thin straps. Contrast topstitching details.,https://static.zara.net/photos///2023/V/0/1/p/3991/025/712/2/w/448/3991025712_1_1_1.jpg?ts=1680010217969,https://www.zara.com/in/en/long-knit-dress-p03991125.html,Women,5.0
849,KAFTAN DRESS,DRESSES_JUMPSUITS,3990.0,Kaftan dress with a V-neckline and crossover ties. Short full sleeves. Side slits.,https://static.zara.net/photos///2023/I/0/1/p/6188/012/712/2/w/448/6188012712_1_1_1.jpg?ts=1689003667382,https://www.zara.com/in/en/kaftan-dress-p06188012.html,Women,3.8
850,PATCHWORK MIDI DRESS,DRESSES_JUMPSUITS,4990.0,Cotton midi dress. Round neckline and thin straps. Buttoned front.,https://static.zara.net/photos///2023/I/0/1/p/5598/243/330/2/w/448/5598243330_1_1_1.jpg?ts=1688126788188,https://www.zara.com/in/en/patchwork-midi-dress-p05598243.html,Women,3.9
851,PRINTED CUT-OUT TULLE DRESS,DRESSES_JUMPSUITS,2990.0,Short sleeveless dress with a round neckline. Cut-out detail at the waist. Draped fabric. Invisible side zip fastening.,https://static.zara.net/photos///2023/I/0/1/p/7755/417/050/2/w/448/7755417050_1_1_1.jpg?ts=1684488961713,https://www.zara.com/in/en/printed-cut-out-tulle-dress-p07755417.html,Women,3.8
852,EMBROIDERED MIDI DRESS,DRESSES_JUMPSUITS,5990.0,Midi dress made of 100% cotton. V-neck and thin adjustable straps with ties in the same fabric. Cutwork embroidery detail. Smocking on the back. Matching lining. Invisible side zip fastening.,https://static.zara.net/photos///2023/I/0/1/p/6895/245/400/2/w/448/6895245400_1_1_1.jpg?ts=1690450436183,https://www.zara.com/in/en/embroidered-midi-dress-p06895245.html,Women,3.9
853,PRINTED DRESS WITH FRILLS,DRESSES_JUMPSUITS,8590.0,Long dress made of cotton. V-neck and braided crossover straps. Ruffle details with a contrast print. Open back with elastic detail.,https://static.zara.net/photos///2023/I/0/1/p/5107/244/330/2/w/448/5107244330_1_1_1.jpg?ts=1688725171159,https://www.zara.com/in/en/printed-dress-with-frills-p05107244.html,Women,3.8
854,TIE-DYE DRESS WITH SEQUINS,DRESSES_JUMPSUITS,7590.0,Midi dress made of viscose. Round neck and exposed shoulders. Matching bead and sequin appliqués. Lining. Buttoned opening fastening at the neck.,https://static.zara.net/photos///2023/I/0/1/p/6895/249/330/2/w/448/6895249330_1_1_1.jpg?ts=1690469882226,https://www.zara.com/in/en/tie-dye-dress-with-sequins-p06895249.html,Women,4.6
855,TIE-DYE DRESS WITH BEADING - LIMITED EDITION,DRESSES_JUMPSUITS,11990.0,Midi dress made of viscose. V-neck with bead appliqués and long voluminous sleeves with elasticated cuffs. Adjustable drawstring waist in the same fabric. Matching lining. Asymmetric hem.,https://static.zara.net/photos///2023/I/0/1/p/7521/254/330/2/w/448/7521254330_1_1_1.jpg?ts=1689936421223,https://www.zara.com/in/en/tie-dye-dress-with-beading---limited-edition-p07521254.html,Women,4.7
856,SEASHELL CROCHET DRESS,DRESSES_JUMPSUITS,5990.0,Midi dress made of 100% cotton. V-neck and thin straps. Seashell appliqués on the front and crochet appliqués on the back. Asymmetric hem.,https://static.zara.net/photos///2023/I/0/1/p/7521/252/250/2/w/448/7521252250_1_1_1.jpg?ts=1689665199161,https://www.zara.com/in/en/seashell-crochet-dress-p07521252.html,Women,3.8
857,SEASHELL DRESS - LIMITED EDITION,DRESSES_JUMPSUITS,8590.0,Midi dress made of 100% viscose. V-neck with adjustable ties in the same fabric at the neck. Seashell appliqués. Open back with elastic and ties. Lining.,https://static.zara.net/photos///2023/I/0/1/p/6895/251/250/2/w/448/6895251250_1_1_1.jpg?ts=1689767412807,https://www.zara.com/in/en/seashell-dress---limited-edition-p06895251.html,Women,3.7
858,MIDI DRESS WITH STONES,DRESSES_JUMPSUITS,7590.0,Midi dress made of 100% viscose. V-neck and thin straps. Stone appliqués with cut-out detail. Matching lining. Invisible back zip fastening.,https://static.zara.net/photos///2023/I/0/1/p/5107/250/330/2/w/448/5107250330_1_1_1.jpg?ts=1689936421140,https://www.zara.com/in/en/midi-dress-with-stones-p05107250.html,Women,4.3
859,TIE-DYE MIDI DRESS,DRESSES_JUMPSUITS,9590.0,Sleeveless midi dress made of 100% viscose. V-neck and adjustable ties in the same fabric. Waist with adjustable gathered drawstrings and matching bead appliqués. Lining.,https://static.zara.net/photos///2023/I/0/1/p/7521/253/330/2/w/448/7521253330_1_1_1.jpg?ts=1689936423178,https://www.zara.com/in/en/tie-dye-midi-dress-p07521253.html,Women,3.9
860,POPLIN DRESS WITH LACE TRIM,DRESSES_JUMPSUITS,3990.0,Dress with a V-neckline and thin straps. Matching lace trim detail. Elasticated back. Invisible side zip fastening.,https://static.zara.net/photos///2023/I/0/1/p/3798/024/250/2/w/448/3798024250_1_1_1.jpg?ts=1683196018622,https://www.zara.com/in/en/poplin-dress-with-lace-trim-p03798024.html,Women,4.4
861,PRINTED KAFTAN DRESS,DRESSES_JUMPSUITS,4990.0,Kaftan dress with a V-neckline and short sleeves. Split hem.,https://static.zara.net/photos///2023/I/0/1/p/6188/201/701/2/w/448/6188201701_1_1_1.jpg?ts=1687963294051,https://www.zara.com/in/en/printed-kaftan-dress-p06188201.html,Women,4.2
862,KAFTAN DRESS WITH BEADS,DRESSES_JUMPSUITS,4990.0,V-neck kaftan dress with short full sleeves. Beading on the neckline and adjustable drawstrings at the sides of the waist.,https://static.zara.net/photos///2023/I/0/1/p/0881/311/712/2/w/448/0881311712_1_1_1.jpg?ts=1688484473742,https://www.zara.com/in/en/kaftan-dress-with-beads-p00881311.html,Women,3.4
863,EMBROIDERED DRESS WITH BEADING,DRESSES_JUMPSUITS,4990.0,Midi dress with a straight neckline and adjustable thin straps. Embroidered detail and contrast beading. Lining.,https://static.zara.net/photos///2023/I/0/1/p/7521/317/800/2/w/448/7521317800_1_1_1.jpg?ts=1688484478342,https://www.zara.com/in/en/embroidered-dress-with-beading-p07521317.html,Women,4.8
864,EMBROIDERED DRESS WITH BEADING,DRESSES_JUMPSUITS,3990.0,V-neck midi dress. Double straps that cross at the back with embroidered thread and beading. Smocked fabric on the back. Lining. Invisible back zip fastening.,https://static.zara.net/photos///2023/I/0/1/p/7521/354/700/2/w/448/7521354700_1_1_1.jpg?ts=1688484479234,https://www.zara.com/in/en/embroidered-dress-with-beading-p07521354.html,Women,4.9
865,STRIPED MINI DRESS,DRESSES_JUMPSUITS,3290.0,Short dress made of a cotton blend. V-neck and long flared sleeves with adjustable buttoned tabs. Side in-seam pockets. Darts and buttoned tabs on the front. Smocked elastic at the back. Button-up front.,https://static.zara.net/photos///2023/I/0/1/p/4786/279/044/2/w/448/4786279044_1_1_1.jpg?ts=1689665200373,https://www.zara.com/in/en/striped-mini-dress-p04786279.html,Women,3.8
866,ZW STUDDED DENIM BUSTIER,DRESSES_JUMPSUITS,8590.0,ZW ZARA WOMANMidi dress with a sweetheart neckline and thin straps. Belt loops. Front pockets. Decorative stud appliqués. Frayed hem. Metal zip fastening at the back.View more,https://static.zara.net/photos///2023/I/0/1/p/6045/243/428/2/w/448/6045243428_1_1_1.jpg?ts=1682412306588,https://www.zara.com/in/en/zw-studded-denim-bustier-p06045243.html,Women,3.9
867,TIE-DYE PRINT DRESS,DRESSES_JUMPSUITS,3990.0,Midi dress featuring a round neckline and adjustable thin straps with tied detail at the back. Bead and seashell appliqués.,https://static.zara.net/photos///2023/I/0/1/p/5107/366/080/2/w/0/5107366080_1_1_1.jpg?ts=1684928124701,https://www.zara.com/in/en/tie-dye-print-dress-p05107366.html,Women,4.2
868,DOTTED MESH PRINTED MIDI DRESS,DRESSES_JUMPSUITS,4990.0,Dress featuring a slot collar with a drawstring and sleeves falling below the elbow with elasticated trim.,https://static.zara.net/photos///2023/I/0/1/p/5598/029/044/2/w/448/5598029044_1_1_1.jpg?ts=1685709078454,https://www.zara.com/in/en/dotted-mesh-printed-midi-dress-p05598029.html,Women,4.3
869,MIDI DRESS WITH COIN DETAIL,DRESSES_JUMPSUITS,3990.0,Round neck midi dress with adjustable braided straps at the back. Coin appliqués. Lining.,https://static.zara.net/photos///2023/I/0/1/p/7521/329/712/2/w/448/7521329712_1_1_1.jpg?ts=1688484478612,https://www.zara.com/in/en/midi-dress-with-coin-detail-p07521329.html,Women,4.4
870,CROCHET MIDI DRESS,DRESSES_JUMPSUITS,4990.0,Midi dress with a V-neckline and adjustable thin straps. Matching crochet detail. Lining. Invisible side zip fastening.,https://static.zara.net/photos///2023/I/0/1/p/0881/341/712/2/w/448/0881341712_1_1_1.jpg?ts=1687938096644,https://www.zara.com/in/en/crochet-midi-dress-p00881341.html,Women,5.0
871,EMBROIDERED SHORT DRESS,DRESSES_JUMPSUITS,3290.0,Dress with a surplice neckline and adjustable thin straps. Embroidered details and contrast beads. Fringed beaded hems. Lining. Crossover tie fastening.,https://static.zara.net/photos///2023/I/0/1/p/0881/339/251/2/w/448/0881339251_1_1_1.jpg?ts=1687953183992,https://www.zara.com/in/en/embroidered-short-dress-p00881339.html,Women,4.0
872,MIDI DRESS WITH BEADS,DRESSES_JUMPSUITS,4990.0,Midi dress with a round neckline and straps. Contrast bead detail. Elastic trim at the back. Lining.,https://static.zara.net/photos///2023/I/0/1/p/7521/339/800/2/w/448/7521339800_1_1_1.jpg?ts=1688484478942,https://www.zara.com/in/en/midi-dress-with-beads-p07521339.html,Women,3.7
873,LINEN BLEND DRESS WITH BEAD DETAIL,DRESSES_JUMPSUITS,3290.0,Halter neck dress made of a linen blend. Ties at the neck with colourful embroidered threads. Contrast bead details. Lining. Invisible back zip fastening.,https://static.zara.net/photos///2023/I/0/1/p/5107/369/250/2/w/448/5107369250_1_1_1.jpg?ts=1687952959320,https://www.zara.com/in/en/linen-blend-dress-with-bead-detail-p05107369.html,Women,3.5
874,DENIM MIDI DRESS,DRESSES_JUMPSUITS,4990.0,Sleeveless midi dress with a collar. Patch pockets with buttoned flaps on the chest. Tied belt in the matching fabric. Faded effect. Button-up front.,https://static.zara.net/photos///2023/I/0/1/p/2449/242/427/17/w/448/2449242427_1_1_1.jpg?ts=1690527748504,https://www.zara.com/in/en/denim-midi-dress-p02449242.html,Women,3.8
875,MIDI DRESS WITH FRINGE,DRESSES_JUMPSUITS,4990.0,V-neck dress with wide straps. Featuring fringe and bead appliqués.,https://static.zara.net/photos///2023/I/0/1/p/7200/124/800/2/w/448/7200124800_1_1_1.jpg?ts=1686748949828,https://www.zara.com/in/en/midi-dress-with-fringe-p07200124.html,Women,4.1
876,EMBROIDERED DRESS - LIMITED EDITION,DRESSES_JUMPSUITS,7590.0,Short dress made of a cotton and linen blend. V-neck and thin straps that cross at the back. Embroidered details with matching beads. Ruffled hem with pleats.,https://static.zara.net/photos///2023/I/0/1/p/4786/244/727/2/w/448/4786244727_1_1_1.jpg?ts=1685373320645,https://www.zara.com/in/en/embroidered-dress---limited-edition-p04786244.html,Women,4.9
877,METALLIC SLIP DRESS,DRESSES_JUMPSUITS,3990.0,Midi dress with a V-neckline and thin straps. Fabric with metallic details.,https://static.zara.net/photos///2023/I/0/1/p/3595/354/808/2/w/448/3595354808_1_1_1.jpg?ts=1684917811766,https://www.zara.com/in/en/metallic-slip-dress-p03595354.html,Women,3.9
878,JUMPSUIT WITH BRAIDED STRAPS,DRESSES_JUMPSUITS,4990.0,V-neck jumpsuit with thin braided straps. Elasticated waist. Wide-leg design.,https://static.zara.net/photos///2023/I/0/1/p/9878/225/800/2/w/448/9878225800_1_1_1.jpg?ts=1686317168261,https://www.zara.com/in/en/jumpsuit-with-braided-straps-p09878225.html,Women,4.2
879,KNIT EMBROIDERED DRESS WITH BEADING,DRESSES_JUMPSUITS,17990.0,Sleeveless round neck dress. Open back. Embroidered and beaded appliqués. Lining.,https://static.zara.net/photos///2023/I/0/1/p/7521/008/303/2/w/448/7521008303_1_1_1.jpg?ts=1689602252281,https://www.zara.com/in/en/knit-embroidered-dress-with-beading-p07521008.html,Women,4.1
880,HALTER PLAYSUIT,DRESSES_JUMPSUITS,3290.0,Halterneck playsuit with an open back and invisible back zip and button fastening.,https://static.zara.net/photos///2023/I/0/1/p/1971/098/923/2/w/448/1971098923_1_1_1.jpg?ts=1684769307025,https://www.zara.com/in/en/halter-playsuit-p01971098.html,Women,4.6
881,MINI DRESS WITH LACE TRIM,DRESSES_JUMPSUITS,3290.0,V-neck dress with knot detail and thin straps. Featuring matching lace trims at the waist and elastic at the back.,https://static.zara.net/photos///2023/I/0/1/p/7200/225/712/2/w/448/7200225712_1_1_1.jpg?ts=1686234645434,https://www.zara.com/in/en/mini-dress-with-lace-trim-p07200225.html,Women,5.0
882,JUMPSUIT WITH ASYMMETRIC RUFFLES,DRESSES_JUMPSUITS,5590.0,Sleeveless wide-leg jumpsuit with asymmetric straps. Front pockets. Invisible side zip fastening.,https://static.zara.net/photos///2023/I/0/1/p/1971/099/800/2/w/448/1971099800_1_1_1.jpg?ts=1685015276300,https://www.zara.com/in/en/jumpsuit-with-asymmetric-ruffles-p01971099.html,Women,3.9
883,MIDI DRESS WITH CROCHET WAIST,DRESSES_JUMPSUITS,4990.0,V-neck dress with thin straps that cross at the back. Featuring a crochet appliqué on the front and wide elastic at the back.,https://static.zara.net/photos///2023/I/0/1/p/7200/222/712/2/w/448/7200222712_1_1_1.jpg?ts=1686234645228,https://www.zara.com/in/en/midi-dress-with-crochet-waist-p07200222.html,Women,3.9
884,KNIT TUNIC WITH FRINGING,DRESSES_JUMPSUITS,4990.0,Sleeveless midi tunic with a V-neck. Fringed hem.,https://static.zara.net/photos///2023/I/0/1/p/0195/101/807/2/w/448/0195101807_1_1_1.jpg?ts=1689595744976,https://www.zara.com/in/en/knit-tunic-with-fringing-p00195101.html,Women,4.6
885,PRINTED MIDI DRESS WITH CUT-OUT DETAIL,DRESSES_JUMPSUITS,4990.0,Dress made of a linen blend fabric. V-neck with gathering and thin straps. Side slits. Invisible back zip fastening.,https://static.zara.net/photos///2023/I/0/1/p/2157/068/098/2/w/448/2157068098_1_1_1.jpg?ts=1685629435975,https://www.zara.com/in/en/printed-midi-dress-with-cut-out-detail-p02157068.html,Women,4.4
886,MESH KAFTAN DRESS WITH SEQUINS,DRESSES_JUMPSUITS,5590.0,Sleeveless kaftan dress made of mesh fabric. Round neck and ample sleeves. Sequin details.This garment is not lined.,https://static.zara.net/photos///2023/I/0/1/p/3920/207/700/2/w/448/3920207700_1_1_1.jpg?ts=1689149359203,https://www.zara.com/in/en/mesh-kaftan-dress-with-sequins-p03920207.html,Women,4.9
887,LINEN BLEND DRESS WITH RUFFLES,DRESSES_JUMPSUITS,4990.0,Midi dress made of a linen blend. V-neck and wide adjustable tie straps. Ruffled trims in matching fabric.,https://static.zara.net/photos///2023/I/0/1/p/7632/120/251/2/w/448/7632120251_1_1_1.jpg?ts=1685098842417,https://www.zara.com/in/en/linen-blend-dress-with-ruffles-p07632120.html,Women,4.4
888,LONG METALLIC MESH KNIT DRESS,DRESSES_JUMPSUITS,5990.0,Dress with a round neck and long sleeves.This garment is not lined.,https://static.zara.net/photos///2023/I/0/1/p/3653/103/808/2/w/448/3653103808_1_1_1.jpg?ts=1687509417027,https://www.zara.com/in/en/long-metallic-mesh-knit-dress-p03653103.html,Women,3.9
889,KIMONO WITH LACE TRIM,DRESSES_JUMPSUITS,5990.0,Open kimono with wide sleeves falling below the elbow. Featuring lace trims and tasselled string fastening at the front.,https://static.zara.net/photos///2023/I/0/1/p/8372/244/505/2/w/448/8372244505_1_1_1.jpg?ts=1689787184560,https://www.zara.com/in/en/kimono-with-lace-trim-p08372244.html,Women,4.4
890,EMBROIDERED DRESS - LIMITED EDITION,DRESSES_JUMPSUITS,11990.0,V-neck midi dress with short sleeves. Embroidered details with bead appliqués. Asymmetric hem.,https://static.zara.net/photos///2023/I/0/1/p/7521/242/942/2/w/448/7521242942_1_1_1.jpg?ts=1685619492783,https://www.zara.com/in/en/embroidered-dress---limited-edition-p07521242.html,Women,4.6
891,COTTON KAFTAN DRESS,DRESSES_JUMPSUITS,4990.0,Kaftan dress with a V-neckline and short full sleeves. Featuring ruffle trims and side vents at the hem.,https://static.zara.net/photos///2023/I/0/1/p/6188/202/400/2/w/448/6188202400_1_1_1.jpg?ts=1689003668727,https://www.zara.com/in/en/cotton-kaftan-dress-p06188202.html,Women,4.5
892,SATIN DRESS WITH EMBROIDERY - LIMITED EDITION,DRESSES_JUMPSUITS,13990.0,Midi dress made of viscose. V-neck and wide straps. Embroidered detail with beading appliqués.,https://static.zara.net/photos///2023/I/0/1/p/7521/245/804/2/w/448/7521245804_1_1_1.jpg?ts=1685619491903,https://www.zara.com/in/en/satin-dress-with-embroidery---limited-edition-p07521245.html,Women,4.3
893,METALLIC THREAD KNIT DRESS,DRESSES_JUMPSUITS,4990.0,Dress with a crossed halter neckline. Metallic thread detail.,https://static.zara.net/photos///2023/I/0/1/p/0014/101/808/2/w/448/0014101808_1_1_1.jpg?ts=1687509416671,https://www.zara.com/in/en/metallic-thread-knit-dress-p00014101.html,Women,4.6
894,Z1975 MIDI DENIM SHIRT DRESS,DRESSES_JUMPSUITS,5590.0,dress with a Johnny collar and short sleeves with turn-up cuffs. Front patch pockets. Belt in matching fabric. Buttoned front.,https://static.zara.net/photos///2023/I/0/1/p/6164/166/406/2/w/448/6164166406_1_1_1.jpg?ts=1688732568343,https://www.zara.com/in/en/z1975-midi-denim-shirt-dress-p06164166.html,Women,4.6
895,SATIN DRESS WITH BEADED STRAPS,DRESSES_JUMPSUITS,3990.0,Dress with a straight neckline and thin straps with bead appliqués. Gathered sides. Front slit at the hem. Invisible back zip fastening.,https://static.zara.net/photos///2023/I/0/1/p/7765/899/537/2/w/448/7765899537_1_1_1.jpg?ts=1685631308219,https://www.zara.com/in/en/satin-dress-with-beaded-straps-p07765899.html,Women,4.7
896,EMBROIDERED SHORT DRESS,DRESSES_JUMPSUITS,11990.0,Short dress with a V-neck and short sleeves. Embroidered details with bead appliqués. Scalloped hem.,https://static.zara.net/photos///2023/I/0/1/p/7521/243/804/2/w/448/7521243804_1_1_1.jpg?ts=1685619492793,https://www.zara.com/in/en/embroidered-short-dress-p07521243.html,Women,4.4
897,EMBROIDERED DRESS - LIMITED EDITION,DRESSES_JUMPSUITS,8590.0,Short dress with a V-neck and thin straps. Embroidered details with bead appliqués. Pleats on the front.,https://static.zara.net/photos///2023/I/0/1/p/7521/240/485/2/w/448/7521240485_1_1_1.jpg?ts=1685619492202,https://www.zara.com/in/en/embroidered-dress---limited-edition-p07521240.html,Women,4.0
898,FLOWING PRINTED HALTER DRESS,DRESSES_JUMPSUITS,4990.0,Halter neck dress with ruffle and tie detail.,https://static.zara.net/photos///2023/I/0/1/p/9878/216/330/2/w/448/9878216330_1_1_1.jpg?ts=1688655830277,https://www.zara.com/in/en/flowing-printed-halter-dress-p09878216.html,Women,4.2
899,PAREO DRESS WITH FRINGING - LIMITED EDITION,DRESSES_JUMPSUITS,8590.0,"Midi dress made of 100% lyocell. Crossover V-neck and wide straps. Adjustable knot detail with ties in the same fabric on the front, pareo style. Asymmetric hem with matching fringing details.",https://static.zara.net/photos///2023/I/0/1/p/7626/343/751/2/w/448/7626343751_1_1_1.jpg?ts=1689767447480,https://www.zara.com/in/en/pareo-dress-with-fringing---limited-edition-p07626343.html,Women,4.6
900,Z1975 MIDI DENIM WRAP DRESS,DRESSES_JUMPSUITS,4990.0,V-neck dress with short sleeves. Featuring a wrap-style front with a thin belt and a flared hem.,https://static.zara.net/photos///2023/I/0/1/p/6164/167/427/2/w/448/6164167427_1_1_1.jpg?ts=1689258557535,https://www.zara.com/in/en/z1975-midi-denim-wrap-dress-p06164167.html,Women,3.7
901,LINEN SHIRT DRESS,DRESSES_JUMPSUITS,5990.0,Midi dress made of 100% linen. Lapel collar and long cuffed sleeves. Chest patch pockets with buttoned flaps. Hem with side slits. Button-up front.,https://static.zara.net/photos///2023/I/0/1/p/8367/046/710/2/w/448/8367046710_1_1_1.jpg?ts=1688486453322,https://www.zara.com/in/en/linen-shirt-dress-p08367046.html,Women,4.3
902,POINTELLE KNIT TUNIC,DRESSES_JUMPSUITS,4990.0,Tunic featuring a slot collar with drawstring. Long sleeves. Split hem.,https://static.zara.net/photos///2023/I/0/1/p/6427/012/712/2/w/448/6427012712_1_1_1.jpg?ts=1689249151285,https://www.zara.com/in/en/pointelle-knit-tunic-p06427012.html,Women,3.9
903,ASYMMETRIC CUT-OUT DRESS WITH RHINESTONES,DRESSES_JUMPSUITS,3990.0,Midi dress with an asymmetric neckline and straps. Cut-outs on the sides with rhinestone appliqués. Matching lining. Back vent at the hem. Invisible back zip fastening.,https://static.zara.net/photos///2023/I/0/1/p/7800/707/800/2/w/448/7800707800_1_1_1.jpg?ts=1685626666665,https://www.zara.com/in/en/asymmetric-cut-out-dress-with-rhinestones-p07800707.html,Women,4.1
904,CUT-OUT DRESS WITH RHINESTONES,DRESSES_JUMPSUITS,3290.0,Short knit dress. Asymmetric neckline and straps with rhinestone appliqués and knot. Matching lining. Cut-out detail on the side with rhinestone appliqués. Invisible side zip fastening.,https://static.zara.net/photos///2023/I/0/1/p/7802/636/800/2/w/448/7802636800_1_1_1.jpg?ts=1685626667372,https://www.zara.com/in/en/cut-out-dress-with-rhinestones-p07802636.html,Women,4.7
905,LINEN BLEND CARGO JUMPSUIT,DRESSES_JUMPSUITS,5590.0,Jumpsuit made of a linen blend. Straight neckline with front lapels. Front pockets and side patch pockets with flaps. Belt detail in matching fabric with elastic at the back and clip buckle fastening. Wide-leg design. Invisible back zip fastening.View more,https://static.zara.net/photos///2023/I/0/1/p/7695/939/737/2/w/448/7695939737_1_1_1.jpg?ts=1685358958678,https://www.zara.com/in/en/linen-blend-cargo-jumpsuit-p07695939.html,Women,4.2
906,PLEATED SURPLICE DRESS,DRESSES_JUMPSUITS,5590.0,Collared midi dress with a surplice neckline and short sleeves. Matching belt detail with buckle.,https://static.zara.net/photos///2023/I/0/1/p/2298/138/251/2/w/448/2298138251_1_1_1.jpg?ts=1684400765066,https://www.zara.com/in/en/pleated-surplice-dress-p02298138.html,Women,4.1
907,SHORT JACQUARD KNIT TUNIC DRESS,DRESSES_JUMPSUITS,4990.0,Short tunic dress with a V-neckline and wide sleeves falling below the elbow.,https://static.zara.net/photos///2023/I/0/1/p/9598/110/330/2/w/448/9598110330_1_1_1.jpg?ts=1687958602278,https://www.zara.com/in/en/short-jacquard-knit-tunic-dress-p09598110.html,Women,3.5
908,SATIN MIDI DRESS,DRESSES_JUMPSUITS,4990.0,Midi dress made of viscose. Cowl neckline and thin adjustable straps. Side pleat details. Asymmetric hem. Invisible side zip fastening.,https://static.zara.net/photos///2023/I/0/1/p/7775/428/420/2/w/448/7775428420_1_1_1.jpg?ts=1685693892554,https://www.zara.com/in/en/satin-midi-dress-p07775428.html,Women,4.4
909,PLEATED HALTER NECK JUMPSUIT,DRESSES_JUMPSUITS,4990.0,Halter neck jumpsuit with a wide-leg design. Invisible back zip fastening.,https://static.zara.net/photos///2023/I/0/1/p/8372/267/622/2/w/448/8372267622_1_1_1.jpg?ts=1689940538170,https://www.zara.com/in/en/pleated-halter-neck-jumpsuit-p08372267.html,Women,4.4
910,GABARDINE SHIRT-STYLE JUMPSUIT,DRESSES_JUMPSUITS,4990.0,Gabardine jumpsuit with a lapel collar and short sleeves. Side pockets and patch pockets on the legs. Elasticated waistband with adjustable drawstrings and stoppers. Pleated details on the knees. Adjustable hem with drawstrings and stoppers. Front snap-button fastening hidden by a placket.View more,https://static.zara.net/photos///2023/I/0/1/p/7901/216/726/2/w/448/7901216726_1_1_1.jpg?ts=1688732545569,https://www.zara.com/in/en/gabardine-shirt-style-jumpsuit-p07901216.html,Women,5.0
911,NYLON MIDI DRESS,DRESSES_JUMPSUITS,3990.0,Midi dress with a plunging V-neckline and adjustable thin straps that cross at the back. Side in-seam pockets. Elasticated waist with tie detail.,https://static.zara.net/photos///2023/I/0/1/p/7901/218/643/2/w/448/7901218643_1_1_1.jpg?ts=1688732545960,https://www.zara.com/in/en/nylon-midi-dress-p07901218.html,Women,4.0
912,VOLUMINOUS JUMPSUIT,DRESSES_JUMPSUITS,3990.0,Jumpsuit with a plunging V-neckline and long sleeves. Side in-seam pockets. Elasticated waist with tie detail. Invisible back zip fastening.,https://static.zara.net/photos///2023/I/0/1/p/3152/207/511/2/w/448/3152207511_1_1_1.jpg?ts=1688732542370,https://www.zara.com/in/en/voluminous-jumpsuit-p03152207.html,Women,4.2
913,TEXTURED STRAPLESS DRESS,DRESSES_JUMPSUITS,3990.0,Off-the-shoulder midi dress with a straight-cut neckline. Lining. Contrast seam details. Back slit at the hem. Invisible side zip fastening-,https://static.zara.net/photos///2023/I/0/1/p/6929/311/450/2/w/448/6929311450_1_1_1.jpg?ts=1689588091836,https://www.zara.com/in/en/textured-strapless-dress-p06929311.html,Women,4.2
914,SATIN BELTED CARGO JUMPSUIT,DRESSES_JUMPSUITS,4990.0,Sleeveless jumpsuit with a Johnny collar and buttoned tabs. Front pockets and side patch pockets with flaps. Straight leg. Invisible zip fastening and belt in matching fabric at the front.,https://static.zara.net/photos///2023/I/0/1/p/7736/963/712/2/w/448/7736963712_1_1_1.jpg?ts=1686059270933,https://www.zara.com/in/en/satin-belted-cargo-jumpsuit-p07736963.html,Women,4.8
915,LONG TEXTURED JUMPSUIT,DRESSES_JUMPSUITS,3990.0,Jumpsuit with a straight-cut neckline and thin straps. Ruffle detail on the chest. Wide-leg design.,https://static.zara.net/photos///2023/I/0/1/p/7840/366/450/2/w/448/7840366450_1_1_1.jpg?ts=1686234436775,https://www.zara.com/in/en/long-textured-jumpsuit-p07840366.html,Women,4.1
916,CUTWORK EMBROIDERY MIDI DRESS,DRESSES_JUMPSUITS,4990.0,Dress featuring a V-neckline and thin straps. Elastic on the back and a tie. Front slit at the hem and invisible side zip fastening.,https://static.zara.net/photos///2023/I/0/1/p/7734/523/069/2/w/448/7734523069_1_1_1.jpg?ts=1686124263539,https://www.zara.com/in/en/cutwork-embroidery-midi-dress-p07734523.html,Women,4.2
917,CROCHET HALTER DRESS,DRESSES_JUMPSUITS,3990.0,Halter dress featuring an adjustable V-neck with ties in the same fabric.,https://static.zara.net/photos///2023/I/0/1/p/7521/306/620/2/w/448/7521306620_1_1_1.jpg?ts=1690365041302,https://www.zara.com/in/en/crochet-halter-dress-p07521306.html,Women,4.4
918,ASYMMETRIC MIDI DRESS,DRESSES_JUMPSUITS,3290.0,Sleeveless midi dress with a cowl neckline. Twisted fabric at the shoulder. Back slit at the hem. Matching lining. Invisible side zip fastening.,https://static.zara.net/photos///2023/I/0/1/p/3067/210/712/2/w/448/3067210712_1_1_1.jpg?ts=1685086664649,https://www.zara.com/in/en/asymmetric-midi-dress-p03067210.html,Women,4.2
919,BEADED DRESS,DRESSES_JUMPSUITS,3290.0,Short dress with a straight-cut neckline and adjustable thin straps. Contrast bead detail. Smocked fabric on the back.,https://static.zara.net/photos///2023/I/0/1/p/0881/220/800/2/w/448/0881220800_1_1_1.jpg?ts=1689172923717,https://www.zara.com/in/en/beaded-dress-p00881220.html,Women,3.9
920,TEXTURED MIDI DRESS,DRESSES_JUMPSUITS,4990.0,Midi dress made of a viscose blend. Adjustable slot collar with ties in the same fabric. Bead appliqués. Pleated and voluminous exterior.,https://static.zara.net/photos///2023/I/0/1/p/0881/222/705/2/w/448/0881222705_1_1_1.jpg?ts=1690796562452,https://www.zara.com/in/en/textured-midi-dress-p00881222.html,Women,4.2
921,BEADED TEXTURED DRESS,DRESSES_JUMPSUITS,4990.0,Midi dress with a cowl neckline. Crossover straps at the back and adjustable tied detail at the neck with metallic thread detail and beads.,https://static.zara.net/photos///2023/I/0/1/p/5107/210/711/2/w/448/5107210711_1_1_1.jpg?ts=1690796563314,https://www.zara.com/in/en/beaded-textured-dress-p05107210.html,Women,4.6
922,HALTER NECK JUMPSUIT WITH RUFFLES,DRESSES_JUMPSUITS,5990.0,Satiny jumpsuit featuring a halter neck with pleated ruffles. Wide-leg design. Invisible back zip fastening.,https://static.zara.net/photos///2023/I/0/1/p/1971/156/800/2/w/448/1971156800_1_1_1.jpg?ts=1689090504965,https://www.zara.com/in/en/halter-neck-jumpsuit-with-ruffles-p01971156.html,Women,3.6
923,HALTER MIDI DRESS,DRESSES_JUMPSUITS,4990.0,"Halter neck dress with tie detail at the neck. Featuring wide elastic at the back, a flared hem and button fastening at the front.",https://static.zara.net/photos///2023/I/0/1/p/7693/670/406/2/w/448/7693670406_1_1_1.jpg?ts=1688652677243,https://www.zara.com/in/en/halter-midi-dress-p07693670.html,Women,4.2
924,METALLIC HALTER DRESS WITH RHINESTONE STRAPS,DRESSES_JUMPSUITS,4990.0,Halter neck midi dress featuring thin straps with rhinestones that cross at the back.,https://static.zara.net/photos///2023/I/0/1/p/1165/151/836/2/w/448/1165151836_1_1_1.jpg?ts=1692201135963,https://www.zara.com/in/en/metallic-halter-dress-with-rhinestone-straps-p01165151.html,Women,3.8
925,CUTWORK EMBROIDERY PLAYSUIT DRESS,DRESSES_JUMPSUITS,3290.0,Dress with a round neckline and thin double straps. Matching cutwork embroidery. Playsuit-style lining. Invisible side zip fastening.,https://static.zara.net/photos///2023/I/0/1/p/7200/236/800/2/w/448/7200236800_1_1_1.jpg?ts=1687878783141,https://www.zara.com/in/en/cutwork-embroidery-playsuit-dress-p07200236.html,Women,4.6
926,STRAIGHT LINEN BLEND JUMPSUIT,DRESSES_JUMPSUITS,4990.0,"Jumpsuit made of a linen blend. Slot collar and short sleeves. Front patch pockets, a straight-leg design with turn-up hems and front button fastening.",https://static.zara.net/photos///2023/I/0/1/p/0387/154/052/3/w/448/0387154052_1_1_1.jpg?ts=1687434570594,https://www.zara.com/in/en/straight-linen-blend-jumpsuit-p00387154.html,Women,3.4
927,MIDI DRESS WITH WOVEN STRAPS,DRESSES_JUMPSUITS,3990.0,Dress featuring a V-neck and thin woven straps. Front slit at the hem. In-seam side zip fastening.,https://static.zara.net/photos///2023/I/0/1/p/7806/670/406/2/w/448/7806670406_1_1_1.jpg?ts=1688652979706,https://www.zara.com/in/en/midi-dress-with-woven-straps-p07806670.html,Women,3.8
928,CONTRAST KNIT DRESS WITH RUFFLES,DRESSES_JUMPSUITS,3990.0,Dress with a V-neckline with ties and thin straps. Contrast fabric detail and ruffles.,https://static.zara.net/photos///2023/I/0/1/p/3920/100/800/17/w/448/3920100800_1_1_1.jpg?ts=1690541780265,https://www.zara.com/in/en/contrast-knit-dress-with-ruffles-p03920100.html,Women,4.3
929,LINEN BLEND WAISTCOAT JUMPSUIT,DRESSES_JUMPSUITS,7590.0,"Halterneck jumpsuit featuring front pockets, false rear jetted pockets, a wide-leg design and front button fastening.",https://static.zara.net/photos///2023/I/0/1/p/0387/157/052/2/w/448/0387157052_1_1_1.jpg?ts=1687339865733,https://www.zara.com/in/en/linen-blend-waistcoat-jumpsuit-p00387157.html,Women,4.8
930,PRINTED LINEN BLEND MIDI DRESS,DRESSES_JUMPSUITS,5590.0,Dress made of a linen blend. V-neck and sleeves falling below the elbow. Cut-out detail at the waist and back. Crossover lace-up fastening at the back. Invisible side zip fastening.,https://static.zara.net/photos///2023/I/0/1/p/7920/487/330/2/w/448/7920487330_1_1_1.jpg?ts=1688124511537,https://www.zara.com/in/en/printed-linen-blend-midi-dress-p07920487.html,Women,4.1
931,TIE-DYE PRINT MIDI DRESS,DRESSES_JUMPSUITS,4990.0,Dress with a cowl neck and thin straps. Gathered details on the sides. Invisible side zip fastening.,https://static.zara.net/photos///2023/I/0/1/p/7938/491/330/2/w/448/7938491330_1_1_1.jpg?ts=1689005388027,https://www.zara.com/in/en/tie-dye-print-midi-dress-p07938491.html,Women,3.9
932,LINEN KAFTAN - SPECIAL EDITION,DRESSES_JUMPSUITS,7590.0,"Kaftan made of 100% linen. Featuring a V-neckline, wide sleeves falling below the elbow, frayed trims and beading on the back.",https://static.zara.net/photos///2023/I/0/1/p/7879/740/427/3/w/448/7879740427_1_1_1.jpg?ts=1689850316800,https://www.zara.com/in/en/linen-kaftan---special-edition-p07879740.html,Women,4.9
933,PLEATED MIDI DRESS,DRESSES_JUMPSUITS,5590.0,Dress with a plaited V-neckline and short sleeves. Elasticated waist. Lining. Back bow.,https://static.zara.net/photos///2023/I/0/1/p/9878/165/942/2/w/448/9878165942_1_1_1.jpg?ts=1688732568294,https://www.zara.com/in/en/pleated-midi-dress-p09878165.html,Women,3.4
934,CHENILLE DRESS WITH STRAPS,DRESSES_JUMPSUITS,2990.0,V-neck midi dress with wide straps. Cutwork fabric detail. Scalloped trims.,https://static.zara.net/photos///2023/I/0/1/p/7901/870/445/2/w/448/7901870445_1_1_1.jpg?ts=1690536809120,https://www.zara.com/in/en/chenille-dress-with-straps-p07901870.html,Women,3.1
935,METALLIC THREAD STRIPED DRESS,DRESSES_JUMPSUITS,5990.0,Dress featuring a straight neckline with ruffle trim and thin tied straps. Metallic thread detail. Ruffled hem. Button-up front.,https://static.zara.net/photos///2023/I/0/1/p/7786/779/756/2/w/448/7786779756_1_1_1.jpg?ts=1689782709197,https://www.zara.com/in/en/metallic-thread-striped-dress-p07786779.html,Women,4.3
936,TIE-DYE TUNIC DRESS,DRESSES_JUMPSUITS,4990.0,Tunic dress with a V-neck and short sleeves. Pleated detail on the front and metallic thread appliqué.,https://static.zara.net/photos///2023/I/0/1/p/7912/034/330/2/w/448/7912034330_1_1_1.jpg?ts=1688124232748,https://www.zara.com/in/en/tie-dye-tunic-dress-p07912034.html,Women,3.9
937,LINEN HALTERNECK DRESS,DRESSES_JUMPSUITS,8590.0,100% linen midi dress. Halterneck with adjustable metal buckle. Open back. Flared hem. Invisible back zip fastening.,https://static.zara.net/photos///2023/I/0/1/p/7892/736/802/12/w/448/7892736802_1_1_1.jpg?ts=1690987261165,https://www.zara.com/in/en/linen-halterneck-dress-p07892736.html,Women,3.6
938,FITTED RIBBED MIDI DRESS,DRESSES_JUMPSUITS,2590.0,Midi dress with a round neckline and thin straps that cross at the back.,https://static.zara.net/photos///2023/I/0/1/p/8779/450/800/2/w/448/8779450800_6_1_1.jpg?ts=1688627877778,https://www.zara.com/in/en/fitted-ribbed-midi-dress-p08779450.html,Women,4.4
939,PRINTED STRAPPY JUMPSUIT,DRESSES_JUMPSUITS,4990.0,Jumpsuit with a gathered V-neckline and thin straps. Side cut-out details at the waist. Straight-leg design. Invisible back zip fastening.,https://static.zara.net/photos///2023/I/0/1/p/2298/161/046/2/w/448/2298161046_1_1_1.jpg?ts=1688373141336,https://www.zara.com/in/en/printed-strappy-jumpsuit-p02298161.html,Women,4.2
940,HALTER CUT-OUT DRESS,DRESSES_JUMPSUITS,3290.0,Midi dress made of knit fabric with a tied halter neck. Opening detail at the waist. Matching lining. Back vent at the hem. Invisible side zip fastening.,https://static.zara.net/photos///2023/I/0/1/p/7981/636/250/2/w/448/7981636250_1_1_1.jpg?ts=1685626667926,https://www.zara.com/in/en/halter-cut-out-dress-p07981636.html,Women,3.8
941,PRINTED CARGO DRESS,DRESSES_JUMPSUITS,5990.0,Strapless midi dress made of 100% cotton. Multiple patch pockets with flaps and zips on the front. Slit at the hem. Front fastening with metal zip.,https://static.zara.net/photos///2023/I/0/1/p/2674/248/802/2/w/448/2674248802_1_1_1.jpg?ts=1691154412703,https://www.zara.com/in/en/printed-cargo-dress-p02674248.html,Women,3.5
942,CREASED-EFFECT RUSTIC DRESS,DRESSES_JUMPSUITS,5990.0,"Midi dress made of a linen blend. Featuring a V-neckline, thin straps with stone appliqués and frayed trims.",https://static.zara.net/photos///2023/I/0/1/p/3564/169/305/5/w/448/3564169305_1_1_1.jpg?ts=1689850251759,https://www.zara.com/in/en/creased-effect-rustic-dress-p03564169.html,Women,4.5
943,ANIMAL PRINT RUFFLED MIDI DRESS,DRESSES_JUMPSUITS,4990.0,V-neck dress with long sleeves. Ruffle trims and a front opening at the waist. Front vent at the hem. Lining. Invisible side zip fastening.,https://static.zara.net/photos///2023/I/0/1/p/0387/158/051/2/w/448/0387158051_1_1_1.jpg?ts=1691755226111,https://www.zara.com/in/en/animal-print-ruffled-midi-dress-p00387158.html,Women,4.4
944,CUTWORK EMBROIDERY MIDI SHIRT DRESS,DRESSES_JUMPSUITS,5590.0,Johnny collar dress with short turn-up sleeves. Buttoned front.,https://static.zara.net/photos///2023/I/0/1/p/8023/545/251/2/w/448/8023545251_1_1_1.jpg?ts=1687791318099,https://www.zara.com/in/en/cutwork-embroidery-midi-shirt-dress-p08023545.html,Women,4.1
945,RHINESTONE LONG MESH DRESS,DRESSES_JUMPSUITS,5990.0,Sleeveless dress made of mesh fabric. Round neck. Rhinestone appliqué details.This garment is not lined.,https://static.zara.net/photos///2023/I/0/1/p/2712/829/800/2/w/448/2712829800_1_1_1.jpg?ts=1688548179811,https://www.zara.com/in/en/rhinestone-long-mesh-dress-p02712829.html,Women,4.9
946,PRINTED MIDI DRESS WITH CUT-OUT DETAIL,DRESSES_JUMPSUITS,4990.0,Dress featuring a V-neck and long sleeves with elasticated trims. Metallic thread detail and opening at the waist. Open back with thin elastic straps. Lining.,https://static.zara.net/photos///2023/I/0/1/p/8351/226/068/2/w/448/8351226068_1_1_1.jpg?ts=1690970187397,https://www.zara.com/in/en/printed-midi-dress-with-cut-out-detail-p08351226.html,Women,3.6
947,TIE-DYE RAMIE HALTER DRESS,DRESSES_JUMPSUITS,7590.0,Dress made of 100% ramie. Halter neck with thin twisted straps. Open back with beads. Lining.,https://static.zara.net/photos///2023/I/0/1/p/7987/472/330/3/w/448/7987472330_1_1_1.jpg?ts=1689850329904,https://www.zara.com/in/en/tie-dye-ramie-halter-dress-p07987472.html,Women,3.4
948,KNIT METALLIC THREAD SLIP DRESS,DRESSES_JUMPSUITS,4990.0,Open knit dress with a round neck and thin straps. Lining. Metallic thread detail.,https://static.zara.net/photos///2023/I/0/1/p/3653/106/808/2/w/448/3653106808_1_1_1.jpg?ts=1691057206637,https://www.zara.com/in/en/knit-metallic-thread-slip-dress-p03653106.html,Women,3.8
949,BELTED STRIPED SHIRT DRESS,DRESSES_JUMPSUITS,4990.0,Collared satin dress with short sleeves. Dart details at the waist. Fastens at the front with buttons and a belt.,https://static.zara.net/photos///2023/I/0/1/p/8035/467/330/2/w/448/8035467330_1_1_1.jpg?ts=1689862658716,https://www.zara.com/in/en/belted-striped-shirt-dress-p08035467.html,Women,4.1
950,PRINTED TUNIC DRESS,DRESSES_JUMPSUITS,4990.0,Tunic dress with a V-neck and lapel collar with below the elbow sleeves. In-seam side pockets. Side vents at the hem. Buttoned front.,https://static.zara.net/photos///2023/I/0/1/p/8027/489/330/2/w/448/8027489330_1_1_1.jpg?ts=1688573296122,https://www.zara.com/in/en/printed-tunic-dress-p08027489.html,Women,4.2
951,BELTED LINEN SHIRT DRESS,DRESSES_JUMPSUITS,4990.0,Dress made of 100% linen. Johnny collar and turn-up sleeves with buttoned tabs. Front patch pockets. Elasticated waist and contrast belt with buckle. Front button-up fastening.,https://static.zara.net/photos///2023/I/0/1/p/8036/707/505/2/w/448/8036707505_1_1_1.jpg?ts=1689696939250,https://www.zara.com/in/en/belted-linen-shirt-dress-p08036707.html,Women,4.0
952,LINEN BLEND BELTED MIDI DRESS,DRESSES_JUMPSUITS,4990.0,Sleeveless dress made of a linen blend fabric. Ruffled V-neck. Button-up front and belt.,https://static.zara.net/photos///2023/I/0/1/p/0387/160/800/2/w/448/0387160800_1_1_1.jpg?ts=1688124509797,https://www.zara.com/in/en/linen-blend-belted-midi-dress-p00387160.html,Women,4.3
953,JUMPSUIT WITH WRAP TROUSERS,DRESSES_JUMPSUITS,4990.0,Sleeveless jumpsuit with a draped round neck. Pleated detail and wrap-style front. Wide-leg design. Back cut-out detail. Invisible side zip fastening.,https://static.zara.net/photos///2023/I/0/1/p/7969/238/800/2/w/448/7969238800_1_1_1.jpg?ts=1690366717928,https://www.zara.com/in/en/jumpsuit-with-wrap-trousers-p07969238.html,Women,3.5
954,SLIP DRESS WITH RUFFLED CAPE,DRESSES_JUMPSUITS,7590.0,Satiny dress with a V-neckline and thin straps. Asymmetric cape with contrast fabric and pleated ruffles.,https://static.zara.net/photos///2023/I/0/1/p/9878/180/601/2/w/448/9878180601_1_1_1.jpg?ts=1689095492508,https://www.zara.com/in/en/slip-dress-with-ruffled-cape-p09878180.html,Women,4.7
955,CROCHET DRESS WITH BEADING,DRESSES_JUMPSUITS,4990.0,Midi dress with a round neck and wide straps. Matching beading appliqués.This garment is not lined.,https://static.zara.net/photos///2023/I/0/1/p/7901/843/500/2/w/448/7901843500_1_1_1.jpg?ts=1690365042842,https://www.zara.com/in/en/crochet-dress-with-beading-p07901843.html,Women,4.1
956,LINEN BLEND PRINT CORSETRY-INSPIRED DRESS,DRESSES_JUMPSUITS,3290.0,Midi dress made of a linen blend. Round neck with gathering and thin straps that cross at the back. Front knot detail and slit at the hem. Elastic at the back. Invisible side zip fastening.,https://static.zara.net/photos///2023/I/0/1/p/8033/492/051/2/w/448/8033492051_1_1_1.jpg?ts=1687348745328,https://www.zara.com/in/en/linen-blend-print-corsetry-inspired-dress-p08033492.html,Women,4.6
957,PRINTED SATIN DRESS WITH CUT-OUT DETAIL,DRESSES_JUMPSUITS,3990.0,Midi dress with an asymmetric neckline and thin adjustable straps. Cut-out detail at the waist. Invisible side zip fastening.,https://static.zara.net/photos///2023/I/0/1/p/8028/435/121/2/w/448/8028435121_1_1_1.jpg?ts=1688053742596,https://www.zara.com/in/en/printed-satin-dress-with-cut-out-detail-p08028435.html,Women,4.3
958,FITTED STRAPLESS DRESS,DRESSES_JUMPSUITS,2290.0,Midi dress made of a viscose blend. Strapless. Side draped detail.,https://static.zara.net/photos///2023/I/0/1/p/5584/626/250/2/w/448/5584626250_1_1_1.jpg?ts=1689590269023,https://www.zara.com/in/en/fitted-strapless-dress-p05584626.html,Women,4.3
959,POINTELLE KNIT TUNIC,DRESSES_JUMPSUITS,3290.0,Sleeveless tunic with a V-neck and drawstring.,https://static.zara.net/photos///2023/I/0/1/p/5802/076/712/12/w/448/5802076712_1_1_1.jpg?ts=1687346084802,https://www.zara.com/in/en/pointelle-knit-tunic-p05802076.html,Women,4.4
960,KNIT LINEN BLEND DRESS,DRESSES_JUMPSUITS,4990.0,"Dress made of a linen blend. Featuring a round neckline, thin straps and long sleeves with exposed shoulders.",https://static.zara.net/photos///2023/I/0/1/p/2142/103/807/2/w/448/2142103807_1_1_1.jpg?ts=1688568108115,https://www.zara.com/in/en/knit-linen-blend-dress-p02142103.html,Women,4.3
961,KNIT MIDI DRESS WITH GATHERING,DRESSES_JUMPSUITS,4990.0,Sleeveless dress with a surplice neckline. Side gathering detail.,https://static.zara.net/photos///2023/I/0/1/p/2142/302/711/2/w/448/2142302711_1_1_1.jpg?ts=1689177072456,https://www.zara.com/in/en/knit-midi-dress-with-gathering-p02142302.html,Women,4.4
962,GATHERED PRINTED MIDI DRESS,DRESSES_JUMPSUITS,3290.0,Dress with a V-neckline and thin straps. Gathered front detail. Front slit at the hem. Invisible back zip fastening.,https://static.zara.net/photos///2023/I/0/1/p/9878/187/044/2/w/448/9878187044_1_1_1.jpg?ts=1687446566245,https://www.zara.com/in/en/gathered-printed-midi-dress-p09878187.html,Women,4.7
963,STRAPLESS DRESS,DRESSES_JUMPSUITS,4990.0,Stretch midi dress with a straight-cut neckline and exposed shoulders. Side pockets and rear patch pockets. Belt in the same fabric with a metal buckle. Invisible side zip and front zip and metal hook fastening.View more,https://static.zara.net/photos///2023/I/0/1/p/2712/230/305/2/w/448/2712230305_1_1_1.jpg?ts=1690987132556,https://www.zara.com/in/en/strapless-dress-p02712230.html,Women,4.2
964,MATCHING DRESS WITH CUT-OUT DETAIL,DRESSES_JUMPSUITS,2990.0,Sleeveless midi dress with a round neckline. Matching fabric detail and side vents. A-line hem. Invisible side zip fastening.,https://static.zara.net/photos///2023/I/0/1/p/4174/807/668/2/w/448/4174807668_1_1_1.jpg?ts=1689862176461,https://www.zara.com/in/en/matching-dress-with-cut-out-detail-p04174807.html,Women,4.4
965,JACQUARD KNIT TUNIC DRESS,DRESSES_JUMPSUITS,4990.0,Tunic dress with a slot collar and long wide sleeves.,https://static.zara.net/photos///2023/I/0/1/p/3859/053/500/12/w/448/3859053500_1_1_1.jpg?ts=1688980090901,https://www.zara.com/in/en/jacquard-knit-tunic-dress-p03859053.html,Women,4.1
966,WRINKLED-EFFECT MIDI SLIP DRESS,DRESSES_JUMPSUITS,3290.0,Satiny dress with a V-neckline and thin straps that cross at the back.,https://static.zara.net/photos///2023/I/0/1/p/9878/206/172/2/w/448/9878206172_1_1_1.jpg?ts=1688655832721,https://www.zara.com/in/en/wrinkled-effect-midi-slip-dress-p09878206.html,Women,4.7
967,TULLE HALTER DRESS,DRESSES_JUMPSUITS,2990.0,Midi dress featuring a halter neck with tied detail in the same fabric. Open back detail. Lining.,https://static.zara.net/photos///2023/I/0/1/p/5039/626/121/2/w/448/5039626121_1_1_1.jpg?ts=1689599720392,https://www.zara.com/in/en/tulle-halter-dress-p05039626.html,Women,3.8
968,MIDI DRESS,DRESSES_JUMPSUITS,3290.0,V-neck midi dress with thin straps. Layered contrast fabric detail with adjustable side ties.,https://static.zara.net/photos///2023/I/0/1/p/1165/659/250/2/w/448/1165659250_1_1_1.jpg?ts=1689590266937,https://www.zara.com/in/en/midi-dress-p01165659.html,Women,4.9
969,SATIN MIDI DRESS,DRESSES_JUMPSUITS,3290.0,Dress with a straight-cut elasticated neckline. Thin straps with bows. Creased-effect detail.,https://static.zara.net/photos///2023/I/0/1/p/9878/228/505/2/w/448/9878228505_1_1_1.jpg?ts=1689085676664,https://www.zara.com/in/en/satin-midi-dress-p09878228.html,Women,4.1
970,TULLE MIDI DRESS,DRESSES_JUMPSUITS,2990.0,Off-the-shoulder dress with a straight neckline. Lining.,https://static.zara.net/photos///2023/I/0/1/p/0085/465/115/2/w/448/0085465115_1_1_1.jpg?ts=1689599720733,https://www.zara.com/in/en/tulle-midi-dress-p00085465.html,Women,3.5
971,PRINTED STRAPPY DRESS,DRESSES_JUMPSUITS,2990.0,Strappy tulle midi dress featuring a round neck and lining.,https://static.zara.net/photos///2023/I/0/1/p/5039/201/120/2/w/448/5039201120_1_1_1.jpg?ts=1689861334414,https://www.zara.com/in/en/printed-strappy-dress-p05039201.html,Women,4.2
972,ASYMMETRIC SATIN DRESS,DRESSES_JUMPSUITS,4990.0,Midi dress featuring an asymmetric neckline and a long sleeve. Opening detail on the waist and front gathering. Invisible side zip fastening and buttons.,https://static.zara.net/photos///2023/I/0/1/p/8159/899/402/2/w/448/8159899402_1_1_1.jpg?ts=1690454102422,https://www.zara.com/in/en/asymmetric-satin-dress-p08159899.html,Women,3.8
973,MINI DRESS WITH CUTWORK EMBROIDERY,DRESSES_JUMPSUITS,3990.0,Short sleeve dress with a slot collar. Cutwork embroidery detail and matching belt with double gold buckle. Flared hem. Lining. Buttoned front.,https://static.zara.net/photos///2023/I/0/1/p/8175/960/250/2/w/448/8175960250_1_1_1.jpg?ts=1687791315603,https://www.zara.com/in/en/mini-dress-with-cutwork-embroidery-p08175960.html,Women,4.5
974,MATCHING POPLIN DRESS,DRESSES_JUMPSUITS,2990.0,Not Found,https://static.zara.net/photos///2023/I/0/1/p/5644/454/131/2/w/448/5644454131_1_1_1.jpg?ts=1688045926286,https://www.zara.com/in/en/matching-poplin-dress-p05644454.html,Women,3.8
975,FLOWING JUMPSUIT WITH KNOT,DRESSES_JUMPSUITS,3290.0,Flowing sleeveless jumpsuit with a round neck and knots. Features a wide leg and zip fastening at the back hidden in the seam.,https://static.zara.net/photos///2023/I/0/1/p/0264/453/505/2/w/448/0264453505_1_1_1.jpg?ts=1688724522784,https://www.zara.com/in/en/flowing-jumpsuit-with-knot-p00264453.html,Women,3.9
976,FLOWING DRESS WITH PLEATS,DRESSES_JUMPSUITS,2990.0,Sleeveless flowing midi dress with an asymmetric neckline. Pleated details on the shoulders.,https://static.zara.net/photos///2023/I/0/1/p/0264/452/612/2/w/448/0264452612_1_1_1.jpg?ts=1688724522148,https://www.zara.com/in/en/flowing-dress-with-pleats-p00264452.html,Women,3.2
977,COMBINED FITTED TULLE DRESS,DRESSES_JUMPSUITS,2990.0,Midi dress made of tulle. Round neck and sleeveless. Draped fabric detail. Lining.,https://static.zara.net/photos///2023/I/0/1/p/0085/467/118/2/w/448/0085467118_1_1_1.jpg?ts=1690812520096,https://www.zara.com/in/en/combined-fitted-tulle-dress-p00085467.html,Women,3.9
978,SHORT SLEEVED JUMPSUIT,DRESSES_JUMPSUITS,4990.0,"Jumpsuit with a Johnny collar and short sleeves. Featuring front and back patch pockets, an elasticated waistband and button fastening at the front.",https://static.zara.net/photos///2023/I/0/1/p/8069/702/505/12/w/448/8069702505_1_1_1.jpg?ts=1690459374348,https://www.zara.com/in/en/short-sleeved-jumpsuit-p08069702.html,Women,3.0
979,FITTED KNIT HALTER DRESS,DRESSES_JUMPSUITS,3290.0,Knit midi dress with a halter neck. Open back.,https://static.zara.net/photos///2023/I/0/1/p/5584/628/712/2/w/448/5584628712_1_1_1.jpg?ts=1691050443625,https://www.zara.com/in/en/fitted-knit-halter-dress-p05584628.html,Women,3.4
980,CONTRAST LINEN BLEND DRESS,DRESSES_JUMPSUITS,2990.0,Strapless midi dress. Fabric appliqué detail made of a contrast linen blend. Pleats at the waist. Side in-seam pockets. Back vent at the hem.,https://static.zara.net/photos///2023/I/0/1/p/3253/803/711/2/w/448/3253803711_1_1_1.jpg?ts=1689862176465,https://www.zara.com/in/en/contrast-linen-blend-dress-p03253803.html,Women,4.4
981,FRINGED SATIN TOP,DRESSES_JUMPSUITS,3290.0,Top featuring a high round neckline with a fringed tie detail. Straps at the back. Button fastening at the neck.,https://static.zara.net/photos///2023/I/0/1/p/0219/802/800/2/w/448/0219802800_1_1_1.jpg?ts=1690529708581,https://www.zara.com/in/en/fringed-satin-top-p00219802.html,Women,4.5
982,POLKA DOT JUMPSUIT,DRESSES_JUMPSUITS,4990.0,Sleeveless jumpsuit with a surplice neckline. Featuring pleats on the front and a wide-leg design. Invisible back zip and button fastening.,https://static.zara.net/photos///2023/I/0/1/p/3897/159/084/2/w/448/3897159084_1_1_1.jpg?ts=1690366718284,https://www.zara.com/in/en/polka-dot-jumpsuit-p03897159.html,Women,4.3
983,STRAPPY DRESS WITH FRINGING,DRESSES_JUMPSUITS,7590.0,Round neck midi dress with thin straps. Matching fringe appliqué.,https://static.zara.net/photos///2023/I/0/1/p/2712/835/700/2/w/448/2712835700_1_1_1.jpg?ts=1690529708773,https://www.zara.com/in/en/strappy-dress-with-fringing-p02712835.html,Women,3.7
984,CREASED JACQUARD DRESS,DRESSES_JUMPSUITS,3290.0,V-neck midi dress featuring thin straps with adjustable ties. Textured creased fabric detail. Seamless hem.,https://static.zara.net/photos///2023/I/0/1/p/5584/629/440/2/w/448/5584629440_1_1_1.jpg?ts=1690210735233,https://www.zara.com/in/en/creased-jacquard-dress-p05584629.html,Women,4.1
985,MESH MIDI DRESS WITH RHINESTONES,DRESSES_JUMPSUITS,5990.0,Semi-sheer midi dress made of mesh fabric. Round neck. Rhinestone appliqué details. This garment is not lined.,https://static.zara.net/photos///2023/I/0/1/p/7901/931/802/2/w/448/7901931802_1_1_1.jpg?ts=1692344970369,https://www.zara.com/in/en/mesh-midi-dress-with-rhinestones-p07901931.html,Women,4.1
986,GABARDINE JUMPSUIT,DRESSES_JUMPSUITS,4990.0,"Jumpsuit made of gabardine fabric. Lapel collar and short turn-up sleeves. Patch pockets on the front, back and legs. Belt loops with snap buttons at the waist. Front fastening with metal zip.",https://static.zara.net/photos///2023/I/0/1/p/7200/268/712/2/w/448/7200268712_1_1_1.jpg?ts=1691588060086,https://www.zara.com/in/en/gabardine-jumpsuit-p07200268.html,Women,3.6
987,RHINESTONE MESH DRESS,DRESSES_JUMPSUITS,5990.0,Short sleeveless dress made of mesh fabric. Round neck. Rhinestone appliqué details.This garment is not lined.,https://static.zara.net/photos///2023/I/0/1/p/7901/848/800/4/w/448/7901848800_1_1_1.jpg?ts=1689762032956,https://www.zara.com/in/en/rhinestone-mesh-dress-p07901848.html,Women,4.8
988,HEAVY COTTON COCOON DRESS,DRESSES_JUMPSUITS,2590.0,Loose-fitting sleeveless cotton midi dress with a V-neckline. Open details at the back.,https://static.zara.net/photos///2023/I/0/1/p/2335/632/700/2/w/448/2335632700_1_1_1.jpg?ts=1688983630519,https://www.zara.com/in/en/heavy-cotton-cocoon-dress-p02335632.html,Women,4.5
989,ZW DENIM DRESS WITH TOPSTITCHING,DRESSES_JUMPSUITS,5990.0,ZW ZARA WOMANOff-the-shoulder midi dress with a straight-cut neckline. Contrast topstitching details. Invisible zip fastening.,https://static.zara.net/photos///2023/V/0/1/p/2553/053/407/23/w/448/2553053407_1_1_1.jpg?ts=1683881686180,https://www.zara.com/in/en/zw-denim-dress-with-topstitching-p02553053.html,Women,4.0
990,TULLE HALTER DRESS WITH FRINGE,DRESSES_JUMPSUITS,4990.0,Short halterneck dress. Open back. Matching fringe trims. Lining. Button fastening at the neck.,https://static.zara.net/photos///2023/I/0/1/p/2712/833/615/2/w/448/2712833615_1_1_1.jpg?ts=1690529709107,https://www.zara.com/in/en/tulle-halter-dress-with-fringe-p02712833.html,Women,4.1
991,PRINT SHIRT DRESS,DRESSES_JUMPSUITS,4990.0,Collared midi dress featuring a V-neckline and short sleeves. Adjustable waistband with drawstring. Button-up front.,https://static.zara.net/photos///2023/I/0/1/p/2157/221/400/12/w/448/2157221400_1_1_1.jpg?ts=1685978502232,https://www.zara.com/in/en/print-shirt-dress-p02157221.html,Women,4.2
992,CONTRAST POPLIN DRESS,DRESSES_JUMPSUITS,3290.0,Midi dress with a straight-cut neckline and thin adjustable straps. Side pockets concealed in the seams. Elasticated smocked fabric on the chest with contrast embroidery. Matching lining.,https://static.zara.net/photos///2023/I/0/1/p/0881/201/250/17/w/448/0881201250_1_1_1.jpg?ts=1686064952125,https://www.zara.com/in/en/contrast-poplin-dress-p00881201.html,Women,3.2
993,SATIN SLIP DRESS,DRESSES_JUMPSUITS,3990.0,Midi dress with a round neck and thin adjustable straps. Open back. Invisible side zip fastening.,https://static.zara.net/photos///2023/I/0/1/p/3676/840/250/17/w/448/3676840250_1_1_1.jpg?ts=1686065729611,https://www.zara.com/in/en/satin-slip-dress-p03676840.html,Women,4.0
994,LINEN MIDI DRESS,DRESSES_JUMPSUITS,5990.0,Sleeveless midi dress made of linen. V-neck. Frayed trims. Flared hem. Invisible back zip fastening.,https://static.zara.net/photos///2023/I/0/1/p/7687/023/727/12/w/448/7687023727_1_1_1.jpg?ts=1686137658310,https://www.zara.com/in/en/linen-midi-dress-p07687023.html,Women,3.8
995,FITTED DRESS WITH DRAPED SIDE,DRESSES_JUMPSUITS,2590.0,Sleeveless dress with a round neckline. Draped detail on the side.,https://static.zara.net/photos///2023/I/0/1/p/5039/632/800/2/w/448/5039632800_1_1_1.jpg?ts=1690191628012,https://www.zara.com/in/en/fitted-dress-with-draped-side-p05039632.html,Women,3.6
996,DRESS WITH POCKETS - LIMITED EDITION,DRESSES_JUMPSUITS,5990.0,Strapless midi dress made of a cotton blend. Multiple patch pockets. Adjustable belt in the same fabric with metal buckle. Slit hem. Invisible zip fastening.,https://static.zara.net/photos///2023/I/0/1/p/7567/022/711/17/w/448/7567022711_1_1_1.jpg?ts=1686128670743,https://www.zara.com/in/en/dress-with-pockets---limited-edition-p07567022.html,Women,4.0
997,PLEATED ASYMMETRIC DRESS,DRESSES_JUMPSUITS,4990.0,V-neck dress with thin straps. Pleated fabric with ruffles. Matching lining. Asymmetric hem.,https://static.zara.net/photos///2023/I/0/1/p/0219/805/406/2/w/448/0219805406_1_1_1.jpg?ts=1691487671566,https://www.zara.com/in/en/pleated-asymmetric-dress-p00219805.html,Women,4.9
998,CAMISOLE MIDI DRESS,DRESSES_JUMPSUITS,3290.0,Dress featuring a V-neck and thin braided straps. Wide elastic panel at the back. Button-up front.,https://static.zara.net/photos///2023/I/0/1/p/8224/675/505/2/w/448/8224675505_1_1_1.jpg?ts=1689696940520,https://www.zara.com/in/en/camisole-midi-dress-p08224675.html,Women,4.4
999,ANIMAL PRINT ASYMMETRIC DRESS WITH RUFFLES,DRESSES_JUMPSUITS,3990.0,"Mini dress with an asymmetric neckline, a thin strap and a ruffle trim. Lining. Ruffle trims. Invisible back zip fastening.",https://static.zara.net/photos///2023/I/0/1/p/8212/458/038/2/w/448/8212458038_1_1_1.jpg?ts=1691755227607,https://www.zara.com/in/en/animal-print-asymmetric-dress-with-ruffles-p08212458.html,Women,3.8
1000,ANIMAL JACQUARD MIDI SLIP DRESS,DRESSES_JUMPSUITS,5990.0,Dress with a cowl neckline and thin straps that cross at the back. Gathered detailing on the sides. Lining. Front slit at the hem.,https://static.zara.net/photos///2023/I/0/1/p/8196/515/800/2/w/448/8196515800_1_1_1.jpg?ts=1691755224888,https://www.zara.com/in/en/animal-jacquard-midi-slip-dress-p08196515.html,Women,4.4
1001,LINEN BLEND DRESS WITH EMBROIDERY,DRESSES_JUMPSUITS,3290.0,Short dress made of a linen blend. V-neck and thin adjustable straps. Matching lining. Matching cutwork embroidery detail. Invisible back zip fastening.,https://static.zara.net/photos///2023/I/0/1/p/0881/343/250/17/w/448/0881343250_1_1_1.jpg?ts=1686147389119,https://www.zara.com/in/en/linen-blend-dress-with-embroidery-p00881343.html,Women,4.7
1002,Z1975 STRAIGHT DENIM JUMPSUIT,DRESSES_JUMPSUITS,5990.0,Jumpsuit with a Johnny collar and long sleeves. Front pockets and patch pockets with flaps. Straight leg with turn-up hems. Front zip and button fastening.,https://static.zara.net/photos///2023/I/0/1/p/6164/205/802/2/w/448/6164205802_1_1_1.jpg?ts=1691403592932,https://www.zara.com/in/en/z1975-straight-denim-jumpsuit-p06164205.html,Women,4.5
1003,LINEN BLEND STRAPPY MIDI DRESS,DRESSES_JUMPSUITS,4990.0,Dress made of a linen blend. Surplice neckline and thin tied straps. Elastic waist with a front opening and elastic trims at the back. Split hem.,https://static.zara.net/photos///2023/I/0/1/p/8251/939/305/2/w/448/8251939305_1_1_1.jpg?ts=1689264049737,https://www.zara.com/in/en/linen-blend-strappy-midi-dress-p08251939.html,Women,4.1
1004,LONG SATIN DRESS,DRESSES_JUMPSUITS,4990.0,Long sleeveless dress made of a viscose blend. Round neckline. Side slits at the hem. Invisible zip fastening.,https://static.zara.net/photos///2023/I/0/1/p/7901/078/101/3/w/448/7901078101_1_1_1.jpg?ts=1686309044696,https://www.zara.com/in/en/long-satin-dress-p07901078.html,Women,3.8
1005,BELTED CARGO JUMPSUIT,DRESSES_JUMPSUITS,5590.0,Strapless jumpsuit with false front flap pockets. Front pockets and side patch pockets with flaps. Wide-leg design. Invisible back zip fastening. Belt in matching fabric with elastic trim at the back.,https://static.zara.net/photos///2023/I/0/1/p/8273/934/704/2/w/448/8273934704_1_1_1.jpg?ts=1690974864687,https://www.zara.com/in/en/belted-cargo-jumpsuit-p08273934.html,Women,4.4
1006,SHORT DRESS WITH BEADING,DRESSES_JUMPSUITS,3290.0,Short dress with a straight-cut neckline and thin adjustable straps. Smocked fabric on the back. Matching lining.,https://static.zara.net/photos///2023/I/0/1/p/5107/368/250/17/w/448/5107368250_1_1_1.jpg?ts=1686739886927,https://www.zara.com/in/en/short-dress-with-beading-p05107368.html,Women,4.3
1007,LINEN BLEND TUNIC DRESS,DRESSES_JUMPSUITS,4990.0,Tunic dress made of a linen blend. Featuring a V-neckline and short sleeves. Pleated detail on the front. Asymmetric hem.,https://static.zara.net/photos///2023/I/0/1/p/4437/241/305/12/w/448/4437241305_1_1_1.jpg?ts=1686748607436,https://www.zara.com/in/en/linen-blend-tunic-dress-p04437241.html,Women,4.5
1008,PRINTED MIDI DRESS WITH KNOT,DRESSES_JUMPSUITS,3290.0,Dress made of a linen blend fabric. V-neck with knot and thin straps that cross at the back. Front slit at the hem. Elastic at the waist. Invisible side zip fastening.,https://static.zara.net/photos///2023/I/0/1/p/7857/614/330/17/w/448/7857614330_1_1_1.jpg?ts=1686901791757,https://www.zara.com/in/en/printed-midi-dress-with-knot-p07857614.html,Women,4.4
1009,PRINTED CAMISOLE DRESS,DRESSES_JUMPSUITS,2990.0,V-neck midi dress with thin straps and button fastening at the front.,https://static.zara.net/photos///2023/I/0/1/p/2157/066/070/17/w/448/2157066070_1_1_1.jpg?ts=1686901605314,https://www.zara.com/in/en/printed-camisole-dress-p02157066.html,Women,4.6
1010,PLEATED MIDI DRESS WITH CUT-OUT DETAIL,DRESSES_JUMPSUITS,4990.0,Round neck dress with short sleeves. Cut-out detail on the sides at the waist. Lining. Invisible back zip fastening.,https://static.zara.net/photos///2023/I/0/1/p/9878/223/251/17/w/448/9878223251_1_1_1.jpg?ts=1687447105005,https://www.zara.com/in/en/pleated-midi-dress-with-cut-out-detail-p09878223.html,Women,3.9
1011,CUT-OUT WAISTCOAT JUMPSUIT,DRESSES_JUMPSUITS,5590.0,"Sleeveless V-neck jumpsuit. False front welt pockets. Cut-out detail at the waist. Darts and front pockets. Straight leg. Front zip, metal hook and button fastening.",https://static.zara.net/photos///2023/I/0/1/p/8333/880/712/2/w/448/8333880712_1_1_1.jpg?ts=1691593336695,https://www.zara.com/in/en/cut-out-waistcoat-jumpsuit-p08333880.html,Women,4.7
1012,MIDI DRESS WITH VISIBLE SEAMS,DRESSES_JUMPSUITS,5590.0,Round neck dress with long sleeves. Visible seams and a back opening. Button fastening at the back.,https://static.zara.net/photos///2023/I/0/1/p/8345/534/093/2/w/448/8345534093_1_1_1.jpg?ts=1691577080858,https://www.zara.com/in/en/midi-dress-with-visible-seams-p08345534.html,Women,4.2
1013,PAISLEY PRINT DRESS,DRESSES_JUMPSUITS,4990.0,V-neck dress with short sleeves and a wide elasticated waist at the back.,https://static.zara.net/photos///2023/I/0/1/p/2587/161/330/2/w/448/2587161330_1_1_1.jpg?ts=1692008565365,https://www.zara.com/in/en/paisley-print-dress-p02587161.html,Women,5.0
1014,MIDI SLIP DRESS WITH CUT-OUT DETAIL,DRESSES_JUMPSUITS,4990.0,Dress featuring a straight neckline and thin straps. Cut-out details on the waist. Frayed hem. Invisible back zip fastening.,https://static.zara.net/photos///2023/I/0/1/p/8392/157/800/2/w/448/8392157800_1_1_1.jpg?ts=1691577078696,https://www.zara.com/in/en/midi-slip-dress-with-cut-out-detail-p08392157.html,Women,3.8
1015,CONTRAST CROCHET KNIT DRESS,DRESSES_JUMPSUITS,5990.0,Sleeveless midi dress with a round neck and contrast crochet fabric detail.,https://static.zara.net/photos///2023/I/0/1/p/3653/104/400/12/w/448/3653104400_1_1_1.jpg?ts=1688980092475,https://www.zara.com/in/en/contrast-crochet-knit-dress-p03653104.html,Women,4.9
1016,LINEN WRAP DRESS,DRESSES_JUMPSUITS,4990.0,Sleeveless midi dress made of 100% linen. V-neckline. Overlay detail in the same wrap fabric with adjustable ties. Invisible back zip fastening.,https://static.zara.net/photos///2023/I/0/1/p/5216/244/800/2/w/448/5216244800_1_1_1.jpg?ts=1692689318618,https://www.zara.com/in/en/linen-wrap-dress-p05216244.html,Women,4.2
1017,KNIT DRESS WITH COMBINED EMBROIDERY,DRESSES_JUMPSUITS,3290.0,Halterneck dress with an open back. Contrast fabric detail with cutwork embroidery.,https://static.zara.net/photos///2023/I/0/1/p/5802/102/050/12/w/448/5802102050_1_1_1.jpg?ts=1688980091874,https://www.zara.com/in/en/knit-dress-with-combined-embroidery-p05802102.html,Women,3.8
1018,SEQUINNED MIDI DRESS,DRESSES_JUMPSUITS,3990.0,V-neck midi dress with thin straps and a back slit at the hem. Sequin appliqués.,https://static.zara.net/photos///2023/I/0/1/p/8342/273/808/2/w/448/8342273808_1_1_1.jpg?ts=1691075739324,https://www.zara.com/in/en/sequinned-midi-dress-p08342273.html,Women,3.9
1019,SHORT POLKA DOT DRESS,DRESSES_JUMPSUITS,3290.0,Flowing V-neck dress with short sleeves. Elastic detail at the waist.,https://static.zara.net/photos///2023/I/0/1/p/9878/243/251/2/w/448/9878243251_1_1_1.jpg?ts=1692281895504,https://www.zara.com/in/en/short-polka-dot-dress-p09878243.html,Women,4.0
1020,ZW FRAYED ASYMMETRIC DRESS,DRESSES_JUMPSUITS,5990.0,"ZW ZARA WOMANSleeveless dress with a round neckline. Featuring frayed trims, an asymmetric hem and metal zip fastening at the back.",https://static.zara.net/photos///2023/I/0/1/p/6840/243/082/12/w/448/6840243082_1_1_1.jpg?ts=1689579673858,https://www.zara.com/in/en/zw-frayed-asymmetric-dress-p06840243.html,Women,4.3
1021,FITTED METALLIC THREAD DRESS,DRESSES_JUMPSUITS,3290.0,Semi-sheer midi dress made of mesh fabric with metallic thread. V-neckline and thin straps.This garment is not lined.,https://static.zara.net/photos///2023/I/0/1/p/7901/892/303/3/w/448/7901892303_1_1_1.jpg?ts=1689762018523,https://www.zara.com/in/en/fitted-metallic-thread-dress-p07901892.html,Women,4.3
1022,METALLIC THREAD KNIT DRESS,DRESSES_JUMPSUITS,3990.0,Dress with a V-neck and short sleeves. Thin strap at the neck.,https://static.zara.net/photos///2023/I/0/1/p/2142/118/835/3/w/448/2142118835_1_1_1.jpg?ts=1689788860613,https://www.zara.com/in/en/metallic-thread-knit-dress-p02142118.html,Women,3.8
1023,KNIT MINI DRESS,DRESSES_JUMPSUITS,2990.0,Dress with a wide round neckline and long flared sleeves.,https://static.zara.net/photos///2023/I/0/1/p/3433/106/800/3/w/448/3433106800_1_1_1.jpg?ts=1690190628388,https://www.zara.com/in/en/knit-mini-dress-p03433106.html,Women,4.1
1024,PATCHWORK PRINT DRESS,DRESSES_JUMPSUITS,3290.0,"Midi dress with a V-neck, gathered detail and thin straps. Front false buttons covered in matching fabric and a front slit at the hem. Invisible back zip fastening and tie.",https://static.zara.net/photos///2023/I/0/1/p/7737/614/600/12/w/448/7737614600_1_1_1.jpg?ts=1690459371472,https://www.zara.com/in/en/patchwork-print-dress-p07737614.html,Women,5.0
1025,SHIRT DRESS WITH BELT,DRESSES_JUMPSUITS,4990.0,Dress featuring a Johnny collar and sleeves with turn-up cuffs and buttoned tabs. Front patch pockets. Elasticated waistband. Buttoned front and belt.,https://static.zara.net/photos///2023/I/0/1/p/8036/299/406/12/w/448/8036299406_1_1_1.jpg?ts=1690459373787,https://www.zara.com/in/en/shirt-dress-with-belt-p08036299.html,Women,4.9
1026,DENIM TRF JUMPSUIT,DRESSES_JUMPSUITS,5990.0,Collared jumpsuit featuring long sleeves with cuffs. Patch pockets on the chest and back. Front metal button and zip fastening.,https://static.zara.net/photos///2023/I/0/1/p/5252/283/400/4/w/448/5252283400_1_1_1.jpg?ts=1691743833804,https://www.zara.com/in/en/denim-trf-jumpsuit-p05252283.html,Women,4.3
1027,PRINTED MINI DRESS,DRESSES_JUMPSUITS,3290.0,Slot collar dress with long sleeves with elasticated trims. Front pintuck detail. Ruffled hem. Fastens at the front with buttons.,https://static.zara.net/photos///2023/I/0/1/p/9878/235/031/2/w/448/9878235031_1_1_1.jpg?ts=1690974865321,https://www.zara.com/in/en/printed-mini-dress-p09878235.html,Women,4.1
1028,MIDI DRESS,DRESSES_JUMPSUITS,3990.0,Off-the-shoulder midi dress with a straight-cut neckline. Gathered detail. Back slit at the hem. Matching interior lining. Invisible side zip fastening.,https://static.zara.net/photos///2023/V/0/1/p/2698/707/800/3/w/448/2698707800_1_1_1.jpg?ts=1681829091017,https://www.zara.com/in/en/midi-dress-p02698707.html,Women,4.2
1029,SHORT PRINTED DRESS,DRESSES_JUMPSUITS,3290.0,Short dress with a slot collar and long sleeves. Ruffled hem. Front button fastening.,https://static.zara.net/photos///2023/I/0/1/p/9878/227/070/17/w/448/9878227070_1_1_1.jpg?ts=1690983018753,https://www.zara.com/in/en/short-printed-dress-p09878227.html,Women,4.4
1030,PRINT SHIRT DRESS,DRESSES_JUMPSUITS,5990.0,Collared midi shirt dress made of cotton. Sleeves falling below the elbow with cuffs. Tied belt in the same fabric. Button-up front.,https://static.zara.net/photos///2023/I/0/1/p/7652/002/330/2/w/448/7652002330_1_1_1.jpg?ts=1683724982079,https://www.zara.com/in/en/print-shirt-dress-p07652002.html,Women,3.6
1031,LINEN BLEND SHORT DRESS,DRESSES_JUMPSUITS,2990.0,Dress made of a linen blend. Square neckline and short puff sleeves. Open back with adjustable crossover ties. Matching lining. Invisible back zip fastening.,https://static.zara.net/photos///2023/I/0/1/p/2990/325/250/12/w/448/2990325250_1_1_1.jpg?ts=1687345999790,https://www.zara.com/in/en/linen-blend-short-dress-p02990325.html,Women,4.0
1032,SATIN PLAYSUIT,DRESSES_JUMPSUITS,3290.0,V-neck playsuit with wide sleeves falling below the elbow. Elasticated waist. Lining. Fastening with buttoned opening at the back.,https://static.zara.net/photos///2023/I/0/1/p/9878/236/505/2/w/448/9878236505_1_1_1.jpg?ts=1690386806814,https://www.zara.com/in/en/satin-playsuit-p09878236.html,Women,3.3
1033,STRAPLESS PRINTED DRESS,DRESSES_JUMPSUITS,3990.0,Long strapless dress made of cotton. Elastic smocked fabric.,https://static.zara.net/photos///2023/I/0/1/p/2731/251/330/2/w/448/2731251330_1_1_1.jpg?ts=1688125288757,https://www.zara.com/in/en/strapless-printed-dress-p02731251.html,Women,4.3
1034,LINEN BLEND JUMPSUIT WITH BELT,DRESSES_JUMPSUITS,4990.0,Jumpsuit made of a linen and cotton blend. V-neck and short sleeves with elastic trims. Darts on the front. Elasticated waistband at the back with a matching fabric belt. Front pockets. Turn-up hems. Button-up front.,https://static.zara.net/photos///2023/I/0/1/p/7745/715/052/2/w/448/7745715052_1_1_1.jpg?ts=1688568633234,https://www.zara.com/in/en/linen-blend-jumpsuit-with-belt-p07745715.html,Women,4.4
1035,SHIRT DRESS WITH BELT,DRESSES_JUMPSUITS,4990.0,Midi dress featuring a Johnny collar and short sleeves with turn-up cuffs and buttoned tabs. Side patch pockets. Buttoned front and a braided belt.,https://static.zara.net/photos///2023/I/0/1/p/8032/788/445/2/w/448/8032788445_1_1_1.jpg?ts=1689175828411,https://www.zara.com/in/en/shirt-dress-with-belt-p08032788.html,Women,3.9
1036,SHORT PRINTED DRESS,DRESSES_JUMPSUITS,3290.0,Short dress with a slot collar and long sleeves with elasticated trims. Front lace trim. Ruffled hem.,https://static.zara.net/photos///2023/I/0/1/p/9878/231/916/17/w/448/9878231916_1_1_1.jpg?ts=1690983019106,https://www.zara.com/in/en/short-printed-dress-p09878231.html,Women,4.8
1037,PRINTED MIDI DRESS,DRESSES_JUMPSUITS,5590.0,"Midi dress made of cotton. Featuring a straight neckline, puff sleeves falling below the elbow and smocking.",https://static.zara.net/photos///2023/I/0/1/p/5107/246/330/2/w/448/5107246330_1_1_1.jpg?ts=1688125288863,https://www.zara.com/in/en/printed-midi-dress-p05107246.html,Women,3.5
1038,SHORT PRINTED DRESS,DRESSES_JUMPSUITS,3290.0,Short cotton dress. Halter neck and exposed shoulders. Elasticated detail at the waist. Fastens at the back with ties in the same fabric.,https://static.zara.net/photos///2023/I/0/1/p/4786/249/330/2/w/448/4786249330_1_1_1.jpg?ts=1684234003612,https://www.zara.com/in/en/short-printed-dress-p04786249.html,Women,3.4
1039,MIDI DRESS WITH BELT,DRESSES_JUMPSUITS,5990.0,Sleeveless midi dress made of a linen and lyocell blend. Lapel collar. Tied belt in the same fabric. Front pockets. Concealed button fastening at the front.,https://static.zara.net/photos///2023/I/0/1/p/4786/299/305/2/w/448/4786299305_1_1_1.jpg?ts=1688126788652,https://www.zara.com/in/en/midi-dress-with-belt-p04786299.html,Women,4.2
1040,SHORT PRINTED DRESS,DRESSES_JUMPSUITS,3290.0,Short dress made of cotton. Halter neck and V-neck. Floral print detail.,https://static.zara.net/photos///2023/I/0/1/p/4786/269/330/2/w/448/4786269330_1_1_1.jpg?ts=1688124232407,https://www.zara.com/in/en/short-printed-dress-p04786269.html,Women,4.6
1041,PADDED JACKET WITH POCKETS,JACKETS,7590.0,"Padded jacket with a high neck and long sleeves, Front patch pockets. Adjustable hem with matching drawstrings. Front zip fastening.",https://static.zara.net/photos///2023/I/0/1/p/4088/242/800/2/w/448/4088242800_1_1_1.jpg?ts=1691658771413,https://www.zara.com/in/en/padded-jacket-with-pockets-p04088242.html,Women,4.9
1042,WOOL BOMBER JACKET WITH ZIP,JACKETS,7590.0,Bomber jacket made of 100% wool. Featuring a V-neckline and long sleeves. Front pockets. Ribbed trims. Metal zip fastening at the front.,https://static.zara.net/photos///2023/I/0/1/p/2893/108/704/2/w/448/2893108704_1_1_1.jpg?ts=1693224696563,https://www.zara.com/in/en/wool-bomber-jacket-with-zip-p02893108.html,Women,3.9
1043,SATIN KIMONO,JACKETS,3290.0,"Kimono made of satin fabric. Featuring a crossover V-neckline, long sleeves with vents and crossover fastening with tied detail in the same fabric",https://static.zara.net/photos///2023/I/0/1/p/1131/805/804/2/w/448/1131805804_1_1_1.jpg?ts=1692274456448,https://www.zara.com/in/en/satin-kimono-p01131805.html,Women,4.6
1044,TRANSPARENT CROPPED JACKET,JACKETS,4990.0,"Transparent collared water-repellent jacket. Featuring long sleeves with tabs on the shoulders. Front pockets with zips, a belt in the same material with a rubberised buckle and crossover zip fastening at the front.",https://static.zara.net/photos///2023/I/0/1/p/1255/817/990/2/w/448/1255817990_1_1_1.jpg?ts=1692874440525,https://www.zara.com/in/en/transparent-cropped-jacket-p01255817.html,Women,4.1
1045,SATIN FOIL BOMBER JACKET,JACKETS,4990.0,Bomber jacket made of metallic satin fabric. Round neck and long sleeves with elastic cuffs. Front welt pockets. Elastic hem. Contrast lining. Front fastening with metal zip.,https://static.zara.net/photos///2023/I/0/1/p/8495/350/808/2/w/448/8495350808_1_1_1.jpg?ts=1692884607713,https://www.zara.com/in/en/satin-foil-bomber-jacket-p08495350.html,Women,4.0
1046,WORN EFFECT LEATHER EFFECT BIKER JACKET,JACKETS,5990.0,Distressed effect jacket with a lapel collar and long sleeves. Zip details on the front and shoulder tabs. Wrap front with zip fastening.,https://static.zara.net/photos///2023/I/0/1/p/4341/726/802/2/w/448/4341726802_1_1_1.jpg?ts=1692874442840,https://www.zara.com/in/en/worn-effect-leather-effect-biker-jacket-p04341726.html,Women,4.5
1047,OVERSIZE TRENCH COAT WITH POCKETS,JACKETS,7590.0,Collared trench coat made of a cotton blend. Featuring long flared sleeves. Front patch pockets. Back vent at the hem. Button-up front.,https://static.zara.net/photos///2023/I/0/1/p/2731/259/711/17/w/448/2731259711_1_1_1.jpg?ts=1692952040464,https://www.zara.com/in/en/oversize-trench-coat-with-pockets-p02731259.html,Women,4.4
1048,FAUX SUEDE TRENCH COAT,JACKETS,4990.0,Trench coat made of faux suede fabric. Lapel collar and long sleeves with tabs on the cuffs and shoulders. Side pockets. Belt in the same fabric with a contrast buckle. Double-breasted button fastening at the front.,https://static.zara.net/photos///2023/I/0/1/p/4968/223/704/2/w/448/4968223704_1_1_1.jpg?ts=1692964746030,https://www.zara.com/in/en/faux-suede-trench-coat-p04968223.html,Women,3.4
1049,SOFT SHORT JACKET,JACKETS,3290.0,Long sleeve collared jacket. Front patch pockets with flaps and snap-button fastening at the front.,https://static.zara.net/photos///2023/I/0/1/p/3046/260/704/2/w/448/3046260704_1_1_1.jpg?ts=1692964744875,https://www.zara.com/in/en/soft-short-jacket-p03046260.html,Women,4.8
1050,RUSTIC BOMBER JACKET,JACKETS,4990.0,"Bomber jacket made of a cotton blend. Featuring a round neckline, long sleeves and cutwork fabric. Matching ribbed trims and metal zip fastening at the front.",https://static.zara.net/photos///2023/I/0/1/p/5584/454/712/2/w/448/5584454712_1_1_1.jpg?ts=1692864058362,https://www.zara.com/in/en/rustic-bomber-jacket-p05584454.html,Women,4.7
1051,LINEN BLEND PLEATED BOMBER JACKET,JACKETS,5990.0,Short collared bomber jacket made of a linen blend. Long sleeves. Front welt pockets. Elastic hem with pleats. Matching lining. Zip-up front hidden by a placket.,https://static.zara.net/photos///2023/I/0/1/p/2712/468/832/2/w/448/2712468832_1_1_1.jpg?ts=1692776596473,https://www.zara.com/in/en/linen-blend-pleated-bomber-jacket-p02712468.html,Women,3.8
1052,WORN EFFECT LEATHER EFFECT BOMBER JACKET,JACKETS,5990.0,Worn effect bomber jacket with a round neckline and long cuffed sleeves. Front welt pockets. Front fastening with metal zip.,https://static.zara.net/photos///2023/I/0/1/p/6318/223/800/12/w/448/6318223800_2_5_1.jpg?ts=1692947673008,https://www.zara.com/in/en/worn-effect-leather-effect-bomber-jacket-p06318223.html,Women,4.3
1053,OVERSIZE QUILTED BOMBER JACKET,JACKETS,7590.0,Loose-fitting bomber jacket with a round neck and long sleeves. Front flap pockets with snap buttons. Matching ribbed trims. Front zip and snap-button fastening.,https://static.zara.net/photos///2023/I/0/1/p/4088/243/802/2/w/448/4088243802_1_1_1.jpg?ts=1692790350505,https://www.zara.com/in/en/oversize-quilted-bomber-jacket-p04088243.html,Women,4.3
1054,DISTRESSED LEATHER EFFECT TRENCH COAT,JACKETS,9590.0,Distressed effect trench coat with a lapel collar. Long sleeves with tabs on the cuffs and shoulders. Side pockets. Tied belt in the same fabric. Double-breasted button fastening at the front.,https://static.zara.net/photos///2023/I/0/1/p/6318/222/800/2/w/448/6318222800_1_1_1.jpg?ts=1692778670061,https://www.zara.com/in/en/distressed-leather-effect-trench-coat-p06318222.html,Women,4.2
1055,WORN EFFECT CROPPED LEATHER EFFECT BIKER JACKET,JACKETS,5990.0,Distressed effect jacket with a lapel collar and long sleeves. Shoulder tabs. False front zip pocket. Belt detail at the hem. Wrap front with zip fastening.,https://static.zara.net/photos///2023/I/0/1/p/6318/232/800/17/w/448/6318232800_1_1_1.jpg?ts=1692888198152,https://www.zara.com/in/en/worn-effect-cropped-leather-effect-biker-jacket-p06318232.html,Women,3.9
1056,NEOPRENE-EFFECT JACKET,JACKETS,4990.0,Hooded longline jacket with long cuffed sleeves. Front patch pockets and metal zip fastening at the front.,https://static.zara.net/photos///2023/I/0/1/p/8073/221/802/3/w/448/8073221802_1_1_1.jpg?ts=1692355318949,https://www.zara.com/in/en/neoprene-effect-jacket-p08073221.html,Women,3.8
1057,TRF DENIM CROPPED JACKET,JACKETS,3990.0,Collared jacket featuring long sleeves with cuffs. Front patch pockets. Ripped details. Seamless hem. Metal button fastening on the front.,https://static.zara.net/photos///2023/I/0/1/p/8197/295/400/3/w/448/8197295400_1_1_1.jpg?ts=1691743835514,https://www.zara.com/in/en/trf-denim-cropped-jacket-p08197295.html,Women,4.1
1058,WORN EFFECT LEATHER EFFECT BIKER JACKET,JACKETS,5990.0,"Distressed effect jacket with a lapel collar and long sleeves. Featuring front zip pockets, crossover zip fastening at the front and a belt at the hem.",https://static.zara.net/photos///2023/I/0/1/p/3046/222/800/21/w/448/3046222800_1_1_1.jpg?ts=1692689523050,https://www.zara.com/in/en/worn-effect-leather-effect-biker-jacket-p03046222.html,Women,4.6
1059,TRF RIPPED CROPPED DENIM JACKET,JACKETS,3290.0,Cropped collared jacket featuring long drop-shoulder sleeves with elasticated cuffs. Faded fabric with rips. Front fastening with metal zip.,https://static.zara.net/photos///2023/I/0/1/p/4365/271/407/2/w/448/4365271407_1_1_1.jpg?ts=1692361750024,https://www.zara.com/in/en/trf-ripped-cropped-denim-jacket-p04365271.html,Women,4.3
1060,ZW RHINESTONE DENIM JACKET,JACKETS,8590.0,ZW ZARA WOMANCollared denim jacket with long sleeves. Chest patch pockets with buttoned flaps. Rhinestone appliqués. Button-up front.,https://static.zara.net/photos///2023/I/0/1/p/6045/244/428/2/w/448/6045244428_1_1_1.jpg?ts=1682412309615,https://www.zara.com/in/en/zw-rhinestone-denim-jacket-p06045244.html,Women,3.9
1061,DENIM JACKET WITH PATCH POCKETS,JACKETS,2990.0,Jacket with a lapel collar and long sleeves. Front patch pockets. Metal button fastenings on the front.,https://static.zara.net/photos///2023/I/0/1/p/0108/042/506/17/w/448/0108042506_1_1_1.jpg?ts=1689085992342,https://www.zara.com/in/en/denim-jacket-with-patch-pockets-p00108042.html,Women,4.4
1062,ZW OVERSIZE DENIM JACKET,JACKETS,3990.0,ZW ZARA WOMANLoose-fitting denim jacket featuring a lapel collar and long sleeves with cuffs. Side pockets and chest patch pockets with buttoned flaps. Faded effect. Fastens at the front with metallic buttons.View more,https://static.zara.net/photos///2023/I/0/1/p/1213/244/428/2/w/448/1213244428_1_1_1.jpg?ts=1691482579040,https://www.zara.com/in/en/zw-oversize-denim-jacket-p01213244.html,Women,2.8
1063,Z1975 CROPPED METALLIC DENIM JACKET,JACKETS,4990.0,Collared metallic jacket with long sleeves. Featuring front patch pockets with flaps and button fastening at the front.,https://static.zara.net/photos///2023/I/0/1/p/6164/190/427/3/w/448/6164190427_1_1_1.jpg?ts=1692201825260,https://www.zara.com/in/en/z1975-cropped-metallic-denim-jacket-p06164190.html,Women,4.6
1064,CROPPED WAXED TRENCH COAT,JACKETS,5990.0,Cropped trench coat featuring a high neck with tab and metal buckle. Long sleeves with shoulder pads and tabs on the cuffs. Front pockets. Matching lining. Button-up front.,https://static.zara.net/photos///2023/I/0/1/p/4432/832/507/2/w/448/4432832507_1_1_1.jpg?ts=1692361751450,https://www.zara.com/in/en/cropped-waxed-trench-coat-p04432832.html,Women,3.3
1065,FAUX LEATHER BIKER JACKET,JACKETS,4990.0,"Collared jacket with long sleeves and shoulder tabs. Featuring front zip pockets, a hem featuring a matching belt with metal buckle and front crossover zip fastening.",https://static.zara.net/photos///2023/I/0/1/p/3046/060/800/18/w/448/3046060800_1_1_1.jpg?ts=1692689373356,https://www.zara.com/in/en/faux-leather-biker-jacket-p03046060.html,Women,3.9
1066,SHORT DOUBLE-BREASTED TRENCH COAT,JACKETS,5990.0,Short trench coat featuring a lapel collar and long sleeves with buttons. Front welt pockets. Double-breasted button fastening on the front.,https://static.zara.net/photos///2023/I/0/1/p/7999/818/401/2/w/448/7999818401_1_1_1.jpg?ts=1693305748529,https://www.zara.com/in/en/short-double-breasted-trench-coat-p07999818.html,Women,3.6
1067,FAUX LEATHER OVERSIZE JACKET,JACKETS,5990.0,"Jacket with a lapel collar and long sleeves. Featuring front pockets with metal zip, shoulder tabs, belt in the same fabric with buckle and metal zip-up fastening on the front.",https://static.zara.net/photos///2023/I/0/1/p/3427/811/800/20/w/448/3427811800_1_1_1.jpg?ts=1691757557036,https://www.zara.com/in/en/faux-leather-oversize-jacket-p03427811.html,Women,3.5
1068,SNAKESKIN PRINT PUFFER JACKET,JACKETS,3990.0,Jacket with a round neck and long sleeves. Front welt pockets. Snap-button fastenings on the front.,https://static.zara.net/photos///2023/I/0/1/p/8147/803/070/2/w/448/8147803070_1_1_1.jpg?ts=1692281895379,https://www.zara.com/in/en/snakeskin-print-puffer-jacket-p08147803.html,Women,4.6
1069,Z1975 DENIM OVERSHIRT WITH PATCH POCKETS,JACKETS,4990.0,Collared overshirt with long sleeves. Front patch pockets. Side vents at the hem. Front metal button fastening.,https://static.zara.net/photos///2023/I/0/1/p/6147/165/406/2/w/448/6147165406_1_1_1.jpg?ts=1685105199661,https://www.zara.com/in/en/z1975-denim-overshirt-with-patch-pockets-p06147165.html,Women,3.9
1070,CROPPED BOMBER JACKET,JACKETS,4990.0,Bomber jacket featuring a round neck and long sleeves with cuffs. Jetted pockets on the front. Front snap-button fastenings.,https://static.zara.net/photos///2023/I/0/1/p/7893/502/712/17/w/448/7893502712_1_1_1.jpg?ts=1686146625085,https://www.zara.com/in/en/cropped-bomber-jacket-p07893502.html,Women,4.3
1071,TRF DENIM CROPPED JACKET,JACKETS,3290.0,Jacket featuring a lapel collar and long sleeves with cuffs. Pockets on the front and on the arm. Tab details at the back. Seamless hem. Front metal button fastening.,https://static.zara.net/photos///2023/I/0/1/p/8197/257/400/3/w/448/8197257400_1_1_1.jpg?ts=1691077223644,https://www.zara.com/in/en/trf-denim-cropped-jacket-p08197257.html,Women,4.1
1072,SHIRT BOMBER JACKET,JACKETS,3290.0,Collared bomber jacket featuring long sleeves. Front welt pockets. Elasticated hem. Front fastening with metal zip.,https://static.zara.net/photos///2023/I/0/1/p/7102/220/800/18/w/448/7102220800_1_1_1.jpg?ts=1692689746266,https://www.zara.com/in/en/shirt-bomber-jacket-p07102220.html,Women,4.3
1073,OVERSIZE SHORT TRENCH COAT,JACKETS,5990.0,Trench coat with a lapel collar and a crossover neckline. Long sleeves with tabs. Belt with contrast buckle at the hem. Front button fastening.,https://static.zara.net/photos///2023/I/0/1/p/4432/706/707/17/w/448/4432706707_1_1_1.jpg?ts=1691077270530,https://www.zara.com/in/en/oversize-short-trench-coat-p04432706.html,Women,4.1
1074,MAXI BOMBER JACKET WITH POCKETS,JACKETS,7590.0,Cropped bomber jacket with a round neck and long sleeves. Front maxi patch pockets with flaps. Lining. Matching ribbed trims. Front snap-button fastening.,https://static.zara.net/photos///2023/I/0/1/p/3736/245/800/18/w/448/3736245800_1_1_1.jpg?ts=1691565073010,https://www.zara.com/in/en/maxi-bomber-jacket-with-pockets-p03736245.html,Women,3.5
1075,SATIN TRENCH COAT,JACKETS,4990.0,Flowing trench coat with a lapel collar and long sleeves.,https://static.zara.net/photos///2023/I/0/1/p/8403/260/800/2/w/448/8403260800_1_1_1.jpg?ts=1692362669898,https://www.zara.com/in/en/satin-trench-coat-p08403260.html,Women,4.5
1076,PRINTED OVERSIZE LINEN BLEND JACKET,JACKETS,4990.0,Jacket made of a linen blend fabric. Lapel collar and long cuffed sleeves. Side pockets and chest patch pockets. Front metal button fastening.,https://static.zara.net/photos///2023/I/0/1/p/4432/721/050/17/w/448/4432721050_1_1_1.jpg?ts=1690543854132,https://www.zara.com/in/en/printed-oversize-linen-blend-jacket-p04432721.html,Women,3.9
1077,SATIN BOMBER JACKET WITH TOPSTITCHING,JACKETS,4990.0,Satin bomber jacket with a round neck and long sleeves. Front pockets. Contrast pronounced topstitching detail. Metal zip and snap-button fastening at the front.,https://static.zara.net/photos///2023/I/0/1/p/1058/407/715/2/w/448/1058407715_1_1_1.jpg?ts=1692273228327,https://www.zara.com/in/en/satin-bomber-jacket-with-topstitching-p01058407.html,Women,3.4
1078,OVERSIZE QUILTED BOMBER JACKET,JACKETS,3290.0,Loose-fitting bomber jacket with a high neck and long sleeves with elastic cuffs. Front patch pockets. Elasticated hem. Front zip fastening hidden by a placket.,https://static.zara.net/photos///2023/I/0/1/p/4770/456/670/2/w/448/4770456670_1_1_1.jpg?ts=1690532851594,https://www.zara.com/in/en/oversize-quilted-bomber-jacket-p04770456.html,Women,3.9
1079,LONGLINE BOMBER JACKET WITH PATCH POCKETS,JACKETS,5990.0,Bomber jacket with a round neck and long sleeves. Front patch pockets with flaps. Elasticated trims. Hidden snap-button fastening on the front.,https://static.zara.net/photos///2023/I/0/1/p/7997/671/251/2/w/448/7997671251_1_1_1.jpg?ts=1691758079504,https://www.zara.com/in/en/longline-bomber-jacket-with-patch-pockets-p07997671.html,Women,4.8
1080,WATER AND WIND PROTECTION RUBBERISED RAINCOAT,JACKETS,5990.0,Raincoat featuring a high collar with hood and drawstrings. Long sleeves with adjustable snap-button cuffs. Front flap pockets. Side vents at the hem. Zip-up front with hidden snap buttons.,https://static.zara.net/photos///2023/I/0/1/p/6318/023/712/17/w/448/6318023712_1_1_1.jpg?ts=1692286317660,https://www.zara.com/in/en/water-and-wind-protection-rubberised-raincoat-p06318023.html,Women,4.5
1081,NEOPRENE-EFFECT BOMBER JACKET,JACKETS,3990.0,Bomber jacket with a round neckline and long sleeves with puffy cuffs. Front welt pockets. Adjustable hem with elastic drawstring and stoppers. Zip-up front.,https://static.zara.net/photos///2023/I/0/1/p/8073/224/922/3/w/448/8073224922_1_1_1.jpg?ts=1692355396708,https://www.zara.com/in/en/neoprene-effect-bomber-jacket-p08073224.html,Women,3.9
1082,TULLE JACKET WITH FRINGE,JACKETS,3990.0,"Long sleeve jacket with a round neckline. Featuring matching fringe trims, lining and fastening at the front with openings and lined hooks.",https://static.zara.net/photos///2023/I/0/1/p/2712/832/250/2/w/448/2712832250_1_1_1.jpg?ts=1690529708801,https://www.zara.com/in/en/tulle-jacket-with-fringe-p02712832.html,Women,3.9
1083,PRINTED BOMBER JACKET,JACKETS,4990.0,"Round neck bomber jacket with long sleeves. Featuring side welt pockets, ribbed trims and zip fastening at the front.",https://static.zara.net/photos///2023/I/0/1/p/2010/777/450/2/w/448/2010777450_1_1_1.jpg?ts=1689583016439,https://www.zara.com/in/en/printed-bomber-jacket-p02010777.html,Women,4.0
1084,COTTON OVERSHIRT WITH GOLDEN BUTTONS,JACKETS,3290.0,Overshirt with a lapel collar and long sleeves. Front patch pockets with flaps. Raised golden button fastening at the front.,https://static.zara.net/photos///2023/I/0/1/p/8372/239/712/2/w/448/8372239712_1_1_1.jpg?ts=1689328169413,https://www.zara.com/in/en/cotton-overshirt-with-golden-buttons-p08372239.html,Women,5.0
1085,FLOWING FRAYED TRENCH COAT,JACKETS,9590.0,Flowing semi-sheer trench coat featuring a high round neck and long sleeves with flared trims. Tied belt. Front pockets. Asymmetric hem. Frayed trims in the same fabric. Double-breasted button fastening at the front.View more,https://static.zara.net/photos///2023/I/0/1/p/7837/342/800/2/w/448/7837342800_1_1_1.jpg?ts=1689766697783,https://www.zara.com/in/en/flowing-frayed-trench-coat-p07837342.html,Women,4.3
1086,Z1975 DENIM OVERSIZE JACKET,JACKETS,2990.0,"Oversize collared jacket featuring long sleeves with cuffs, front patch pockets and a button-up front with metal buttons.",https://static.zara.net/photos///2023/I/0/1/p/1879/238/427/2/w/448/1879238427_6_1_1.jpg?ts=1692341666521,https://www.zara.com/in/en/z1975-denim-oversize-jacket-p01879238.html,Women,4.3
1087,FLOWING TRENCH COAT,JACKETS,3990.0,Collared trench coat with long sleeves. Front welt pockets. Back vent. Fastens at the front with buttons.,https://static.zara.net/photos///2023/I/0/1/p/8073/043/706/2/w/448/8073043706_1_1_1.jpg?ts=1690970189045,https://www.zara.com/in/en/flowing-trench-coat-p08073043.html,Women,4.6
1088,LINEN BLEND CROPPED JACKET,JACKETS,3990.0,Jacket made of a linen blend fabric. Lapel collar and long sleeves. Front patch pockets. Button-up front.,https://static.zara.net/photos///2023/I/0/1/p/7932/400/401/2/w/448/7932400401_1_1_1.jpg?ts=1687348745097,https://www.zara.com/in/en/linen-blend-cropped-jacket-p07932400.html,Women,4.2
1089,TRF DENIM SWEATSHIRT,JACKETS,3990.0,Denim hoodie. Long sleeves with drop-shoulder cuffs. Front trimmed pouch pockets. Back tabs on the hem.,https://static.zara.net/photos///2023/I/0/1/p/4365/275/400/2/w/448/4365275400_1_1_1.jpg?ts=1691662361389,https://www.zara.com/in/en/trf-denim-sweatshirt-p04365275.html,Women,4.0
1090,TIE-DYE PRINT TULLE KIMONO,JACKETS,1990.0,Semi-sheer kimono with a lapel collar and a surplice neckline. Long sleeves. Wrap fastening with a tie.This garment is not lined.,https://static.zara.net/photos///2023/I/0/1/p/5039/399/086/2/w/448/5039399086_1_1_1.jpg?ts=1691422499805,https://www.zara.com/in/en/tie-dye-print-tulle-kimono-p05039399.html,Women,4.0
1091,LINEN BOMBER JACKET WITH POCKETS,JACKETS,7590.0,Short bomber jacket made of 100% linen. Round neck and long sleeves with gathered cuffs. Patch pockets with flaps and metal zips on the chest. Elasticated hem. Matching ribbed trims. Front fastening with metal zip.,https://static.zara.net/photos///2023/I/0/1/p/2674/244/711/2/w/448/2674244711_1_1_1.jpg?ts=1690450435982,https://www.zara.com/in/en/linen-bomber-jacket-with-pockets-p02674244.html,Women,4.1
1092,FAUX SUEDE CROPPED JACKET,JACKETS,3290.0,Collared jacket with long sleeves. Featuring front patch pockets with flaps and a buttoned front.,https://static.zara.net/photos///2023/I/0/1/p/4968/225/706/3/w/448/4968225706_1_1_1.jpg?ts=1692009253701,https://www.zara.com/in/en/faux-suede-cropped-jacket-p04968225.html,Women,4.1
1093,FAUX SUEDE BOMBER JACKET,JACKETS,3290.0,Jacket featuring a round neck and long sleeves with cuffs. Pipped pockets on the front. Front matching snap-button fastenings.,https://static.zara.net/photos///2023/I/0/1/p/4968/226/712/2/w/448/4968226712_1_1_1.jpg?ts=1692201138426,https://www.zara.com/in/en/faux-suede-bomber-jacket-p04968226.html,Women,4.4
1094,CROPPED PUFFER BOMBER JACKET,JACKETS,3290.0,Jacket featuring a round neck and long sleeves with cuffs. Jetted pockets on the front. Front snap-button fastenings.,https://static.zara.net/photos///2023/I/0/1/p/3046/227/800/2/w/448/3046227800_1_1_1.jpg?ts=1692270091236,https://www.zara.com/in/en/cropped-puffer-bomber-jacket-p03046227.html,Women,4.1
1095,Z1975 DENIM JACKET WITH BUTTONS,JACKETS,3290.0,Long sleeve jacket with a round neckline. Featuring a faded effect and metal button fastening at the front.,https://static.zara.net/photos///2023/I/0/1/p/6164/160/427/2/w/448/6164160427_1_1_1.jpg?ts=1691757024987,https://www.zara.com/in/en/z1975-denim-jacket-with-buttons-p06164160.html,Women,4.4
1096,WATER-REPELLENT TRENCH COAT,JACKETS,5990.0,Trench coat featuring a lapel collar and long sleeves with tabs. Front pockets. Belt in the same fabric with tie. Rear vent at the hem. Double-breasted button fastening on the front.,https://static.zara.net/photos///2023/I/0/1/p/8073/222/704/2/w/448/8073222704_1_1_1.jpg?ts=1693305746623,https://www.zara.com/in/en/water-repellent-trench-coat-p08073222.html,Women,4.1
1097,ZW OVERSIZE DENIM JACKET,JACKETS,5990.0,ZW ZARA WOMANLoose-fitting collared jacket featuring long sleeves with cuffs. Chest patch pockets with buttoned flaps and side in-seam pockets. Faded effect. Front button-up fastening.View more,https://static.zara.net/photos///2023/I/0/1/p/6186/241/406/2/w/448/6186241406_1_1_1.jpg?ts=1688120938315,https://www.zara.com/in/en/zw-oversize-denim-jacket-p06186241.html,Women,4.1
1098,FAUX LEATHER BOMBER JACKET,JACKETS,5990.0,Bomber jacket with a round neck and long sleeves. Ribbed trims. Front pockets. Front zip fastening.,https://static.zara.net/photos///2023/I/0/1/p/4341/731/800/19/w/448/4341731800_1_1_1.jpg?ts=1692193724904,https://www.zara.com/in/en/faux-leather-bomber-jacket-p04341731.html,Women,3.2
1099,OVERSIZED DENIM OVERSHIRT Z1975,JACKETS,2990.0,Collared overshirt with long sleeves. Front patch pockets. Faded effect. Frayed trim detail. Side vents at the hem. Front fastening with metal buttons.,https://static.zara.net/photos///2023/I/0/1/p/1879/227/427/2/w/448/1879227427_1_1_1.jpg?ts=1692274585298,https://www.zara.com/in/en/oversized-denim-overshirt-z1975-p01879227.html,Women,4.5
1100,SHORT TRENCH COAT,JACKETS,4990.0,Short trench coat featuring a lapel collar and long sleeves with buttoned tabs. Front pockets. Double-breasted button fastening on the front.,https://static.zara.net/photos///2023/I/0/1/p/8372/256/450/2/w/448/8372256450_1_1_1.jpg?ts=1691149126094,https://www.zara.com/in/en/short-trench-coat-p08372256.html,Women,4.3
1101,SATIN CROPPED BOMBER JACKET,JACKETS,4990.0,Bomber jacket made of 100% viscose. Round neck and sleeves falling below the elbow. Ribbed elastic trims. Front welt pockets. Front fastening with metal zip.,https://static.zara.net/photos///2023/I/0/1/p/3472/309/400/2/w/448/3472309400_1_1_1.jpg?ts=1684495640728,https://www.zara.com/in/en/satin-cropped-bomber-jacket-p03472309.html,Women,4.5
1102,TRF OVERSIZE DENIM JACKET,JACKETS,4990.0,Oversize collared jacket with long cuffed sleeves. Featuring side pockets and patch pockets on the chest. Hem with tabs on the back and front fastening with metal buttons.,https://static.zara.net/photos///2023/I/0/1/p/4365/073/406/3/w/448/4365073406_1_1_1.jpg?ts=1691743834806,https://www.zara.com/in/en/trf-oversize-denim-jacket-p04365073.html,Women,2.8
1103,STRAIGHT WATER-REPELLENT BOMBER JACKET,JACKETS,4990.0,Collared bomber jacket with long cuffed sleeves. Side pockets. Elastic hem. Dart detail. Zip-up front.,https://static.zara.net/photos///2023/I/0/1/p/5320/705/922/2/w/448/5320705922_1_1_1.jpg?ts=1692193283205,https://www.zara.com/in/en/straight-water-repellent-bomber-jacket-p05320705.html,Women,5.0
1104,TRF DENIM JACKET WITH TROUSER WAISTBAND EFFECT,JACKETS,3990.0,Collared jacket with long cuffed sleeves. Featuring a jeans waistband effect at the hem and metal button fastening at the front.,https://static.zara.net/photos///2023/I/0/1/p/5252/270/406/2/w/448/5252270406_1_1_1.jpg?ts=1689692176910,https://www.zara.com/in/en/trf-denim-jacket-with-trouser-waistband-effect-p05252270.html,Women,4.0
1105,ORGANZA BOMBER JACKET,JACKETS,3290.0,Bomber jacket with a round neck and long sleeves. Front welt pockets. Front zip fastening.,https://static.zara.net/photos///2023/I/0/1/p/7484/220/800/20/w/448/7484220800_1_1_1.jpg?ts=1690548190874,https://www.zara.com/in/en/organza-bomber-jacket-p07484220.html,Women,4.6
1106,OVERSHIRT WITH ADJUSTABLE WAIST,JACKETS,3290.0,Collared overshirt featuring turn-up long sleeves with buttoned tabs. Front flaps and an adjustable waist with drawstring. Front pockets. Snap-button fastenings at the front.,https://static.zara.net/photos///2023/I/0/1/p/7901/124/711/2/w/448/7901124711_1_1_1.jpg?ts=1685541308721,https://www.zara.com/in/en/overshirt-with-adjustable-waist-p07102124.html,Women,3.6
1107,EMBROIDERED OVERSHIRT,JACKETS,3990.0,"Collared overshirt made of cotton featuring long cuffed sleeves, chest patch pockets, contrast embroidery detail, frayed hem and a button-up front.",https://static.zara.net/photos///2023/I/0/1/p/4877/075/505/13/w/448/4877075505_1_1_1.jpg?ts=1689852255004,https://www.zara.com/in/en/embroidered-overshirt-p04877075.html,Women,4.4
1108,TRF DENIM BIKER JACKET,JACKETS,5990.0,Collared jacket with long cuffed sleeves. Side zip pockets. Matching fabric belt with a metal buckle. Crossover zip fastening at the front.,https://static.zara.net/photos///2023/I/0/1/p/8197/280/406/2/w/448/8197280406_1_1_1.jpg?ts=1689692178572,https://www.zara.com/in/en/trf-denim-biker-jacket-p08197280.html,Women,3.6
1109,BOMBER JACKET WITH FLAPS,JACKETS,7590.0,Bomber jacket featuring a round neck and adjustable long sleeves with snap-buttons. Front buttoned flaps and welt pockets. Elastic hem. Hidden front zip fastening and metallic snap-button fastenings.,https://static.zara.net/photos///2023/I/0/1/p/2565/929/800/2/w/448/2565929800_1_1_1.jpg?ts=1692002103769,https://www.zara.com/in/en/bomber-jacket-with-flaps-p02565929.html,Women,3.8
1110,HOODED JACKET,JACKETS,4990.0,High-neck jacket with a hood and long sleeves with elasticated trims. Featuring front pockets with flaps and front snap-button fastening.,https://static.zara.net/photos///2023/I/0/1/p/8372/255/505/3/w/448/8372255505_1_1_1.jpg?ts=1692009271255,https://www.zara.com/in/en/hooded-jacket-p08372255.html,Women,5.0
1111,ZW ASYMMETRIC DENIM CAPE,JACKETS,5990.0,ZW ZARA WOMANCollared denim cape. Contrast visible topstitching detail. Frayed trims. Asymmetric hem. Button-up front.,https://static.zara.net/photos///2023/I/0/1/p/6186/051/427/2/w/448/6186051427_1_1_1.jpg?ts=1690527650310,https://www.zara.com/in/en/zw-asymmetric-denim-cape-p06186051.html,Women,4.0
1112,METALLIC CROPPED JACKET,JACKETS,5990.0,Cropped jacket featuring a lapel collar and long sleeves with cuffs. Flap detail on the front. Metallic fabric. Fastens at the front with metal buttons.,https://static.zara.net/photos///2023/I/0/1/p/6045/016/808/2/w/448/6045016808_1_1_1.jpg?ts=1688628474542,https://www.zara.com/in/en/metallic-cropped-jacket-p06045016.html,Women,4.2
1113,KNIT CUTWORK BOMBER JACKET,JACKETS,3990.0,"Bomber jacket with cutwork fabric, a round neckline and long sleeves. Zip-up front.This garment is not lined.",https://static.zara.net/photos///2023/I/0/1/p/3859/056/712/2/w/448/3859056712_1_1_1.jpg?ts=1687345629275,https://www.zara.com/in/en/knit-cutwork-bomber-jacket-p03859056.html,Women,4.5
1114,LONG BOMBER JACKET,JACKETS,5590.0,Long bomber jacket with a lapel collar. Long sleeves with elasticated cuffs. Front welt pockets. Matching lining. Elasticated hem. Button-up front hidden by a placket.,https://static.zara.net/photos///2023/I/0/1/p/9929/228/711/2/w/448/9929228711_1_1_1.jpg?ts=1692352756695,https://www.zara.com/in/en/long-bomber-jacket-p09929228.html,Women,4.3
1115,CROPPED OVERSHIRT WITH PIERCING DETAIL,JACKETS,4990.0,Collared overshirt made of cotton. Long sleeves with cuffs. Patch flap pockets with buttons on the chest. Piercing detail. Asymmetric hem. Button-up front.,https://static.zara.net/photos///2023/I/0/1/p/4877/079/711/2/w/448/4877079711_1_1_1.jpg?ts=1685022465510,https://www.zara.com/in/en/cropped-overshirt-with-piercing-detail-p04877079.html,Women,4.2
1116,OVERSIZE RHINESTONE OVERSHIRT,JACKETS,4990.0,Collared overshirt made of 100% cotton fabric. Long sleeves featuring buttoned cuffs with an opening. In-seam front pockets. Rhinestone appliqué details. Snap-button fastening on the front.,https://static.zara.net/photos///2023/I/0/1/p/4877/240/802/2/w/448/4877240802_1_1_1.jpg?ts=1690967983190,https://www.zara.com/in/en/oversize-rhinestone-overshirt-p04877240.html,Women,4.3
1117,Z1975 DENIM JACKET,JACKETS,3990.0,Collared jacket with long sleeves. Front patch pockets. Asymmetric hem with side vents. Front metal button fastening.,https://static.zara.net/photos///2023/I/0/1/p/7637/603/427/2/w/448/7637603427_1_1_1.jpg?ts=1688732568852,https://www.zara.com/in/en/z1975-denim-jacket-p07637603.html,Women,5.0
1118,DRAPEY LONG RAINCOAT,JACKETS,5590.0,Trench coat with a lapel collar and turn-up long sleeves with buttoned tabs. Front flap pockets. Back vent at the hem. Fastens with a belt in matching fabric.,https://static.zara.net/photos///2023/I/0/1/p/8073/045/802/2/w/448/8073045802_1_1_1.jpg?ts=1692281895107,https://www.zara.com/in/en/drapey-long-raincoat-p08073045.html,Women,4.1
1119,RUBBERISED RAINCOAT WITH HOOD,JACKETS,4990.0,High neck raincoat featuring an adjustable hood with drawstrings. Long sleeves with snap-button cuffs. Patch pockets with flaps on the front. Front zip fastening.,https://static.zara.net/photos///2023/I/0/1/p/3046/075/505/2/w/448/3046075505_1_1_1.jpg?ts=1692201135818,https://www.zara.com/in/en/rubberised-raincoat-with-hood-p03046075.html,Women,4.2
1120,FLOWING BOMBER JACKET,JACKETS,3990.0,"Bomber jacket with a round neck and long cuffed sleeves. Featuring front jetted pockets, elasticated trims and front zip fastening.",https://static.zara.net/photos///2023/I/0/1/p/7704/677/505/2/w/448/7704677505_1_1_1.jpg?ts=1685088922600,https://www.zara.com/in/en/flowing-bomber-jacket-p07704677.html,Women,4.6
1121,OVERSIZED OVERSHIRT WITH POCKETS,JACKETS,3290.0,Oversize collared overshirt made of 100% cotton. Long cuffed sleeves with buttoned openings. Chest patch pockets. Asymmetric hem with side vents. Button-up front hidden by a placket.,https://static.zara.net/photos///2023/I/0/1/p/4877/250/533/2/w/448/4877250533_1_1_1.jpg?ts=1688997269547,https://www.zara.com/in/en/oversized-overshirt-with-pockets-p04877250.html,Women,4.6
1122,LONG LINEN BLEND COAT,JACKETS,5990.0,Long coat made of a lyocell and linen blend. Round neck with matching ribbed detail and long sleeves with metal zips. Front flap pockets. Adjustable waist with inner elastic drawstring and stopper. Back vent at the hem. Front zip and snap-button fastening.View more,https://static.zara.net/photos///2023/I/0/1/p/8367/044/505/2/w/448/8367044505_1_1_1.jpg?ts=1690450436588,https://www.zara.com/in/en/long-linen-blend-coat-p08367044.html,Women,4.6
1123,FAUX SUEDE OVERSHIRT,JACKETS,3290.0,Collared overshirt with long sleeves. Front pockets with flaps. Front button fastening and belt in matching fabric.,https://static.zara.net/photos///2023/I/0/1/p/4968/227/620/3/w/448/4968227620_1_1_1.jpg?ts=1692009260599,https://www.zara.com/in/en/faux-suede-overshirt-p04968227.html,Women,4.4
1124,FAUX SUEDE COAT,JACKETS,4990.0,Open coat with a lapel collar and long sleeves.,https://static.zara.net/photos///2023/V/0/1/p/2712/160/826/2/w/448/2712160826_6_1_1.jpg?ts=1677771864893,https://www.zara.com/in/en/faux-suede-coat-p02712160.html,Women,3.6
1125,SATIN ORGANZA BOMBER JACKET,JACKETS,3990.0,Semi-sheer bomber jacket with a round neckline and long sleeves. Matching satin fabric appliqué. Button-up front hidden by a placket.,https://static.zara.net/photos///2023/I/0/1/p/5070/008/715/3/w/448/5070008715_1_1_1.jpg?ts=1686309021152,https://www.zara.com/in/en/satin-organza-bomber-jacket-p05070008.html,Women,4.8
1126,LINEN COAT WITH VENTS - LIMITED EDITION,JACKETS,10990.0,Long coat made of 100% linen. Lapel collar and long sleeves. Side in-seam pockets. Front vents at the hem. Front fastening with ties in the same fabric.,https://static.zara.net/photos///2023/I/0/1/p/7838/023/727/3/w/448/7838023727_1_1_1.jpg?ts=1689780439915,https://www.zara.com/in/en/linen-coat-with-vents---limited-edition-p07838023.html,Women,3.6
1127,OVERSIZE WATER-REPELLENT TRENCH COAT WITH BELT,JACKETS,8590.0,Loose-fitting trench coat made of a cotton blend. Lapel collar and long sleeves with adjustable tabs. Front pockets. Adjustable belt in the same fabric with a buckle. Buttoned tabs on the shoulders. Double-breasted button fastening at the front.View more,https://static.zara.net/photos///2023/V/0/1/p/0518/043/401/2/w/448/0518043401_1_1_1.jpg?ts=1675435491972,https://www.zara.com/in/en/oversize-water-repellent-trench-coat-with-belt-p00518043.html,Women,4.2
1128,CHECKED TEXTURED BLAZER,JACKETS,5990.0,Blazer featuring a lapel collar and long sleeves with pronounced shoulders. False front flap pockets. Golden button fastening at the front.,https://static.zara.net/photos///2023/I/0/1/p/4387/250/046/2/w/448/4387250046_6_1_1.jpg?ts=1690382476710,https://www.zara.com/in/en/checked-textured-blazer-p04387250.html,Women,3.8
1129,LINEN-BLEND LACE-TRIMMED KIMONO,JACKETS,4990.0,Kimono made of a linen blend fabric. Wide sleeves falling below the elbow with matching lace trims. Hem with side vents. Fastens with a belt in matching fabric.,https://static.zara.net/photos///2023/I/0/1/p/7891/939/800/2/w/448/7891939800_1_1_1.jpg?ts=1688124509787,https://www.zara.com/in/en/linen-blend-lace-trimmed-kimono-p07891939.html,Women,4.1
1130,SATIN BOMBER JACKET,JACKETS,3990.0,"Bomber jacket with a round neck and long cuffed sleeves. Featuring front flap pockets, elasticated trims and front zip fastening.",https://static.zara.net/photos///2023/I/0/1/p/7854/543/307/2/w/448/7854543307_1_1_1.jpg?ts=1686063611563,https://www.zara.com/in/en/satin-bomber-jacket-p07854543.html,Women,4.2
1131,TEXTURED WRAP KIMONO,JACKETS,3290.0,"Long sleeve kimono with a lapel collar. Featuring side pockets, wrap-style fastening with inner ties and a belt in the same fabric.",https://static.zara.net/photos///2023/I/0/1/p/2010/843/800/2/w/448/2010843800_1_1_1.jpg?ts=1686234434317,https://www.zara.com/in/en/textured-wrap-kimono-p02010843.html,Women,4.2
1132,CROPPED JACKET WITH DETACHABLE DETAIL,JACKETS,5990.0,Cropped jacket with a lapel collar and crossover V-neckline. Detachable long sleeves with buttons and cuffs. Frayed trims. Tied belt at the hem. Double-breasted button fastening at the front.,https://static.zara.net/photos///2023/I/0/1/p/4661/815/746/2/w/448/4661815746_1_1_1.jpg?ts=1685534064107,https://www.zara.com/in/en/cropped-jacket-with-detachable-detail-p04661815.html,Women,4.3
1133,CROPPED COTTON WAXED JACKET,JACKETS,4990.0,Jacket made of waxed fabric. Lapel collar and long cuffed sleeves. Front pockets. Elastic hem at the back. Front fastening with metal zip.,https://static.zara.net/photos///2023/I/0/1/p/4341/738/700/12/w/448/4341738700_1_1_1.jpg?ts=1692363935990,https://www.zara.com/in/en/cropped-cotton-waxed-jacket-p04341738.html,Women,4.8
1134,CROPPED FAUX LEATHER JACKET,JACKETS,3290.0,Jacket featuring a lapel collar and long sleeves. False welt pocket on the chest. Matching lining. Front metal zip fastening.,https://static.zara.net/photos///2023/I/0/1/p/7102/230/800/2/w/448/7102230800_1_1_1.jpg?ts=1692793176920,https://www.zara.com/in/en/cropped-faux-leather-jacket-p07102230.html,Women,4.3
1135,LINEN BLEND BOMBER JACKET,JACKETS,4990.0,Bomber jacket made of a linen blend fabric. Round neck and long sleeves with cuffs. Patch pockets on the chest and pockets on the sides. Elasticated hem. Snap-button fastenings hidden by a placket on the front.,https://static.zara.net/photos///2023/I/0/1/p/4432/713/746/2/w/448/4432713746_1_1_1.jpg?ts=1688732543184,https://www.zara.com/in/en/linen-blend-bomber-jacket-p04432713.html,Women,4.0
1136,ZW CONTRAST DENIM BOMBER JACKET,JACKETS,5990.0,ZW ZARA WOMANShort denim bomber jacket with a round neckline and long sleeves. Front pockets. Combination of denim fabrics. Matching ribbed trims. Front fastening with metal zip.View more,https://static.zara.net/photos///2023/I/0/1/p/2553/242/407/2/w/448/2553242407_1_1_1.jpg?ts=1691152492052,https://www.zara.com/in/en/zw-contrast-denim-bomber-jacket-p02553242.html,Women,4.5
1137,SOFT BOMBER JACKET,JACKETS,3290.0,Bomber jacket with a round neck and long sleeves. Matching elasticated ribbed trims. Front welt pockets. Lining. Front snap-button fastening.,https://static.zara.net/photos///2023/I/0/1/p/3046/272/800/2/w/448/3046272800_6_1_1.jpg?ts=1692951015526,https://www.zara.com/in/en/soft-bomber-jacket-p03046272.html,Women,4.6
1138,CREASED KIMONO WITH TIES,JACKETS,3290.0,Long sleeve open kimono with a V-neckline. Featuring creased fabric and tie fastening in the same fabric.,https://static.zara.net/photos///2023/I/0/1/p/0264/457/250/2/w/448/0264457250_1_1_1.jpg?ts=1690210736729,https://www.zara.com/in/en/creased-kimono-with-ties-p00264457.html,Women,3.5
1139,SHORT JACKET WITH RHINESTONE BUTTONS,JACKETS,5590.0,Collared jacket with long sleeves. Front patch pockets. Contrast piping detail. Front fastening with rhinestone buttons.,https://static.zara.net/photos///2023/I/0/1/p/8166/109/712/2/w/448/8166109712_1_1_1.jpg?ts=1692258919779,https://www.zara.com/in/en/short-jacket-with-rhinestone-buttons-p08166109.html,Women,4.4
1140,TRF PAINT SPLATTER OVERSIZED DENIM OVERSHIRT,JACKETS,4990.0,Oversize collared overshirt with long cuffed sleeves and drop shoulders. Featuring front patch pockets. Faded effect with paint platter. Ripped details and front fastening with metal buttons.,https://static.zara.net/photos///2023/I/0/1/p/6045/207/407/2/w/448/6045207407_1_1_1.jpg?ts=1691739235918,https://www.zara.com/in/en/trf-paint-splatter-oversized-denim-overshirt-p06045207.html,Women,4.4
1141,BOMBER JACKET WITH CUTWORK EMBROIDERY,JACKETS,4990.0,"Bomber jacket with a round neck and sleeves falling below the elbow. Cutwork embroidery details, elastic hem and front metal zip fastening.",https://static.zara.net/photos///2023/I/0/1/p/7565/101/800/12/w/448/7565101800_1_1_1.jpg?ts=1686749148122,https://www.zara.com/in/en/bomber-jacket-with-cutwork-embroidery-p07565101.html,Women,4.0
1142,FLOWING BOMBER JACKET WITH POCKETS,JACKETS,8590.0,Flowing bomber jacket made of viscose. High round neck and long sleeves with elastic cuffs. Front patch pockets with flaps. Elastic hem with adjustable ties. Front fastening with metal zip and snap-buttons.,https://static.zara.net/photos///2023/I/0/1/p/7534/419/622/17/w/448/7534419622_1_1_1.jpg?ts=1687966675341,https://www.zara.com/in/en/flowing-bomber-jacket-with-pockets-p07534419.html,Women,4.7
1143,CROPPED ZIP-UP JACKET,JACKETS,4990.0,Jacket featuring a lapel collar and long sleeves with padded shoulders. False welt pocket on the chest. Matching lining. Front metal zip fastening.,https://static.zara.net/photos///2023/I/0/1/p/2010/756/800/5/w/448/2010756800_1_1_1.jpg?ts=1691507892634,https://www.zara.com/in/en/cropped-zip-up-jacket-p02010756.html,Women,4.0
1144,SATIN CROPPED BOMBER JACKET,JACKETS,4990.0,"Bomber jacket with a round neckline and long sleeves with shoulder pads. Featuring matching ribbed trims, side pockets and snap-button fastening at the front.",https://static.zara.net/photos///2023/V/0/1/p/4661/770/800/18/w/448/4661770800_1_1_1.jpg?ts=1685628850347,https://www.zara.com/in/en/satin-cropped-bomber-jacket-p04661770.html,Women,4.2
1145,RIPPED PLUSH BOMBER JACKET,JACKETS,4990.0,Bomber jacket made of plush fabric. Round neck and long sleeves. Front flap pockets. Front fastening with metal zip.,https://static.zara.net/photos///2023/I/0/1/p/2715/001/710/2/w/448/2715001710_1_1_1.jpg?ts=1689692177672,https://www.zara.com/in/en/ripped-plush-bomber-jacket-p02715001.html,Women,4.0
1146,TRF WIDE-LEG MID-RISE METALLIC JEANS,JEANS,4990.0,MID-RISE - WIDE-LEGMid-rise jeans with five pockets. Metallic-effect fabric. Front zip fly and metal button fastening.,,https://www.zara.com/in/en/trf-wide-leg-mid-rise-metallic-jeans-p06045229.html,Women,4.1
1147,TRF HIGH-WAIST METALLIC JEANS,JEANS,4990.0,HIGH WAIST - LOOSE FITHigh-waist jeans with five pockets. Metallic-effect fabric. Front zip fly and metallic button fastening.,,https://www.zara.com/in/en/trf-high-waist-metallic-jeans-p06688209.html,Women,3.6
1148,MID-RISE FLARED CROPPED TRF JEANS,JEANS,2990.0,CROPPED - MID-RISEMid-rise jeans with five pockets. Seamless cropped flared hems. Front zip fly and metal button fastening.,,https://www.zara.com/in/en/mid-rise-flared-cropped-trf-jeans-p03643217.html,Women,3.5
1149,Z1975 FLARED HIGH-WAIST JEANS,JEANS,3290.0,HIGH-RISE - FLAREFaded high-rise jeans with a five-pocket design. Flared hems. Front zip fly and metal top button fastening.,,https://www.zara.com/in/en/z1975-flared-high-waist-jeans-p05862170.html,Women,4.8
1150,Z1975 WIDE LEG HIGH-RISE JEANS,JEANS,3290.0,HIGH WAIST - WIDE LEGHigh-waist jeans featuring false welt pockets on the front and rear patch pockets. Wide-leg design. Front zip fly and top button fastening.,,https://www.zara.com/in/en/z1975-wide-leg-high-rise-jeans-p01889154.html,Women,3.7
1151,Z1975 STRAIGHT-FIT HIGH-WAIST FULL LENGTH JEANS,JEANS,3290.0,High-waist jeans with five pockets. Faded effect. Straight and extra-long leg. Front zip fly and metallic button fastening.,,https://www.zara.com/in/en/z1975-straight-fit-high-waist-full-length-jeans-p06147177.html,Women,3.7
1152,Z1975 HIGH-WAIST MINI FLARE JEANS,JEANS,2990.0,HIGH-WAIST - MINI FLAREFaded high-waist jeans with five pockets. Flared seamless hems. Front zip fly and button fastening.,,https://www.zara.com/in/en/z1975-high-waist-mini-flare-jeans-p08228225.html,Women,3.1
1153,Z1975 HIGH-RISE STRAIGHT JEANS,JEANS,3290.0,HIGH-WAIST - STRAIGHT - RIGIDHigh-waist jeans with a five-pocket design. Faded effect. Ironed crease detail on the front. Straight leg. Front zip fly and top button fastening.,,https://www.zara.com/in/en/z1975-high-rise-straight-jeans-p06164211.html,Women,3.8
1154,Z1975 FLARED HIGH-WAIST JEANS,JEANS,3290.0,HIGH-WAIST - FLAREFaded high-waist jeans with a five-pocket design. Ironed crease detail on the front. Flared hems. Front zip fly and metal top button fastening.,,https://www.zara.com/in/en/z1975-flared-high-waist-jeans-p06147178.html,Women,3.5
1155,HIGH-RISE SKINNY SCULPT TRF JEANS,JEANS,2990.0,HIGH WAIST - SKINNY - ANKLE LENGTHHigh-waist super stretch jeans with a five-pocket design. Front zip fly and metal top button fastening.,,https://www.zara.com/in/en/high-rise-skinny-sculpt-trf-jeans-p02569350.html,Women,4.8
1156,Z1975 STRAIGHT-FIT HIGH-WAIST LONG LENGTH JEANS,JEANS,3290.0,HIGH-WAIST - REGULAR REG - LONG LENGTH - RIGID High-waist jeans with five pockets. Faded effect. Straight-leg and long-leg design. Front zip fly and button fastening.,,https://www.zara.com/in/en/z1975-straight-fit-high-waist-long-length-jeans-p00108222.html,Women,4.6
1157,MID-RISE TRF CARGO JEANS,JEANS,4990.0,CARGO - MID-RISEMid-rise jeans with front pockets and patch pockets on the back and leg. Belt loops. Front zip fly and top metal button fastening.,,https://www.zara.com/in/en/mid-rise-trf-cargo-jeans-p08197029.html,Women,3.8
1158,Z1975 HIGH-WAIST BAGGY PAPERBAG JEANS,JEANS,2990.0,"HIGH-RISE - BAGGY PAPERBAG - CARROT LEG - ANKLE - RIGIDHigh-waist jeans with an elasticated waistband and gathered details. Featuring front pockets, rear patch pockets, turn-up hems and a zip and button fastening at the front.",,https://www.zara.com/in/en/z1975-high-waist-baggy-paperbag-jeans-p05862022.html,Women,5.0
1159,KNIT SWEATER WITH ZIP,KNITWEAR,3290.0,"Sweater made of a viscose blend. Featuring a high neck with metal zip, long sleeves and matching ribbed trims.",https://static.zara.net/photos///2023/I/0/1/p/5536/155/401/2/w/448/5536155401_1_1_1.jpg?ts=1693222806360,https://www.zara.com/in/en/knit-sweater-with-zip-p05536155.html,Women,4.5
1160,OPEN KNIT CAPE,KNITWEAR,3290.0,Cape in a textured open knit fabric with an asymmetric neck and sleeve.,https://static.zara.net/photos///2023/I/0/1/p/2756/102/712/2/w/448/2756102712_1_1_1.jpg?ts=1693224111073,https://www.zara.com/in/en/open-knit-cape-p02756102.html,Women,4.0
1161,CROPPED KNIT SWEATER,KNITWEAR,2990.0,Cropped sweater with a round neck and long sleeves. Matching ribbed trims.,https://static.zara.net/photos///2023/I/0/1/p/5536/125/809/2/w/448/5536125809_1_1_1.jpg?ts=1693222633500,https://www.zara.com/in/en/cropped-knit-sweater-p05536125.html,Women,3.0
1162,RIPPED CROPPED KNIT SWEATER,KNITWEAR,2990.0,Cropped sweater with a round neck and long sleeves. Ripped details.,https://static.zara.net/photos///2023/I/0/1/p/6771/143/507/22/w/448/6771143507_1_1_1.jpg?ts=1693223097507,https://www.zara.com/in/en/ripped-cropped-knit-sweater-p06771143.html,Women,5.0
1163,OPEN KNIT POLO SWEATER,KNITWEAR,2990.0,Polo sweater with a Johnny collar and long sleeves. Ribbed trims.,https://static.zara.net/photos///2023/I/0/1/p/6427/117/712/2/w/448/6427117712_1_1_1.jpg?ts=1692869351811,https://www.zara.com/in/en/open-knit-polo-sweater-p06427117.html,Women,3.5
1164,KNIT CROPPED CARDIGAN,KNITWEAR,2990.0,"Cropped cardigan with a round neck, long sleeves, matching ribbed trims and a button-up front.",https://static.zara.net/photos///2023/I/0/1/p/5536/126/806/22/w/448/5536126806_1_1_1.jpg?ts=1693222714850,https://www.zara.com/in/en/knit-cropped-cardigan-p05536126.html,Women,3.4
1165,WOOL KNIT SWEATER,KNITWEAR,4990.0,Sweater made of 100% wool. Round neck and long sleeves. Matching ribbed trims.,https://static.zara.net/photos///2023/I/0/1/p/2893/111/704/22/w/448/2893111704_1_1_1.jpg?ts=1693224716998,https://www.zara.com/in/en/wool-knit-sweater-p02893111.html,Women,4.6
1166,OPEN-KNIT CARDIGAN,KNITWEAR,5990.0,Cardigan made of a spun wool and alpaca blend. Featuring a V-neckline and long sleeves.,https://static.zara.net/photos///2023/I/0/1/p/2142/135/712/22/w/448/2142135712_1_1_1.jpg?ts=1693224495822,https://www.zara.com/in/en/open-knit-cardigan-p02142135.html,Women,5.0
1167,OPEN KNIT SWEATER,KNITWEAR,4990.0,Sweater made of a spun wool and alpaca blend. Featuring a round neck and long sleeves.,https://static.zara.net/photos///2023/I/0/1/p/2142/141/800/22/w/448/2142141800_1_1_1.jpg?ts=1693224540042,https://www.zara.com/in/en/open-knit-sweater-p02142141.html,Women,4.7
1168,METALLIC MESH KNIT TOP,KNITWEAR,3290.0,Top with a round neck and long sleeves. Matching ribbed trims.,https://static.zara.net/photos///2023/I/0/1/p/8146/116/303/2/w/448/8146116303_1_1_1.jpg?ts=1693224881887,https://www.zara.com/in/en/metallic-mesh-knit-top-p08146116.html,Women,4.4
1169,RIPPED OPEN-KNIT SWEATER,KNITWEAR,2990.0,Sweater with open knit detail and rips. Round neckline and long sleeves.,https://static.zara.net/photos///2023/I/0/1/p/6771/140/507/2/w/448/6771140507_1_1_1.jpg?ts=1691666094979,https://www.zara.com/in/en/ripped-open-knit-sweater-p06771140.html,Women,4.4
1170,RIBBED KNIT TOP,KNITWEAR,1890.0,Sleeveless top made of a cotton blend. Featuring a round neckline.,https://static.zara.net/photos///2023/I/0/1/p/3519/101/803/2/w/448/3519101803_1_1_1.jpg?ts=1693224761192,https://www.zara.com/in/en/ribbed-knit-top-p03519101.html,Women,4.5
1171,CABLE-KNIT SWEATER WITH VENTS,KNITWEAR,3290.0,Round neck sweater with sleeves falling below the elbow. Featuring turn-up trims and side vents at the hem.,https://static.zara.net/photos///2023/I/0/1/p/4331/130/800/22/w/448/4331130800_1_1_1.jpg?ts=1693224812690,https://www.zara.com/in/en/cable-knit-sweater-with-vents-p04331130.html,Women,4.4
1172,KNIT CARDIGAN WITH GOLDEN BUTTONS,KNITWEAR,3290.0,Knit cardigan made of a spun wool blend. Round neck and long sleeves. Front patch pockets. Front fastening with gold-toned buttons.,https://static.zara.net/photos///2023/I/0/1/p/3991/118/712/22/w/448/3991118712_1_1_1.jpg?ts=1693224774279,https://www.zara.com/in/en/knit-cardigan-with-golden-buttons-p03991118.html,Women,4.2
1173,BUTTONED KNIT CARDIGAN,KNITWEAR,3290.0,Long sleeve cardigan with a round neckline. Featuring ribbed trims and covered button fastening at the front.,https://static.zara.net/photos///2023/I/0/1/p/2756/103/712/2/w/448/2756103712_1_1_1.jpg?ts=1693224684330,https://www.zara.com/in/en/buttoned-knit-cardigan-p02756103.html,Women,4.1
1174,METALLIC KNIT TOP,KNITWEAR,2990.0,Round neck top with short sleeves.,https://static.zara.net/photos///2023/I/0/1/p/9325/102/808/17/w/448/9325102808_1_1_1.jpg?ts=1690990296250,https://www.zara.com/in/en/metallic-knit-top-p09325102.html,Women,4.1
1175,WOOL BLEND BOXY-FIT KNIT SWEATER,KNITWEAR,3990.0,Knit sweater made of a wool blend. Round neck and long sleeves. Matching ribbed trims.,https://static.zara.net/photos///2023/I/0/1/p/3039/102/527/17/w/448/3039102527_1_1_1.jpg?ts=1692892870664,https://www.zara.com/in/en/wool-blend-boxy-fit-knit-sweater-p03039102.html,Women,3.8
1176,POINTELLE KNIT SWEATER,KNITWEAR,2290.0,V-neck sweater with buttons and long sleeves.,https://static.zara.net/photos///2023/I/0/1/p/3646/102/250/2/w/448/3646102250_1_1_1.jpg?ts=1691141749967,https://www.zara.com/in/en/pointelle-knit-sweater-p03646102.html,Women,4.0
1177,STRIPED KNIT SWEATER,KNITWEAR,2290.0,Round neck sweater with long sleeves.,https://static.zara.net/photos///2023/I/0/1/p/3433/011/066/17/w/448/3433011066_1_1_1.jpg?ts=1692352267261,https://www.zara.com/in/en/striped-knit-sweater-p03433011.html,Women,3.3
1178,STRIPED KNIT SWEATER,KNITWEAR,3290.0,"Round neck sweater with long sleeves, ribbed trims and side vents at the hem.",https://static.zara.net/photos///2023/I/0/1/p/5536/108/093/12/w/448/5536108093_1_1_1.jpg?ts=1692885583027,https://www.zara.com/in/en/striped-knit-sweater-p05536108.html,Women,4.1
1179,KNIT WRAP CARDIGAN,KNITWEAR,3290.0,"Cardigan made of a wool blend. Featuring a V-neckline, long sleeves and wrap fastening at the front with ties in the same fabric.",https://static.zara.net/photos///2023/I/0/1/p/9874/101/505/17/w/448/9874101505_1_1_1.jpg?ts=1692799925987,https://www.zara.com/in/en/knit-wrap-cardigan-p09874101.html,Women,3.7
1180,KNIT MIDI SKIRT,KNITWEAR,3290.0,Midi skirt made of a wool and alpaca blend. Featuring an elastic high-waist waistband and side slit at the hem.,https://static.zara.net/photos///2023/I/0/1/p/2142/163/528/2/w/448/2142163528_1_1_1.jpg?ts=1692787462870,https://www.zara.com/in/en/knit-midi-skirt-p02142163.html,Women,3.6
1181,SHORT KNIT WAISTCOAT,KNITWEAR,2590.0,Short vest made of a wool and alpaca blend. V-neck and sleeveless. Ribbed trims.,https://static.zara.net/photos///2023/I/0/1/p/2142/161/515/2/w/448/2142161515_1_1_1.jpg?ts=1692787463348,https://www.zara.com/in/en/short-knit-waistcoat-p02142161.html,Women,4.2
1182,FITTED KNIT TOP,KNITWEAR,2990.0,Fitted top made of a wool and alpaca blend. Round neck and long sleeves. Matching ribbed trims.,https://static.zara.net/photos///2023/I/0/1/p/2142/162/505/2/w/448/2142162505_1_1_1.jpg?ts=1692787461483,https://www.zara.com/in/en/fitted-knit-top-p02142162.html,Women,4.7
1183,FITTED KNIT TOP,KNITWEAR,1990.0,Sleeveless round neck top with a V-neckline and metal hook fastening at the front.,https://static.zara.net/photos///2023/I/0/1/p/3646/104/712/2/w/448/3646104712_1_1_1.jpg?ts=1692787460559,https://www.zara.com/in/en/fitted-knit-top-p03646104.html,Women,4.5
1184,ASYMMETRIC OPEN CABLE-KNIT SWEATER,KNITWEAR,3290.0,"Long sleeve sweater with a wide round neckline. Featuring cutwork fabric, an asymmetric hem and ribbed trims.",https://static.zara.net/photos///2023/I/0/1/p/0021/101/250/2/w/448/0021101250_1_1_1.jpg?ts=1692787461477,https://www.zara.com/in/en/asymmetric-open-cable-knit-sweater-p00021101.html,Women,3.4
1185,STRIPED OPEN KNIT SWEATER,KNITWEAR,3290.0,Sweater with a round neck and long sleeves. Metallic thread appliqué detail. Ribbed trims.,https://static.zara.net/photos///2023/I/0/1/p/2142/167/330/2/w/448/2142167330_1_1_1.jpg?ts=1692787462345,https://www.zara.com/in/en/striped-open-knit-sweater-p02142167.html,Women,3.7
1186,PATCHWORK KNIT CARDIGAN,KNITWEAR,3990.0,Cardigan with a V-neck and long sleeves. Cable-knit textured fabric. Button-up front.,https://static.zara.net/photos///2023/I/0/1/p/9874/104/330/2/w/448/9874104330_1_1_1.jpg?ts=1692790317907,https://www.zara.com/in/en/patchwork-knit-cardigan-p09874104.html,Women,4.5
1187,KNIT BODYSUIT WITH RHINESTONE CHAIN,KNITWEAR,3290.0,Long sleeve bodysuit with a round neck. Open back detail featuring a metal chain with rhinestone appliqués. Snap-button fastening at the bottom,https://static.zara.net/photos///2023/I/0/1/p/3920/132/800/2/w/448/3920132800_1_1_1.jpg?ts=1692790315283,https://www.zara.com/in/en/knit-bodysuit-with-rhinestone-chain-p03920132.html,Women,3.7
1188,STRIPED KNIT CARDIGAN,KNITWEAR,3290.0,"Long sleeve cardigan with a round neckline. Featuring front patch pockets with buttons, ribbed trims and textured metal button fastening at the front.",https://static.zara.net/photos///2023/I/0/1/p/3991/124/105/2/w/448/3991124105_1_1_1.jpg?ts=1692790315221,https://www.zara.com/in/en/striped-knit-cardigan-p03991124.html,Women,4.0
1189,FITTED KNIT TOP,KNITWEAR,2590.0,Long sleeve V-neck fitted top with metal hook fastening at the front.,https://static.zara.net/photos///2023/I/0/1/p/3646/103/800/2/w/448/3646103800_1_1_1.jpg?ts=1692787462725,https://www.zara.com/in/en/fitted-knit-top-p03646103.html,Women,4.3
1190,KNIT SWEATER WITH TOPSTITCHING,KNITWEAR,3290.0,Not Found,https://static.zara.net/photos///2023/I/0/1/p/6771/128/401/2/w/448/6771128401_1_1_1.jpg?ts=1692351491895,https://www.zara.com/in/en/knit-sweater-with-topstitching-p06771128.html,Women,3.7
1191,KNIT VEST WITH VISIBLE SEAMS,KNITWEAR,2590.0,High neck vest. Visible seam detail. Ribbed trims.,https://static.zara.net/photos///2023/I/0/1/p/3920/001/712/17/w/448/3920001712_1_1_1.jpg?ts=1692352620762,https://www.zara.com/in/en/knit-vest-with-visible-seams-p03920001.html,Women,4.1
1192,KNIT SWEATER WITH VISIBLE SEAMS,KNITWEAR,3290.0,Sweater with a high neck and long sleeves. Visible seam detail. Ribbed trims.,https://static.zara.net/photos///2023/I/0/1/p/3920/006/712/17/w/448/3920006712_1_1_1.jpg?ts=1692352625229,https://www.zara.com/in/en/knit-sweater-with-visible-seams-p03920006.html,Women,3.5
1193,CROPPED OPEN KNIT SWEATER,KNITWEAR,2590.0,Loose-fitting sweater with a round neckline and long sleeves.,https://static.zara.net/photos///2023/I/0/1/p/6427/114/800/2/w/448/6427114800_1_1_1.jpg?ts=1692178854520,https://www.zara.com/in/en/cropped-open-knit-sweater-p06427114.html,Women,3.8
1194,POINTELLE KNIT SWEATER,KNITWEAR,2990.0,Open knit sweater with a round neck and long sleeves.,https://static.zara.net/photos///2023/I/0/1/p/5755/117/711/18/w/448/5755117711_1_1_1.jpg?ts=1692352720846,https://www.zara.com/in/en/pointelle-knit-sweater-p05755117.html,Women,4.2
1195,KNIT SWEATER WITH ASYMMETRIC HEM,KNITWEAR,2990.0,Round neck sweater with long sleeves. Visible seam details. Asymmetric frayed hem.,https://static.zara.net/photos///2023/I/0/1/p/2488/103/711/17/w/448/2488103711_1_1_1.jpg?ts=1692352714232,https://www.zara.com/in/en/knit-sweater-with-asymmetric-hem-p02488103.html,Women,3.4
1196,BASIC CARDIGAN,KNITWEAR,2990.0,Cardigan with a V-neck and long sleeves. Metallic button-up front.,https://static.zara.net/photos///2023/I/0/1/p/8851/128/401/17/w/448/8851128401_1_1_1.jpg?ts=1692352625138,https://www.zara.com/in/en/basic-cardigan-p08851128.html,Women,4.3
1197,OPEN KNIT SWEATER,KNITWEAR,2290.0,Knit sweater made of open textured fabric. Mock turtleneck and long sleeves. Scalloped trims.,https://static.zara.net/photos///2023/I/0/1/p/0014/103/804/17/w/448/0014103804_1_1_1.jpg?ts=1692352259969,https://www.zara.com/in/en/open-knit-sweater-p00014103.html,Women,4.1
1198,KNIT LINEN BLEND CARDIGAN,KNITWEAR,3290.0,Coatigan made of a linen blend. V-neckline and long sleeves. Buttoned front.,https://static.zara.net/photos///2023/I/0/1/p/2142/181/800/2/w/448/2142181800_1_1_1.jpg?ts=1692346994531,https://www.zara.com/in/en/knit-linen-blend-cardigan-p02142181.html,Women,4.3
1199,SEMI-SHEER KNIT SWEATER,KNITWEAR,2990.0,Slot collar sweater with long sleeves with elasticated trims.This garment is not lined.,https://static.zara.net/photos///2023/I/0/1/p/2142/128/800/17/w/448/2142128800_1_1_1.jpg?ts=1692352281042,https://www.zara.com/in/en/semi-sheer-knit-sweater-p02142128.html,Women,4.2
1200,KNIT BUSTIER TOP,KNITWEAR,2290.0,Crop top with a sweetheart neckline. Side zip-up fastening.,https://static.zara.net/photos///2023/I/0/1/p/2142/074/800/17/w/448/2142074800_1_1_1.jpg?ts=1692352262032,https://www.zara.com/in/en/knit-bustier-top-p02142074.html,Women,4.7
1201,RIBBED KNIT CROP TOP,KNITWEAR,1590.0,Round neck top with wide straps.,https://static.zara.net/photos///2023/I/0/1/p/3519/037/800/17/w/448/3519037800_1_1_1.jpg?ts=1692352264577,https://www.zara.com/in/en/ribbed-knit-crop-top-p03519037.html,Women,4.2
1202,METALLIC THREAD KNIT TOP,KNITWEAR,1890.0,Sleeveless top with a round neckline and metallic thread detail.,https://static.zara.net/photos///2023/I/0/1/p/3471/023/620/17/w/448/3471023620_1_1_1.jpg?ts=1692352265578,https://www.zara.com/in/en/metallic-thread-knit-top-p03471023.html,Women,3.9
1203,KNIT TOP WITH OPEN BACK,KNITWEAR,1890.0,Halterneck crop top with thin tied straps at the back.,https://static.zara.net/photos///2023/I/0/1/p/4331/138/808/17/w/448/4331138808_1_1_1.jpg?ts=1692352272239,https://www.zara.com/in/en/knit-top-with-open-back-p04331138.html,Women,4.2
1204,LINEN BLEND KNIT SWEATER,KNITWEAR,3290.0,Cropped sweater made of a linen blend. Round neck and long sleeves.,https://static.zara.net/photos///2023/I/0/1/p/5802/104/711/22/w/448/5802104711_1_1_1.jpg?ts=1691155614865,https://www.zara.com/in/en/linen-blend-knit-sweater-p05802104.html,Women,4.3
1205,SEQUINNED KNIT TOP,KNITWEAR,2990.0,Sleeveless top with a round neck. Matching sequin details.,https://static.zara.net/photos///2023/I/0/1/p/0014/100/712/17/w/448/0014100712_1_1_1.jpg?ts=1690990295600,https://www.zara.com/in/en/sequinned-knit-top-p00014100.html,Women,4.1
1206,CROPPED KNIT SWEATER,KNITWEAR,2990.0,Cropped sweater with a round neck and long sleeves.,https://static.zara.net/photos///2023/I/0/1/p/9598/108/200/2/w/448/9598108200_1_1_1.jpg?ts=1688996666535,https://www.zara.com/in/en/cropped-knit-sweater-p09598108.html,Women,4.1
1207,CONTRAST KNIT TOP WITH RUFFLED SLEEVES,KNITWEAR,3290.0,Round neck top with long ruffled sleeves and contrast poplin fabric. Buttoned opening at the back.,https://static.zara.net/photos///2023/I/0/1/p/7200/100/712/2/w/448/7200100712_1_1_1.jpg?ts=1689600438518,https://www.zara.com/in/en/contrast-knit-top-with-ruffled-sleeves-p07200100.html,Women,3.8
1208,RIPPED KNIT SWEATER,KNITWEAR,3290.0,Round neck sweater with long sleeves. Ripped trims.,https://static.zara.net/photos///2023/I/0/1/p/3920/101/712/23/w/448/3920101712_1_1_1.jpg?ts=1691155530873,https://www.zara.com/in/en/ripped-knit-sweater-p03920101.html,Women,3.8
1209,KNIT TOP WITH CAPE SLEEVES,KNITWEAR,2590.0,Round neck open knit top with long cape-style sleeves with slits.,https://static.zara.net/photos///2023/I/0/1/p/6771/109/200/17/w/448/6771109200_1_1_1.jpg?ts=1691753306861,https://www.zara.com/in/en/knit-top-with-cape-sleeves-p06771109.html,Women,3.5
1210,POINTELLE RUFFLED KNIT TOP,KNITWEAR,3290.0,Top with a round neck and long sleeves. Ruffle trims.,https://static.zara.net/photos///2023/I/0/1/p/4331/117/712/2/w/448/4331117712_1_1_1.jpg?ts=1690983359063,https://www.zara.com/in/en/pointelle-ruffled-knit-top-p04331117.html,Women,4.9
1211,KNIT HOODIE,KNITWEAR,3290.0,Open-knit hoodie with drawstring. V-neck and long sleeves.This garment is not lined.,https://static.zara.net/photos///2023/I/0/1/p/4331/102/660/2/w/448/4331102660_1_1_1.jpg?ts=1690383907771,https://www.zara.com/in/en/knit-hoodie-p04331102.html,Women,3.5
1212,OPEN-KNIT SWEATER,KNITWEAR,2990.0,Round neck sweater with long sleeves.This garment is not lined.,https://static.zara.net/photos///2023/I/0/1/p/6771/107/800/2/w/448/6771107800_1_1_1.jpg?ts=1688568109842,https://www.zara.com/in/en/open-knit-sweater-p06771107.html,Women,3.8
1213,OPEN-KNIT SWEATER,KNITWEAR,2990.0,Long sleeve sweater with a round neckline. This garment is not lined.,https://static.zara.net/photos///2023/I/0/1/p/3991/105/800/17/w/448/3991105800_1_1_1.jpg?ts=1690990297959,https://www.zara.com/in/en/open-knit-sweater-p03991105.html,Women,3.8
1214,WOOL BLEND KNIT CARDIGAN WITH CUT OUT,KNITWEAR,5590.0,Cardigan made of a wool blend. V-neck and long sleeves with cuffs. Vent details. Single-button fastening at the front.,https://static.zara.net/photos///2023/I/0/1/p/3859/103/809/3/w/448/3859103809_1_1_1.jpg?ts=1692271050499,https://www.zara.com/in/en/wool-blend-knit-cardigan-with-cut-out-p03859103.html,Women,4.5
1215,KNIT CARDIGAN WITH VISIBLE SEAMS,KNITWEAR,3290.0,V-neck cardigan with long cuffed sleeves. Decorative finishes with visible seams. Side vents at the hem. Button-up front. Ribbed trims.,https://static.zara.net/photos///2023/I/0/1/p/4331/127/832/3/w/448/4331127832_1_1_1.jpg?ts=1692271051701,https://www.zara.com/in/en/knit-cardigan-with-visible-seams-p04331127.html,Women,4.0
1216,100% WOOL KNIT CARDIGAN,KNITWEAR,4990.0,Cardigan made of 100% wool. Round neck and long sleeves. Button-up front. Ribbed trims.,https://static.zara.net/photos///2023/I/0/1/p/2893/103/809/4/w/448/2893103809_1_1_1.jpg?ts=1692271042358,https://www.zara.com/in/en/100-wool-knit-cardigan-p02893103.html,Women,4.7
1217,WOOL BLEND KNIT VEST WITH CUT OUT,KNITWEAR,2990.0,Knit vest made of a wool blend. Sleeveless with a round neck. Side vent with pleats. Ribbed trims.,https://static.zara.net/photos///2023/I/0/1/p/3859/104/809/3/w/448/3859104809_1_1_1.jpg?ts=1692271046014,https://www.zara.com/in/en/wool-blend-knit-vest-with-cut-out-p03859104.html,Women,3.8
1218,100% WOOL KNIT SWEATER,KNITWEAR,4990.0,"Sweater made of 100% wool. Featuring a round neckline, long sleeves and ribbed trims.",https://static.zara.net/photos///2023/I/0/1/p/2893/106/809/4/w/448/2893106809_1_1_1.jpg?ts=1692271338379,https://www.zara.com/in/en/100-wool-knit-sweater-p02893106.html,Women,4.2
1219,METALLIC THREAD KNIT TOP WITH FRINGING,KNITWEAR,1990.0,Sleeveless top with a round neck. Metallic thread detail. Fringing at the hem.,https://static.zara.net/photos///2023/I/0/1/p/3859/107/800/3/w/448/3859107800_1_1_1.jpg?ts=1692271043921,https://www.zara.com/in/en/metallic-thread-knit-top-with-fringing-p03859107.html,Women,3.7
1220,BASIC KNIT SWEATER,KNITWEAR,1890.0,Round neck sweater with long sleeves and decorative gold buttons. Ribbed trims.,https://static.zara.net/photos///2023/I/0/1/p/8851/121/800/10/w/448/8851121800_1_1_1.jpg?ts=1692271054086,https://www.zara.com/in/en/basic-knit-sweater-p08851121.html,Women,5.0
1221,CASHMERE KNIT SWEATER,KNITWEAR,10990.0,Sweater made of a cashmere blend. Featuring a V-neck and long sleeves.,https://static.zara.net/photos///2023/I/0/1/p/3644/104/807/18/w/448/3644104807_1_1_1.jpg?ts=1692201089694,https://www.zara.com/in/en/cashmere-knit-sweater-p03644104.html,Women,3.6
1222,KNIT BOMBER JACKET WITH DRAWSTRING,KNITWEAR,3290.0,V-neck jacket with long cuffed sleeves. Zip-up front. Adjustable drawstring hem.,https://static.zara.net/photos///2023/I/0/1/p/2142/125/704/19/w/448/2142125704_1_1_1.jpg?ts=1692201223170,https://www.zara.com/in/en/knit-bomber-jacket-with-drawstring-p02142125.html,Women,4.2
1223,CABLE-KNIT CARDIGAN,KNITWEAR,2990.0,V-neck cardigan with long sleeves and a button-down front.,https://static.zara.net/photos///2023/I/0/1/p/1509/112/712/12/w/448/1509112712_1_1_1.jpg?ts=1692200416349,https://www.zara.com/in/en/cable-knit-cardigan-p01509112.html,Women,4.4
1224,KNIT CROSSOVER HALTER TOP,KNITWEAR,1990.0,Crossover halterneck top with wide straps.,https://static.zara.net/photos///2023/I/0/1/p/9598/068/800/12/w/448/9598068800_1_1_1.jpg?ts=1691483974623,https://www.zara.com/in/en/knit-crossover-halter-top-p09598068.html,Women,4.3
1225,COLOUR BLOCK OPEN KNIT SWEATER,KNITWEAR,3290.0,Sweater made of an alpaca and wool blend. Round neck and long sleeves.,https://static.zara.net/photos///2023/I/0/1/p/2142/157/022/2/w/448/2142157022_1_1_1.jpg?ts=1692188119571,https://www.zara.com/in/en/colour-block-open-knit-sweater-p02142157.html,Women,4.0
1226,METALLIC THREAD KNIT SWEATER,KNITWEAR,2290.0,Round neck sweater with long sleeves and metallic thread detail.,https://static.zara.net/photos///2023/I/0/1/p/1509/010/303/17/w/448/1509010303_1_1_1.jpg?ts=1691143856864,https://www.zara.com/in/en/metallic-thread-knit-sweater-p01509010.html,Women,4.0
1227,BASIC KNIT SWEATER,KNITWEAR,990.0,"Round neck sweater featuring long sleeves, side vents at the hem and ribbed trims.",https://static.zara.net/photos///2023/I/0/1/p/1509/115/108/17/w/448/1509115108_1_1_1.jpg?ts=1692352262228,https://www.zara.com/in/en/basic-knit-sweater-p01509115.html,Women,4.1
1228,COLOUR BLOCK OPEN KNIT SWEATER,KNITWEAR,2990.0,Cropped sweater made of a wool and alpaca blend. Round neck and long sleeves.,https://static.zara.net/photos///2023/I/0/1/p/2142/158/021/2/w/448/2142158021_1_1_1.jpg?ts=1692188119565,https://www.zara.com/in/en/colour-block-open-knit-sweater-p02142158.html,Women,4.0
1229,RUFFLED KNIT TOP,KNITWEAR,2590.0,Sleeveless top with a V-neck and ruffles.,https://static.zara.net/photos///2023/I/0/1/p/4331/029/800/2/w/448/4331029800_1_1_1.jpg?ts=1692178856643,https://www.zara.com/in/en/ruffled-knit-top-p04331029.html,Women,4.5
1230,METALLIC MESH KNIT TOP,KNITWEAR,2290.0,Sleeveless round neck top.,https://static.zara.net/photos///2023/I/0/1/p/8146/100/818/2/w/448/8146100818_1_1_1.jpg?ts=1692178854723,https://www.zara.com/in/en/metallic-mesh-knit-top-p08146100.html,Women,5.0
1231,SOFT-TOUCH KNIT SWEATER,KNITWEAR,2590.0,Round neck sweater with short sleeves. Soft touch detail. Ribbed trims.,https://static.zara.net/photos///2023/I/0/1/p/9598/272/250/3/w/448/9598272250_1_1_1.jpg?ts=1691753029922,https://www.zara.com/in/en/soft-touch-knit-sweater-p09598272.html,Women,3.8
1232,CABLE-KNIT SWEATER,KNITWEAR,3290.0,V-neck sweater with long turn-up sleeve detail.,https://static.zara.net/photos///2023/I/0/1/p/4331/123/712/2/w/448/4331123712_1_1_1.jpg?ts=1691751734524,https://www.zara.com/in/en/cable-knit-sweater-p04331123.html,Women,3.5
1233,FINE KNIT CAPE TOP,KNITWEAR,2990.0,Fine knit cape top with an asymmetric neckline and sleeve.,https://static.zara.net/photos///2023/I/0/1/p/4369/001/712/2/w/448/4369001712_1_1_1.jpg?ts=1689332905779,https://www.zara.com/in/en/fine-knit-cape-top-p04369001.html,Women,4.1
1234,FADED-EFFECT KNIT SWEATER,KNITWEAR,3290.0,Long sleeve sweater with a round neck. Faded-effect fabric.,https://static.zara.net/photos///2023/I/0/1/p/3653/100/405/17/w/448/3653100405_1_1_1.jpg?ts=1691753517615,https://www.zara.com/in/en/faded-effect-knit-sweater-p03653100.html,Women,5.0
1235,KNIT SWEATER WITH SEAMLESS TRIMS,KNITWEAR,2990.0,Round neck sweater with long sleeves. Seamless trims.,https://static.zara.net/photos///2023/I/0/1/p/5536/104/055/2/w/448/5536104055_1_1_1.jpg?ts=1691580360961,https://www.zara.com/in/en/knit-sweater-with-seamless-trims-p05536104.html,Women,3.7
1236,KNIT BOMBER CARDIGAN WITH METALLIC THREAD,KNITWEAR,3990.0,Long sleeve V-neck bomber cardigan. Front metal zip fastening.,https://static.zara.net/photos///2023/I/0/1/p/8146/014/303/2/w/448/8146014303_1_1_1.jpg?ts=1691580360759,https://www.zara.com/in/en/knit-bomber-cardigan-with-metallic-thread-p08146014.html,Women,4.8
1237,V-NECK CABLE-KNIT SWEATER,KNITWEAR,2990.0,Long sleeve V-neck sweater.,https://static.zara.net/photos///2023/I/0/1/p/1509/111/401/2/w/448/1509111401_1_1_1.jpg?ts=1691580359390,https://www.zara.com/in/en/v-neck-cable-knit-sweater-p01509111.html,Women,4.9
1238,METALLIC THREAD KNIT CROP TOP,KNITWEAR,1890.0,Sleeveless top with a round neck and metallic thread detail.,https://static.zara.net/photos///2023/I/0/1/p/3519/048/303/17/w/448/3519048303_1_1_1.jpg?ts=1691587365604,https://www.zara.com/in/en/metallic-thread-knit-crop-top-p03519048.html,Women,3.9
1239,KNIT MIDI SKIRT WITH METALLIC THREAD,KNITWEAR,2290.0,High-waist skirt with an elastic waistband. Front slit at the hem. Metallic thread detail.,https://static.zara.net/photos///2023/I/0/1/p/3519/049/303/17/w/448/3519049303_1_1_1.jpg?ts=1691590451828,https://www.zara.com/in/en/knit-midi-skirt-with-metallic-thread-p03519049.html,Women,4.4
1240,RUFFLED KNIT CARDIGAN,KNITWEAR,2990.0,V-neck cardigan with long sleeves and cut-out shoulders. Ruffle trims in contrast fabric. Front tie fastening.,https://static.zara.net/photos///2023/I/0/1/p/4331/126/800/2/w/448/4331126800_1_1_1.jpg?ts=1691580359631,https://www.zara.com/in/en/ruffled-knit-cardigan-p04331126.html,Women,4.8
1241,METALLIC THREAD KNIT TOP,KNITWEAR,1890.0,Sleeveless round neck top.This garment is not lined.,https://static.zara.net/photos///2023/I/0/1/p/8146/011/808/22/w/448/8146011808_1_1_1.jpg?ts=1691402905508,https://www.zara.com/in/en/metallic-thread-knit-top-p08146011.html,Women,3.9
1242,KNIT SWEATER WITH CONTRAST LACE TRIM,KNITWEAR,2990.0,Round neck sweater with long sleeves. Lace trim details.,https://static.zara.net/photos///2023/I/0/1/p/6427/110/712/2/w/448/6427110712_1_1_1.jpg?ts=1688382221827,https://www.zara.com/in/en/knit-sweater-with-contrast-lace-trim-p06427110.html,Women,4.0
1243,CROPPED KNIT TOP WITH OPEN BACK,KNITWEAR,2990.0,Long sleeve round neck top featuring an open back with a tie.,https://static.zara.net/photos///2023/I/0/1/p/3859/105/712/17/w/448/3859105712_1_1_1.jpg?ts=1690213092191,https://www.zara.com/in/en/cropped-knit-top-with-open-back-p03859105.html,Women,3.8
1244,OPEN-KNIT SWEATER,KNITWEAR,2990.0,Sweater with a wide round neck and long sleeves. Open-knit detail.,https://static.zara.net/photos///2023/I/0/1/p/6771/113/505/23/w/448/6771113505_1_1_1.jpg?ts=1691155562893,https://www.zara.com/in/en/open-knit-sweater-p06771113.html,Women,3.6
1245,JACQUARD KNIT TOP,KNITWEAR,2290.0,Top featuring a slot collar with a drawstring and short sleeves.,https://static.zara.net/photos///2023/I/0/1/p/3991/116/070/2/w/448/3991116070_1_1_1.jpg?ts=1690371173456,https://www.zara.com/in/en/jacquard-knit-top-p03991116.html,Women,3.8
1246,CONTRAST KNIT CARDIGAN,KNITWEAR,3290.0,Round neck cardigan with ruffled sleeves falling below the elbow. Front fastening with matching covered buttons.,https://static.zara.net/photos///2023/I/0/1/p/4331/115/712/22/w/448/4331115712_1_1_1.jpg?ts=1691401208983,https://www.zara.com/in/en/contrast-knit-cardigan-p04331115.html,Women,3.5
1247,KNIT SWEATER WITH CONTRAST SLEEVES,KNITWEAR,2990.0,Open knit sweater with a round neckline. Short contrast sleeves with poplin fabric and a rhinestone button.,https://static.zara.net/photos///2023/I/0/1/p/6427/109/712/2/w/448/6427109712_6_1_1.jpg?ts=1690196472834,https://www.zara.com/in/en/knit-sweater-with-contrast-sleeves-p06427109.html,Women,4.1
1248,METALLIC MESH KNIT TOP,KNITWEAR,2590.0,Long sleeve top with a round neckline. This garment is not lined.,https://static.zara.net/photos///2023/I/0/1/p/8146/015/800/2/w/448/8146015800_1_1_1.jpg?ts=1691141749427,https://www.zara.com/in/en/metallic-mesh-knit-top-p08146015.html,Women,3.8
1249,KNIT MIDI SKIRT,KNITWEAR,3290.0,High-waist skirt featuring an elastic waistband and vent at the back of the hem.,https://static.zara.net/photos///2023/I/0/1/p/9598/069/800/2/w/448/9598069800_1_1_1.jpg?ts=1690985893001,https://www.zara.com/in/en/knit-midi-skirt-p09598069.html,Women,4.2
1250,METALLIC MESH KNIT CAPE,KNITWEAR,3290.0,Cape with a round neck and wide sleeves.This garment is not lined.,https://static.zara.net/photos///2023/I/0/1/p/8146/112/303/3/w/448/8146112303_1_1_1.jpg?ts=1690985147925,https://www.zara.com/in/en/metallic-mesh-knit-cape-p08146112.html,Women,3.4
1251,DRAPED FINE KNIT TOP,KNITWEAR,2590.0,Top with a wide round neck and short sleeves. Side gathered detail.,https://static.zara.net/photos///2023/I/0/1/p/3471/038/800/2/w/448/3471038800_1_1_1.jpg?ts=1691057205729,https://www.zara.com/in/en/draped-fine-knit-top-p03471038.html,Women,4.2
1252,KNIT BOMBER CARDIGAN WITH METALLIC THREAD,KNITWEAR,4990.0,Round neck bomber cardigan with long cuffed sleeves. Front welt pockets and zip fastening at the front.,https://static.zara.net/photos///2023/I/0/1/p/2142/121/808/17/w/448/2142121808_1_1_1.jpg?ts=1691048722055,https://www.zara.com/in/en/knit-bomber-cardigan-with-metallic-thread-p02142121.html,Women,4.5
1253,DRAPED FINE KNIT TOP,KNITWEAR,2990.0,"Top featuring a wide round neckline, long sleeves with openings and side gathered detail.",https://static.zara.net/photos///2023/I/0/1/p/3471/037/806/2/w/448/3471037806_1_1_1.jpg?ts=1691057207704,https://www.zara.com/in/en/draped-fine-knit-top-p03471037.html,Women,3.2
1254,FITTED KNIT CARDIGAN,KNITWEAR,3990.0,V-neck cardigan with long sleeves. Front metal hook fastening.,https://static.zara.net/photos///2023/I/0/1/p/9598/070/800/2/w/448/9598070800_1_1_1.jpg?ts=1691057207809,https://www.zara.com/in/en/fitted-knit-cardigan-p09598070.html,Women,4.3
1255,KNIT BOMBER CARDIGAN WITH METALLIC THREAD,KNITWEAR,5990.0,Bomber jacket featuring a round neck and long sleeves with cuffs. Front metal zip fastening.,https://static.zara.net/photos///2023/I/0/1/p/3653/107/808/17/w/448/3653107808_1_1_1.jpg?ts=1691048297681,https://www.zara.com/in/en/knit-bomber-cardigan-with-metallic-thread-p03653107.html,Women,4.7
1256,KNIT CARDIGAN WITH METALLIC THREAD DETAIL,KNITWEAR,3290.0,Cardigan with a round neck and long sleeves. Metallic thread detail. Button-up front.,https://static.zara.net/photos///2023/I/0/1/p/3991/100/303/17/w/448/3991100303_1_1_1.jpg?ts=1690213127440,https://www.zara.com/in/en/knit-cardigan-with-metallic-thread-detail-p03991100.html,Women,3.6
1257,KNIT BOMBER JACKET WITH EMBROIDERED SLEEVES,KNITWEAR,5990.0,Long sleeve bomber jacket with a V-neckline. Openwork detail and embroidery on the sleeves. Front patch pockets with flaps. Zip-up front.,https://static.zara.net/photos///2023/I/0/1/p/2488/102/712/17/w/448/2488102712_1_1_1.jpg?ts=1690212903542,https://www.zara.com/in/en/knit-bomber-jacket-with-embroidered-sleeves-p02488102.html,Women,4.9
1258,BEADED KNIT TOP,KNITWEAR,3290.0,"Open knit top with a wide round neckline, long sleeves and bead appliqués.",https://static.zara.net/photos///2023/I/0/1/p/9598/114/942/17/w/448/9598114942_1_1_1.jpg?ts=1690213231529,https://www.zara.com/in/en/beaded-knit-top-p09598114.html,Women,4.3
1259,KNIT TOP WITH ASYMMETRIC HEM,KNITWEAR,2590.0,Open knit top with a round neck and long sleeves. Asymmetric hem.,https://static.zara.net/photos///2023/I/0/1/p/4331/121/800/17/w/448/4331121800_1_1_1.jpg?ts=1691143597867,https://www.zara.com/in/en/knit-top-with-asymmetric-hem-p04331121.html,Women,3.8
1260,KNIT STRIPED CULOTTES,KNITWEAR,3290.0,High-waist trousers with an elastic waistband and wide-leg design.,https://static.zara.net/photos///2023/I/0/1/p/5802/081/105/2/w/448/5802081105_1_1_1.jpg?ts=1691141749664,https://www.zara.com/in/en/knit-striped-culottes-p05802081.html,Women,4.1
1261,SHORT STRIPED KNIT TUNIC,KNITWEAR,2990.0,Tunic with a V-neckline and long sleeves. Front patch pockets. Side vents at the hem.,https://static.zara.net/photos///2023/I/0/1/p/5802/080/105/2/w/448/5802080105_1_1_1.jpg?ts=1691141749755,https://www.zara.com/in/en/short-striped-knit-tunic-p05802080.html,Women,4.4
1262,METALLIC KNIT VEST,KNITWEAR,3290.0,Vest with a round neck and metallic thread detail.,https://static.zara.net/photos///2023/I/0/1/p/2893/115/808/2/w/448/2893115808_1_1_1.jpg?ts=1691141750674,https://www.zara.com/in/en/metallic-knit-vest-p02893115.html,Women,4.1
1263,STRIPED KNIT SWEATER,KNITWEAR,3290.0,Polo collar sweater with long sleeves and ribbed trims.,https://static.zara.net/photos///2023/I/0/1/p/5536/058/080/2/w/448/5536058080_1_1_1.jpg?ts=1691141750159,https://www.zara.com/in/en/striped-knit-sweater-p05536058.html,Women,4.3
1264,KNIT TOP WITH OPEN BACK,KNITWEAR,1890.0,Sleeveless round neck top with an open back.,https://static.zara.net/photos///2023/I/0/1/p/1750/004/800/17/w/448/1750004800_1_1_1.jpg?ts=1690990296210,https://www.zara.com/in/en/knit-top-with-open-back-p01750004.html,Women,3.7
1265,POINTELLE RUFFLED KNIT TOP,KNITWEAR,2990.0,Round neck top with short sleeves. Ruffled trims.,https://static.zara.net/photos///2023/I/0/1/p/4331/084/712/17/w/448/4331084712_1_1_1.jpg?ts=1690990297629,https://www.zara.com/in/en/pointelle-ruffled-knit-top-p04331084.html,Women,4.2
1266,POINTELLE KNIT CAPE-EFFECT SWEATER,KNITWEAR,4990.0,Loose-fitting sweater with a V-neck and long sleeves. Side vents at the hem.,https://static.zara.net/photos///2023/I/0/1/p/2893/102/800/17/w/448/2893102800_1_1_1.jpg?ts=1690990296965,https://www.zara.com/in/en/pointelle-knit-cape-effect-sweater-p02893102.html,Women,3.5
1267,CONTRAST KNIT TOP WITH RUFFLED SLEEVES,KNITWEAR,3290.0,"Sleeveless top with a round neck, ruffle trim, contrast poplin fabric and a buttoned opening at the back.",https://static.zara.net/photos///2023/I/0/1/p/7200/014/800/17/w/448/7200014800_1_1_1.jpg?ts=1690990298162,https://www.zara.com/in/en/contrast-knit-top-with-ruffled-sleeves-p07200014.html,Women,4.0
1268,RIBBED KNIT WAISTCOAT,KNITWEAR,2290.0,V-neck vest.,https://static.zara.net/photos///2023/I/0/1/p/3859/102/712/17/w/448/3859102712_1_1_1.jpg?ts=1690990297099,https://www.zara.com/in/en/ribbed-knit-waistcoat-p03859102.html,Women,3.7
1269,KNIT TOP WITH CONTRAST SLEEVES,KNITWEAR,2590.0,Top featuring a round neck and short sleeves in contrast fabric.,https://static.zara.net/photos///2023/I/0/1/p/3991/103/712/2/w/448/3991103712_1_1_1.jpg?ts=1690983359071,https://www.zara.com/in/en/knit-top-with-contrast-sleeves-p03991103.html,Women,3.8
1270,CROPPED RIPPED KNIT CARDIGAN,KNITWEAR,2590.0,"Long sleeve cardigan with a round neckline. Featuring ripped details, button fastening at the front and a front vent at the hem.",https://static.zara.net/photos///2023/I/0/1/p/4331/103/800/2/w/448/4331103800_1_1_1.jpg?ts=1690539218031,https://www.zara.com/in/en/cropped-ripped-knit-cardigan-p04331103.html,Women,4.7
1271,BASIC STRIPED JACKET,KNITWEAR,2990.0,Round neck jacket featuring long sleeves with an opening on the cuffs. Front fastening with faux pearl buttons.,https://static.zara.net/photos///2023/I/0/1/p/0506/109/105/17/w/448/0506109105_1_1_1.jpg?ts=1690990295933,https://www.zara.com/in/en/basic-striped-jacket-p00506109.html,Women,4.6
1272,KNIT HOODED CROP TOP,KNITWEAR,2590.0,Sleeveless top with a hood. Textured fabric in the shape of pompoms.,https://static.zara.net/photos///2023/I/0/1/p/4331/108/200/22/w/448/4331108200_1_1_1.jpg?ts=1690542735388,https://www.zara.com/in/en/knit-hooded-crop-top-p04331108.html,Women,4.4
1273,CROPPED CARDIGAN,KNITWEAR,2990.0,Textured V-neck jacket with long sleeves. Tied fastening at the front.,https://static.zara.net/photos///2023/I/0/1/p/5802/135/800/17/w/448/5802135800_1_1_1.jpg?ts=1690542089786,https://www.zara.com/in/en/cropped-cardigan-p05802135.html,Women,3.6
1274,CABLE-KNIT SHIRT,KNITWEAR,2990.0,Collared shirt with long sleeves and a button-up front.,https://static.zara.net/photos///2023/I/0/1/p/6427/111/644/3/w/448/6427111644_1_1_1.jpg?ts=1690378252620,https://www.zara.com/in/en/cable-knit-shirt-p06427111.html,Women,4.0
1275,KNIT SEMI-SHEER STRAIGHT SKIRT,KNITWEAR,2990.0,High-waist skirt with an elastic waistband.This garment is not lined.,https://static.zara.net/photos///2023/I/0/1/p/2142/149/804/3/w/448/2142149804_1_1_1.jpg?ts=1690378667935,https://www.zara.com/in/en/knit-semi-sheer-straight-skirt-p02142149.html,Women,4.6
1276,SEMI-SHEER KNIT TROUSERS,KNITWEAR,2990.0,High-waist trousers featuring an elastic waistband with adjustable drawstring. Elasticated cuffed hems.This garment is not lined.,https://static.zara.net/photos///2023/I/0/1/p/2142/129/800/2/w/448/2142129800_1_1_1.jpg?ts=1690371173209,https://www.zara.com/in/en/semi-sheer-knit-trousers-p02142129.html,Women,4.2
1277,KNIT SEMI-SHEER BOMBER JACKET,KNITWEAR,5990.0,V-neck long sleeve bomber jacket. Patch pockets with flaps on the front. Metal zip fastening at the front.This garment is not lined.,https://static.zara.net/photos///2023/I/0/1/p/2142/147/804/2/w/448/2142147804_1_1_1.jpg?ts=1690371174330,https://www.zara.com/in/en/knit-semi-sheer-bomber-jacket-p02142147.html,Women,5.0
1278,KNIT SEMI-SHEER STRAIGHT TOP,KNITWEAR,2990.0,Long sleeve top with a round neckline.This garment is not lined.,https://static.zara.net/photos///2023/I/0/1/p/2142/148/804/2/w/448/2142148804_1_1_1.jpg?ts=1690371173869,https://www.zara.com/in/en/knit-semi-sheer-straight-top-p02142148.html,Women,4.3
1279,KNIT SWEATER WITH CONTRAST SLEEVES,KNITWEAR,3290.0,Open knit sweater with a round neckline and long contrast sleeves with lace fabric.This garment is not lined.,https://static.zara.net/photos///2023/I/0/1/p/5802/111/712/2/w/448/5802111712_1_1_1.jpg?ts=1690186602389,https://www.zara.com/in/en/knit-sweater-with-contrast-sleeves-p05802111.html,Women,4.2
1280,FRINGED KNIT TOP,KNITWEAR,2290.0,V-neck open-knit top with wide straps. Fringed hem.,https://static.zara.net/photos///2023/I/0/1/p/3991/114/800/3/w/448/3991114800_1_1_1.jpg?ts=1690187821042,https://www.zara.com/in/en/fringed-knit-top-p03991114.html,Women,4.0
1281,POINTELLE KNIT MINI SKIRT,KNITWEAR,2590.0,High-waist skirt featuring an adjustable elasticated waistband with drawstrings. Ruffled hem.,https://static.zara.net/photos///2023/I/0/1/p/4331/079/800/2/w/448/4331079800_1_1_1.jpg?ts=1689936173253,https://www.zara.com/in/en/pointelle-knit-mini-skirt-p04331079.html,Women,4.2
1282,STRIPED KNIT DRESS,KNITWEAR,4990.0,"Dress with a square-cut neckline, wide long sleeves and contrast trims.",https://static.zara.net/photos///2023/I/0/1/p/3969/100/067/2/w/448/3969100067_1_1_1.jpg?ts=1689931443611,https://www.zara.com/in/en/striped-knit-dress-p03969100.html,Women,4.0
1283,TEXTURED KNIT TOP WITH BEADS,KNITWEAR,2990.0,Round neck top with short sleeves. Turn-up trims and cutwork fabric with beads.,https://static.zara.net/photos///2023/I/0/1/p/3859/051/712/2/w/448/3859051712_1_1_1.jpg?ts=1689931448349,https://www.zara.com/in/en/textured-knit-top-with-beads-p03859051.html,Women,4.4
1284,MATCHING KNIT TOP WITH TIES,KNITWEAR,2990.0,Top featuring a round neck and short sleeves with elastic trims. Ruffles and lace trim details. Tied fastening at the front.,https://static.zara.net/photos///2023/I/0/1/p/4331/070/712/2/w/448/4331070712_1_1_1.jpg?ts=1689931447060,https://www.zara.com/in/en/matching-knit-top-with-ties-p04331070.html,Women,4.5
1285,MESH KNIT BOMBER JACKET,KNITWEAR,3290.0,Bomber jacket with a round neck and long sleeves with cuffs. Front zip fastening.,https://static.zara.net/photos///2023/I/0/1/p/2308/010/800/2/w/448/2308010800_1_1_1.jpg?ts=1689931447825,https://www.zara.com/in/en/mesh-knit-bomber-jacket-p02308010.html,Women,3.7
1286,STRIPED KNIT SWEATER WITH HOOD,KNITWEAR,2290.0,"Cropped V-neck sweater with a hood, drawstrings and long sleeves.",https://static.zara.net/photos///2023/I/0/1/p/3390/101/105/2/w/448/3390101105_1_1_1.jpg?ts=1689931445086,https://www.zara.com/in/en/striped-knit-sweater-with-hood-p03390101.html,Women,3.5
1287,CONTRAST STRIPED KNIT DRESS,KNITWEAR,4990.0,Round neck dress with long sleeves. Contrast fabric detail on the skirt.,https://static.zara.net/photos///2023/I/0/1/p/2142/117/704/2/w/448/2142117704_1_1_1.jpg?ts=1689931444718,https://www.zara.com/in/en/contrast-striped-knit-dress-p02142117.html,Women,3.3
1288,CROPPED KNIT BOMBER JACKET,KNITWEAR,4990.0,Bomber jacket with a round neck and long sleeves. Patch pocket with flap and buckle on the sleeve. Zip-up front.,https://static.zara.net/photos///2023/I/0/1/p/4938/101/712/2/w/448/4938101712_1_1_1.jpg?ts=1689854553240,https://www.zara.com/in/en/cropped-knit-bomber-jacket-p04938101.html,Women,4.3
1289,OVERSIZE KNIT T-SHIRT,KNITWEAR,1990.0,V-neck shirt with short sleeves.,https://static.zara.net/photos///2023/I/0/1/p/3471/036/717/22/w/448/3471036717_1_1_1.jpg?ts=1691402855407,https://www.zara.com/in/en/oversize-knit-t-shirt-p03471036.html,Women,3.6
1290,WRAP KNIT CARDIGAN WITH METALLIC THREAD,KNITWEAR,3290.0,Long sleeve V-neck cardigan. Wrap fastening with tie.,https://static.zara.net/photos///2023/I/0/1/p/2142/113/808/12/w/448/2142113808_1_1_1.jpg?ts=1690192914712,https://www.zara.com/in/en/wrap-knit-cardigan-with-metallic-thread-p02142113.html,Women,3.1
1291,OPEN KNIT SHORTS,KNITWEAR,1890.0,High-waist shorts with an elastic waistband.,https://static.zara.net/photos///2023/I/0/1/p/6771/125/200/23/w/448/6771125200_1_1_1.jpg?ts=1691402781313,https://www.zara.com/in/en/open-knit-shorts-p06771125.html,Women,4.3
1292,KNIT SKIRT WITH BUCKLES,KNITWEAR,3290.0,High-waist skirt with buckles. Crossover front and patch pocket with flap and buckle. Flared hem.,https://static.zara.net/photos///2023/I/0/1/p/4938/103/712/2/w/448/4938103712_1_1_1.jpg?ts=1689854372480,https://www.zara.com/in/en/knit-skirt-with-buckles-p04938103.html,Women,5.0
1293,BASIC KNIT SWEATER,KNITWEAR,1990.0,Short sleeve sweater with a round neckline.,https://static.zara.net/photos///2023/I/0/1/p/8851/017/105/12/w/448/8851017105_1_1_1.jpg?ts=1689698306769,https://www.zara.com/in/en/basic-knit-sweater-p08851017.html,Women,4.1
1294,HIGH NECK KNIT SWEATER,KNITWEAR,1890.0,Knit sweater with a round neckline and sleeves falling below the elbow.,https://static.zara.net/photos///2023/I/0/1/p/8851/124/800/15/w/448/8851124800_1_1_1.jpg?ts=1689698376054,https://www.zara.com/in/en/high-neck-knit-sweater-p08851124.html,Women,4.5
1295,FRAYED KNIT BRALETTE,KNITWEAR,1590.0,"Bralette with a straight neckline, thin straps and ripped details.",https://static.zara.net/photos///2023/I/0/1/p/6771/094/200/17/w/448/6771094200_1_1_1.jpg?ts=1690213197276,https://www.zara.com/in/en/frayed-knit-bralette-p06771094.html,Women,4.1
1296,RIPPED KNIT ARM WARMERS,KNITWEAR,1990.0,Long sleeve arm warmers with a round neck. Ripped details.,https://static.zara.net/photos///2023/I/0/1/p/6771/093/200/17/w/448/6771093200_1_1_1.jpg?ts=1690213179147,https://www.zara.com/in/en/ripped-knit-arm-warmers-p06771093.html,Women,4.1
1297,STRAIGHT FIT KNIT TROUSERS,KNITWEAR,2590.0,High-waist trousers with an elastic waistband and straight-leg design.,https://static.zara.net/photos///2023/I/0/1/p/3471/041/717/2/w/448/3471041717_1_1_1.jpg?ts=1689337793349,https://www.zara.com/in/en/straight-fit-knit-trousers-p03471041.html,Women,4.5
1298,OVERSIZE KNIT T-SHIRT,KNITWEAR,1990.0,Shirt with a round neckline and short sleeves.,https://static.zara.net/photos///2023/I/0/1/p/3471/035/250/2/w/448/3471035250_1_1_1.jpg?ts=1689337793060,https://www.zara.com/in/en/oversize-knit-t-shirt-p03471035.html,Women,4.0
1299,OPEN KNIT TOP,KNITWEAR,1890.0,Sleeveless crop top with a round neckline.This garment is not lined.,https://static.zara.net/photos///2023/I/0/1/p/3991/112/505/2/w/448/3991112505_1_1_1.jpg?ts=1689332905500,https://www.zara.com/in/en/open-knit-top-p03991112.html,Women,4.2
1300,KNIT BRALETTE WITH THIN STRAPS,KNITWEAR,1590.0,V-neck bralette with thin straps.,https://static.zara.net/photos///2023/I/0/1/p/9598/100/250/12/w/448/9598100250_1_1_1.jpg?ts=1690370088642,https://www.zara.com/in/en/knit-bralette-with-thin-straps-p09598100.html,Women,4.2
1301,OPEN-KNIT MIDI DRESS,KNITWEAR,3290.0,Sleeveless dress with a round neck.,https://static.zara.net/photos///2023/I/0/1/p/3991/107/712/2/w/448/3991107712_1_1_1.jpg?ts=1688716766700,https://www.zara.com/in/en/open-knit-midi-dress-p03991107.html,Women,3.8
1302,POINTELLE KNIT DRESS,KNITWEAR,2990.0,Short sleeveless dress with a round neckline.,https://static.zara.net/photos///2023/I/0/1/p/5802/088/713/2/w/448/5802088713_1_1_1.jpg?ts=1688716766629,https://www.zara.com/in/en/pointelle-knit-dress-p05802088.html,Women,4.5
1303,KNIT CROP TOP WITH FRINGING,KNITWEAR,3990.0,Crop top with a round neck and long sleeves. Fringing at the hem. Buttoned opening at the back.,https://static.zara.net/photos///2023/I/0/1/p/7901/100/712/2/w/448/7901100712_1_1_1.jpg?ts=1689249164099,https://www.zara.com/in/en/knit-crop-top-with-fringing-p07901100.html,Women,4.0
1304,LONG KNIT SKIRT WITH FRINGING,KNITWEAR,4990.0,High-waist skirt. Fringing at the hem.,https://static.zara.net/photos///2023/I/0/1/p/7901/101/712/2/w/448/7901101712_1_1_1.jpg?ts=1689249172162,https://www.zara.com/in/en/long-knit-skirt-with-fringing-p07901101.html,Women,3.8
1305,POINTELLE KNIT TOP WITH DRAWSTRING,KNITWEAR,1990.0,Top with a round neck and short sleeves. Drawstring detail at waist. Button-up front.,https://static.zara.net/photos///2023/I/0/1/p/9598/105/250/2/w/448/9598105250_1_1_1.jpg?ts=1689248909241,https://www.zara.com/in/en/pointelle-knit-top-with-drawstring-p09598105.html,Women,4.3
1306,KNIT BOMBER JACKET WITH MATCHING CROCHET SLEEVES,KNITWEAR,3290.0,Round neck bomber jacket with long sleeves in matching crochet fabric. Zip-up front.,https://static.zara.net/photos///2023/I/0/1/p/3859/100/712/2/w/448/3859100712_1_1_1.jpg?ts=1689248907901,https://www.zara.com/in/en/knit-bomber-jacket-with-matching-crochet-sleeves-p03859100.html,Women,3.7
1307,RIBBED KNIT BANDEAU TOP,KNITWEAR,1990.0,Top featuring a turn-down straight neckline.,https://static.zara.net/photos///2023/I/0/1/p/4938/100/250/12/w/448/4938100250_1_1_1.jpg?ts=1689180013779,https://www.zara.com/in/en/ribbed-knit-bandeau-top-p04938100.html,Women,4.1
1308,KNIT TOP WITH OPEN BACK,KNITWEAR,2590.0,Top featuring a round neck and long sleeves with cuffs. Open back with tie detail.,https://static.zara.net/photos///2023/I/0/1/p/5802/118/400/12/w/448/5802118400_1_1_1.jpg?ts=1689180013672,https://www.zara.com/in/en/knit-top-with-open-back-p05802118.html,Women,4.1
1309,KNIT WAISTCOAT WITH PATCH POCKETS,KNITWEAR,2990.0,Round neck waistcoat featuring front patch pockets and front button fastening.,https://static.zara.net/photos///2023/I/0/1/p/6771/106/712/2/w/448/6771106712_1_1_1.jpg?ts=1688996664953,https://www.zara.com/in/en/knit-waistcoat-with-patch-pockets-p06771106.html,Women,4.6
1310,KNIT TOP WITH SIDE KNOTS,KNITWEAR,1890.0,Sleeveless round neck top. Openings on the sides with ties.,https://static.zara.net/photos///2023/I/0/1/p/0234/103/800/17/w/448/0234103800_1_1_1.jpg?ts=1688999366558,https://www.zara.com/in/en/knit-top-with-side-knots-p00234103.html,Women,4.3
1311,CROPPED KNIT HOODIE,KNITWEAR,2990.0,"Open-knit sweater with ripped details, a hood and long sleeves.",https://static.zara.net/photos///2023/I/0/1/p/6771/108/800/2/w/448/6771108800_1_1_1.jpg?ts=1688996665197,https://www.zara.com/in/en/cropped-knit-hoodie-p06771108.html,Women,4.1
1312,KNIT SKIRT WITH BUTTONS,KNITWEAR,2590.0,High-waist skirt with an elasticated waistband. Flap details and false front buttons.,https://static.zara.net/photos///2023/I/0/1/p/9598/109/200/2/w/448/9598109200_1_1_1.jpg?ts=1688996666630,https://www.zara.com/in/en/knit-skirt-with-buttons-p09598109.html,Women,4.5
1313,STRIPED KNIT VEST,KNITWEAR,2590.0,Sleeveless V-neck vest. Split hem.,https://static.zara.net/photos///2023/I/0/1/p/6771/102/104/12/w/448/6771102104_1_1_1.jpg?ts=1688980089081,https://www.zara.com/in/en/striped-knit-vest-p06771102.html,Women,4.7
1314,CROPPED KNIT CUTWORK BOMBER JACKET,KNITWEAR,2990.0,"Bomber jacket with cutwork fabric, a round neckline and long sleeves. Zip-up front.This garment is not lined.",https://static.zara.net/photos///2023/I/0/1/p/6216/100/800/12/w/448/6216100800_1_1_1.jpg?ts=1688980090156,https://www.zara.com/in/en/cropped-knit-cutwork-bomber-jacket-p06216100.html,Women,4.4
1315,CUT-OUT KNIT TOP,KNITWEAR,2290.0,Sleeveless round neck crop top with cut-out detail on the sides and rhinestone appliqué.,https://static.zara.net/photos///2023/I/0/1/p/3920/037/250/12/w/448/3920037250_1_1_1.jpg?ts=1688980090451,https://www.zara.com/in/en/cut-out-knit-top-p03920037.html,Women,4.1
1316,INTERWOVEN KNIT VEST,KNITWEAR,2590.0,Round neck vest.,https://static.zara.net/photos///2023/I/0/1/p/5755/103/832/12/w/448/5755103832_1_1_1.jpg?ts=1688980089910,https://www.zara.com/in/en/interwoven-knit-vest-p05755103.html,Women,3.5
1317,KNIT TOP WITH SIDE CUT-OUT DETAIL,KNITWEAR,2590.0,Sleeveless perforated knit sweater with a round neck. Side cut-out detail. Asymmetric hem.,https://static.zara.net/photos///2023/I/0/1/p/6771/086/712/2/w/448/6771086712_1_1_1.jpg?ts=1688568108616,https://www.zara.com/in/en/knit-top-with-side-cut-out-detail-p06771086.html,Women,3.6
1318,OPEN-KNIT TUNIC WITH FRINGING,KNITWEAR,2990.0,Tunic with a round neck and short sleeves. Fringing on the hem.,https://static.zara.net/photos///2023/I/0/1/p/2308/011/712/2/w/448/2308011712_1_1_1.jpg?ts=1688568107076,https://www.zara.com/in/en/open-knit-tunic-with-fringing-p02308011.html,Women,4.0
1319,CROPPED RIPPED KNIT CARDIGAN,KNITWEAR,2590.0,"V-neck cardigan with long sleeves, ripped details and button fastening at the front.",https://static.zara.net/photos///2023/I/0/1/p/6771/105/712/12/w/448/6771105712_1_1_1.jpg?ts=1688980090382,https://www.zara.com/in/en/cropped-ripped-knit-cardigan-p06771105.html,Women,3.8
1320,KNIT CROP TOP WITH BUTTONS,KNITWEAR,1890.0,Sleeveless round neck top. Button-up front.,https://static.zara.net/photos///2023/I/0/1/p/6771/120/746/2/w/448/6771120746_1_1_1.jpg?ts=1688568108438,https://www.zara.com/in/en/knit-crop-top-with-buttons-p06771120.html,Women,4.0
1321,CROP TOP WITH OPEN BACK,KNITWEAR,1890.0,Halterneck top with thin straps. Open back detail. Tied fastening at the back.,https://static.zara.net/photos///2023/I/0/1/p/4331/122/712/2/w/448/4331122712_1_1_1.jpg?ts=1688568107354,https://www.zara.com/in/en/crop-top-with-open-back-p04331122.html,Women,4.1
1322,OPEN-BACK KNIT DRESS,KNITWEAR,3290.0,Round neck dress with thin straps that cross at the back.,https://static.zara.net/photos///2023/I/0/1/p/1509/102/703/2/w/448/1509102703_1_1_1.jpg?ts=1688568106568,https://www.zara.com/in/en/open-back-knit-dress-p01509102.html,Women,4.3
1323,OPEN-KNIT SWEATER,KNITWEAR,2990.0,Cropped round neck sweater with long sleeves.This garment is not lined.,https://static.zara.net/photos///2023/I/0/1/p/6771/110/800/12/w/448/6771110800_1_1_1.jpg?ts=1688571634935,https://www.zara.com/in/en/open-knit-sweater-p06771110.html,Women,4.1
1324,KNIT BANDEAU TOP,KNITWEAR,1890.0,Crop top with a straight neckline with a front slit.,https://static.zara.net/photos///2023/I/0/1/p/4331/081/712/2/w/448/4331081712_1_1_1.jpg?ts=1687942738605,https://www.zara.com/in/en/knit-bandeau-top-p04331081.html,Women,4.3
1325,CONTRAST KNIT TOP WITH BOW,KNITWEAR,2590.0,Top with a straight-cut neckline and wide straps. Contrast fabric detail with embroidery and bow on the front.,https://static.zara.net/photos///2023/I/0/1/p/3991/056/746/12/w/448/3991056746_1_1_1.jpg?ts=1687958520760,https://www.zara.com/in/en/contrast-knit-top-with-bow-p03991056.html,Women,4.1
1326,METALLIC MESH KNIT CAPE,KNITWEAR,3290.0,Oversize round neck cape with long sleeves.,https://static.zara.net/photos///2023/I/0/1/p/2142/102/808/2/w/448/2142102808_1_1_1.jpg?ts=1687509412876,https://www.zara.com/in/en/metallic-mesh-knit-cape-p02142102.html,Women,3.2
1327,METALLIC THREAD KNIT SWEATER,KNITWEAR,2990.0,Semi-sheer sweater with a wide round neckline and long sleeves.This garment is not lined.,https://static.zara.net/photos///2023/I/0/1/p/1509/107/808/2/w/448/1509107808_1_1_1.jpg?ts=1686756721771,https://www.zara.com/in/en/metallic-thread-knit-sweater-p01509107.html,Women,3.7
1328,METALLIC THREAD KNIT STRAIGHT LEG TROUSERS,KNITWEAR,2990.0,Semi-sheer high-waist trousers with an elasticated waistband. Straight-leg design.This garment is not lined.,https://static.zara.net/photos///2023/I/0/1/p/1509/108/808/12/w/448/1509108808_1_1_1.jpg?ts=1687514415195,https://www.zara.com/in/en/metallic-thread-knit-straight-leg-trousers-p01509108.html,Women,4.0
1329,KNIT CROP TOP WITH METALLIC THREAD,KNITWEAR,2990.0,Crop top with a round neckline and long sleeves.,https://static.zara.net/photos///2023/I/0/1/p/4331/110/330/2/w/448/4331110330_1_1_1.jpg?ts=1687521609268,https://www.zara.com/in/en/knit-crop-top-with-metallic-thread-p04331110.html,Women,3.6
1330,POINTELLE KNIT TROUSERS,KNITWEAR,3290.0,High-waist trousers with an elastic waistband and a straight-leg design.,https://static.zara.net/photos///2023/I/0/1/p/5802/077/712/17/w/448/5802077712_1_1_1.jpg?ts=1687346089733,https://www.zara.com/in/en/pointelle-knit-trousers-p05802077.html,Women,4.4
1331,PRINTED DENIM KNIT DRESS,KNITWEAR,2990.0,Midi dress with a straight-cut neckline and thin straps.,https://static.zara.net/photos///2023/I/0/1/p/6427/108/400/22/w/448/6427108400_1_1_1.jpg?ts=1686837848676,https://www.zara.com/in/en/printed-denim-knit-dress-p06427108.html,Women,4.8
1332,TEXTURED KNIT DRESS,KNITWEAR,3290.0,Short dress with a tied V-neckline and long sleeves.,https://static.zara.net/photos///2023/I/0/1/p/5802/090/800/2/w/448/5802090800_1_1_1.jpg?ts=1686754714347,https://www.zara.com/in/en/textured-knit-dress-p05802090.html,Women,4.6
1333,KNOTTED KNIT SKIRT WITH METALLIC THREAD,KNITWEAR,2990.0,Midi skirt with a front knot. Front slit at the hem. Metallic thread detail.,https://static.zara.net/photos///2023/I/0/1/p/6427/024/303/17/w/448/6427024303_1_1_1.jpg?ts=1686756584151,https://www.zara.com/in/en/knotted-knit-skirt-with-metallic-thread-p06427024.html,Women,4.0
1334,KNIT CUT-OUT SKIRT,KNITWEAR,2890.0,"High-waist midi skirt featuring an elasticated waistband with side cut-out detail, rhinestone appliqué and a side slit at the hem.",https://static.zara.net/photos///2023/I/0/1/p/3920/038/250/18/w/448/3920038250_1_1_1.jpg?ts=1686913502381,https://www.zara.com/in/en/knit-cut-out-skirt-p03920038.html,Women,4.8
1335,POINTELLE KNIT TOP,KNITWEAR,2990.0,V-neck top with short ruffled sleeves and front button-up fastening.,https://static.zara.net/photos///2023/I/0/1/p/4331/059/712/17/w/448/4331059712_1_1_1.jpg?ts=1686830773603,https://www.zara.com/in/en/pointelle-knit-top-p04331059.html,Women,4.2
1336,KNIT CROCHET MINI SKIRT,KNITWEAR,2290.0,High-waist short skirt.,https://static.zara.net/photos///2023/I/0/1/p/6771/096/800/18/w/448/6771096800_1_1_1.jpg?ts=1686830787243,https://www.zara.com/in/en/knit-crochet-mini-skirt-p06771096.html,Women,3.9
1337,OVERSIZE KNIT VEST,KNITWEAR,2990.0,Round neck vest. Side vents at the hem.,https://static.zara.net/photos///2023/I/0/1/p/6771/090/052/2/w/448/6771090052_1_1_1.jpg?ts=1686752995747,https://www.zara.com/in/en/oversize-knit-vest-p06771090.html,Women,3.8
1338,KNIT CROP TOP,KNITWEAR,2290.0,Sleeveless top with a round neckline. An open back with crossed ties and contrast trims.,https://static.zara.net/photos///2023/I/0/1/p/5802/100/401/2/w/448/5802100401_1_1_1.jpg?ts=1686752995796,https://www.zara.com/in/en/knit-crop-top-p05802100.html,Women,4.0
1339,KNIT DRESS WITH CONTRAST DETAIL,KNITWEAR,4990.0,V-neck dress with thin straps and a contrast fabric detail.,https://static.zara.net/photos///2023/I/0/1/p/3991/034/712/12/w/448/3991034712_1_1_1.jpg?ts=1686223421553,https://www.zara.com/in/en/knit-dress-with-contrast-detail-p03991034.html,Women,3.9
1340,KNIT HOODED TOP WITH METALLIC THREAD,KNITWEAR,2990.0,Sleeveless top with a hood. Metallic thread detail.,https://static.zara.net/photos///2023/I/0/1/p/8146/113/303/2/w/448/8146113303_6_1_1.jpg?ts=1686148947941,https://www.zara.com/in/en/knit-hooded-top-with-metallic-thread-p08146113.html,Women,4.2
1341,METALLIC THREAD KNIT SHORTS,KNITWEAR,2290.0,High-waist shorts featuring adjustable elastic waistband with drawstring. Lining.,https://static.zara.net/photos///2023/I/0/1/p/8146/114/303/2/w/448/8146114303_1_1_1.jpg?ts=1685617116281,https://www.zara.com/in/en/metallic-thread-knit-shorts-p08146114.html,Women,4.2
1342,TIE-DYE KNIT MIDI SKIRT,KNITWEAR,2290.0,High-waist pencil skirt with an elastic waistband.,https://static.zara.net/photos///2023/I/0/1/p/6427/022/050/2/w/448/6427022050_1_1_1.jpg?ts=1686296885641,https://www.zara.com/in/en/tie-dye-knit-midi-skirt-p06427022.html,Women,4.1
1343,ASYMMETRIC TIE-DYE KNIT TOP,KNITWEAR,1890.0,Crop top with an asymmetric neckline and a long sleeve.,https://static.zara.net/photos///2023/I/0/1/p/6427/021/050/2/w/448/6427021050_1_1_1.jpg?ts=1686302927910,https://www.zara.com/in/en/asymmetric-tie-dye-knit-top-p06427021.html,Women,4.3
1344,COMBINED KNITTED TOP,KNITWEAR,3290.0,Long sleeve top with a square-cut neckline. Contrast fabric with cutwork embroidery. Adjustable drawstring waistband.,https://static.zara.net/photos///2023/I/0/1/p/3859/049/251/2/w/448/3859049251_1_1_1.jpg?ts=1686296884695,https://www.zara.com/in/en/combined-knitted-top-p03859049.html,Women,4.6
1345,METALLIC THREAD KNIT CROP TOP,KNITWEAR,2590.0,Top with a round neck and long sleeves. Cutwork and metallic thread detail.,https://static.zara.net/photos///2023/I/0/1/p/9598/104/303/2/w/448/9598104303_1_1_1.jpg?ts=1685609894053,https://www.zara.com/in/en/metallic-thread-knit-crop-top-p09598104.html,Women,4.5
1346,METALLIC THREAD KNIT TOP,KNITWEAR,3290.0,Top with a round neck and sleeves falling below the elbow. Metallic thread detail and open back. Tied fastening at the back.,https://static.zara.net/photos///2023/I/0/1/p/4331/101/800/17/w/448/4331101800_1_1_1.jpg?ts=1686913513796,https://www.zara.com/in/en/metallic-thread-knit-top-p04331101.html,Women,3.4
1347,CONTRAST TOP,KNITWEAR,2590.0,Crop top with a straight neckline with a drawstring. Short sleeves and wide straps with exposed shoulders. Ruffled trims and matching embroidery.,https://static.zara.net/photos///2023/I/0/1/p/3991/101/712/12/w/448/3991101712_1_1_1.jpg?ts=1687514416105,https://www.zara.com/in/en/contrast-top-p03991101.html,Women,3.0
1348,CONTRAST LACE KNIT TOP,KNITWEAR,2590.0,V-neck top with thin straps.,https://static.zara.net/photos///2023/I/0/1/p/3991/104/050/2/w/448/3991104050_1_1_1.jpg?ts=1689249127532,https://www.zara.com/in/en/contrast-lace-knit-top-p03991104.html,Women,4.5
1349,METALLIC MESH KNIT TOP,KNITWEAR,2990.0,Top with a round neckline and long ample sleeves. This garment is not lined.,https://static.zara.net/photos///2023/I/0/1/p/3327/005/808/2/w/448/3327005808_1_1_1.jpg?ts=1687521610280,https://www.zara.com/in/en/metallic-mesh-knit-top-p03327005.html,Women,3.5
1350,PLUSH VEST,LOUNGEWEARNEW,1890.0,Vest made of a cotton blend. V-neck and drop sleeves. Matching ribbed trims.,https://static.zara.net/photos///2023/I/0/1/p/3253/815/505/2/w/448/3253815505_1_1_1.jpg?ts=1692865109517,https://www.zara.com/in/en/plush-vest-p03253815.html,Women,4.0
1351,COTTON T-SHIRT WITH SEAM DETAILS,LOUNGEWEARNEW,1590.0,ROUND NECK - NORMAL LENGTH - SHORT SLEEVEST-shirt made of 100% cotton. Round neck and short sleeves. Seamless trims.,https://static.zara.net/photos///2023/I/0/1/p/4174/813/250/2/w/448/4174813250_1_1_1.jpg?ts=1692284605026,https://www.zara.com/in/en/cotton-t-shirt-with-seam-details-p04174813.html,Women,3.6
1352,FADED-EFFECT PLUSH TROUSERS,LOUNGEWEARNEW,1990.0,Faded cotton trousers featuring an elasticated drawstring waistband and seamless hems.,https://static.zara.net/photos///2023/I/0/1/p/8417/802/485/2/w/448/8417802485_2_1_1.jpg?ts=1692875624937,https://www.zara.com/in/en/faded-effect-plush-trousers-p08417802.html,Women,3.3
1353,FADED-EFFECT PLUSH SWEATSHIRT,LOUNGEWEARNEW,1990.0,"Faded cotton sweatshirt featuring a round neck, long drop-shoulder sleeves and seamless hem.",https://static.zara.net/photos///2023/I/0/1/p/8417/801/485/2/w/448/8417801485_1_1_1.jpg?ts=1692279530205,https://www.zara.com/in/en/faded-effect-plush-sweatshirt-p08417801.html,Women,4.3
1354,FADED-EFFECT RIBBED TROUSERS,LOUNGEWEARNEW,2290.0,Faded high-waist trousers made of a cotton blend. Featuring an elasticated waistband and side vents at the hems.,https://static.zara.net/photos///2023/I/0/1/p/6050/340/802/2/w/448/6050340802_1_1_1.jpg?ts=1692344969064,https://www.zara.com/in/en/faded-effect-ribbed-trousers-p06050340.html,Women,4.4
1355,FADED-EFFECT T-SHIRT,LOUNGEWEARNEW,1890.0,Faded cotton T-shirt with a distressed round neck and short sleeves.,https://static.zara.net/photos///2023/I/0/1/p/4174/844/800/2/w/448/4174844800_1_1_1.jpg?ts=1692344968694,https://www.zara.com/in/en/faded-effect-t-shirt-p04174844.html,Women,3.8
1356,FADED-EFFECT RIBBED SWEATSHIRT,LOUNGEWEARNEW,2290.0,Round neck sweatshirt made of a faded-effect cotton blend. Long sleeves with ruffled cuffs.,https://static.zara.net/photos///2023/I/0/1/p/6050/342/802/2/w/448/6050342802_1_1_1.jpg?ts=1692344969491,https://www.zara.com/in/en/faded-effect-ribbed-sweatshirt-p06050342.html,Women,2.9
1357,RIPPED FADED-EFFECT SWEATSHIRT,LOUNGEWEARNEW,2290.0,"Faded cotton blend sweatshirt featuring a round neck, long drop-shoulder sleeves and ripped details.",https://static.zara.net/photos///2023/I/0/1/p/6050/343/802/2/w/448/6050343802_1_1_1.jpg?ts=1692344969712,https://www.zara.com/in/en/ripped-faded-effect-sweatshirt-p06050343.html,Women,3.9
1358,FADED-EFFECT RIPPED PLUSH TROUSERS,LOUNGEWEARNEW,2590.0,Faded-effect high-waist trousers made of a cotton blend. Featuring an elasticated waistband and ripped details.,https://static.zara.net/photos///2023/I/0/1/p/6050/344/802/2/w/448/6050344802_1_1_1.jpg?ts=1692344969904,https://www.zara.com/in/en/faded-effect-ripped-plush-trousers-p06050344.html,Women,4.3
1359,FADED-EFFECT RIB T-SHIRT,LOUNGEWEARNEW,1890.0,Long sleeveless round neck top made of a faded effect cotton blend.,https://static.zara.net/photos///2023/I/0/1/p/6050/341/802/2/w/448/6050341802_1_1_1.jpg?ts=1692344969293,https://www.zara.com/in/en/faded-effect-rib-t-shirt-p06050341.html,Women,3.4
1360,CROP TOP,LOUNGEWEARNEW,690.0,Round neck top with short sleeves.,https://static.zara.net/photos///2023/I/0/1/p/5584/375/706/2/w/448/5584375706_1_1_1.jpg?ts=1692345473349,https://www.zara.com/in/en/crop-top-p05584375.html,Women,4.2
1361,HEAVY COTTON COCOON T-SHIRT,LOUNGEWEARNEW,1890.0,ROUND NECK - NORMAL LENGTH - SHORT SLEEVES Round neck T-shirt made of 100% cotton with short sleeves.,https://static.zara.net/photos///2023/I/0/1/p/4174/468/505/17/w/448/4174468505_1_1_1.jpg?ts=1691753260082,https://www.zara.com/in/en/heavy-cotton-cocoon-t-shirt-p04174468.html,Women,4.1
1362,CREPE SHORT SLEEVE T-SHIRT,LOUNGEWEARNEW,1590.0,REGULAR FIT - ROUND NECK - NORMAL LENGTH - SHORT SLEEVEST-shirt made of 100% cotton crepe fabric. Round neckline and short sleeves.,https://static.zara.net/photos///2023/I/0/1/p/0264/483/250/2/w/448/0264483250_1_1_1.jpg?ts=1691748078355,https://www.zara.com/in/en/crepe-short-sleeve-t-shirt-p00264483.html,Women,4.4
1363,FADED BELTED T-SHIRT,LOUNGEWEARNEW,1890.0,LOOSE FIT - ROUND NECK - NORMAL LENGTH - SHORT SLEEVES Round neck T-shirt with short sleeves. Faded effect. Tied belt in the same fabric.,https://static.zara.net/photos///2023/I/0/1/p/4424/451/802/2/w/448/4424451802_1_1_1.jpg?ts=1688546874285,https://www.zara.com/in/en/faded-belted-t-shirt-p04424451.html,Women,4.2
1364,WASHED EFFECT TROUSERS,LOUNGEWEARNEW,2590.0,Faded low-rise trousers with an elasticated waistband. Side pockets. Wide-leg design.,https://static.zara.net/photos///2023/I/0/1/p/4424/457/802/2/w/448/4424457802_1_1_1.jpg?ts=1688546817794,https://www.zara.com/in/en/washed-effect-trousers-p04424037.html,Women,3.7
1365,FADED-EFFECT MIDI SKIRT,LOUNGEWEARNEW,1890.0,Skirt made of faded cotton. Elasticated drawstring waistband. Back slit at the hem.,https://static.zara.net/photos///2023/I/0/1/p/1660/807/730/2/w/448/1660807730_1_1_1.jpg?ts=1691142489198,https://www.zara.com/in/en/faded-effect-midi-skirt-p01660807.html,Women,4.6
1366,FADED-EFFECT CROP TOP,LOUNGEWEARNEW,990.0,Faded cotton top with a round neck and short sleeves.,https://static.zara.net/photos///2023/I/0/1/p/1660/806/730/2/w/448/1660806730_1_1_1.jpg?ts=1691142489194,https://www.zara.com/in/en/faded-effect-crop-top-p01660806.html,Women,4.0
1367,HEAVY COTTON BERMUDA SHORTS,LOUNGEWEARNEW,990.0,Mid-rise Bermuda shorts made of a cotton blend. Featuring an elasticated drawstring waistband and side pockets.,https://static.zara.net/photos///2023/I/0/1/p/4174/629/250/2/w/448/4174629250_1_1_1.jpg?ts=1689337195931,https://www.zara.com/in/en/heavy-cotton-bermuda-shorts-p04174629.html,Women,4.1
1368,CARROT JOGGING TROUSERS,LOUNGEWEARNEW,2290.0,High-waist trousers featuring an adjustable elastic waistband with drawstrings. Side pockets.,https://static.zara.net/photos///2023/V/0/1/p/4174/359/800/2/w/448/4174359800_1_1_1.jpg?ts=1682423595256,https://www.zara.com/in/en/carrot-jogging-trousers-p04174359.html,Women,3.7
1369,KNIT CAPE T-SHIRT,LOUNGEWEARNEW,1990.0,T-shirt with a round neck and cape sleeves. Asymmetric hem.,https://static.zara.net/photos///2023/I/0/1/p/7901/641/800/2/w/448/7901641800_1_1_1.jpg?ts=1689168869807,https://www.zara.com/in/en/knit-cape-top-p07901641.html,Women,3.9
1370,KNIT SHORTS,LOUNGEWEARNEW,1890.0,Mid-rise shorts featuring an adjustable elasticated waistband with drawstrings.,https://static.zara.net/photos///2023/I/0/1/p/7901/642/800/2/w/448/7901642800_1_1_1.jpg?ts=1689168868825,https://www.zara.com/in/en/knit-shorts-p07901642.html,Women,3.7
1371,RED TEMPTATION 80 ML / 2.71 oz,PERFUMESNEW,2290.0,"ZARA RED TEMPTATION EDP 80 ML (2.71 FL. OZ). Eau de parfum disguised as the warm and textured facets of beautiful Saffron and coriander spices; bitter orange lends a fruity and colourful touch to the luminous floral bouquet. The luminosity of jasmine reveals all the sensuality and femininity of white flowers, enhanced by a praline, modern and ultra-addictive accord. The flowers are highlighted by the power of moss and woody amber notes, enveloped in a cloud of musk, leaving a trail of complete femininity.View more",https://static.zara.net/photos///2023/I/2/1/p/0110/242/999/2/w/448/0110242999_6_1_1.jpg?ts=1692891211920,https://www.zara.com/in/en/red-temptation-80-ml---2-71-oz-p20110242.html,Women,4.0
1372,RED TEMPTATION 30 ML / 1.01 oz,PERFUMESNEW,950.0,"ZARA RED TEMPTATION EDP 30 ML (1.0 FL. OZ). Eau de parfum featuring the warm and textured facets of beautiful saffron and coriander spices, with bitter orange that lends a fruity and colourful touch to the luminous floral bouquet. Luminous jasmine reveals all the sensuality and femininity of these white flowers, enhanced by a chord of modern and ultra-addictive praline. The flowers are highlighted by strong notes of moss and woody amber, wrapped in a cloud of musk, creating a complete trail of femininity.View more",https://static.zara.net/photos///2023/I/2/1/p/0110/370/999/2/w/448/0110370999_6_1_1.jpg?ts=1691502721305,https://www.zara.com/in/en/red-temptation-30-ml---1-01-oz-p20110370.html,Women,4.9
1373,GOLDEN DECADE EDP 80 ML / 2.71 oz,PERFUMESNEW,2290.0,"ZARA GOLDEN DECADE EDP 80 ML (2.71 FL. OZ). Enveloping, warm and elegant eau de parfum for the woman who wants to transmit a sense of freedom and express her emotions to the extreme. A modern white floral bouquet (jasmine, orange blossom) sublimated by the juicy facets of mandarin reveals the seductive side of every woman. A sweet and addictive lavender adds a final touch with its original and unparalleled facets.View more",https://static.zara.net/photos///2023/I/2/1/p/0110/518/999/2/w/448/0110518999_6_1_1.jpg?ts=1692891212683,https://www.zara.com/in/en/golden-decade-edp-80-ml---2-71-oz-p20110518.html,Women,3.5
1374,GOLDEN DECADE 30 ML / 1.01 oz,PERFUMESNEW,1090.0,"ZARA GOLDEN DECADE EDP 30 ML (1.0 FL. OZ). Enveloping, warm and elegant eau de parfum for a woman who wants to transmit a sense of freedom and express her emotions to the extreme. A modern white floral bouquet (jasmine, orange blossom) sublimated by the juicy facets of mandarin reveals the seductive side of every woman. A sweet and addictive lavender adds a final touch with its original and unparalleled facets.View more",https://static.zara.net/photos///2023/I/2/1/p/0110/517/999/2/w/448/0110517999_6_1_1.jpg?ts=1692891212476,https://www.zara.com/in/en/golden-decade-30-ml---1-01-oz-p20110517.html,Women,3.4
1375,AMBER FUSION 80 ML / 2.71 oz,PERFUMESNEW,1890.0,"ZARA AMBER FUSION EDP 80 ML (2.71 FL. OZ). Eau de parfum in which citrus freshness of bergamot and tangerine are mixed with sea-inspired notes for a stunning introduction and cheerful fluidly, which plays to prolong with the colourful hints and acids of red berries. At the heart, the floral and crystalline delicacy of lily contrasts with the floral value of sunny and captivating ylang-ylang. This multifaceted floral duo is accompanied by a deep and generous background where the sophisticated character of woody notes is softened by an overdose of amber.View more",https://static.zara.net/photos///2023/I/2/1/p/0110/244/999/2/w/448/0110244999_6_1_1.jpg?ts=1692891212180,https://www.zara.com/in/en/amber-fusion-80-ml---2-71-oz-p20110244.html,Women,4.8
1376,AMBER FUSION 30 ML / 1.01 oz,PERFUMESNEW,1090.0,"ZARA AMBER FUSION 30 ML (1.0 FL. OZ). Eau de parfum where the citrus freshness of bergamot and tangerine blend with maritime notes for a stunning intro and lively fluidity, which plays to prolong with the colourful and acid notes of red berries. At the heart, the floral and crystalline delicacy of lily of the valley contrasts with the sunny and captivating floral essence of ylang ylang. This multifaceted floral duo is accompanied by an intense and generous background, where the sophisticated nature of woody notes is softened in contact with an amber overdose.View more",https://static.zara.net/photos///2023/I/2/1/p/0110/516/999/2/w/448/0110516999_6_1_1.jpg?ts=1692891212662,https://www.zara.com/in/en/amber-fusion-30-ml---1-01-oz-p20110516.html,Women,4.0
1377,SUBLIME EPOQUE EDP 80 ML / 2.71 oz,PERFUMESNEW,2290.0,"ZARA SUBLIME EPOQUE EDP 80 ML (2.71 FL. OZ). Eau de parfum that pays tribute to a sublime and radiant femininity. At the heart, a scintillating floral bouquet featuring jasmine, tuberose and orange blossom is brightened up in contact with the natural facets of bergamot. Vanilla and cedar mingle to form a warm and addictive background.View more",https://static.zara.net/photos///2023/I/2/1/p/0110/339/999/2/w/448/0110339999_6_1_1.jpg?ts=1692891212278,https://www.zara.com/in/en/sublime-epoque-edp-80-ml---2-71-oz-p20110339.html,Women,3.8
1378,SUBLIME EPOQUE 30 ML / 1.01 oz,PERFUMESNEW,1090.0,"ZARA SUBLIME EPOQUE EDP 30 ML (1.0 FL. OZ).Eau de parfum that pays tribute to a sublime and radiant femininity. At the heart, a scintillating floral bouquet featuring jasmine, tuberose and orange blossom is brightened up in contact with the natural facets of bergamot. Vanilla and cedar mingle to form a warm and addictive background.View more",https://static.zara.net/photos///2023/I/2/1/p/0110/567/999/2/w/448/0110567999_6_1_1.jpg?ts=1692891212436,https://www.zara.com/in/en/sublime-epoque-30-ml---1-01-oz-p20110567.html,Women,4.6
1379,ROSE GOURMAND 80 ML / 2.71 oz,PERFUMESNEW,1890.0,"ZARA ROSE GOURMAND EDP 80 ML (2.71 FL. OZ). Eau de parfum with the spicy notes of carnation, the luminous radiance of jasmine, the ethereal tenderness of peony. It is all there to adorn and enhance a rose with modern freshness and strong character! Far from the incarnations of innocence and purity, it symbolises and encourages the unstoppable wave of feminine empowerment, bringing the pure delight that every woman deserves. Soft, delicious and creamy caramel gourmand notes blend with a lively and regressive flavour of vanilla, reaffirming in a trail of musky amber the power of the rose.View more",https://static.zara.net/photos///2023/I/2/1/p/0110/243/999/2/w/448/0110243999_6_1_1.jpg?ts=1692891212669,https://www.zara.com/in/en/rose-gourmand-80-ml---2-71-oz-p20110243.html,Women,3.8
1380,ROSE GOURMAND 30 ML / 1.01 oz,PERFUMESNEW,950.0,"ZARA ROSE GOURMAND EDP 30 ML / 1.01 oz (1.0 FL,. OZ). Eau de parfum featuring spicy notes of carnation, the luminous radiance of jasmine and the ethereal tenderness of peony. It is all there to decorate and enhance a rose with modern freshness and strong character. Far from embodying innocence and purity, it bestows and incites an unstoppable wave of feminine empowerment, providing pure delight that every woman has a right to. Soft, delicious and creamy gourmand caramel notes blend with a lively and nostalgic vanilla aroma, with a trail of amber musk that affirms the ultimate power of the rose.View more",https://static.zara.net/photos///2023/V/2/1/p/0110/371/999/2/w/448/0110371999_6_1_1.jpg?ts=1680097311557,https://www.zara.com/in/en/rose-gourmand-30-ml---1-01-oz-p20110371.html,Women,4.9
1381,NUDE BOUQUET 30 ML / 1.01 oz,PERFUMESNEW,790.0,"ZARA NUDE BOUQUET EDP 30 ML (1.0 FL. OZ)Floral eau de parfum. The main notes are cherry, peony and vanilla.",https://static.zara.net/photos///2023/V/2/1/p/0120/497/999/2/w/448/0120497999_6_1_1.jpg?ts=1683190446034,https://www.zara.com/in/en/nude-bouquet-30-ml---1-01-oz-p20120497.html,Women,4.4
1382,DEEP GARDEN 30 ML / 1.01 oz,PERFUMESNEW,690.0,"ZARA DEEP GARDEN EDP 30 ML (1.0 FL. OZ). Eau de parfum. The scent reveals notes of pear, tuberose and tonka bean. It's a fresh, luminous and feminine fragrance.",https://static.zara.net/photos///2023/V/2/1/p/0120/499/999/2/w/448/0120499999_6_1_1.jpg?ts=1679046678263,https://www.zara.com/in/en/deep-garden-30-ml---1-01-oz-p20120499.html,Women,3.9
1383,LIGHTLY BLOOM 30 ML / 1.01 oz,PERFUMESNEW,890.0,"ZARA LIGHTLY BLOOM EDP 30 ML (1.0 FL. OZ). Eau de parfum.The scent reveals notes of lotus flower, peony and musk. It’s a comfortable, captivating and elegant fragrance.View more",https://static.zara.net/photos///2023/V/2/1/p/0120/498/999/2/w/448/0120498999_6_1_1.jpg?ts=1679046787150,https://www.zara.com/in/en/lightly-bloom-30-ml---1-01-oz-p20120498.html,Women,5.0
1384,LIGHTLY BLOOM + DEEP GARDEN EDP 2x30 ML / 1.01 oz,PERFUMESNEW,890.0,"ZARA LIGHTLY BLOOM + DEEP GARDEN EDP 30ML (1.0 FL. OZ). Eau de parfum duo set. The fragrance pyramid reveals notes of (I) lotus flower, peony and musk + (II) pear, tuberose and tonka bean.View more",https://static.zara.net/photos///2023/V/2/1/p/0120/227/999/2/w/448/0120227999_6_1_1.jpg?ts=1679046788290,https://www.zara.com/in/en/lightly-bloom-deep-garden-edp-2x30-ml---1-01-oz-p20120227.html,Women,3.8
1385,HIBISCUS 90 ML / 3.04 oz,PERFUMESNEW,1290.0,"ZARA HIBISCUS EDP 90 ML (3.0 FL. OZ). Eau de parfum in which the hibiscus flower highlights this fragrance with its opulent, fruity and delicately musky characteristics.A sunny, sensual and mysterious flower. A tropical citrus cocktail (bitter orange, tangerine) opens this perfume with a light freshness that evokes a summer on an island paradise. At the heart, peony flower is wrapped in the fruity, exotic and colourful facets of mango and passion fruit. Vanilla orchid and amber gradually envelope the fragrance in a delicate and comforting creaminess.View more",https://static.zara.net/photos///2023/V/2/1/p/0120/830/999/2/w/448/0120830999_6_1_1.jpg?ts=1679046850763,https://www.zara.com/in/en/hibiscus-90-ml---3-04-oz-p20120830.html,Women,4.4
1386,GARDENIA 180 ML / 6.09 oz,PERFUMESNEW,1790.0,"ZARA GARDENIA EAU DE PARFUM 180 ML (6.0 FL. OZ). A gripping fragrance of captivating silky white flower. Gardenia adds voluptuousness to the scent of orange blossom and coffee, within a fruity universe of peach and raspberry.View more",https://static.zara.net/photos///2023/V/2/1/p/0120/827/999/2/w/448/0120827999_6_1_1.jpg?ts=1679046766871,https://www.zara.com/in/en/gardenia-180-ml---6-09-oz-p20120827.html,Women,4.2
1387,GARDENIA 90 ML / 3.04 oz,PERFUMESNEW,1290.0,"ZARA GARDENIA EAU DE PARFUM 90 ML (3.0 FL. OZ). A gripping fragrance of captivating and silky white flower. Gardenia adds voluptuousness to the scent of orange blossom and coffee, within a fruity universe of peach and raspberry.View more",https://static.zara.net/photos///2023/V/2/1/p/0120/824/999/2/w/448/0120824999_6_1_1.jpg?ts=1679046750215,https://www.zara.com/in/en/gardenia-90-ml---3-04-oz-p20120824.html,Women,4.7
1388,GARDENIA 30 ML,PERFUMESNEW,790.0,"ZARA GARDENIA EAU DE PARFUM 30 ML (1.0 FL. OZ). A gripping fragrance of captivating and silky white flower. Gardenia adds voluptuousness to the scent of orange blossom and coffee, within a fruity universe of peach and raspberry.View more",https://static.zara.net/photos///2023/I/2/1/p/0120/825/999/2/w/448/0120825999_6_1_1.jpg?ts=1691058050679,https://www.zara.com/in/en/gardenia-30-ml-p20120825.html,Women,4.8
1389,ORCHID 180 ML / 6.09 oz,PERFUMESNEW,1590.0,"ZARA ORCHID EAU DE PARFUM 180 ML (6.0 FL. OZ). A fragrance full of charm that reveals the fresh and clear floral notes of rose and lily of the valley. The fruity notes of peach and apple are mixed on the background with notes of musk, wood and amber to make this creation a scent of sensuality.View more",https://static.zara.net/photos///2023/V/2/1/p/0120/823/999/2/w/448/0120823999_6_1_1.jpg?ts=1679046765407,https://www.zara.com/in/en/orchid-180-ml---6-09-oz-p20120823.html,Women,4.1
1390,ORCHID 90 ML / 3.04 oz,PERFUMESNEW,1290.0,"ZARA ORCHID EAU DE PARFUM 90 ML (3.0 FL. OZ). A fragrance full of charm that reveals the fresh and clear floral notes of rose and lily of the valley. The fruity notes of peach and apple are mixed on the background with notes of musk, wood and amber to make this creation a scent of sensuality.View more",https://static.zara.net/photos///2023/V/2/1/p/0120/820/999/2/w/448/0120820999_6_1_1.jpg?ts=1679046751750,https://www.zara.com/in/en/orchid-90-ml---3-04-oz-p20120820.html,Women,3.8
1391,ORCHID 30 ML / 1.01 oz,PERFUMESNEW,790.0,"ZARA ORCHID EAU DE PARFUM 30 ML (1.0 FL. OZ). A fragrance full of charm that reveals the fresh and clear floral notes of rose and lily of the valley. The fruity notes of peach and apple are mixed on the background with notes of musk, wood and amber to make this creation a scent of sensuality.View more",https://static.zara.net/photos///2023/I/2/1/p/0120/821/999/2/w/448/0120821999_6_1_1.jpg?ts=1691058050820,https://www.zara.com/in/en/orchid-30-ml---1-01-oz-p20120821.html,Women,4.3
1392,GARDENIA 30 ML / 1.01 oz + ORCHID 30 ML / 1.01 oz,PERFUMESNEW,990.0,"ZARA GARDENIA EDP 30 ML + ORCHID EDP 30 ML (1.0 FL. OZ). Eau de parfum duo set. GARDENIA: a charming fragrance of enveloping white flower and silk. Gardenia lends voluptuousness on the scent of orange blossom and coffee, within a fruity universe of peach and raspberry. ORCHID: a fragrance full of charm, unveiling the fresh and crystalline notes of rose and lily of the valley. The fruity notes of peach and apple are blended in the background with notes of musk, wood and amber to make this creation a wake of sensuality.View more",https://static.zara.net/photos///2023/V/2/1/p/0120/829/999/2/w/448/0120829999_6_1_1.jpg?ts=1685544907397,https://www.zara.com/in/en/gardenia-30-ml---1-01-oz-orchid-30-ml---1-01-oz-p20120829.html,Women,3.8
1393,GARDENIA 90 ML / 3.04 oz + ORCHID 90 ML / 3.04 oz,PERFUMESNEW,1790.0,"ZARA GARDENIA EDP 90 ML + ORCHID EDP 90 ML (3.0 FL. OZ). Eau de parfum duo set. GARDENIA: a charming fragrance of enveloping white flower and silk. Gardenia lends voluptuousness on the scent of orange blossom and coffee, within a fruity universe of peach and raspberry. ORCHID: a fragrance full of charm, unveiling the fresh and crystalline notes of rose and lily of the valley. The fruity notes of peach and apple are blended in the background with notes of musk, wood and amber to make this creation a wake of sensuality.View more",https://static.zara.net/photos///2023/V/2/1/p/0120/828/999/2/w/448/0120828999_6_1_1.jpg?ts=1683643090526,https://www.zara.com/in/en/gardenia-90-ml---3-04-oz-orchid-90-ml---3-04-oz-p20120828.html,Women,5.0
1394,RED VANILLA 90 ML / 3.04 oz,PERFUMESNEW,1290.0,"ZARA RED VANILLA EAU DE TOILETTE 90 ML (3.0 FL. OZ). A sophisticated, warm and spicy fragrance with floral and sweet notes. A bright bouquet of elegant iris and red peony flowers combined with juicy notes of tangerine and a sweet and delicate hint of raspberry, fused with a note of vanilla.View more",https://static.zara.net/photos///2023/I/2/1/p/0120/840/999/2/w/448/0120840999_6_1_1.jpg?ts=1688374457989,https://www.zara.com/in/en/red-vanilla-90-ml---3-04-oz-p20120840.html,Women,4.2
1395,RED VANILLA 30 ML,PERFUMESNEW,790.0,"ZARA RED VANILLA 30 ML (1.0 FL. OZ). Eau de toilette. A sophisticated, warm and spicy fragrance with floral and sweet notes. A bright bouquet of elegant iris and red peony flowers combined with juicy notes of tangerine and a sweet and delicate hint of raspberry, fused with a note of vanilla.View more",https://static.zara.net/photos///2023/I/2/1/p/0120/841/999/2/w/448/0120841999_6_1_1.jpg?ts=1691058050673,https://www.zara.com/in/en/red-vanilla-30-ml-p20120841.html,Women,3.9
1396,ZARA RED TEMPTATION 10 ML / 0.34 oz,PERFUMESNEW,590.0,"ZARA RED TEMPTATION EDP 10 ML (0.34 FL. OZ).Floral eau de parfum. The fragrance pyramid reveals notes of orange, amber and evernyl. An elegant, intense and long-lasting fragrance.View more",https://static.zara.net/photos///2023/I/2/1/p/0110/364/999/2/w/448/0110364999_6_1_1.jpg?ts=1691502151525,https://www.zara.com/in/en/zara-red-temptation-10-ml---0-34-oz-p20110364.html,Women,4.2
1397,ROSE GOURMAND 10ML / 0.34 oz,PERFUMESNEW,390.0,"ROSE GOURMAND 10 ML (0.34 FL. OZ). Floral eau de parfum. The scent reveals notes of rose, dry amber and vanilla. It's an intense, long-lasting and comfortable fragrance.",https://static.zara.net/photos///2023/V/2/1/p/0110/247/999/2/w/448/0110247999_6_1_1.jpg?ts=1680097315199,https://www.zara.com/in/en/rose-gourmand-10ml---0-34-oz-p20110247.html,Women,3.5
1398,WONDER ROSE 180 ML / 6.09 oz,PERFUMESNEW,1590.0,"ZARA WONDER ROSE EAU DE TOILETTE 180 ML (6.0 FL. OZ). The fragrance reveals all the embellishment of a fruity cocktail formed by peach, red fruity notes and a hint of tutti frutti, which gives it a special luminous appeal.The sambac jasmine flower is wrapped in the creaminess of a vanilla and coconut note, guaranteeing an infinite addictive power. A fragrance designed for a charming and fun girl, who likes to reflect her personality through the perfume she uses.View more",https://static.zara.net/photos///2023/V/2/1/p/0120/810/999/2/w/448/0120810999_6_1_1.jpg?ts=1679046758688,https://www.zara.com/in/en/wonder-rose-180-ml---6-09-oz-p20120810.html,Women,3.7
1399,WONDER ROSE 30 ML,PERFUMESNEW,690.0,"ZARA WONDER ROSE EAU DE TOILETTE 30 ML (1.0 FL. OZ). This fragrance reveals all the fantasy of a fruit cocktail comprising peach, red fruity notes and a hint of tutti frutti that gives it a special luminous attraction. Sambac jasmine flower is wrapped in the creaminess of coconut and vanilla, guaranteeing an infinitely addictive power. A fragrance designed for a fun and outgoing girl, who wants to show off her personality through her perfume.View more",https://static.zara.net/photos///2023/I/2/1/p/0120/808/999/2/w/448/0120808999_6_1_1.jpg?ts=1691573566947,https://www.zara.com/in/en/wonder-rose-30-ml-p20120808.html,Women,4.6
1400,APPLEJUICE 30 ML / 1.01 oz,PERFUMESNEW,790.0,"ZARA APPLEJUICE EAU DE TOILETTE 30 ML (1.0 FL. OZ). APPLEJUICE reveals a floral and fruity perfume, a lively and voluptuous fragrance. The scintillating notes of apple, orange and pink grapefruit reveal a fresh vibrant top note. At the heart the sensuality and femininity of a natural floral bouquet (rose, jasmine, violet and peony) is highlighted. The woody musky facets of cedar and sandalwood enhance the modern outline of the composition and add an enveloping touch.View more",https://static.zara.net/photos///2023/I/2/1/p/0120/805/999/2/w/448/0120805999_6_1_1.jpg?ts=1689923022123,https://www.zara.com/in/en/applejuice-30-ml---1-01-oz-p20120805.html,Women,3.8
1401,FEMME 30 ML,PERFUMESNEW,790.0,"ZARA FEMME 30 ML (1.0 FL. OZ). Eau de toilette. Frangipani flower and peony top notes with subtle hints of bergamot create a vibrant sensation with incredible juiciness. At the heart, the seductive and crushed facets of orchid and heliotrope blend into the addictive creaminess of vanilla and tonka beans. The velvety base of white musk and warm woody notes lend a tactile and delicate character, enveloping the senses in an intense embrace.View more",https://static.zara.net/photos///2023/I/2/1/p/0120/871/999/2/w/448/0120871999_6_1_1.jpg?ts=1691574049857,https://www.zara.com/in/en/femme-30-ml-p20120871.html,Women,3.6
1402,APPLEJUICE 90 ML / 3.04 oz,PERFUMESNEW,1290.0,"ZARA APPLEJUICE EAU DE TOILETTE 90 ML (3.0 FL. OZ). APPLEJUICE reveals a floral and fruity perfume, a lively and voluptuous fragrance. The scintillating notes of apple, orange and pink grapefruit give off fresh and vibrant scents. At the heart they highlight the sensuality and femininity of a natural floral bouquet (rose, jasmine, violet and peony). The woody musky facets of cedar and sandalwood enhance the modern profile of the composition and add an enveloping touch.View more",https://static.zara.net/photos///2023/V/2/1/p/0120/804/999/2/w/448/0120804999_6_1_1.jpg?ts=1679046747330,https://www.zara.com/in/en/applejuice-90-ml---3-04-oz-p20120804.html,Women,4.3
1403,WONDER ROSE 90 ML / 3.04 oz,PERFUMESNEW,1290.0,"ZARA WONDER ROSE EAU DE TOILETTE 90 ML (3.0 FL. OZ). The fragrance reveals all the embellishment of a fruity cocktail formed by peach, red fruity notes and a hint of tutti frutti, which gives it a special luminous appeal.The sambac jasmine flower is enveloped in the creaminess of a vanilla and coconut note, guaranteeing an infinite addictive power. A fragrance designed for a charming and fun girl, who likes to reflect her personality through the perfume she uses.View more",https://static.zara.net/photos///2023/V/2/1/p/0120/807/999/2/w/448/0120807999_6_1_1.jpg?ts=1679046812050,https://www.zara.com/in/en/wonder-rose-90-ml---3-04-oz-p20120807.html,Women,4.6
1404,ORIENTAL 90ML / 3.04 oz + WONDER ROSE 90ML / 3.04 oz,PERFUMESNEW,1790.0,"ZARA ORIENTAL EDT 90 ML + WONDER ROSE EDT 90 ML (3.0 FL. OZ). Eau de toilette duo set. ORIENTAL: An elegant and enchanting oriental fragrance that reveals femininity. The fragrance shows fresh notes of bergamot and sweet orange wrapped in a scent of caramel and vanilla. The aromas are mixed to create the impeccable balance between citrus and candy. WONDER ROSE: The fragrance reveals the whole embellishment of a fruity cocktail formed by peach, red fruity notes and a hint of tutti frutti, which gives it a special luminous appeal.The sambac jasmine flower is wrapped in the creaminess of a vanilla and coconut note, guaranteeing an infinite addictive power. A fragrance designed for a charming and fun girl, who likes to reflect her personality through the perfume she uses.View more",https://static.zara.net/photos///2023/V/2/1/p/0130/142/999/2/w/448/0130142999_6_1_1.jpg?ts=1679046919323,https://www.zara.com/in/en/oriental-90ml---3-04-oz-wonder-rose-90ml---3-04-oz-p20130142.html,Women,4.4
1405,PINK FLAMBÉ 30 ML,PERFUMESNEW,790.0,"ZARA PINK FLAMBÉ EAU DE TOILETTE 30 ML (1.0 FL. OZ). A fun and boldly feminine fragrance with sweet hints of rose, jasmine and orchid wrapped in the warmth of vanilla, notes of wood and amber. A seductive, addictive and irresistible fragrance.View more",https://static.zara.net/photos///2023/I/2/1/p/0120/882/999/2/w/448/0120882999_6_1_1.jpg?ts=1691058050952,https://www.zara.com/in/en/pink-flambe-30-ml-p20120882.html,Women,4.5
1406,FABULOUS SWEET 100 ML / 3.38 oz,PERFUMESNEW,1790.0,"ZARA FABULOUS SWEET EDP 100 ML (3.4 FL. OZ). Eau de parfum. A slightly spicy juicy fruit comprising a luminous note of pear and scintillating facets of mandarin orange and pink pepper. An exotic sun floral bouquet (tuberose, ylang-ylang) sublimated by the refreshing facets of coconut water. An elegant woody patchouli blend wrapped in the addictive creaminess of black vanilla and tonka beans.View more",https://static.zara.net/photos///2023/V/2/1/p/0120/361/999/2/w/448/0120361999_6_1_1.jpg?ts=1679046806480,https://www.zara.com/in/en/fabulous-sweet-100-ml---3-38-oz-p20120361.html,Women,3.8
1407,NUDE BOUQUET 100ML,PERFUMESNEW,1490.0,"ZARA NUDE BOUQUET 100 ML (3.4 FL. OZ). Eau de parfum. The fragrance pyramid reveals notes of cherry, peony and vanilla. A fresh, pleasing and vibrant fragrance.",https://static.zara.net/photos///2023/V/2/1/p/0120/455/999/2/w/448/0120455999_6_1_1.jpg?ts=1683190446031,https://www.zara.com/in/en/nude-bouquet-100ml-p20120455.html,Women,3.5
1408,LIGHTLY BLOOM 100 ML,PERFUMESNEW,1790.0,"ZARA LIGHTLY BLOOM EDP 100 ML (3.4 FL. OZ). Eau de parfum. The scent reveals notes of lotus flower, peony and musk. It’s a comfortable, captivating and elegant fragranceView more",https://static.zara.net/photos///2023/V/2/1/p/0120/458/999/2/w/448/0120458999_6_1_1.jpg?ts=1679046790197,https://www.zara.com/in/en/lightly-bloom-100-ml-p20120458.html,Women,4.8
1409,NUDE BOUQUET + LIGHTLY BLOOM EDP 2x100 ML / 3.38 oz,PERFUMESNEW,1990.0,"ZARA NUDE BOUQUET + LIGHTLY BLOOM EDP 100ML (3.4 FL. OZ). Eau de parfum duo set. The fragrance pyramid reveals notes of (l) cherry, peony and vanilla + (ll) lotus flower, peony and musk.View more",https://static.zara.net/photos///2023/V/2/1/p/0120/226/999/2/w/448/0120226999_6_1_1.jpg?ts=1679046773905,https://www.zara.com/in/en/nude-bouquet-lightly-bloom-edp-2x100-ml---3-38-oz-p20120226.html,Women,4.0
1410,MAGNIFICENTLY DUBAI 75 ML / 2.54 oz,PERFUMESNEW,1990.0,"ZARA OLFACTIVE/ No. 03 MAGNIFICENTLY DUBAI EDP 75 ML (2.54 FL. OZ). Eau de parfum. ¨From sunrise to sunset, bathed in adventure¨. Jo Malone CBE, founder of Jo Loves. - The essence reveals notes of saffron, nutmeg and leather.View more",https://static.zara.net/photos///2023/V/2/1/p/0110/314/999/2/w/448/0110314999_6_1_1.jpg?ts=1686292528626,https://www.zara.com/in/en/magnificently-dubai-75-ml---2-54-oz-p20110314.html,Women,4.0
1411,VETIVER PAMPLEMOUSSE 75 ML / 2.54 oz,PERFUMESNEW,2590.0,"ZARA VETIVER PAMPLEMOUSSE EDP 75 ML (2.54 FL. OZ).“A white cotton shirt with hints of citrus cologne, an everyday accessory for my day to day”. Jo Malone CBE, founder of Jo Loves. The scent reveals notes of grapefruit, tangerine and vetiver.View more",https://static.zara.net/photos///2023/I/2/1/p/0110/545/999/2/w/448/0110545999_6_1_1.jpg?ts=1689671858748,https://www.zara.com/in/en/vetiver-pamplemousse-75-ml---2-54-oz-p20110545.html,Women,4.7
1412,EBONY WOOD 75 ML / 2.54 oz,PERFUMESNEW,2590.0,"ZARA EBONY WOOD EDP 75 ML (2.54 FL. OZ).“That moment of freedom and care-free adventures that are about to begin”. Jo Malone CBE, founder of Jo Loves. The scent reveals notes of pink pepper, clove and ebony wood.View more",,https://www.zara.com/in/en/ebony-wood-75-ml---2-54-oz-p20110547.html,Women,4.4
1413,FLEUR DE PATCHOULI 75 ML / 2.54 oz,PERFUMESNEW,2590.0,"ZARA FLEUR DE PATCHOULI EDP 75 ML (2.54 FL. OZ). “The essence of this fragrance captivates you, daring you to play with its creativity”. Jo Malone CBE, founder of Jo Loves. The scent reveals notes of peony, patchouli and guaiac wood.View more",https://static.zara.net/photos///2023/I/2/1/p/0110/548/999/2/w/448/0110548999_6_1_1.jpg?ts=1689586597720,https://www.zara.com/in/en/fleur-de-patchouli-75-ml---2-54-oz-p20110548.html,Women,4.3
1414,WATERLILY TEA DRESS 75 ML / 2.54 oz,PERFUMESNEW,2590.0,"ZARA WATERLILY TEA DRESS EDP 75 ML (2.54 FL. OZ).“Soft jazz music plays in the background, picnics on the lawn, a vintage dress floats by in the gentle breeze”. Jo Malone CBE, founder of Jo Loves. The fragrance reveals notes of vert de bergamot, spearmint and musk.View more",,https://www.zara.com/in/en/waterlily-tea-dress-75-ml---2-54-oz-p20110546.html,Women,5.0
1415,CAPTIVATINGLY PARIS 75 ML / 2.54 oz,PERFUMESNEW,2590.0,"ZARA OLFACTIVE/No. 09 CAPTIVATINGLY PARIS EDP 75 ML (2.54 FL. OZ). Eau de parfum A love song sings to all our senses. Jo Malone CBE, founder of Jo Loves. - The fragrance reveals notes of pear, rose and musk.View more",https://static.zara.net/photos///2023/V/2/1/p/0110/308/999/2/w/448/0110308999_6_1_1.jpg?ts=1686292528020,https://www.zara.com/in/en/captivatingly-paris-75-ml---2-54-oz-p20110308.html,Women,3.8
1416,ELEGANTLY TOKYO 75 ML / 2.54 oz,PERFUMESNEW,1990.0,"ZARA OLFACTIVE/ No. 06 ELEGANTLY TOKYO EDP 75 ML (2.54 FL. OZ). Eau de parfum. ¨A celebration of destiny¨. Jo Malone CBE, founder of Jo Loves. - The essence reveals notes of lily, Arabian jasmine and akigalawood.View more",https://static.zara.net/photos///2023/V/2/1/p/0110/313/999/2/w/448/0110313999_6_1_1.jpg?ts=1686292528466,https://www.zara.com/in/en/elegantly-tokyo-75-ml---2-54-oz-p20110313.html,Women,4.5
1417,ENERGETICALLY NEW YORK 75 ML / 2.54 oz,PERFUMESNEW,1990.0,"ZARA OLFACTIVE/ No. 01 ENERGETICALLY NEW YORK EDP 75ML (2.54 FL. OZ). Eau de parfum. ¨Ignited imaginations will change the world.¨ Jo Malone CBE, founder of Jo Loves. - The essence reveals notes of cardamom, jasmine and sandalwood.View more",https://static.zara.net/photos///2023/I/2/1/p/0110/311/999/2/w/448/0110311999_6_1_1.jpg?ts=1690361241675,https://www.zara.com/in/en/energetically-new-york-75-ml---2-54-oz-p20110311.html,Women,4.1
1418,FASHIONABLY LONDON 75ML / 2.54 oz,PERFUMESNEW,1990.0,"ZARA OLFACTIVE/ No. 04 FASHIONABLY LONDON EDP 75ML (2.54 FL. OZ). Eau de parfum. ‘Its soulful heartbeat always plays its own song.’ Jo Malone CBE, founder of Jo Loves. - The scent reveals notes of bergamot, rose and musk.View more",https://static.zara.net/photos///2023/V/2/1/p/0110/310/999/2/w/448/0110310999_6_1_1.jpg?ts=1686292528118,https://www.zara.com/in/en/fashionably-london-75ml---2-54-oz-p20110310.html,Women,4.2
1419,UNIVERSAL OUD 75 ML / 2.54 oz,PERFUMESNEW,2590.0,"ZARA UNIVERSAL OUD EDP 75 ML (2.54 FL. OZ).The fragrance pyramid reveals notes of black pepper, oud and patchouli. ""From the blue sky of dawn to the amber twilight, in the desert every second is permeated by this beautiful aroma and its stunning presence. Love Jo X”. Jo Malone CBE, founder of Jo Loves.View more",https://static.zara.net/photos///2023/I/2/1/p/0110/549/999/2/w/448/0110549999_6_1_1.jpg?ts=1689586598559,https://www.zara.com/in/en/universal-oud-75-ml---2-54-oz-p20110549.html,Women,4.8
1420,LEATHER JARDIN 75 ML / 2.54 oz,PERFUMESNEW,2590.0,"ZARA LEATHER JARDIN EDP 75 ML (2.54 FL. OZ). Eau de parfum. The fragrance pyramid reveals notes of grapefruit, rose and a hint of leather. ""From the blue sky of dawn to the amber twilight, in the desert every second is permeated by this beautiful aroma and its stunning presence. Love Jo X.” Jo Malone CBE, founder of Jo Loves.View more",https://static.zara.net/photos///2023/I/2/1/p/0110/550/999/2/w/448/0110550999_6_1_1.jpg?ts=1687857117284,https://www.zara.com/in/en/leather-jardin-75-ml---2-54-oz-p20110550.html,Women,4.3
1421,HIPSTER OUD 80 ML / 2.71 oz,PERFUMESNEW,2290.0,"ZARA HIPSTER OUD EDP 80 ML (2.71 FL. OZ). Eau de Parfum. A warm dawn, lit up by orange blossom and the fresh radiance of blackcurrant, is blended with the delicate notes of rose and lily of the valley. As the day passes, the orange blossom is kindled and reveals its extreme sensuality under the effect of warm notes of amber and cosy musks.View more",https://static.zara.net/photos///2023/V/2/1/p/0110/447/999/2/w/448/0110447999_6_1_1.jpg?ts=1680097312781,https://www.zara.com/in/en/hipster-oud-80-ml---2-71-oz-p20110447.html,Women,4.3
1422,PERPETUAL OUD 80 ML / 2.71 oz,PERFUMESNEW,1890.0,"ZARA PERPETUAL OUD EDP 80ML (2.71 FL. OZ). Eau de Parfum. An extraordinary and daring fragrance. An explosive blend of pear with spicy pepper that heralds the arrival of red roses embellished with exquisite facets of saffron. A fascinating blend, enhanced by the powerful notes of amber and patchouli woods and wrapped in the comfort of musk.View more",https://static.zara.net/photos///2023/V/2/1/p/0110/449/999/2/w/448/0110449999_6_1_1.jpg?ts=1680097312700,https://www.zara.com/in/en/perpetual-oud-80-ml---2-71-oz-p20110449.html,Women,4.6
1423,BOHEMIAN OUD 80 ML / 2.71 oz,PERFUMESNEW,2290.0,"ZARA BOHEMIAN OUD EDP 80 ML (2.71 FL. OZ).Eau de Parfum. A fascinating and mystical getaway. The fresh burst of black pepper merges with the spicy facets of the everlasting flower. The allure of vanilla, refined, intense and with hints of leather unites with the irresistible texture of cocoa and the soft note of incense, whose woody and balsamic notes add an undefined charm to the fragrance.View more",https://static.zara.net/photos///2023/V/2/1/p/0110/446/999/2/w/448/0110446999_6_1_1.jpg?ts=1680097313013,https://www.zara.com/in/en/bohemian-oud-80-ml---2-71-oz-p20110446.html,Women,3.9
1424,HIPSTER OUD 30 ML / 1.01 oz,PERFUMESNEW,1090.0,"ZARA HIPSTER OUD EDP 30 ML (1.01 FL. OZ). Eau de Parfum. A warm dawn, lit up by orange blossom and the fresh radiance of blackcurrant, is blended with the delicate notes of rose and lily of the valley. As the day passes, the orange blossom is kindled and reveals its extreme sensuality under the effect of warm notes of amber and cosy musks.View more",https://static.zara.net/photos///2023/I/2/1/p/0110/564/999/2/w/448/0110564999_6_1_1.jpg?ts=1688549145532,https://www.zara.com/in/en/hipster-oud-30-ml---1-01-oz-p20110564.html,Women,3.7
1425,PERPETUAL OUD 30 ML / 1.01 oz,PERFUMESNEW,1090.0,"ZARA PERPETUAL OUD EDP 30 ML (1.01 FL. OZ). Eau de Parfum. An extraordinary and daring fragrance. An explosive blend of pear with spicy pepper that heralds the arrival of red roses embellished with exquisite facets of saffron. A fascinating blend, enhanced by the powerful notes of amber and patchouli woods and wrapped in the comfort of musk.View more",https://static.zara.net/photos///2023/I/2/1/p/0110/566/999/2/w/448/0110566999_6_1_1.jpg?ts=1688549144487,https://www.zara.com/in/en/perpetual-oud-30-ml---1-01-oz-p20110566.html,Women,3.6
1426,BOHEMIAN OUD 30 ML / 1.01 oz,PERFUMESNEW,1090.0,"ZARA BOHEMIAN OUD EDP 30 ML (1.01 FL. OZ). Eau de Parfum. A fascinating and mystical getaway. The fresh burst of black pepper merges with the spicy facets of the everlasting flower. The allure of vanilla, refined, intense and with hints of leather unites with the irresistible texture of cocoa and the soft note of incense, whose woody and balsamic notes add an undefined charm to the fragrance.View more",https://static.zara.net/photos///2023/I/2/1/p/0110/563/999/2/w/448/0110563999_6_1_1.jpg?ts=1688549145474,https://www.zara.com/in/en/bohemian-oud-30-ml---1-01-oz-p20110563.html,Women,3.2
1427,ORCHID REFILL 180 ML / 6.09 oz,PERFUMESNEW,1290.0,"ZARA ORCHID REFILL EAU DE PARFUM 180 ML (6.0 FL. OZ). Spray bottle refill with a special nozzle. A fragrance full of charm that reveals the fresh and clear floral notes of rose and lily of the valley. The fruity notes of peach and apple are mixed on the background with notes of musk, wood and amber to make this creation a scent of sensuality.View more",https://static.zara.net/photos///2023/V/2/1/p/0120/907/999/2/w/448/0120907999_6_1_1.jpg?ts=1679046899279,https://www.zara.com/in/en/orchid-refill-180-ml---6-09-oz-p20120907.html,Women,5.0
1428,GARDENIA REFILL 180 ML / 6.09 oz,PERFUMESNEW,990.0,"ZARA GARDENIA REFILL EAU DE PARFUM 180 ML (6.0 FL. OZ). Spray bottle refill with a special nozzle. A charming fragrance of enveloping and silky white flowers. Gardenia adds voluptuousness to the scent of orange blossom and coffee, within a fruity universe of peach and raspberry.View more",https://static.zara.net/photos///2023/V/2/1/p/0120/908/999/2/w/448/0120908999_6_1_1.jpg?ts=1679046895123,https://www.zara.com/in/en/gardenia-refill-180-ml---6-09-oz-p20120908.html,Women,3.6
1429,WONDER ROSE REFILL 180 ML / 6.09 oz,PERFUMESNEW,990.0,"ZARA WONDER ROSE REFILL EAU DE TOILETTE 180 ML (6.0 FL. OZ). Spray bottle refill with a special nozzle. The fragrance reveals all the embellishment of a fruity cocktail formed by peach, red fruity notes and a hint of tutti frutti, which gives it a special luminous appeal.The sambac jasmine flower is wrapped in the creaminess of a vanilla and coconut note, guaranteeing an infinite addictive power. A fragrance designed for a charming and fun girl, who likes to reflect her personality through the perfume she uses.View more",https://static.zara.net/photos///2023/V/2/1/p/0120/903/999/2/w/448/0120903999_6_1_1.jpg?ts=1679046895958,https://www.zara.com/in/en/wonder-rose-refill-180-ml---6-09-oz-p20120903.html,Women,4.0
1430,RED VANILLA REFILL 180 ML / 6.09 oz,PERFUMESNEW,990.0,"ZARA RED VANILLA REFILL EAU DE TOILETTE 180 ML (6.0 FL. OZ). Spray bottle refill with a special nozzle. A sophisticated, warm and spicy fragrance with floral and sweet notes. A bright bouquet of elegant iris and red peony flowers combined with juicy notes of tangerine and a sweet and delicate hint of raspberry, fused with a note of vanilla.View more",https://static.zara.net/photos///2023/V/2/1/p/0120/909/999/2/w/448/0120909999_6_1_1.jpg?ts=1679046904678,https://www.zara.com/in/en/red-vanilla-refill-180-ml---6-09-oz-p20120909.html,Women,4.0
1431,APPLEJUICE REFILL 180 ML / 6.09 oz,PERFUMESNEW,990.0,"ZARA APPLEJUICE REFILL EAU DE TOILETTE 180 ML (6.0 FL. OZ). Spray bottle refill with a special nozzle. APPLEJUICE reveals a floral and fruity perfume, a lively and voluptuous fragrance. The scintillating notes of apple, orange and pink grapefruit give off a fresh and vibrant scent. At the heart they highlight the sensuality and femininity of a natural floral bouquet (rose, jasmine, violet and peony). The woody musky facets of cedar and sandalwood enhance the modern profile of the composition and add an enveloping touch.View more",https://static.zara.net/photos///2023/V/2/1/p/0120/902/999/2/w/448/0120902999_6_1_1.jpg?ts=1679046887837,https://www.zara.com/in/en/applejuice-refill-180-ml---6-09-oz-p20120902.html,Women,4.2
1432,RUBY SYRUP 90 ML / 3.04 oz,PERFUMESNEW,1290.0,"ZARA RUBY SYRUP EDT 90 ML (3.0 FL. OZ).Oriental eau de toilette. The scent reveals notes of grapefruit, orchid and honey. It’s a feminine, comfortable and delicate fragrance.",https://static.zara.net/photos///2023/I/2/1/p/0120/892/999/2/w/448/0120892999_6_1_1.jpg?ts=1689586598149,https://www.zara.com/in/en/ruby-syrup-90-ml---3-04-oz-p20120892.html,Women,4.5
1433,YELLOW VELVET 90 ML / 3.04 oz,PERFUMESNEW,1290.0,"ZARA YELLOW VELVET EDT 90 ML (3.0 FL. OZ).Floral-fruity eau de toilette The scent reveals notes of peach, orchid and vanilla. It’s a feminine, warm and comfortable fragrance.View more",https://static.zara.net/photos///2023/I/2/1/p/0120/890/999/2/w/448/0120890999_6_1_1.jpg?ts=1689586597936,https://www.zara.com/in/en/yellow-velvet-90-ml---3-04-oz-p20120890.html,Women,4.5
1434,ORANGE HONEY 90 ML / 3.04 oz,PERFUMESNEW,1290.0,ZARA ORANGE HONEY EDT 90 ML (3.0 FL. OZ).,https://static.zara.net/photos///2023/I/2/1/p/0120/891/999/2/w/448/0120891999_6_1_1.jpg?ts=1689586598458,https://www.zara.com/in/en/orange-honey-90-ml---3-04-oz-p20120891.html,Women,3.8
1435,MAJESTIC LILAS 80 ML / 2.71 oz,PERFUMESNEW,2290.0,ZARA MAJESTIC LILAS EDP 80 ML (2.71 FL. OZ).Eau de parfum where flowers are the key ingredient and lilac is purity and elegance.,https://static.zara.net/photos///2023/I/2/1/p/0110/465/999/2/w/448/0110465999_6_1_1.jpg?ts=1691502618460,https://www.zara.com/in/en/majestic-lilas-80-ml---2-71-oz-p20110465.html,Women,4.0
1436,ROYAL FRESSIA 80 ML / 2.71 oz,PERFUMESNEW,2290.0,ZARA ROYAL FRESSIA EDP 80 ML (2.71 FL. OZ).Elegant eau de parfum with notes of blossoming freesia and a touch of spicy wood.View more,https://static.zara.net/photos///2023/I/2/1/p/0110/462/999/2/w/448/0110462999_6_1_1.jpg?ts=1691502618425,https://www.zara.com/in/en/royal-fressia-80-ml---2-71-oz-p20110462.html,Women,4.2
1437,NOBLE WISTERIA 80 ML / 2.71 oz,PERFUMESNEW,2290.0,ZARA NOBLE WISTERIA EDP 80 ML (2.71 FL. OZ).Luminous eau de parfum with noble wisteria blooms and hints of clover.,https://static.zara.net/photos///2023/I/2/1/p/0110/463/999/2/w/448/0110463999_6_1_1.jpg?ts=1691502618690,https://www.zara.com/in/en/noble-wisteria-80-ml---2-71-oz-p20110463.html,Women,4.0
1438,QUEEN PLUMROSE 80 ML / 2.71 oz,PERFUMESNEW,2290.0,ZARA QUEEN PLUMROSE EDP 80 ML (2.71 FL. OZ).Eau de parfum with floral scents of plumeria and rose and gourmand notes.,https://static.zara.net/photos///2023/I/2/1/p/0110/464/999/2/w/448/0110464999_6_1_1.jpg?ts=1691502618436,https://www.zara.com/in/en/queen-plumrose-80-ml---2-71-oz-p20110464.html,Women,4.8
1439,BLOUSE WITH JABOT FRILLS AND PEARL BEAD BUTTONS,SHIRTS,2990.0,Collared blouse featuring long sleeves with slit cuffs. Jabot frills on the front. Button-up front hidden by a button placket and pearl bead appliqués on the collar and cuffs.,https://static.zara.net/photos///2023/I/0/1/p/7969/230/250/2/w/448/7969230250_1_1_1.jpg?ts=1692889132974,https://www.zara.com/in/en/blouse-with-jabot-frills-and-pearl-bead-buttons-p07969230.html,Women,4.3
1440,OXFORD SHIRT,SHIRTS,2590.0,"Shirt with a johnny collar, long sleeves and a button-up front.",https://static.zara.net/photos///2023/I/0/1/p/8372/290/043/2/w/448/8372290043_1_1_1.jpg?ts=1691149126067,https://www.zara.com/in/en/oxford-shirt-p08372290.html,Women,4.4
1441,SEMI-SHEER RHINESTONE SHIRT,SHIRTS,3290.0,Semi-sheer collared shirt with long cuffed sleeves and front fastening with rhinestone buttons.,https://static.zara.net/photos///2023/I/0/1/p/7484/162/712/2/w/448/7484162712_1_1_1.jpg?ts=1692879489420,https://www.zara.com/in/en/semi-sheer-rhinestone-shirt-p07484162.html,Women,4.4
1442,PRINTED TOP WITH GATHERED DETAIL,SHIRTS,2990.0,Top with a surplice neck featuring long sleeves with cuffs and an elasticated hem.,https://static.zara.net/photos///2023/I/0/1/p/8562/716/018/2/w/448/8562716018_1_1_1.jpg?ts=1692779345552,https://www.zara.com/in/en/printed-top-with-gathered-detail-p08562716.html,Women,4.6
1443,CONTRAST SHIRT,SHIRTS,2990.0,Collared shirt with long cuffed sleeves. Contrast fabric detail on the collar and cuffs. Front fastening with metal buttons.,https://static.zara.net/photos///2023/I/0/1/p/3564/191/712/2/w/448/3564191712_6_1_1.jpg?ts=1692950069091,https://www.zara.com/in/en/contrast-shirt-p03564191.html,Women,4.2
1444,CROPPED LINEN BLEND SHIRT,SHIRTS,2290.0,Shirt made of a linen blend fabric. Johnny collar and turn-up short sleeves. Front patch pockets. Button-up front.,https://static.zara.net/photos///2023/I/0/1/p/2280/716/250/18/w/448/2280716250_1_1_1.jpg?ts=1686905393458,https://www.zara.com/in/en/cropped-linen-blend-shirt-p02280716.html,Women,3.5
1445,POPLIN SHIRT WITH LACE TRIMS,SHIRTS,3290.0,Shirt with a high neck and long sleeves. Matching lace trim details. Button-up front.,https://static.zara.net/photos///2023/I/0/1/p/7200/232/712/17/w/448/7200232712_1_1_1.jpg?ts=1692286392819,https://www.zara.com/in/en/poplin-shirt-with-lace-trims-p07200232.html,Women,4.3
1446,LINEN BLOUSE,SHIRTS,4990.0,"Linen blouse with a V-neckline, long sleeves and an asymmetric hem.",https://static.zara.net/photos///2023/I/0/1/p/7624/118/802/2/w/448/7624118802_1_1_1.jpg?ts=1685374126964,https://www.zara.com/in/en/linen-blouse-p07624118.html,Women,3.8
1447,RHINESTONE POPLIN SHIRT,SHIRTS,3990.0,"Collared shirt made of cotton. Featuring long sleeves with cuffs, rhinestone appliqués and a button-up front.",https://static.zara.net/photos///2023/I/0/1/p/8741/233/406/2/w/448/8741233406_1_1_1.jpg?ts=1693318192123,https://www.zara.com/in/en/rhinestone-poplin-shirt-p08741233.html,Women,3.9
1448,ASYMMETRIC LINEN SHIRT,SHIRTS,3290.0,"Shirt made of linen. Featuring a slot collar, long cuffed sleeves and an asymmetric hem with side vents.",https://static.zara.net/photos///2023/I/0/1/p/4786/118/832/14/w/448/4786118832_1_1_1.jpg?ts=1691599681734,https://www.zara.com/in/en/asymmetric-linen-shirt-p04786117.html,Women,4.4
1449,PLEATED OPEN-BACK TOP,SHIRTS,2990.0,High neck top with long sleeves. Open back detail. Invisible side zip fastening and buttons.,https://static.zara.net/photos///2023/I/0/1/p/7969/232/427/2/w/448/7969232427_1_1_1.jpg?ts=1691417177377,https://www.zara.com/in/en/pleated-open-back-top-p07969232.html,Women,4.7
1450,REGULAR FIT STRIPED SHIRT,SHIRTS,2990.0,Shirt featuring a Johnny collar and long cuffed sleeves with pleats. Slit hem on the sides. Button-up front.,https://static.zara.net/photos///2023/I/0/1/p/2298/163/064/2/w/448/2298163064_1_1_1.jpg?ts=1692792858343,https://www.zara.com/in/en/regular-fit-striped-shirt-p02298163.html,Women,4.1
1451,FITTED SHIRT,SHIRTS,2990.0,Collared shirt with long sleeves. Fitted waist. Button-up front.,https://static.zara.net/photos///2023/I/0/1/p/8372/282/620/17/w/448/8372282620_1_1_1.jpg?ts=1691577997138,https://www.zara.com/in/en/fitted-shirt-p08372282.html,Women,4.2
1452,SEMI-SHEER BLOUSE WITH PLEATED RUFFLE TRIMS,SHIRTS,3990.0,V-neck blouse with long sleeves. Pleated ruffles. Button-up front.This garment is not lined.,https://static.zara.net/photos///2023/I/0/1/p/1971/160/800/2/w/448/1971160800_1_1_1.jpg?ts=1691758139597,https://www.zara.com/in/en/semi-sheer-blouse-with-pleated-ruffle-trims-p01971160.html,Women,4.9
1453,CONTRAST TEXTURED SHIRT,SHIRTS,2990.0,Semi-sheer collared shirt with long sleeves. Front patch pockets. Textured trims. Button-up front hidden by a placket.This garment is not lined.,https://static.zara.net/photos///2023/I/0/1/p/3564/189/800/2/w/448/3564189800_1_1_1.jpg?ts=1692203337333,https://www.zara.com/in/en/contrast-textured-shirt-p03564189.html,Women,4.2
1454,CROPPED STRIPED SHIRT,SHIRTS,2590.0,Cropped collared shirt featuring long sleeves with buttons hidden by a placket. Front patch pocket. Front button-up fastening hidden by a placket.,https://static.zara.net/photos///2023/I/0/1/p/2712/028/017/12/w/448/2712028017_2_5_1.jpg?ts=1691152875695,https://www.zara.com/in/en/cropped-striped-shirt-p02712028.html,Women,5.0
1455,PRINTED SATIN SHIRT,SHIRTS,3290.0,High neck shirt with tie detail. Long cuffed sleeves. Button-up front.,https://static.zara.net/photos///2023/I/0/1/p/8445/153/330/2/w/448/8445153330_1_1_1.jpg?ts=1692603424436,https://www.zara.com/in/en/printed-satin-shirt-p08445153.html,Women,4.4
1456,POPLIN SHIRT WITH FEATHER APPLIQUÉS,SHIRTS,8590.0,Collared shirt made of cotton. Long sleeves with contrast removable feathers. Asymmetric hem. Button-up front.,https://static.zara.net/photos///2023/I/0/1/p/2165/003/250/2/w/448/2165003250_1_1_1.jpg?ts=1692259215650,https://www.zara.com/in/en/poplin-shirt-with-feather-appliques-p02165003.html,Women,3.3
1457,PRINTED KIMONO SHIRT,SHIRTS,3290.0,V-neck kimono shirt with full sleeves falling below the elbow. Front fastening with covered buttons in matching fabric.,https://static.zara.net/photos///2023/I/0/1/p/8450/154/330/2/w/448/8450154330_1_1_1.jpg?ts=1692603423770,https://www.zara.com/in/en/printed-kimono-shirt-p08450154.html,Women,4.4
1458,CONTRAST TEXTURED SHIRT,SHIRTS,2990.0,Collared shirt with long sleeves. Textured trims. Button-up front hidden by a placket.,https://static.zara.net/photos///2023/I/0/1/p/3564/190/251/2/w/448/3564190251_1_1_1.jpg?ts=1692203339828,https://www.zara.com/in/en/contrast-textured-shirt-p03564190.html,Women,4.3
1459,Z1975 DENIM SHIRT,SHIRTS,2590.0,Collared shirt with long sleeves. Front patch pockets with flaps. Front fastening with metal buttons.,https://static.zara.net/photos///2023/I/0/1/p/1879/224/427/19/w/448/1879224427_1_1_1.jpg?ts=1692777366969,https://www.zara.com/in/en/z1975-denim-shirt-p01879224.html,Women,4.7
1460,RHINESTONE POPLIN SHIRT,SHIRTS,5990.0,Cotton shirt with a Johnny collar and sleeves falling below the elbow. Rhinestone appliqués and pleat at the back. Asymmetric hem with side vents. Button-up front.,https://static.zara.net/photos///2023/I/0/1/p/4786/270/250/17/w/448/4786270250_1_1_1.jpg?ts=1690966827336,https://www.zara.com/in/en/rhinestone-poplin-shirt-p04786270.html,Women,4.4
1461,OVERSIZED FLORAL PRINT SHIRT,SHIRTS,3290.0,Satin collared shirt with long sleeves. Side vents at the hem. Button-up front.,https://static.zara.net/photos///2023/I/0/1/p/8494/120/330/2/w/448/8494120330_1_1_1.jpg?ts=1691577425004,https://www.zara.com/in/en/oversized-floral-print-shirt-p08494120.html,Women,4.0
1462,CROPPED SHIRT WITH RAISED FLOWER,SHIRTS,3290.0,"Cropped collared shirt featuring long cuffed sleeves, contrast fabric with raised flowers and a button-up front with covered buttons.",https://static.zara.net/photos///2023/I/0/1/p/8351/227/800/2/w/448/8351227800_1_1_1.jpg?ts=1692699026701,https://www.zara.com/in/en/cropped-shirt-with-raised-flower-p08351227.html,Women,3.5
1463,SHIRT WITH CUTWORK EMBROIDERY,SHIRTS,2990.0,Cotton shirt with a Johnny collar. Sleeves falling below the elbow. Cutwork embroidery detail. Asymmetric hem with side vents. Button-up front.,https://static.zara.net/photos///2023/I/0/1/p/4786/316/942/2/w/448/4786316942_1_1_1.jpg?ts=1687513222670,https://www.zara.com/in/en/shirt-with-cutwork-embroidery-p04043064.html,Women,4.0
1464,LINEN BLEND SHIRT WITH PATCH POCKETS,SHIRTS,3290.0,Shirt made of a linen blend fabric. Johnny collar and long sleeves. Front patch pockets. Button-up front.,https://static.zara.net/photos///2023/I/0/1/p/8318/377/172/2/w/448/8318377172_1_1_1.jpg?ts=1690965013706,https://www.zara.com/in/en/linen-blend-shirt-with-patch-pockets-p08318377.html,Women,3.7
1465,SATIN SHIRT,SHIRTS,2990.0,Collared shirt with long sleeves. Button fastening at the front hidden by a placket.,https://static.zara.net/photos///2023/I/0/1/p/9929/235/529/2/w/448/9929235529_1_1_1.jpg?ts=1691758355172,https://www.zara.com/in/en/satin-shirt-p09929235.html,Women,3.8
1466,TRF ASYMMETRIC DENIM TOP,SHIRTS,2590.0,"Halter top with a V-neckline. Featuring flap detail on the chest, an asymmetric hem and metal zip fastening on the side.",https://static.zara.net/photos///2023/I/0/1/p/4365/274/050/3/w/448/4365274050_1_1_1.jpg?ts=1691743833163,https://www.zara.com/in/en/trf-asymmetric-denim-top-p04365274.html,Women,4.4
1467,PRINTED RUFFLED SHIRT,SHIRTS,2990.0,Slot collar shirt with long ruffled sleeves. Button fastening at the front.,https://static.zara.net/photos///2023/I/0/1/p/7701/752/620/2/w/448/7701752620_1_1_1.jpg?ts=1689696939161,https://www.zara.com/in/en/printed-ruffled-shirt-p07701752.html,Women,4.9
1468,SATIN SHIRT,SHIRTS,1990.0,Collared shirt with a V-neckline. Long cuffed sleeves. Front button fastening.,https://static.zara.net/photos///2023/I/0/1/p/7868/226/800/20/w/448/7868226800_1_1_1.jpg?ts=1690548190890,https://www.zara.com/in/en/satin-shirt-p08741256.html,Women,4.3
1469,FLORAL PRINT SHIRT,SHIRTS,3290.0,Flowing collared shirt with long sleeves. Split hem. Button-up front.,https://static.zara.net/photos///2023/I/0/1/p/8446/132/070/2/w/448/8446132070_1_1_1.jpg?ts=1691577080088,https://www.zara.com/in/en/floral-print-shirt-p08446132.html,Women,3.6
1470,FLORAL PRINT SHIRT,SHIRTS,2990.0,Collared semi-sheer shirt with long sleeves. Button-up front with matching covered buttons.,https://static.zara.net/photos///2023/I/0/1/p/4387/249/090/2/w/448/4387249090_1_1_1.jpg?ts=1690199033848,https://www.zara.com/in/en/floral-print-shirt-p04387249.html,Women,4.3
1471,CROPPED SATIN SHIRT,SHIRTS,2590.0,Collared V-neck shirt with long sleeves. Front fastening with matching covered buttons.,https://static.zara.net/photos///2023/I/0/1/p/2298/175/250/2/w/448/2298175250_1_1_1.jpg?ts=1690386810677,https://www.zara.com/in/en/cropped-satin-shirt-p02298175.html,Women,4.6
1472,SHIRT WITH CONTRAST BOLO TIE,SHIRTS,2990.0,Collared shirt featuring a contrast bow and long sleeves. Front fastening with matching covered buttons.,https://static.zara.net/photos///2023/I/0/1/p/4387/260/250/2/w/448/4387260250_1_1_1.jpg?ts=1692203338544,https://www.zara.com/in/en/shirt-with-contrast-bolo-tie-p04387260.html,Women,3.8
1473,PRINTED RAMIE BLOUSE,SHIRTS,4990.0,Blouse made of 100% ramie. Slot collar and sleeves falling below the elbow. Asymmetric hem with side vents. Button-up front.,https://static.zara.net/photos///2023/I/0/1/p/4786/302/300/2/w/448/4786302300_1_1_1.jpg?ts=1688997271735,https://www.zara.com/in/en/printed-ramie-blouse-p04786302.html,Women,4.0
1474,CROSSOVER TOP WITH RUFFLES,SHIRTS,2990.0,Semi-sheer top with a surplice neckline and long sleeves. Ruffle trim details. This garment is not lined.,https://static.zara.net/photos///2023/I/0/1/p/8051/346/800/2/w/448/8051346800_1_1_1.jpg?ts=1691755226340,https://www.zara.com/in/en/crossover-top-with-ruffles-p08051346.html,Women,4.1
1475,EMBROIDERED RHINESTONE SHIRT,SHIRTS,5990.0,Collared semi-sheer shirt featuring long sleeves with cuffs. Chest patch pocket. Embroidery with rhinestone appliqués. Asymmetric hem with side vents. Button-up front.,https://static.zara.net/photos///2023/I/0/1/p/4786/271/251/12/w/448/4786271251_1_1_1.jpg?ts=1689665466067,https://www.zara.com/in/en/embroidered-rhinestone-shirt-p04786271.html,Women,3.7
1476,TIE-DYE PRINT OVERSIZE SHIRT,SHIRTS,3290.0,Long sleeve shirt with a Johnny collar and slits at the cuffs. Asymmetric hem with side vents. Button-up front.,https://static.zara.net/photos///2023/I/0/1/p/8505/151/330/2/w/448/8505151330_1_1_1.jpg?ts=1691758079741,https://www.zara.com/in/en/tie-dye-print-oversize-shirt-p08505151.html,Women,4.4
1477,LINEN SHIRT WITH AN ASYMMETRIC HEM,SHIRTS,3290.0,Shirt made of 100% linen. Johnny collar with sleeves falling below the elbow. Asymmetric hem with side vents. Button-up front.,https://static.zara.net/photos///2023/I/0/1/p/4786/126/251/13/w/448/4786126251_1_1_1.jpg?ts=1691599681781,https://www.zara.com/in/en/linen-shirt-with-an-asymmetric-hem-p04786126.html,Women,4.0
1478,RHINESTONE POPLIN SHIRT,SHIRTS,3290.0,Shirt made of cotton. Lapel collar and long cuffed sleeves. Chest patch pocket. Rhinestone appliqués. Side slits at the hem. Button-up front hidden by a snap-button placket.,https://static.zara.net/photos///2023/I/0/1/p/8741/234/250/2/w/448/8741234250_1_1_1.jpg?ts=1693318193892,https://www.zara.com/in/en/rhinestone-poplin-shirt-p08741234.html,Women,4.3
1479,GABARDINE FABRIC CROPPED SHIRT,SHIRTS,2590.0,Collared shirt made of gabardine fabric. Long sleeves with frayed pleated cuffs. Cut-out chest pocket. Darted back. Button-up front.,https://static.zara.net/photos///2023/I/0/1/p/7901/038/058/2/w/448/7901038058_1_1_1.jpg?ts=1691588060811,https://www.zara.com/in/en/gabardine-fabric-cropped-shirt-p01957001.html,Women,3.7
1480,PAISLEY PRINT SHIRT,SHIRTS,2990.0,Collared shirt with a V-neckline and long sleeves. Side vents at the hem. Fastens at the front with buttons.,https://static.zara.net/photos///2023/I/0/1/p/8422/135/330/2/w/448/8422135330_1_1_1.jpg?ts=1692008566359,https://www.zara.com/in/en/paisley-print-shirt-p08422135.html,Women,3.9
1481,RUFFLED LACE TRIM PRINT SHIRT,SHIRTS,2990.0,Semi-sheer V-neck shirt with long cuffed sleeves. Contrast lace trims and ruffles on the chest. Front fastening with covered buttons.,https://static.zara.net/photos///2023/I/0/1/p/8468/155/330/2/w/448/8468155330_1_1_1.jpg?ts=1692699025790,https://www.zara.com/in/en/ruffled-lace-trim-print-shirt-p08468155.html,Women,4.4
1482,LINEN POLO COLLAR BLOUSE,SHIRTS,3290.0,"Blouse made of 100% linen. Featuring a polo collar, sleeves falling below the elbow and an asymmetric hem with side vents.",https://static.zara.net/photos///2023/I/0/1/p/4786/289/251/17/w/448/4786289251_1_1_1.jpg?ts=1687533980699,https://www.zara.com/in/en/linen-polo-collar-blouse-p04786289.html,Women,3.9
1483,RUFFLED SHIRT WITH FLORAL PRINT,SHIRTS,3290.0,Shirt with a V-neck and long sleeves. Front ruffle details.,https://static.zara.net/photos///2023/I/0/1/p/8405/227/330/2/w/448/8405227330_1_1_1.jpg?ts=1692612101327,https://www.zara.com/in/en/ruffled-shirt-with-floral-print-p08405227.html,Women,4.9
1484,FLORAL PRINT SATIN TOP,SHIRTS,3290.0,Top featuring a crossover high neck with multi-way tied detail at the back. Long sleeves.,https://static.zara.net/photos///2023/I/0/1/p/8472/139/330/2/w/448/8472139330_1_1_1.jpg?ts=1691593335429,https://www.zara.com/in/en/floral-print-satin-top-p08472139.html,Women,3.9
1485,LACE TRIM LINEN SHIRT,SHIRTS,3290.0,"Shirt made of 100% linen. Lapel collar, long sleeves, front lace trims and a button-up front.",https://static.zara.net/photos///2023/I/0/1/p/8078/270/250/17/w/448/8078270250_1_1_1.jpg?ts=1690965610712,https://www.zara.com/in/en/lace-trim-linen-shirt-p08078270.html,Women,4.2
1486,SATIN FLORAL PRINT SHIRT,SHIRTS,2990.0,Collared shirt with a V-neckline and long sleeves. Asymmetric hem with side vents. Button-down front hidden by a placket.,https://static.zara.net/photos///2023/I/0/1/p/8316/715/044/2/w/448/8316715044_1_1_1.jpg?ts=1692008565420,https://www.zara.com/in/en/satin-floral-print-shirt-p08316715.html,Women,4.5
1487,SEMI-SHEER VOLUMINOUS BLOUSE,SHIRTS,4990.0,"Blouse made of viscose. Featuring a straight neckline, long cape sleeves, adjustable shoulder straps and an asymmetric hem.",https://static.zara.net/photos///2023/I/0/1/p/8079/334/676/2/w/448/8079334676_1_1_1.jpg?ts=1692689344184,https://www.zara.com/in/en/semi-sheer-voluminous-blouse-p08079334.html,Women,3.5
1488,EMBROIDERED BLOUSE,SHIRTS,3290.0,Loose-fitting blouse with a slot collar and long sleeves. Contrast embroidery detail.,https://static.zara.net/photos///2023/I/0/1/p/5770/036/506/12/w/448/5770036506_1_1_1.jpg?ts=1685978499499,https://www.zara.com/in/en/embroidered-blouse-p05770036.html,Women,3.3
1489,STRIPED SHIRT,SHIRTS,3290.0,Johnny collar shirt made of a viscose blend. Cuffed sleeves falling below the elbow. Back pleat detail. Asymmetric hem with side vents. Button-up front.,https://static.zara.net/photos///2023/I/0/1/p/9479/276/086/2/w/448/9479276086_1_1_1.jpg?ts=1691509297328,https://www.zara.com/in/en/striped-shirt-p09479276.html,Women,3.4
1490,SEMI-SHEER COMBINED TEXTURED SHIRT,SHIRTS,3290.0,Collared shirt with long sleeves. Front patch pocket. Textured frayed fabric detail. Button-up front hidden by a placket.,https://static.zara.net/photos///2023/I/0/1/p/1971/164/800/2/w/448/1971164800_2_1_1.jpg?ts=1692203337744,https://www.zara.com/in/en/semi-sheer-combined-textured-shirt-p01971164.html,Women,4.7
1491,SHIRT WITH CUTWORK EMBROIDERY,SHIRTS,2990.0,Round neck shirt featuring long sleeves with elasticated trims. Matching embroidery and ruffled trims. Matching front button fastening.,https://static.zara.net/photos///2023/I/0/1/p/8741/228/250/2/w/448/8741228250_1_1_1.jpg?ts=1691153432751,https://www.zara.com/in/en/shirt-with-cutwork-embroidery-p08741228.html,Women,3.9
1492,EMBROIDERED COTTON BLOUSE,SHIRTS,2990.0,Long sleeve V-neck blouse made of cotton. Contrast embroidery detail. Button-up fastening at the front.,https://static.zara.net/photos///2023/V/0/1/p/5107/046/251/2/w/448/5107046251_1_1_1.jpg?ts=1678811442044,https://www.zara.com/in/en/embroidered-cotton-blouse-p05107046.html,Women,5.0
1493,SHIRT WITH CONTRAST RUFFLES,SHIRTS,2990.0,Semi-sheer shirt with a slot collar. Long cuffed sleeves. Lining on the front. Ruffle trims with a contrast finish.,https://static.zara.net/photos///2023/I/0/1/p/3897/163/712/2/w/448/3897163712_1_1_1.jpg?ts=1692688583205,https://www.zara.com/in/en/shirt-with-contrast-ruffles-p03897163.html,Women,3.8
1494,100% LINEN SHIRT,SHIRTS,2990.0,"Collared shirt with long sleeves, front patch pockets and a button-up front.",https://static.zara.net/photos///2023/I/0/1/p/7558/387/613/2/w/448/7558387613_1_1_1.jpg?ts=1683633497090,https://www.zara.com/in/en/100-linen-shirt-p07558387.html,Women,4.2
1495,SHIRT WITH DRAWSTRING NECKLINE,SHIRTS,2990.0,Shirt featuring long sleeves and a Johnny collar with a drawstring.,https://static.zara.net/photos///2023/I/0/1/p/7797/670/406/2/w/448/7797670406_1_1_1.jpg?ts=1691075841787,https://www.zara.com/in/en/shirt-with-drawstring-neckline-p07797670.html,Women,4.8
1496,SATIN TOP WITH KNOT,SHIRTS,2990.0,Crop top featuring a V-neckline with a knot and long sleeves. Invisible side zip fastening.,https://static.zara.net/photos///2023/I/0/1/p/2298/178/611/2/w/448/2298178611_1_1_1.jpg?ts=1691417175817,https://www.zara.com/in/en/satin-top-with-knot-p02298178.html,Women,5.0
1497,SMOCKED PRINTED BLOUSE,SHIRTS,2990.0,"Round neck blouse with smocking, long sleeves with elasticated trims and a button-up front.",https://static.zara.net/photos///2023/I/0/1/p/8348/814/330/2/w/448/8348814330_1_1_1.jpg?ts=1691075773434,https://www.zara.com/in/en/smocked-printed-blouse-p08348814.html,Women,5.0
1498,TIE-DYE PRINT SHIRT,SHIRTS,3290.0,Collared shirt with long sleeves. Side vents at the hem. Button-up front.,https://static.zara.net/photos///2023/I/0/1/p/7888/425/330/2/w/448/7888425330_1_1_1.jpg?ts=1689149351146,https://www.zara.com/in/en/tie-dye-print-shirt-p07888425.html,Women,4.6
1499,STRIPED JACQUARD BLOUSE,SHIRTS,3290.0,"Blouse made of a viscose blend. Featuring a V-neckline, long voluminous sleeves, matching stripes and front button fastening.",https://static.zara.net/photos///2023/I/0/1/p/4437/253/700/2/w/448/4437253700_1_1_1.jpg?ts=1691152492038,https://www.zara.com/in/en/striped-jacquard-blouse-p04437253.html,Women,4.6
1500,SHIRT WITH CUTWORK EMBROIDERY,SHIRTS,3290.0,Collared shirt with short sleeves. Matching cutwork embroidery detail. Button-up front.,https://static.zara.net/photos///2023/I/0/1/p/7578/101/251/12/w/448/7578101251_1_1_1.jpg?ts=1691599681739,https://www.zara.com/in/en/shirt-with-cutwork-embroidery-p07578101.html,Women,4.4
1501,PRINTED RAMIE SHIRT,SHIRTS,3290.0,Shirt made of 100% ramie. Johnny collar and sleeves falling below the elbow with cuffs. Asymmetric hem with side vents. Pleated detail on the back. Front fastening.,https://static.zara.net/photos///2023/I/0/1/p/4786/304/426/2/w/448/4786304426_1_1_1.jpg?ts=1689936422704,https://www.zara.com/in/en/printed-ramie-shirt-p04786304.html,Women,4.5
1502,OVERSIZE FLOWING SHIRT,SHIRTS,2290.0,Collared shirt with long sleeves. Front patch pockets. Asymmetric hem. Button-up front.,https://static.zara.net/photos///2023/I/0/1/p/4387/238/250/2/w/448/4387238250_1_1_1.jpg?ts=1691758138213,https://www.zara.com/in/en/oversize-flowing-shirt-p04387238.html,Women,3.9
1503,SEMI-SHEER SHIRT WITH RUFFLES,SHIRTS,2590.0,Collared sleeveless shirt. Ruffled detail. Button-up front hidden by a placket.This garment is not lined.,https://static.zara.net/photos///2023/I/0/1/p/3564/172/800/2/w/448/3564172800_1_1_1.jpg?ts=1687791317841,https://www.zara.com/in/en/semi-sheer-shirt-with-ruffles-p03564172.html,Women,3.7
1504,ROLL-UP SLEEVE LINEN BLEND SHIRT,SHIRTS,2590.0,"Shirt made of a linen blend. Featuring a slot collar, long roll-up sleeves with buttoned tabs, front flap pockets, side vents at the hem and a button-up front.",https://static.zara.net/photos///2023/I/0/1/p/4387/056/250/20/w/448/4387056250_1_1_1.jpg?ts=1686905617014,https://www.zara.com/in/en/roll-up-sleeve-linen-blend-shirt-p04387056.html,Women,4.1
1505,DRAPED TOP,SHIRTS,2590.0,Sleeveless top with a cowl neckline. Featuring gathering on the shoulders.,https://static.zara.net/photos///2023/I/0/1/p/7484/158/671/2/w/448/7484158671_1_1_1.jpg?ts=1691417177880,https://www.zara.com/in/en/draped-top-p07484158.html,Women,4.0
1506,STRIPED OVERSIZE LINEN BLEND SHIRT,SHIRTS,2990.0,Collared shirt made of a linen blend. Featuring long sleeves and button fastening at the front.,https://static.zara.net/photos///2023/I/0/1/p/7699/493/330/2/w/448/7699493330_1_1_1.jpg?ts=1684406394483,https://www.zara.com/in/en/striped-oversize-linen-blend-shirt-p07699493.html,Women,3.9
1507,PRINTED FLOWING BLOUSE,SHIRTS,4990.0,Flowing collared blouse made of viscose. Short sleeves. Chest patch pockets. Button-up front.,https://static.zara.net/photos///2023/I/0/1/p/7907/033/330/17/w/448/7907033330_1_1_1.jpg?ts=1687966675950,https://www.zara.com/in/en/printed-flowing-blouse-p07907033.html,Women,4.4
1508,TIE-DYE PRINT CROP TOP,SHIRTS,2990.0,Top with a surplice neckline and long sleeves. Gathered hem with pleats. Invisible side zip fastening.,https://static.zara.net/photos///2023/I/0/1/p/8506/170/330/2/w/448/8506170330_1_1_1.jpg?ts=1691758139404,https://www.zara.com/in/en/tie-dye-print-crop-top-p08506170.html,Women,4.5
1509,100% LINEN SHIRT,SHIRTS,2890.0,"Collared shirt made of 100% linen. Featuring long sleeves, a front patch pocket and button-up front.",https://static.zara.net/photos///2023/I/0/1/p/8372/036/250/20/w/448/8372036250_1_1_1.jpg?ts=1686905893170,https://www.zara.com/in/en/100-linen-shirt-p08372036.html,Women,4.1
1510,CROPPED SHIRT WITH KNOT,SHIRTS,2290.0,Collared shirt featuring turn-up short sleeves with buttoned tabs. Front patch pockets with flaps. Button and knot front fastening.,https://static.zara.net/photos///2023/I/0/1/p/8071/675/506/2/w/448/8071675506_1_1_1.jpg?ts=1689258558722,https://www.zara.com/in/en/cropped-shirt-with-knot-p08071675.html,Women,4.8
1511,CROPPED SHIRT WITH CUTWORK EMBROIDERY,SHIRTS,3290.0,Collared shirt with long sleeves. Matching cutwork embroidery and lace trim details. Button-up front.,https://static.zara.net/photos///2023/I/0/1/p/7640/914/250/17/w/448/7640914250_1_1_1.jpg?ts=1685104832032,https://www.zara.com/in/en/cropped-shirt-with-cutwork-embroidery-p07640914.html,Women,3.6
1512,LINEN SHIRT WITH POCKET,SHIRTS,3290.0,Linen shirt. Collar and sleeves falling below the elbow. Patch pocket on the chest. Asymmetric hem. Button-up front.,https://static.zara.net/photos///2023/I/0/1/p/4877/242/251/2/w/448/4877242251_1_1_1.jpg?ts=1687963972079,https://www.zara.com/in/en/linen-shirt-with-pocket-p04877242.html,Women,4.0
1513,LONG BLOUSE WITH KNOT,SHIRTS,3290.0,Long blouse made of cotton. Johnny collar and sleeves falling below the elbow. Knot detail on the front. Asymmetric hem.,https://static.zara.net/photos///2023/I/0/1/p/5107/253/712/2/w/448/5107253712_1_1_1.jpg?ts=1688980754918,https://www.zara.com/in/en/long-blouse-with-knot-p05107253.html,Women,3.8
1514,STRIPED SHIRT WITH TIE DETAIL,SHIRTS,3290.0,Johnny collar shirt with long sleeves. Side dart details. Wrap-style front with ties.,https://static.zara.net/photos///2023/I/0/1/p/9878/220/044/2/w/448/9878220044_1_1_1.jpg?ts=1684832405054,https://www.zara.com/in/en/striped-shirt-with-tie-detail-p09878220.html,Women,3.3
1515,Z1975 DENIM BLOUSE WITH TIE,SHIRTS,3290.0,Blouse featuring a high neck with a tie detail and a V-neckline. Short sleeves with metallic button.,https://static.zara.net/photos///2023/I/0/1/p/6164/169/427/2/w/448/6164169427_1_1_1.jpg?ts=1686233835509,https://www.zara.com/in/en/z1975-denim-blouse-with-tie-p06164169.html,Women,4.1
1516,LONG WRINKLED-EFFECT TOP,SHIRTS,3290.0,Top with a slot collar and long sleeves. Split hem. Button-up front.,https://static.zara.net/photos///2023/I/0/1/p/7822/732/803/2/w/448/7822732803_1_1_1.jpg?ts=1684832404738,https://www.zara.com/in/en/long-wrinkled-effect-top-p07822732.html,Women,4.0
1517,PRINTED COTTON BLOUSE,SHIRTS,3290.0,Blouse made of 100% cotton. V-neck and full sleeves falling below the elbow. Asymmetric hem. Button-up front.,https://static.zara.net/photos///2023/I/0/1/p/4437/251/500/12/w/448/4437251500_1_1_1.jpg?ts=1688977066749,https://www.zara.com/in/en/printed-cotton-blouse-p04437251.html,Women,4.8
1518,RUFFLED LINEN BLOUSE,SHIRTS,3290.0,"Blouse made of 100% linen. Featuring a slot collar, ruffle trims in the same fabric and an asymmetric hem.",https://static.zara.net/photos///2023/I/0/1/p/4043/267/500/2/w/448/4043267500_1_1_1.jpg?ts=1690801269362,https://www.zara.com/in/en/ruffled-linen-blouse-p04043267.html,Women,4.4
1519,TRF OVERSIZE DENIM SHIRT,SHIRTS,3290.0,Oversize collared shirt featuring drop-shoulder long sleeves with cuffs. Faded effect. Dart detail at the back. Button-up front.,https://static.zara.net/photos///2023/I/0/1/p/3607/272/407/3/w/448/3607272407_1_1_1.jpg?ts=1691743832836,https://www.zara.com/in/en/trf-oversize-denim-shirt-p03607272.html,Women,3.6
1520,SATIN GEOMETRIC PRINT SHIRT,SHIRTS,3290.0,Loose-fitting collared shirt featuring long sleeves with cuffs. Button-up front hidden by a placket.,https://static.zara.net/photos///2023/I/0/1/p/2298/162/070/2/w/448/2298162070_1_1_1.jpg?ts=1693318192795,https://www.zara.com/in/en/satin-geometric-print-shirt-p02298162.html,Women,4.9
1521,RUFFLED SATIN SHIRT,SHIRTS,2590.0,Collared short sleeve shirt with front ruffle detail. Button-up front hidden by a placket.,https://static.zara.net/photos///2023/I/0/1/p/7675/796/406/17/w/448/7675796406_1_1_1.jpg?ts=1689176280408,https://www.zara.com/in/en/ruffled-satin-shirt-p07675796.html,Women,4.6
1522,CROPPED SHIRT WITH BELT,SHIRTS,2990.0,Collared shirt featuring long sleeves with pleated cuffs. False welt pocket on the chest. Contrast belt with metal buckle at the hem. Button-up front.,https://static.zara.net/photos///2023/I/0/1/p/4661/027/803/2/w/448/4661027803_1_1_1.jpg?ts=1692193283702,https://www.zara.com/in/en/cropped-shirt-with-belt-p04661027.html,Women,4.4
1523,PRINTED BLOUSE WITH RUFFLES,SHIRTS,2990.0,Blouse with a ruffled V-neck and long sleeves with elasticated trim. Front fastening with matching covered buttons.,https://static.zara.net/photos///2023/I/0/1/p/3666/159/061/2/w/448/3666159061_1_1_1.jpg?ts=1689328170105,https://www.zara.com/in/en/printed-blouse-with-ruffles-p03666159.html,Women,4.0
1524,BLOUSE WITH GOLD BUTTONS,SHIRTS,2990.0,V-neck blouse with pleat and false front buttons. Long sleeves with buttoned opening.,https://static.zara.net/photos///2023/I/0/1/p/8404/309/620/2/w/448/8404309620_1_1_1.jpg?ts=1691577080334,https://www.zara.com/in/en/blouse-with-gold-buttons-p08404309.html,Women,3.7
1525,BUTTON-UP LINEN SHIRT,SHIRTS,2990.0,Collared shirt made of 100% linen. Long sleeves with cuffs. Button-up front and buttons at the back.,https://static.zara.net/photos///2023/I/0/1/p/5427/012/800/2/w/448/5427012800_1_1_1.jpg?ts=1688126312813,https://www.zara.com/in/en/button-up-linen-shirt-p05427012.html,Women,3.9
1526,PRINTED BLOUSE WITH BOW,SHIRTS,2990.0,Cropped blouse made of a linen blend. Johnny collar and long wide sleeves. Button and tie fastening at the front.,https://static.zara.net/photos///2023/I/0/1/p/7690/475/330/2/w/448/7690475330_1_1_1.jpg?ts=1688124509731,https://www.zara.com/in/en/printed-blouse-with-bow-p07690475.html,Women,4.6
1527,STRIPE CROPPED SHIRT WITH TIE,SHIRTS,2990.0,Shirt featuring a lapel neck and long cuffed sleeves. Faux piped pocket on front. Tie detail in the same fabric. Button-up front.,https://static.zara.net/photos///2023/I/0/1/p/4688/003/049/2/w/448/4688003049_1_1_1.jpg?ts=1692193283876,https://www.zara.com/in/en/stripe-cropped-shirt-with-tie-p04688003.html,Women,4.9
1528,PLUMETIS SHIRT WITH RUFFLES,SHIRTS,2990.0,Semi-sheer collared shirt with long sleeves with ruffled trims and a button-up front. This garment is not lined.,https://static.zara.net/photos///2023/I/0/1/p/8317/711/072/2/w/448/8317711072_1_1_1.jpg?ts=1692699026085,https://www.zara.com/in/en/plumetis-shirt-with-ruffles-p08317711.html,Women,4.8
1529,ASYMMETRIC CAPE BLOUSE,SHIRTS,5990.0,"Long cape blouse with a round neck, sleeves falling below the elbow and an asymmetric hem.",https://static.zara.net/photos///2023/I/0/1/p/7627/187/712/12/w/448/7627187712_1_1_1.jpg?ts=1690987260744,https://www.zara.com/in/en/asymmetric-cape-blouse-p07627187.html,Women,3.9
1530,FLOWING OVERSIZE BLOUSE WITH GATHERED DETAIL,SHIRTS,2990.0,Oversize blouse with a V-neck and long sleeves. Gathered detailing on the front and back. Side vents at the hem. Front fastening with matching covered buttons.,https://static.zara.net/photos///2023/I/0/1/p/8074/576/431/2/w/448/8074576431_1_1_1.jpg?ts=1690386809866,https://www.zara.com/in/en/flowing-oversize-blouse-with-gathered-detail-p08074576.html,Women,3.6
1531,LONG EMBROIDERED BLOUSE,SHIRTS,4990.0,Long blouse made of a viscose blend. Round neck and short full sleeves. Mirror-effect appliqués and contrast embroidery.,https://static.zara.net/photos///2023/I/0/1/p/7521/263/712/2/w/449/7521263712_1_1_1.jpg?ts=1689665200904,https://www.zara.com/in/en/long-embroidered-blouse-p07521263.html,Women,4.2
1532,LONG SEMI-SHEER BLOUSE,SHIRTS,4990.0,"Long blouse made of 100% viscose. Featuring a V-neckline, short sleeves and an asymmetric hem with front vent.",https://static.zara.net/photos///2023/I/0/1/p/7873/566/800/2/w/448/7873566800_1_1_1.jpg?ts=1689761558510,https://www.zara.com/in/en/long-semi-sheer-blouse-p07873566.html,Women,3.3
1533,OVERSIZE BLOUSE WITH GOLD-TONED BUTTONS,SHIRTS,3290.0,Oversize blouse featuring a johnny collar and long sleeves. Front patch pocket. Hem with side vents. Front fastening with gold-toned buttons.,https://static.zara.net/photos///2023/I/0/1/p/8090/920/250/2/w/448/8090920250_1_1_1.jpg?ts=1689939073171,https://www.zara.com/in/en/oversize-blouse-with-gold-toned-buttons-p08090920.html,Women,4.2
1534,CROPPED STRIPED SHIRT,SHIRTS,2590.0,Collared shirt featuring long sleeves with pleated cuffs. Chest patch pocket. Button-up front hidden by a placket.,https://static.zara.net/photos///2023/I/0/1/p/3067/025/802/2/w/448/3067025802_1_1_1.jpg?ts=1689176606519,https://www.zara.com/in/en/cropped-striped-shirt-p03067025.html,Women,4.0
1535,OVERSIZE LINEN BLEND SHIRT,SHIRTS,3290.0,Collared shirt made of a linen and cotton blend fabric. Sleeves falling below the elbow. Front button fastening hidden by a placket.,https://static.zara.net/photos///2023/I/0/1/p/7749/351/123/2/w/448/7749351123_1_1_1.jpg?ts=1686669400529,https://www.zara.com/in/en/oversize-linen-blend-shirt-p07749351.html,Women,3.9
1536,100% LINEN BLOUSE,SHIRTS,3290.0,Blouse featuring a V-neck with buttons and long sleeves.,https://static.zara.net/photos///2023/I/0/1/p/7843/707/250/2/w/448/7843707250_1_1_1.jpg?ts=1685358959194,https://www.zara.com/in/en/100-linen-blouse-p07843707.html,Women,3.4
1537,STRIPED POPLIN BLOUSE WITH VENTS,SHIRTS,3290.0,Blouse made of a cotton blend fabric. V-neckline and long voluminous sleeves. Asymmetric hem with front vents. Button-up front.,https://static.zara.net/photos///2023/I/0/1/p/9479/281/044/2/w/448/9479281044_1_1_1.jpg?ts=1691154412915,https://www.zara.com/in/en/striped-poplin-blouse-with-vents-p09479281.html,Women,4.3
1538,CROPPED POPLIN SHIRT,SHIRTS,3290.0,Cropped collared shirt with short sleeves. Adjustable hem with drawstrings in the same fabric. Button-up front.,https://static.zara.net/photos///2023/I/0/1/p/4437/249/707/2/w/448/4437249707_1_1_1.jpg?ts=1688725166564,https://www.zara.com/in/en/cropped-poplin-shirt-p04437249.html,Women,3.9
1539,RUFFLED SHIRT WITH FLORAL PRINT,SHIRTS,3290.0,Shirt featuring a Johnny collar and long sleeves with ruffles. Button-up front.,https://static.zara.net/photos///2023/I/0/1/p/8406/226/330/2/w/448/8406226330_1_1_1.jpg?ts=1691417177607,https://www.zara.com/in/en/ruffled-shirt-with-floral-print-p08406226.html,Women,3.6
1540,CONTRAST POPLIN JACKET,SHIRTS,3290.0,Long V-neck jacket with long sleeves. Fabric appliqué detail made of poplin with contrast stripes. Side vents at the hem. Button-up front.,https://static.zara.net/photos///2023/I/0/1/p/0264/467/104/2/w/448/0264467104_1_1_1.jpg?ts=1692196437935,https://www.zara.com/in/en/contrast-poplin-jacket-p00264467.html,Women,2.8
1541,STRIPED POPLIN CROPPED SHIRT,SHIRTS,2990.0,Collared shirt featuring drop-shoulder long sleeves with pleated cuffs. Dart detail at the back. Button-up front.,https://static.zara.net/photos///2023/I/0/1/p/7889/271/044/2/w/448/7889271044_1_1_1.jpg?ts=1686064621030,https://www.zara.com/in/en/striped-poplin-cropped-shirt-p07889271.html,Women,4.1
1542,CONTRAST STRIPE CROPPED SHIRT,SHIRTS,2990.0,Cropped collared shirt with long sleeves and buttons hidden by a placket. Front patch pocket. Button-up front.,https://static.zara.net/photos///2023/I/0/1/p/3298/100/044/2/w/448/3298100044_1_1_1.jpg?ts=1687938557432,https://www.zara.com/in/en/contrast-stripe-cropped-shirt-p03298100.html,Women,4.9
1543,Z1975 DENIM CROPPED SHIRT,SHIRTS,2990.0,Collared shirt with long sleeves. Faded effect. Front patch pockets with flaps. Button-up front.,https://static.zara.net/photos///2023/I/0/1/p/7796/931/406/2/w/448/7796931406_1_1_1.jpg?ts=1688574085496,https://www.zara.com/in/en/z1975-denim-cropped-shirt-p07796931.html,Women,4.8
1544,ROMANTIC BLOUSE,SHIRTS,2990.0,"Blouse with a slot collar, long sleeves and a button-up front.",https://static.zara.net/photos///2023/I/0/1/p/8126/983/250/2/w/448/8126983250_1_1_1.jpg?ts=1689264050967,https://www.zara.com/in/en/romantic-blouse-p08126983.html,Women,3.9
1545,PRINTED COTTON SHIRT,SHIRTS,2990.0,Collared shirt made of cotton. Short turn-up sleeves. Chest patch pocket. Button-up front.,https://static.zara.net/photos///2023/I/0/1/p/2183/240/712/2/w/448/2183240712_1_1_1.jpg?ts=1685022466266,https://www.zara.com/in/en/printed-cotton-shirt-p02183240.html,Women,3.8
1546,STRIPED LINEN BLEND SHIRT,SHIRTS,2990.0,Shirt made of a linen blend. Johnny collar and long sleeves. Fastens at the front with buttons.,https://static.zara.net/photos///2023/I/0/1/p/7937/474/044/2/w/448/7937474044_1_1_1.jpg?ts=1686317072363,https://www.zara.com/in/en/striped-linen-blend-shirt-p07937474.html,Women,4.3
1547,CROPPED POPLIN SHIRT,SHIRTS,2590.0,Collared shirt with turn-up short sleeves. Front patch pockets. Button-up front.,https://static.zara.net/photos///2023/I/0/1/p/3615/180/800/17/w/448/3615180800_1_1_1.jpg?ts=1687939201373,https://www.zara.com/in/en/cropped-poplin-shirt-p03615180.html,Women,3.7
1548,CROP TOP WITH KNOT,SHIRTS,2590.0,V-neck top with a tie and wide long sleeves with slits.,https://static.zara.net/photos///2023/I/0/1/p/7484/163/982/2/w/448/7484163982_1_1_1.jpg?ts=1691758354364,https://www.zara.com/in/en/crop-top-with-knot-p07484163.html,Women,4.2
1549,LINEN SHIRT WITH POCKET,SHIRTS,3290.0,Collared shirt made of 100% linen. Sleeves falling below the elbow. Chest patch pocket. Button-up front.,https://static.zara.net/photos///2023/I/0/1/p/4786/324/321/2/w/448/4786324321_1_1_1.jpg?ts=1688997270373,https://www.zara.com/in/en/linen-shirt-with-pocket-p04786324.html,Women,4.4
1550,TIE-DYE PRINT BLOUSE,SHIRTS,3290.0,Blouse with a V-neck and long sleeves. Hem with side vents. Button-up front.,https://static.zara.net/photos///2023/I/0/1/p/8040/461/330/2/w/448/8040461330_1_1_1.jpg?ts=1689621977229,https://www.zara.com/in/en/tie-dye-print-blouse-p08040461.html,Women,4.7
1551,GATHERED RAMIE SHIRT,SHIRTS,3290.0,Slot collar shirt made of 100% ramie. Long sleeves and gathered detailing on the front. Button-up front.,https://static.zara.net/photos///2023/I/0/1/p/8052/745/809/2/w/448/8052745809_1_1_1.jpg?ts=1689782718642,https://www.zara.com/in/en/gathered-ramie-shirt-p08052745.html,Women,4.1
1552,WIDE SLEEVE LINEN SHIRT,SHIRTS,3290.0,"Collared shirt made of 100% linen. Featuring wide sleeves falling below the elbow, side vents at the hem and a button-up front hidden by a placket.",https://static.zara.net/photos///2023/I/0/1/p/8402/352/515/2/w/448/8402352515_1_1_1.jpg?ts=1691075771797,https://www.zara.com/in/en/wide-sleeve-linen-shirt-p08402352.html,Women,4.0
1553,STRIPED MASCULINE POPLIN SHIRT,SHIRTS,3290.0,"Collared shirt made of 100% cotton. Featuring long sleeves with cuffs, a chest patch pocket, an asymmetric hem and a button-up front.",https://static.zara.net/photos///2023/I/0/1/p/9479/273/400/12/w/448/9479273400_1_1_1.jpg?ts=1690987262193,https://www.zara.com/in/en/striped-masculine-poplin-shirt-p09479273.html,Women,3.7
1554,FLORAL PRINT LINEN BLEND SHIRT,SHIRTS,3290.0,Collared shirt made of a linen blend. Long sleeves. Side vents at the hem. Button-up front.,https://static.zara.net/photos///2023/I/0/1/p/8319/446/069/2/w/448/8319446069_1_1_1.jpg?ts=1690965016522,https://www.zara.com/in/en/floral-print-linen-blend-shirt-p08319446.html,Women,3.7
1555,STRIPED POPLIN CROPPED SHIRT,SHIRTS,2990.0,Collared shirt featuring long sleeves with pleated cuffs. Chest welt pocket. Button-up front.,https://static.zara.net/photos///2023/I/0/1/p/8019/819/912/2/w/448/8019819912_1_1_1.jpg?ts=1689176784706,https://www.zara.com/in/en/striped-poplin-cropped-shirt-p08019819.html,Women,4.0
1556,BLOUSE WITH RUFFLES,SHIRTS,2990.0,Blouse featuring a slot collar with faux pearl appliqués. Long sleeves. Front ruffle details.,https://static.zara.net/photos///2023/I/0/1/p/3666/162/250/2/w/448/3666162250_1_1_1.jpg?ts=1691593336366,https://www.zara.com/in/en/blouse-with-ruffles-p03666162.html,Women,4.3
1557,TRF CROPPED DENIM SHIRT,SHIRTS,2990.0,Collared cropped shirt featuring long sleeves with cuffs. Chest patch pocket. Frayed hem. Snap-button fastenings on the front.,https://static.zara.net/photos///2023/I/0/1/p/8197/470/400/2/w/448/8197470400_6_1_1.jpg?ts=1690546263239,https://www.zara.com/in/en/trf-cropped-denim-shirt-p08197470.html,Women,4.5
1558,CROPPED SHIRT WITH POCKET,SHIRTS,2590.0,Cropped collared shirt with long sleeves. Front patch pocket. Front button fastening.,https://static.zara.net/photos///2023/I/0/1/p/5427/005/250/20/w/448/5427005250_1_1_1.jpg?ts=1687939076057,https://www.zara.com/in/en/cropped-shirt-with-pocket-p05427005.html,Women,3.7
1559,GABARDINE FABRIC CROPPED SHIRT,SHIRTS,2590.0,Collared shirt made of gabardine-type fabric. Featuring long cuffed sleeves and patch pockets on the front. Button-up front fastening.,https://static.zara.net/photos///2023/I/0/1/p/4432/029/250/2/w/448/4432029250_1_1_1.jpg?ts=1692361751226,https://www.zara.com/in/en/gabardine-fabric-cropped-shirt-p04432029.html,Women,4.8
1560,CROPPED POPLIN SHIRT,SHIRTS,2590.0,"Collared shirt with long cuffed sleeves. Featuring patch pockets on the front, darts on the back and a button-up front.",https://static.zara.net/photos///2023/I/0/1/p/3067/008/619/17/w/448/3067008619_1_1_1.jpg?ts=1686065695046,https://www.zara.com/in/en/cropped-poplin-shirt-p03067008.html,Women,4.0
1561,STRIPED CROPPED SHIRT,SHIRTS,2590.0,Collared shirt with short sleeves. Featuring a button-up front and an adjustable elasticated drawstring waistband.,https://static.zara.net/photos///2023/I/0/1/p/3564/151/044/17/w/448/3564151044_1_1_1.jpg?ts=1686131482549,https://www.zara.com/in/en/striped-cropped-shirt-p03564151.html,Women,4.1
1562,CROPPED POPLIN SHIRT,SHIRTS,2590.0,Johnny collar shirt with wide sleeves falling below the elbow. Front patch pockets. Contrast topstitching detail. Button-up front.,https://static.zara.net/photos///2023/I/0/1/p/8141/255/403/17/w/448/8141255403_1_1_1.jpg?ts=1691061959330,https://www.zara.com/in/en/cropped-poplin-shirt-p08141255.html,Women,3.8
1563,PATCHWORK PRINT BLOUSE,SHIRTS,4990.0,Open blouse made of 100% cotton. Long sleeves. Patchwork print detail. Tied belt in the same fabric.,https://static.zara.net/photos///2023/I/0/1/p/8291/044/330/2/w/448/8291044330_2_1_1.jpg?ts=1690801269964,https://www.zara.com/in/en/patchwork-print-blouse-p08291044.html,Women,3.0
1564,MINIMALIST SATIN CROSSOVER SHIRT,SHIRTS,4990.0,Shirt made of 100% viscose. Featuring a lapel collar and long sleeves with cuffs. Asymmetric hem with side vents. Crossover button-up front.,https://static.zara.net/photos///2023/I/0/1/p/8366/966/712/2/w/448/8366966712_1_1_1.jpg?ts=1692259577200,https://www.zara.com/in/en/minimalist-satin-crossover-shirt-p08366966.html,Women,4.5
1565,TIE-DYE PRINT TULLE SHIRT,SHIRTS,1990.0,"Semi-sheer collared shirt with long sleeves, seamless trims and a button-up front.This garment is not lined.",https://static.zara.net/photos///2023/I/0/1/p/5039/405/115/2/w/448/5039405115_1_1_1.jpg?ts=1691422500395,https://www.zara.com/in/en/tie-dye-print-tulle-shirt-p05039405.html,Women,4.4
1566,OVERSIZE RAMIE SHIRT,SHIRTS,3290.0,"Collared oversize shirt made of ramie. Featuring long sleeves with cuffs, front patch pocket and a button-up front.",https://static.zara.net/photos///2023/I/0/1/p/2731/080/613/3/w/448/2731080613_1_1_1.jpg?ts=1684498808386,https://www.zara.com/in/en/oversize-ramie-shirt-p02731080.html,Women,4.0
1567,METALLIC THREAD STRIPED SHIRT,SHIRTS,3290.0,Shirt with a slot collar and long sleeves with ties. Metallic thread detail. Fastens at the front with buttons.,https://static.zara.net/photos///2023/I/0/1/p/7978/779/712/2/w/448/7978779712_1_1_1.jpg?ts=1689852792723,https://www.zara.com/in/en/metallic-thread-striped-shirt-p07978779.html,Women,4.1
1568,FRAYED SHIRT,SHIRTS,3290.0,Collared shirt with long sleeves. Frayed trim detail. Button-up front hidden by a placket.,https://static.zara.net/photos///2023/I/0/1/p/3666/155/250/2/w/448/3666155250_1_1_1.jpg?ts=1690546669768,https://www.zara.com/in/en/frayed-shirt-p03666155.html,Women,4.3
1569,STRIPED LINEN BLEND SHIRT,SHIRTS,3290.0,Collared shirt made of a linen blend. Adjustable long sleeves with tab and button. Button-up front.,https://static.zara.net/photos///2023/I/0/1/p/2187/240/075/2/w/448/2187240075_1_1_1.jpg?ts=1688486452707,https://www.zara.com/in/en/striped-linen-blend-shirt-p02187240.html,Women,3.4
1570,POPLIN SHIRT WITH PUFF SLEEVES,SHIRTS,3290.0,"Sleeveless collared shirt. Featuring a chest patch pocket, an asymmetric puff hem and a button-up front.",https://static.zara.net/photos///2023/I/0/1/p/7863/104/250/2/w/448/7863104250_1_1_1.jpg?ts=1691154412490,https://www.zara.com/in/en/poplin-shirt-with-puff-sleeves-p07863104.html,Women,3.9
1571,LINEN BLEND PRINTED SHIRT,SHIRTS,3290.0,Johnny collar shirt in a linen blend. Long sleeves. Hem with side vents. Button-up front.,https://static.zara.net/photos///2023/I/0/1/p/8026/460/070/2/w/448/8026460070_1_1_1.jpg?ts=1687791315655,https://www.zara.com/in/en/linen-blend-printed-shirt-p08026460.html,Women,4.5
1572,RUFFLED TEXTURED BLOUSE,SHIRTS,3290.0,Blouse made of a viscose blend. V-neck and long flared sleeves. Ruffle trims in the same fabric. Frayed trims. Asymmetric hem. Front tie fastening.,https://static.zara.net/photos///2023/I/0/1/p/4437/248/712/2/w/448/4437248712_1_1_1.jpg?ts=1689665200712,https://www.zara.com/in/en/ruffled-textured-blouse-p04437248.html,Women,3.5
1573,SNAKESKIN PRINT TOP,SHIRTS,3290.0,V-neck top with long balloon sleeves with cuffs. Metallic thread detail. Invisible side zip fastening.,https://static.zara.net/photos///2023/I/0/1/p/8741/247/039/2/w/448/8741247039_1_1_1.jpg?ts=1692352756236,https://www.zara.com/in/en/snakeskin-print-top-p08741247.html,Women,4.2
1574,LINEN-BLEND SHIRT WITH POLKA DOTS,SHIRTS,2990.0,Shirt made of a linen blend. Johnny collar and long sleeves. Front knot detail at the hem. Button-up front.,https://static.zara.net/photos///2023/I/0/1/p/3044/625/093/2/w/448/3044625093_1_1_1.jpg?ts=1684915901198,https://www.zara.com/in/en/linen-blend-shirt-with-polka-dots-p03044625.html,Women,3.5
1575,BLOUSE WITH FULL SLEEVES,SHIRTS,2990.0,Blouse featuring a round neck with drawstring. V-neck and balloon long sleeves with elastic trim.This garment is not lined.,https://static.zara.net/photos///2023/I/0/1/p/9878/177/800/12/w/448/9878177800_1_1_1.jpg?ts=1690366870143,https://www.zara.com/in/en/blouse-with-full-sleeves-p09878177.html,Women,4.3
1576,CROPPED STRIPED SHIRT,SHIRTS,2990.0,Cropped collared shirt featuring long sleeves with cuffs. False welt pockets on the front. Button-up front hidden by a placket.,https://static.zara.net/photos///2023/I/0/1/p/3067/039/064/2/w/448/3067039064_1_1_1.jpg?ts=1690965391504,https://www.zara.com/in/en/cropped-striped-shirt-p03067039.html,Women,4.1
1577,BLOUSE WITH BOW COLLAR,SHIRTS,2990.0,"High-neck blouse with a bow, long puff sleeves and a buttoned opening at the back.",https://static.zara.net/photos///2023/I/0/1/p/7484/160/710/22/w/448/7484160710_1_1_1.jpg?ts=1691405381246,https://www.zara.com/in/en/blouse-with-bow-collar-p07484160.html,Women,3.4
1578,TIE-DYE SHIRT,SHIRTS,2990.0,Collared shirt with short sleeves. Button-up front.,https://static.zara.net/photos///2023/I/0/1/p/8372/229/330/2/w/448/8372229330_1_1_1.jpg?ts=1684495937594,https://www.zara.com/in/en/tie-dye-shirt-p08372229.html,Women,4.6
1579,KNOTTED LINEN SHIRT,SHIRTS,2990.0,"Shirt made of 100% linen with a plunging V-neckline, long cuffed sleeves and front knot fastening at the hem.",https://static.zara.net/photos///2023/I/0/1/p/5427/002/800/2/w/448/5427002800_1_1_1.jpg?ts=1688485221464,https://www.zara.com/in/en/knotted-linen-shirt-p05427002.html,Women,3.8
1580,FLOWING CROPPED BOMBER JACKET,SHIRTS,4990.0,Cropped bomber jacket made of viscose. Round neck and long sleeves with cuffs. Elastic hem. Button-up front.,https://static.zara.net/photos///2023/I/0/1/p/9479/245/804/2/w/448/9479245804_1_1_1.jpg?ts=1685374127621,https://www.zara.com/in/en/flowing-cropped-bomber-jacket-p09479245.html,Women,3.7
1581,LINEN BLEND FRAYED SHIRT,SHIRTS,3990.0,Shirt made of a linen blend fabric. Lapel collar and long sleeves. Patch pockets on the front. Adjustable opening detail at the back with ties in the same fabric. Frayed hem. Button-up front.,https://static.zara.net/photos///2023/I/0/1/p/4043/251/250/2/w/448/4043251250_1_1_1.jpg?ts=1689335050043,https://www.zara.com/in/en/linen-blend-frayed-shirt-p04043251.html,Women,4.2
1582,VOLUMINOUS RAMIE BLOUSE,SHIRTS,4990.0,Blouse made of ramie. Round neck and voluminous long sleeves. Button-up front.,https://static.zara.net/photos///2023/I/0/1/p/4786/278/300/2/w/448/4786278300_1_1_1.jpg?ts=1688997271126,https://www.zara.com/in/en/voluminous-ramie-blouse-p04786278.html,Women,4.6
1583,RUSTIC TEXTURED BLOUSE,SHIRTS,3290.0,"Blouse made of a cotton and linen blend. Featuring a round neckline, long sleeves, frayed trims and an asymmetric hem.",https://static.zara.net/photos///2023/I/0/1/p/4437/243/711/2/w/448/4437243711_1_1_1.jpg?ts=1685954806890,https://www.zara.com/in/en/rustic-textured-blouse-p04437243.html,Women,3.6
1584,CROSSOVER SHIRT WITH POLKA DOTS,SHIRTS,2590.0,Cropped shirt with a V-neck and sleeves falling below the elbow. Wrap-style front with knot fastening.,https://static.zara.net/photos///2023/I/0/1/p/7969/070/098/2/w/448/7969070098_1_1_1.jpg?ts=1684915903094,https://www.zara.com/in/en/crossover-shirt-with-polka-dots-p07969070.html,Women,4.1
1585,DENIM TRF SHIRT,SHIRTS,3290.0,Collared shirt made of flowing denim fabric. Drop-shoulder long sleeves with cuffs. Front patch pocket. Frayed hem. Button-up front.,https://static.zara.net/photos///2023/I/0/1/p/8197/270/406/2/w/448/8197270406_1_1_1.jpg?ts=1689176936053,https://www.zara.com/in/en/denim-trf-shirt-p08197270.html,Women,4.3
1586,EMBROIDERED BLOUSE WITH BEADING,SHIRTS,4990.0,Blouse featuring a slot collar and long sleeves. Embroidered detail and beading appliqués on the front. Button-up front.,https://static.zara.net/photos///2023/I/0/1/p/1821/121/064/2/w/448/1821121064_1_1_1.jpg?ts=1686234645696,https://www.zara.com/in/en/embroidered-blouse-with-beading-p01821121.html,Women,4.4
1587,ASYMMETRIC DENIM TRF SHIRT,SHIRTS,2990.0,Cropped shirt with asymmetric neckline and long cuffed sleeves. Frayed hem. Button-up front.,https://static.zara.net/photos///2023/I/0/1/p/8197/272/400/2/w/448/8197272400_1_1_1.jpg?ts=1685534063978,https://www.zara.com/in/en/asymmetric-denim-trf-shirt-p08197272.html,Women,4.2
1588,OVERSIZED LINEN SHIRT,SHIRTS,3290.0,Loose-fitting collared shirt in 100% linen fabric. Sleeves falling below the elbow. Fastens with concealed buttons on the front.,https://static.zara.net/photos///2023/I/0/1/p/7749/366/305/2/w/448/7749366305_1_1_1.jpg?ts=1686669390176,https://www.zara.com/in/en/oversized-linen-shirt-p07749366.html,Women,3.9
1589,100% LINEN SHIRT WITH POCKETS,SHIRTS,3290.0,Collared shirt with long sleeves. Front patch pockets with flaps. Button-up front hidden by a placket.,https://static.zara.net/photos///2023/I/0/1/p/7842/707/250/2/w/448/7842707250_1_1_1.jpg?ts=1685358959150,https://www.zara.com/in/en/100-linen-shirt-with-pockets-p07842707.html,Women,3.7
1590,PRINTED BLOUSE WITH RUFFLES,SHIRTS,2990.0,Blouse featuring a ruffled V-neck and long sleeves. Metallic thread detail.,https://static.zara.net/photos///2023/I/0/1/p/8372/279/064/2/w/448/8372279064_1_1_1.jpg?ts=1690974865164,https://www.zara.com/in/en/printed-blouse-with-ruffles-p08372279.html,Women,4.1
1591,LINEN BLOUSE,SHIRTS,3290.0,"Blouse made of 100% linen. Featuring a round neckline, short sleeves and frayed trims.",https://static.zara.net/photos///2023/I/0/1/p/4043/258/807/2/w/448/4043258807_6_1_1.jpg?ts=1689260840142,https://www.zara.com/in/en/linen-blouse-p04043258.html,Women,3.6
1592,BLOUSE WITH OPEN BACK,SHIRTS,2990.0,Blouse made of 100% cotton. Round neck and long flared sleeves with slits. Open back and creased fabric detail. Frayed trims in the same fabric.,https://static.zara.net/photos///2023/I/0/1/p/3992/240/629/2/w/448/3992240629_1_1_1.jpg?ts=1691594632364,https://www.zara.com/in/en/blouse-with-open-back-p03992240.html,Women,2.8
1593,SHIRT WITH BOW AND FAUX PEARL BUTTONS,SHIRTS,2990.0,Collared shirt with bow and short sleeves. Fastens at the front with faux pearl buttons.,https://static.zara.net/photos///2023/I/0/1/p/7922/478/712/2/w/448/7922478712_1_1_1.jpg?ts=1685091466731,https://www.zara.com/in/en/shirt-with-bow-and-faux-pearl-buttons-p07922478.html,Women,4.3
1594,LINEN BLEND PRINTED SHIRT,SHIRTS,3290.0,Shirt made of a linen blend. Round neck and long sleeves. Fastens at the front with buttons.,https://static.zara.net/photos///2023/I/0/1/p/7974/482/044/2/w/448/7974482044_1_1_1.jpg?ts=1688375858852,https://www.zara.com/in/en/linen-blend-printed-shirt-p07974482.html,Women,4.5
1595,TEXTURED TOP WITH KNOT,SHIRTS,2590.0,"Top with a plunging V-neckline, a knot detail and long sleeves.",https://static.zara.net/photos///2023/I/0/1/p/3826/294/250/2/w/448/3826294250_1_1_1.jpg?ts=1687855063389,https://www.zara.com/in/en/textured-top-with-knot-p03826294.html,Women,3.0
1596,PRINTED CROPPED SHIRT,SHIRTS,2990.0,"Collared shirt with a surplice neckline, long sleeves and an elasticated hem.",https://static.zara.net/photos///2023/I/0/1/p/7795/488/330/2/w/448/7795488330_1_1_1.jpg?ts=1688572873970,https://www.zara.com/in/en/printed-cropped-shirt-p07795488.html,Women,3.6
1597,FRILL NECKLINE BLOUSE,SHIRTS,3290.0,"Blouse with ruffled collar and gathered detail. Features a V-neckline, balloon long sleeves and button fastening at the front.",https://static.zara.net/photos///2023/I/0/1/p/3666/157/942/2/w/448/3666157942_1_1_1.jpg?ts=1689621975835,https://www.zara.com/in/en/frill-neckline-blouse-p03666157.html,Women,4.4
1598,GABARDINE FABRIC CROPPED SHIRT,SHIRTS,2590.0,Collared shirt made of gabardine fabric. Turn-up short sleeves. Front patch pockets. Fastens with concealed buttons on the front hidden by a placket.,https://static.zara.net/photos///2023/I/0/1/p/8021/231/733/17/w/448/8021231733_1_1_1.jpg?ts=1689176826155,https://www.zara.com/in/en/gabardine-fabric-cropped-shirt-p08021231.html,Women,5.0
1599,STRIPED SHIRT WITH RHINESTONE BUTTON,SHIRTS,2990.0,"Cropped collared shirt featuring long sleeves, a front patch pocket and a rhinestone button-up front.",https://static.zara.net/photos///2023/I/0/1/p/8076/807/044/2/w/448/8076807044_1_1_1.jpg?ts=1689696942914,https://www.zara.com/in/en/striped-shirt-with-rhinestone-button-p08076807.html,Women,4.1
1600,TIE-DYE RAMIE SHIRT,SHIRTS,4990.0,"Shirt made of 100% ramie. Johnny collar, long sleeves and a button-up front.",https://static.zara.net/photos///2023/I/0/1/p/8103/472/330/3/w/448/8103472330_1_1_1.jpg?ts=1689850414644,https://www.zara.com/in/en/tie-dye-ramie-shirt-p08103472.html,Women,3.8
1601,LINEN BLEND PEPLUM TOP,SHIRTS,2990.0,Top made of a linen blend. Round neck and long sleeves. Elastic at the back. Ruffled hem. Opening detail at the back. Tied fastening at the back.,https://static.zara.net/photos///2023/I/0/1/p/8123/709/250/2/w/448/8123709250_1_1_1.jpg?ts=1689264048920,https://www.zara.com/in/en/linen-blend-peplum-top-p08123709.html,Women,4.0
1602,TOP WITH CONTRAST CHEST DETAIL,SHIRTS,2990.0,Top made of a linen blend. Featuring a V-neckline in contrast fabric with hemstitching. Long sleeves.,https://static.zara.net/photos///2023/I/0/1/p/8151/709/712/2/w/448/8151709712_1_1_1.jpg?ts=1691153432676,https://www.zara.com/in/en/top-with-contrast-chest-detail-p08151709.html,Women,4.7
1603,ANIMAL PRINT RUFFLED SHIRT,SHIRTS,3290.0,Oversize V-neck shirt featuring long sleeves with opening trims. Ruffle trims. Side vents at the hem. Front button and tie fastening.,https://static.zara.net/photos///2023/I/0/1/p/8169/458/038/2/w/448/8169458038_6_1_1.jpg?ts=1691999807829,https://www.zara.com/in/en/animal-print-ruffled-shirt-p08169458.html,Women,3.8
1604,SHIRT WITH CUTWORK EMBROIDERY,SHIRTS,2990.0,Collared shirt with long sleeves. Asymmetric hem with side vents and a button-up front.,https://static.zara.net/photos///2023/I/0/1/p/7639/985/250/2/w/448/7639985250_1_1_1.jpg?ts=1688655831359,https://www.zara.com/in/en/shirt-with-cutwork-embroidery-p07639985.html,Women,3.7
1605,LINEN SHIRT WITH BOW,SHIRTS,2990.0,"Cropped collared shirt made of 100% linen. Featuring a V-neck, long sleeves, elastic hem and wrap front with tie fastening.",https://static.zara.net/photos///2023/I/0/1/p/2624/500/250/2/w/448/2624500250_6_1_1.jpg?ts=1689929855482,https://www.zara.com/in/en/linen-shirt-with-bow-p02624500.html,Women,3.9
1606,PRINTED CROPPED SHIRT,SHIRTS,2990.0,Collared shirt with a surplice neckline and long sleeves. Elasticated hem.,https://static.zara.net/photos///2023/I/0/1/p/7795/616/044/12/w/448/7795616044_1_1_1.jpg?ts=1685978503781,https://www.zara.com/in/en/printed-cropped-shirt-p07795616.html,Women,3.7
1607,LINEN SHIRT WITH RUFFLES,SHIRTS,3290.0,Collared shirt made of 100% linen. Short sleeves. Front ruffle details. Button-up front hidden by a placket.,https://static.zara.net/photos///2023/I/0/1/p/8221/707/250/2/w/448/8221707250_1_1_1.jpg?ts=1690992239116,https://www.zara.com/in/en/linen-shirt-with-ruffles-p08221707.html,Women,4.2
1608,CROPPED SATIN SHIRT,SHIRTS,2990.0,"Collared shirt with long sleeves, a crossover V-neckline and an elastic hem.",https://static.zara.net/photos///2023/I/0/1/p/2298/174/250/2/w/448/2298174250_1_1_1.jpg?ts=1690366716454,https://www.zara.com/in/en/cropped-satin-shirt-p02298174.html,Women,4.8
1609,CROPPED SHIRT WITH CROSSOVER BACK,SHIRTS,2990.0,Cropped collared shirt with long cuffed sleeves. Crossover back with cut-out detail. Button-up front hidden by a placket.,https://static.zara.net/photos///2023/I/0/1/p/6929/208/406/2/w/448/6929208406_1_1_1.jpg?ts=1691588060739,https://www.zara.com/in/en/cropped-shirt-with-crossover-back-p06929208.html,Women,4.2
1610,100% LINEN SHIRT WITH BOW,SHIRTS,2990.0,Shirt made of 100% linen. High neck with ties. V-neck and long sleeves.,https://static.zara.net/photos///2023/I/0/1/p/7691/500/250/17/w/448/7691500250_1_1_1.jpg?ts=1686737799304,https://www.zara.com/in/en/100-linen-shirt-with-bow-p07691500.html,Women,4.0
1611,SILK SHIRT - LIMITED EDITION,SHIRTS,9590.0,"Collared pyjama-style shirt made of 100% silk. Featuring long sleeves, front patch pockets and contrast piping detail. Side vents at the hem. Button-up front.",https://static.zara.net/photos///2023/I/0/1/p/8311/762/800/2/w/448/8311762800_6_1_1.jpg?ts=1693304058222,https://www.zara.com/in/en/silk-shirt---limited-edition-p08311794.html,Women,4.0
1612,PINTUCK PRINTED SHIRT,SHIRTS,2990.0,"Shirt featuring a V-neckline, long sleeves with shoulder pintucks and a button-up front.",https://static.zara.net/photos///2023/I/0/1/p/0779/163/207/2/w/448/0779163207_1_1_1.jpg?ts=1691075844835,https://www.zara.com/in/en/pintuck-printed-shirt-p00779163.html,Women,3.4
1613,EMBROIDERED RUSTIC TOP,SHIRTS,3290.0,V-neck top with long sleeves. Contrast embroidery detail. Button-up front.,https://static.zara.net/photos///2023/I/0/1/p/7973/824/962/12/w/448/7973824962_1_1_1.jpg?ts=1688028768698,https://www.zara.com/in/en/embroidered-rustic-top-p07973824.html,Women,4.5
1614,STRIPED POPLIN TOP,SHIRTS,2590.0,V-neck top with adjustable thin straps. Featuring a box pleat hem and side button fastening.,https://static.zara.net/photos///2023/I/0/1/p/8022/818/725/3/w/448/8022818725_1_1_1.jpg?ts=1689176912128,https://www.zara.com/in/en/striped-poplin-top-p08022818.html,Women,4.1
1615,STRIPED LINEN BLEND SHIRT,SHIRTS,4990.0,Collared shirt made of a linen blend fabric. Long sleeves with cuffs. Split hem. Button-up front.,https://static.zara.net/photos///2023/I/0/1/p/4043/244/500/12/w/448/4043244500_1_1_1.jpg?ts=1688977065704,https://www.zara.com/in/en/striped-linen-blend-shirt-p04043244.html,Women,4.0
1616,SEMI-SHEER BLOUSE WITH HOOD,SHIRTS,4990.0,Semi-sheer blouse with a round neckline and adjustable hood with drawstrings in the same fabric. Flared long sleeves. Front pouch pocket. Asymmetric hem with side vents.,https://static.zara.net/photos///2023/I/0/1/p/7877/342/800/12/w/448/7877342800_1_1_1.jpg?ts=1690469815306,https://www.zara.com/in/en/semi-sheer-blouse-with-hood-p07877342.html,Women,5.0
1617,PRINTED SHIRT WITH POCKET,SHIRTS,3290.0,Shirt made of 100% cotton. Johnny collar and sleeves that fall below the elbow. Chest patch pocket. Asymmetric hem. Button-up front.,https://static.zara.net/photos///2023/I/0/1/p/2183/250/400/2/w/448/2183250400_1_1_1.jpg?ts=1691652251111,https://www.zara.com/in/en/printed-shirt-with-pocket-p02183250.html,Women,4.2
1618,RAMIE SHIRT WITH KNOT DETAIL,SHIRTS,3290.0,"Shirt made of 100% ramie. Johnny collar with long sleeves, elasticated cuffs and ruffle trims. Hem with a knot in the same fabric. Button-up front.",https://static.zara.net/photos///2023/I/0/1/p/2731/275/251/2/w/448/2731275251_1_1_1.jpg?ts=1689665199599,https://www.zara.com/in/en/ramie-shirt-with-knot-detail-p02731275.html,Women,3.8
1619,PLUMETIS SHIRT WITH RUFFLES,SHIRTS,2990.0,Shirt featuring a slot collar and long sleeves with elasticated trims. Lace trim and ruffle details. Button-up front.This garment is not lined.,https://static.zara.net/photos///2023/I/0/1/p/8088/825/712/2/w/448/8088825712_1_1_1.jpg?ts=1689328169911,https://www.zara.com/in/en/plumetis-shirt-with-ruffles-p08088825.html,Women,3.9
1620,BLOUSE WITH RUFFLES,SHIRTS,2990.0,Blouse featuring a Peter Pan collar and long sleeves. Ruffle trims on the front. Button-up front.,https://static.zara.net/photos///2023/I/0/1/p/9878/156/250/12/w/448/9878156250_1_1_1.jpg?ts=1689680124942,https://www.zara.com/in/en/blouse-with-ruffles-p09878156.html,Women,4.6
1621,CROPPED LINEN SHIRT,SHIRTS,3290.0,Collared shirt made of linen. Long sleeves with pleated cuffs. Visible topstitching detail. Button-up front.,https://static.zara.net/photos///2023/I/0/1/p/4786/335/806/2/w/448/4786335806_1_1_1.jpg?ts=1688126789297,https://www.zara.com/in/en/cropped-linen-shirt-p04786332.html,Women,4.2
1622,PRINTED SHIRT,SHIRTS,2990.0,Round neck shirt featuring a V-neckline and long sleeves with elastic cuffs. Button-up front.,https://static.zara.net/photos///2023/I/0/1/p/2492/151/070/2/w/448/2492151070_1_1_1.jpg?ts=1688568630021,https://www.zara.com/in/en/printed-shirt-p02492151.html,Women,3.5
1623,SHINY PRINTED BLOUSE,SHIRTS,3290.0,Johnny collar blouse with short sleeves. Metallic thread detail. Knotted hem with ties and pleats.,https://static.zara.net/photos///2023/I/0/1/p/7906/032/330/2/w/448/7906032330_1_1_1.jpg?ts=1686558255338,https://www.zara.com/in/en/shiny-printed-blouse-p07906032.html,Women,4.5
1624,CROPPED SHIRT WITH KNOT,SHIRTS,2990.0,"Collared shirt with long sleeves, front patch pockets with flaps and front button and knot fastening.",https://static.zara.net/photos///2023/V/0/1/p/3198/500/250/2/w/448/3198500250_1_1_1.jpg?ts=1680012649773,https://www.zara.com/in/en/cropped-shirt-with-knot-p03198500.html,Women,3.8
1625,RAMIE TUNIC WITH PASSEMENTERIE,SHIRTS,4990.0,Long tunic made of ramie. Lapel collar and long cuffed sleeves. Matching passementerie detail and wrinkled fabric. Asymmetric hem with side vents. Button-up front.,https://static.zara.net/photos///2023/I/0/1/p/2731/311/807/2/w/448/2731311807_1_1_1.jpg?ts=1688124232195,https://www.zara.com/in/en/ramie-tunic-with-passementerie-p02731311.html,Women,4.9
1626,FRAYED LINEN BLOUSE,SHIRTS,3290.0,"Sleeveless blouse made of 100% linen. Featuring a V-neckline, a knotted hem with pleats and frayed trims.",https://static.zara.net/photos///2023/I/0/1/p/4043/259/802/2/w/448/4043259802_1_1_1.jpg?ts=1689335050560,https://www.zara.com/in/en/frayed-linen-blouse-p04043259.html,Women,4.6
1627,RAMIE TUNIC WITH PASSEMENTERIE,SHIRTS,4990.0,Long collared tunic made of ramie. Featuring long cuffed sleeves. Matching passementerie detail. Asymmetric hem with side vents. Buttoned front.,https://static.zara.net/photos///2023/V/0/1/p/2731/044/251/17/w/448/2731044251_1_1_1.jpg?ts=1684235192874,https://www.zara.com/in/en/ramie-tunic-with-passementerie-p02731044.html,Women,3.9
1628,KNOTTED SHIRT,SHIRTS,2990.0,Collared shirt made of a linen blend fabric. Long sleeves. Front patch pockets with flaps. Button-up front and knot at the hem.,https://static.zara.net/photos///2023/I/0/1/p/7735/518/406/17/w/448/7735518406_1_1_1.jpg?ts=1686901772415,https://www.zara.com/in/en/knotted-shirt-p07735518.html,Women,4.7
1629,PLATFORM WEDGE SANDALS,SHOES,5990.0,"Sandals with a platform wedge heel. Wide strap on the front.Heel height of 11 cm. / 4.3″AIRFIT®. Flexible technical latex foam insole, designed to offer greater comfort.View more",https://static.zara.net/photos///2023/I/1/1/p/1360/210/800/2/w/448/1360210800_1_1_1.jpg?ts=1692877244578,https://www.zara.com/in/en/platform-wedge-sandals-p11360210.html,Women,4.1
1630,KITTEN HEEL ANKLE BOOTS,SHOES,3290.0,Kitten heeled ankle boots. Stretch material. Pointed toe. Heel height of 5 cm. / 1.9″,https://static.zara.net/photos///2023/I/1/1/p/2104/210/800/2/w/448/2104210800_1_1_1.jpg?ts=1692877243696,https://www.zara.com/in/en/kitten-heel-ankle-boots-p12104210.html,Women,4.5
1631,LEATHER COWBOY ANKLE BOOTS,SHOES,8990.0,Leather cowboy-style ankle boots. Block heel. Side pull tabs. Pointed toe. Heel height of 5 cm. / 1.9″,https://static.zara.net/photos///2023/I/1/1/p/3122/210/800/22/w/448/3122210800_1_1_1.jpg?ts=1693212788058,https://www.zara.com/in/en/leather-cowboy-ankle-boots-p13122210.html,Women,4.3
1632,FABRIC HIGH-HEEL ANKLE BOOTS,SHOES,3290.0,High-heel stretchy fabric ankle boots. Pointed toe.Heel height: 7.5 cm. / 2.9″,https://static.zara.net/photos///2023/I/1/1/p/3143/210/800/2/w/448/3143210800_1_1_1.jpg?ts=1692877244725,https://www.zara.com/in/en/fabric-high-heel-ankle-boots-p13143210.html,Women,3.7
1633,LEATHER HEELED ANKLE BOOTS,SHOES,5990.0,Leather ankle boots. Block heel. Pointed toe. Elastic side gores. Back pull tab. Heel height of 7 cm. / 2.7″,https://static.zara.net/photos///2023/I/1/1/p/2158/210/800/2/w/448/2158210800_1_1_1.jpg?ts=1692877244487,https://www.zara.com/in/en/leather-heeled-ankle-boots-p12158210.html,Women,3.8
1634,CONTRAST LOAFERS,SHOES,3290.0,Flat loafers with contrast vamp and a penny strap. Round toe. Sole height: 3 cm. / 1.1″,https://static.zara.net/photos///2023/I/1/1/p/2508/210/197/2/w/448/2508210197_6_1_1.jpg?ts=1692689793210,https://www.zara.com/in/en/contrast-loafers-p12508210.html,Women,4.6
1635,RUNNING TRAINERS,SHOES,3290.0,Running trainers. Chunky sole. Back pull tab. Lace-up fastening. Sole height: 5 cm. / 1.9″,https://static.zara.net/photos///2023/I/1/1/p/5015/210/202/2/w/448/5015210202_1_1_1.jpg?ts=1692702215055,https://www.zara.com/in/en/running-trainers-p15015210.html,Women,3.9
1636,RUNNING TRAINERS,SHOES,3290.0,Running trainers. Chunky sole. Lace-up fastening. Sole height: 5 cm. / 1.9″,https://static.zara.net/photos///2023/I/1/1/p/5040/210/001/2/w/448/5040210001_6_1_1.jpg?ts=1692797405698,https://www.zara.com/in/en/running-trainers-p15040210.html,Women,3.9
1637,TRACK-SOLE MARY JANES WITH BUCKLE,SHOES,3290.0,Mary Janes with a patent finish. Chunky track sole. Round toe. Buckle fastening. Sole height: 6.5 cm. / 2.5″,https://static.zara.net/photos///2023/I/1/1/p/3530/210/800/2/w/448/3530210800_1_1_1.jpg?ts=1692702214278,https://www.zara.com/in/en/track-sole-mary-janes-with-buckle-p13530210.html,Women,3.7
1638,FLAT TRACK SHOES,SHOES,3290.0,Flat track sole shoes. Buckled strap across the instep. Back pull tab. Round toe.Sole height: 4 cm. / 1.5″,https://static.zara.net/photos///2023/I/1/1/p/1500/210/800/2/w/448/1500210800_1_1_1.jpg?ts=1692702215059,https://www.zara.com/in/en/flat-track-shoes-p11500210.html,Women,4.3
1639,HEELED DENIM ANKLE BOOTS,SHOES,6990.0,Block-heel ankle boots in denim fabric with pleated detail on the calf. Pointed toe. Heel height: 4.4 cm. / 1.7″,https://static.zara.net/photos///2023/I/1/1/p/1100/210/017/2/w/448/1100210017_1_1_1.jpg?ts=1692705621311,https://www.zara.com/in/en/heeled-denim-ankle-boots-p11100210.html,Women,5.0
1640,SPLIT SUEDE LOAFERS WITH BUCKLE,SHOES,4990.0,"Split suede flat loafers. Metallic buckle detail on the front.Sole height: 1 cm. / 0.3″AIRFIT®. Flexible technical latex foam insole, designed to offer greater comfort.View more",https://static.zara.net/photos///2023/I/1/1/p/2501/110/105/12/w/448/2501110105_1_1_1.jpg?ts=1692782359918,https://www.zara.com/in/en/split-suede-loafers-with-buckle-p12501110.html,Women,3.6
1641,SOFT LEATHER LOAFERS WITH BUCKLE,SHOES,4990.0,"Flat soft leather loafers with a metallic buckle on the front. Sole height: 1 cm. / 0.3″AIRFIT®. Flexible technical latex foam insole, designed to offer greater comfort.View more",https://static.zara.net/photos///2023/V/1/1/p/2505/110/800/2/w/448/2505110800_2_2_1.jpg?ts=1675249691634,https://www.zara.com/in/en/soft-leather-loafers-with-buckle-p12505110.html,Women,4.1
1642,TECHNICAL RUNNING TRAINERS,SHOES,6990.0,Running trainers. Adjustable elastic drawstring. Pull tab at the back.Sole height: 4.5 cm. / 1.7″,https://static.zara.net/photos///2023/I/1/1/p/5013/210/202/2/w/448/5013210202_1_1_1.jpg?ts=1692702214308,https://www.zara.com/in/en/technical-running-trainers-p15012210.html,Women,4.7
1643,SATIN SANDALS WITH RHINESTONES,SHOES,4990.0,Satin high-heel sandals. Thin straps with rhinestones. Round toe. Heel height of 8 cm. / 3.1″,https://static.zara.net/photos///2023/I/1/1/p/2314/210/098/2/w/448/2314210098_1_1_1.jpg?ts=1692702214766,https://www.zara.com/in/en/satin-sandals-with-rhinestones-p12314210.html,Women,4.1
1644,HIGH-HEEL SLINGBACK SHOES WITH FLOWER,SHOES,4990.0,"Heeled slingback shoes. Flower detail on the front. Pointed toe. Strap at the back.Heel height: 10 cm / 3.9″AIRFIT®. Flexible technical latex foam insole, designed to offer greater comfort.View more",https://static.zara.net/photos///2023/I/1/1/p/2207/210/800/2/w/448/2207210800_1_1_1.jpg?ts=1692702215549,https://www.zara.com/in/en/high-heel-slingback-shoes-with-flower-p12207210.html,Women,4.3
1645,KITTEN HEEL SLINGBACK SHOES,SHOES,2890.0,Kitten heel slingback shoes. Buckled strap around the back. Pointed toe. Heel height of 3 cm. / 1.1″,https://static.zara.net/photos///2023/I/1/1/p/3212/210/800/2/w/448/3212210800_2_1_1.jpg?ts=1692705621544,https://www.zara.com/in/en/kitten-heel-slingback-shoes-p13212210.html,Women,3.6
1646,KITTEN HEEL SLINGBACK SHOES,SHOES,2890.0,"Kitten heel slingback shoes. Buckled strap around the back. Pointed toe. Heel height of 3 cm. / 1.1″ AIRFIT®. Flexible technical latex foam insole, designed to offer greater comfort.View more",https://static.zara.net/photos///2023/I/1/1/p/3237/210/902/2/w/448/3237210902_1_1_1.jpg?ts=1691139835386,https://www.zara.com/in/en/kitten-heel-slingback-shoes-p13237210.html,Women,4.3
1647,EMBELLISHED LEATHER SLINGBACK SHOES,SHOES,6990.0,Leather heeled slingback shoes. Embellished detail on the front. Strap around the back. Block heel.Heel height of 6 cm. / 2.3″,https://static.zara.net/photos///2023/I/1/1/p/1201/210/500/2/w/448/1201210500_2_1_1.jpg?ts=1692705622421,https://www.zara.com/in/en/embellished-leather-slingback-shoes-p11200210.html,Women,4.0
1648,FABRIC HIGH HEEL ANKLE BOOTS,SHOES,4990.0,Fabric high-heel ankle boots. Block heel. Zip fastening. Heel height: 7 cm. / 2.7″,https://static.zara.net/photos///2023/I/1/1/p/1101/210/800/2/w/448/1101210800_1_1_1.jpg?ts=1692705621445,https://www.zara.com/in/en/fabric-high-heel-ankle-boots-p11101210.html,Women,4.5
1649,BLOCK-HEEL FABRIC SHOES,SHOES,2890.0,Fabric block-heel court shoes. Square vamp. Pointed toe.Heel height: 6.5 cm. / 2.5″,https://static.zara.net/photos///2022/I/1/1/p/2227/910/040/2/w/448/2227910040_1_1_1.jpg?ts=1660914216407,https://www.zara.com/in/en/block-heel-fabric-shoes-p12227910.html,Women,4.6
1650,BALLERINAS WITH BOW,SHOES,2290.0,Ballet flats. Bow detail on the front. Round toe.Sole height: 1 cm. / 0.3″,https://static.zara.net/photos///2023/I/1/1/p/3546/210/800/2/w/448/3546210800_1_1_1.jpg?ts=1692354605209,https://www.zara.com/in/en/ballerinas-with-bow-p13546210.html,Women,5.0
1651,EMBELLISHED BLOCK HEEL SLINGBACK SHOES,SHOES,4990.0,"Block heel slingback court shoes. Embellished with metal on the front. Square toe. Adjustable buckle fastening on the back strap. Heel height of 8 cm. / 3.1″ AIRFIT®. Flexible technical latex foam insole, designed to offer greater comfort.View more",https://static.zara.net/photos///2023/I/1/1/p/1812/210/091/2/w/0/1812210091_6_1_1.jpg?ts=1690802852524,https://www.zara.com/in/en/embellished-block-heel-slingback-shoes-p11812210.html,Women,4.4
1652,PLATFORM SNEAKERS,SHOES,2890.0,"Trainers featuring a platform sole. Lace-up fastening. Sole height: 5 cm. / 1.9″ STARFIT®. Flexible technical polyurethane foam insole, designed to offer greater comfort.View more",https://static.zara.net/photos///2023/I/1/1/p/5403/110/001/2/w/448/5403110001_6_1_1.jpg?ts=1686235185411,https://www.zara.com/in/en/platform-sneakers-p15403110.html,Women,4.2
1653,FABRIC PLATFORM RUNNING TRAINERS,SHOES,4990.0,"Running trainers in a combination of materials with leather details. Platform track sole. Lace-up fastening.Sole height: 3.5 cm. / 1.3″STARFIT®. Flexible technical polyurethane foam insole, designed to offer greater comfort.View more",https://static.zara.net/photos///2023/I/1/1/p/5024/111/400/2/w/448/5024111400_6_1_1.jpg?ts=1686552496677,https://www.zara.com/in/en/fabric-platform-running-trainers-p15024111.html,Women,4.2
1654,MATCHING PLATFORM RUNNING TRAINERS,SHOES,4990.0,Running trainers in a combination of materials with leather details. Platform track sole. Lace-up fastening. Sole height: 3.5 cm. / 1.3″,https://static.zara.net/photos///2023/I/1/1/p/5014/210/001/2/w/448/5014210001_6_1_1.jpg?ts=1690802852142,https://www.zara.com/in/en/matching-platform-running-trainers-p15014210.html,Women,3.9
1655,EMBELLISHED VINYL HIGH-HEEL SHOES,SHOES,5990.0,"High-heel slingback vinyl shoes. Embellished rhinestone detail on the front. Pointed toe. Heel height of 8.5 cm. / 3.3″AIRFIT®. Flexible technical latex foam insole, designed to offer greater comfort.View more",https://static.zara.net/photos///2022/V/1/1/p/2232/910/111/2/w/448/2232910111_1_1_1.jpg?ts=1646240604885,https://www.zara.com/in/en/embellished-vinyl-high-heel-shoes-p12232910.html,Women,4.3
1656,VINYL MULES,SHOES,3290.0,"High-heel vinyl mules. Round toe. Methacrylate heel. Heel height of 9.5 cm. / 3.7″ AIRFIT®. Flexible technical latex foam insole, designed to offer greater comfort.View more",https://static.zara.net/photos///2023/V/1/1/p/3314/110/087/2/w/448/3314110087_1_1_1.jpg?ts=1683800194948,https://www.zara.com/in/en/vinyl-mules-p13314110.html,Women,4.0
1657,TRANSPARENT HIGH-HEEL SANDALS,SHOES,2990.0,High-heel sandals. Transparent straps on the front. Methacrylate block heel. Heel height: 9.8 cm. / 3.8″,https://static.zara.net/photos///2021/I/1/1/p/2316/001/111/2/w/448/2316001111_1_1_1.jpg?ts=1624286031834,https://www.zara.com/in/en/transparent-high-heel-sandals-p12324910.html,Women,4.2
1658,HIGH-HEEL VINYL SANDALS WITH RHINESTONES,SHOES,4990.0,"High-heel vinyl sandals with rhinestones. Pointed toe. Strap at the back. Heel height of 10 cm. / 3.9″ AIRFIT®. Flexible technical latex foam insole, designed to offer greater comfort.View more",https://static.zara.net/photos///2023/V/1/1/p/2327/110/111/2/w/448/2327110111_6_1_1.jpg?ts=1684498873652,https://www.zara.com/in/en/high-heel-vinyl-sandals-with-rhinestones-p12327110.html,Women,4.7
1659,PLATFORM SNEAKERS,SHOES,2890.0,"Trainers in contrast colours. Platform sole. Lace-up fastening. Sole height: 4 cm. / 1.5″ STARFIT®. Flexible technical polyurethane foam insole, designed to offer greater comfort.View more",https://static.zara.net/photos///2023/I/1/1/p/5456/210/202/2/w/448/5456210202_1_1_1.jpg?ts=1691139836264,https://www.zara.com/in/en/platform-sneakers-p15417110.html,Women,3.6
1660,FABRIC HIGH-HEEL SANDALS,SHOES,3290.0,"Fabric high-heel sandals. Wide strap on the front and thin strap on the instep. Square toe. Heel height: 9.5 cm. / 3.7″ AIRFIT®. Flexible technical latex foam insole, designed to offer greater comfort.View more",https://static.zara.net/photos///2023/I/1/1/p/3326/110/604/2/w/448/3326110604_1_1_1.jpg?ts=1689179487367,https://www.zara.com/in/en/fabric-high-heel-sandals-p13326110.html,Women,4.6
1661,KNOTTED HIGH-HEEL SANDALS,SHOES,3290.0,"High-heel sandals. Thin straps with knots on the upper. Square toe.Heel height of 9.6 cm. / 3.7″AIRFIT®. Flexible technical latex foam insole, designed to offer greater comfort.View more",https://static.zara.net/photos///2023/I/1/1/p/3305/110/850/2/w/448/3305110850_1_1_1.jpg?ts=1688127590355,https://www.zara.com/in/en/knotted-high-heel-sandals-p13305110.html,Women,4.7
1662,PATENT-FINISH BLOCK HEEL SHOES,SHOES,3290.0,"Mary Jane-style slingback shoes with a patent finish. Block heel. Round toe. Buckled ankle strap fastening. Heel height: 5 cm. / 1.9″AIRFIT®. Flexible technical latex foam insole, designed to offer greater comfort.View more",https://static.zara.net/photos///2023/V/1/1/p/3209/110/002/2/w/448/3209110002_1_1_1.jpg?ts=1674732486954,https://www.zara.com/in/en/patent-finish-block-heel-shoes-p13209110.html,Women,4.0
1663,TASSEL LOAFERS,SHOES,2890.0,"Flat loafers with metallic buckle detail and tassels on the front.Sole height: 1 cm. / 0.3″AIRFIT®. Flexible technical latex foam insole, designed to offer greater comfort.View more",https://static.zara.net/photos///2023/I/1/1/p/2507/110/107/2/w/448/2507110107_6_1_1.jpg?ts=1690196091314,https://www.zara.com/in/en/tassel-loafers-p12507110.html,Women,3.1
1664,MESH HEELED SLINGBACK SHOES,SHOES,3990.0,"Heeled slingback court shoes. Pointed toe. Back strap with elastic and adjustable piece.Heel height of 6 cm. / 2.3″AIRFIT®. Flexible technical latex foam insole, designed to offer greater comfort.View more",https://static.zara.net/photos///2023/I/1/1/p/2234/110/800/2/w/448/2234110800_1_1_1.jpg?ts=1691140341588,https://www.zara.com/in/en/mesh-heeled-slingback-shoes-p12234110.html,Women,3.8
1665,CRISS-CROSS BUCKLED SLIDER SANDALS,SHOES,3990.0,"Leather flat slider sandals. Criss-cross straps on the front with buckle detail. Round toe. Sole height: 1 cm. / 0.3″AIRFIT®. Flexible technical latex foam insole, designed to offer greater comfort.View more",https://static.zara.net/photos///2023/I/1/1/p/1643/210/808/2/w/448/1643210808_1_1_1.jpg?ts=1685015304019,https://www.zara.com/in/en/criss-cross-buckled-slider-sandals-p11624110.html,Women,4.7
1666,KITTEN HEEL SLINGBACK SHOES WITH CHAIN,SHOES,3990.0,"Kitten heel slingback shoes. Patent-finish. Chain detail on the front. Back strap with elastic piece.Heel height of 5 cm. / 1.9″ AIRFIT®. Flexible technical latex foam insole, designed to offer greater comfort.View more",https://static.zara.net/photos///2023/I/1/1/p/2209/210/098/2/w/448/2209210098_1_1_1.jpg?ts=1690984397423,https://www.zara.com/in/en/kitten-heel-slingback-shoes-with-chain-p12209210.html,Women,4.1
1667,HEELED SLINGBACK SHOES,SHOES,3290.0,"Slingback high-heel court shoes. Pointed toe. Buckled ankle strap fastening. Heel height of 10 cm. / 3.9″ AIRFIT®. Flexible technical latex foam insole, designed to offer greater comfort.View more",https://static.zara.net/photos///2023/I/1/1/p/3217/210/001/2/w/448/3217210001_1_1_1.jpg?ts=1690976673057,https://www.zara.com/in/en/heeled-slingback-shoes-p13217210.html,Women,3.7
1668,DENIM MULES,SHOES,3290.0,"High-heel mules in denim fabric. Wide strap on the front. Stiletto heel. Round toe.Heel height of 8 cm. / 3.1″AIRFIT®. Flexible technical latex foam insole, designed to offer greater comfort.View more",https://static.zara.net/photos///2023/I/1/1/p/2316/210/043/2/w/448/2316210043_6_1_1.jpg?ts=1691063519933,https://www.zara.com/in/en/denim-mules-p12316210.html,Women,3.9
1669,LEATHER HEELED MULES,SHOES,5990.0,"Leather mule sandals with a round toe. Heel height of 8 cm. / 3.1″ AIRFIT®. Flexible technical latex foam insole, designed to offer greater comfort.View more",https://static.zara.net/photos///2023/I/1/1/p/1303/210/800/2/w/448/1303210800_1_1_1.jpg?ts=1685015302477,https://www.zara.com/in/en/leather-heeled-mules-p11303210.html,Women,4.5
1670,LEATHER HIGH-HEEL SANDALS WITH CHAIN DETAIL,SHOES,5990.0,"Leather high-heel sandals with chain detail. Square toe. Buckled ankle strap fastening. Heel height: 10 cm. / 3.9″ AIRFIT®. Flexible technical latex foam insole, designed to offer greater comfort.View more",https://static.zara.net/photos///2023/I/1/1/p/1368/210/102/2/w/448/1368210102_1_1_1.jpg?ts=1685015303029,https://www.zara.com/in/en/leather-high-heel-sandals-with-chain-detail-p11368210.html,Women,4.3
1671,LEATHER WEDGE SANDALS,SHOES,5990.0,Leather sandals. High geometric wedge heel. Round toe. Buckled ankle strap fastening. Heel height of 10 cm. / 3.9″,https://static.zara.net/photos///2023/I/1/1/p/1333/210/800/2/w/448/1333210800_1_1_1.jpg?ts=1685016042400,https://www.zara.com/in/en/leather-wedge-sandals-p11333210.html,Women,4.0
1672,SLINGBACK SHOES WITH BOW,SHOES,3290.0,"High-heel slingback shoes in a combination of colours. Bow detail on the front. Pointed toe. Strap at the back.Heel height of 5 cm. / 1.9″AIRFIT®. Flexible technical latex foam insole, designed to offer greater comfort.View more",https://static.zara.net/photos///2023/I/1/1/p/2203/210/202/2/w/448/2203210202_1_1_1.jpg?ts=1690536142950,https://www.zara.com/in/en/slingback-shoes-with-bow-p12203210.html,Women,3.9
1673,HEELED SLINGBACK SHOES WITH BOW,SHOES,2990.0,High-heel slingback shoes. Bow detail on the front. Elastic strap at the back. Pointed toe.Heel height: 6 cm. / 2.3″,https://static.zara.net/photos///2023/I/1/1/p/2231/010/040/2/w/448/2231010040_1_1_1.jpg?ts=1690527287909,https://www.zara.com/in/en/heeled-slingback-shoes-with-bow-p12231010.html,Women,3.9
1674,HEELED VINYL SANDALS WITH BOW,SHOES,4990.0,"High-heel vinyl sandals. Embellished bow with rhinestones on the front. Back strap.Heel height of 9 cm. / 3.5″AIRFIT®. Flexible technical latex foam insole, designed to offer greater comfort.View more",https://static.zara.net/photos///2023/I/1/1/p/2349/210/111/2/w/448/2349210111_1_1_1.jpg?ts=1691139836478,https://www.zara.com/in/en/heeled-vinyl-sandals-with-bow-p12349210.html,Women,3.7
1675,HIGH-HEEL SLINGBACK SHOES WITH FAUX PEARLS,SHOES,5590.0,"High-heel slingback shoes with faux pearls on the front. Pointed toe. Back strap with elastic piece. Heel height of 7 cm. / 2.7″ AIRFIT®. Flexible technical latex foam insole, designed to offer greater comfort.View more",https://static.zara.net/photos///2023/I/1/1/p/2815/110/098/2/w/448/2815110098_2_1_1.jpg?ts=1691139836955,https://www.zara.com/in/en/high-heel-slingback-shoes-with-faux-pearls-p12815110.html,Women,4.8
1676,FAUX PATENT HIGH-HEEL SANDALS,SHOES,3990.0,"High-heel sandals with a faux patent finish. Square vamp and toe. Buckled ankle strap fastening. Heel height of 9 cm. / 3.5″ AIRFIT®. Flexible technical latex foam insole, designed to offer greater comfort.View more",https://static.zara.net/photos///2023/I/1/1/p/2340/110/800/2/w/448/2340110800_1_1_1.jpg?ts=1690536143003,https://www.zara.com/in/en/faux-patent-high-heel-sandals-p12340110.html,Women,4.0
1677,RHINESTONE DENIM COWBOY BOOTS,SHOES,8990.0,"Denim cowboy boots. Rhinestones on the upper and frayed seam details. Pointed toe. Side pull tabs. Heel height of 7.5 cm. / 2.9″AIRFIT®. Flexible technical latex foam insole, designed to offer greater comfort.View more",https://static.zara.net/photos///2023/I/1/1/p/3050/210/800/2/w/448/3050210800_1_1_1.jpg?ts=1689753538353,https://www.zara.com/in/en/rhinestone-denim-cowboy-boots-p13050210.html,Women,4.6
1678,DENIM COWBOY BOOTS,SHOES,7990.0,"Denim cowboy boots. Frayed seam details. Pointed toe. Side pull tabs. Heel height of 7.5 cm. / 2.9″AIRFIT®. Flexible technical latex foam insole, designed to offer greater comfort.View more",https://static.zara.net/photos///2023/I/1/1/p/3051/210/400/2/w/448/3051210400_1_1_1.jpg?ts=1689692177960,https://www.zara.com/in/en/denim-cowboy-boots-p13051210.html,Women,4.8
1679,FLAT SANDALS WITH SHINY STRAPS,SHOES,3290.0,Flat sandals with thin straps and rhinestone details. Round toe. Buckled ankle strap fastening. Sole height: 1 cm. / 0.3″,https://static.zara.net/photos///2023/I/1/1/p/2649/210/111/2/w/448/2649210111_1_1_1.jpg?ts=1688732310871,https://www.zara.com/in/en/flat-sandals-with-shiny-straps-p12649210.html,Women,4.5
1680,SLINGBACK HEELED SHOES WITH SQUARE TOE,SHOES,3990.0,"High-heel slingback shoes. Buckle detail on the front. Buckle fastening on the back strap. Square toe.Heel height: 8.5 cm. / 3.3″AIRFIT®. Flexible technical latex foam insole, designed to offer greater comfort.View more",https://static.zara.net/photos///2023/I/1/1/p/1223/210/002/2/w/448/1223210002_1_1_1.jpg?ts=1692354605087,https://www.zara.com/in/en/slingback-heeled-shoes-with-square-toe-p11223210.html,Women,3.9
1681,FLAT SPLIT SUEDE SLIDER SANDALS WITH STUDS,SHOES,4990.0,Split suede flat slider sandals. Thin straps with stud details. Buckle fastening on one side and at the ankle strap. Round toe. Sole height: 1 cm. / 0.3″,https://static.zara.net/photos///2023/I/1/1/p/2637/110/107/2/w/494/2637110107_1_1_1.jpg?ts=1684767669618,https://www.zara.com/in/en/flat-split-suede-slider-sandals-with-studs-p12637110.html,Women,4.3
1682,FLAT CRISS-CROSS LEATHER SLIDER SANDALS,SHOES,2490.0,Flat leather slider sandals with criss-cross straps on the front.Sole height: 1 cm. / 0.3″,https://static.zara.net/photos///2023/I/1/1/p/2600/710/105/17/w/448/2600710105_1_1_1.jpg?ts=1687362006171,https://www.zara.com/in/en/flat-criss-cross-leather-slider-sandals-p12600710.html,Women,4.1
1683,FLAT DENIM SLIDER SANDALS,SHOES,2890.0,Flat denim slider sandals. Criss-cross straps on the front. Round toe.Sole height: 1 cm. / 0.3″,https://static.zara.net/photos///2023/V/1/1/p/2629/110/400/2/2629110400_16_1_1/w/448/poster.jpg?ts=1678264444638,https://www.zara.com/in/en/flat-denim-slider-sandals-p12629110.html,Women,3.7
1684,ANIMAL PRINT HEELED SLINGBACKS,SHOES,3290.0,"High-heel slingback shoes with an animal print. Buckled ankle strap fastening. Pointed toe.Heel height of 8 cm. / 3.1″AIRFIT®. Flexible technical latex foam insole, designed to offer greater comfort.View more",https://static.zara.net/photos///2023/I/1/1/p/2212/210/800/2/w/448/2212210800_1_1_1.jpg?ts=1692187515342,https://www.zara.com/in/en/animal-print-heeled-slingbacks-p12212210.html,Women,4.2
1685,SATIN HIGH-HEEL SLINGBACK SHOES,SHOES,3290.0,"High-heel satin slingback shoes. Buckled ankle strap fastening. Pointed toe.Heel height of 8 cm. / 3.1″AIRFIT®. Flexible technical latex foam insole, designed to offer greater comfort.View more",https://static.zara.net/photos///2023/I/1/1/p/2211/210/400/2/w/448/2211210400_6_1_1.jpg?ts=1692284971308,https://www.zara.com/in/en/satin-high-heel-slingback-shoes-p12211210.html,Women,3.6
1686,PLATFORM SNEAKERS,SHOES,2290.0,"Trainers. Platform sole. Contrast piece on the back. Lace-up fastening. Sole height: 4 cm. / 1.5″ STARFIT®. Flexible technical polyurethane foam insole, designed to offer greater comfort.View more",https://static.zara.net/photos///2023/I/1/1/p/5457/210/202/2/w/448/5457210202_1_1_1.jpg?ts=1690536143386,https://www.zara.com/in/en/platform-sneakers-p15457210.html,Women,4.6
1687,PLATFORM TRAINERS,SHOES,3290.0,"Platform sole trainers. Back pull tab. Lace-up fastening. Sole height: 6 cm. / 2.3″ STARFIT®. Flexible technical polyurethane foam insole, designed to offer greater comfort.View more",https://static.zara.net/photos///2023/I/1/1/p/5435/210/001/2/w/448/5435210001_6_1_1.jpg?ts=1689263938362,https://www.zara.com/in/en/platform-trainers-p15435210.html,Women,3.9
1688,HIGH-HEEL CAGE SANDALS,SHOES,3990.0,"Mid-heel cage sandals with thin straps. Buckled ankle strap fastening. Pointed toe. Heel height of 6.2 cm. / 2.4″ AIRFIT®. Flexible technical latex foam insole, designed to offer greater comfort.View more",https://static.zara.net/photos///2023/I/1/1/p/1382/210/808/2/w/448/1382210808_1_1_1.jpg?ts=1690189294573,https://www.zara.com/in/en/high-heel-cage-sandals-p11382210.html,Women,4.2
1689,POINTED TOE HIGH-HEEL SANDALS,SHOES,2890.0,"High-heel sandals with wide strap on the front. Pointed toe.Heel height of 6.3 cm. / 2.4″AIRFIT®. Flexible technical latex foam insole, designed to offer greater comfort.View more",https://static.zara.net/photos///2023/I/1/1/p/3379/210/001/2/w/448/3379210001_1_1_1.jpg?ts=1689686540829,https://www.zara.com/in/en/pointed-toe-high-heel-sandals-p13380210.html,Women,4.2
1690,PLATFORM SNEAKERS,SHOES,3290.0,"Lace-up trainers. Combination of pieces on the upper. Pull tab at the back. Platform soles.Sole height: 6 cm. / 2.3″STARFIT®. Flexible technical polyurethane foam insole, designed to offer greater comfort.View more",https://static.zara.net/photos///2023/I/1/1/p/5400/110/001/2/5400110001_16_1_1/w/448/poster.jpg?ts=1686751009796,https://www.zara.com/in/en/platform-sneakers-p15400110.html,Women,4.0
1691,COMBINED RUNNING TRAINERS,SHOES,4990.0,"Running trainers in a combination of materials. Leather details. Chunky sole. Lace-up fastening.Sole height: 5 cm. / 1.9″STARFIT®. Flexible technical polyurethane foam insole, designed to offer greater comfort.View more",https://static.zara.net/photos///2023/I/1/1/p/5006/210/002/22/w/448/5006210002_1_1_1.jpg?ts=1683272973928,https://www.zara.com/in/en/combined-running-trainers-p15006210.html,Women,4.4
1692,CONTRAST LACE UP ESPADRILLES,SHOES,3290.0,Flat slingback fabric espadrilles. Round toe. Fabric straps for tying at the ankle.Sole height: 3 cm. / 1.1″,https://static.zara.net/photos///2023/V/1/1/p/2511/110/202/2/w/448/2511110202_6_1_1.jpg?ts=1681985668774,https://www.zara.com/in/en/contrast-lace-up-espadrilles-p12511110.html,Women,3.9
1693,FLAT LEATHER SLIDER SANDALS,SHOES,3290.0,Flat leather slider sandals with thin straps. Buckled ankle strap fastening. Sole height: 2 cm. / 0.7″,https://static.zara.net/photos///2023/I/1/1/p/2638/110/800/2/w/448/2638110800_1_1_1.jpg?ts=1685615022221,https://www.zara.com/in/en/flat-leather-slider-sandals-p12638110.html,Women,4.5
1694,STRAPPY HIGH-HEEL LEATHER SANDALS,SHOES,4990.0,"High-heel leather sandals. Thin straps on the front. Square toe. Buckled ankle strap fastening.Heel height of 6.5 cm. / 2.5″AIRFIT®. Flexible technical latex foam insole, designed to offer greater comfort.View more",https://static.zara.net/photos///2023/I/1/1/p/2346/110/800/2/w/448/2346110800_1_1_1.jpg?ts=1683819711232,https://www.zara.com/in/en/strappy-high-heel-leather-sandals-p12346110.html,Women,3.5
1695,FLAT RUBBERISED SANDALS,SHOES,2590.0,Rubberised flat slider sandals with toe divider. Round toe. Sole height: 1 cm. / 0.3″,https://static.zara.net/photos///2023/I/1/1/p/2606/210/800/2/w/448/2606210800_1_1_1.jpg?ts=1686914970484,https://www.zara.com/in/en/flat-rubberised-sandals-p12605210.html,Women,4.2
1696,SATIN SANDALS WITH CRISS-CROSS STRAPS,SHOES,3290.0,"Heeled sandals with a satin effect. Criss-cross straps on the front. Square toe.Heel height: 9 cm. / 3.5″AIRFIT®. Flexible technical latex foam insole, designed to offer greater comfort.View more",https://static.zara.net/photos///2023/I/1/1/p/2304/210/078/2/w/448/2304210078_1_1_1.jpg?ts=1689686540481,https://www.zara.com/in/en/satin-sandals-with-criss-cross-straps-p12304210.html,Women,5.0
1697,DENIM HIGH-HEEL SANDALS WITH RHINESTONES,SHOES,3290.0,Denim high-heel sandals. Thin straps on the front with rhinestone details. Square toe. Heel height of 9 cm. / 3.5″,https://static.zara.net/photos///2023/I/1/1/p/2348/210/400/2/w/448/2348210400_6_1_1.jpg?ts=1685434252328,https://www.zara.com/in/en/denim-high-heel-sandals-with-rhinestones-p12348210.html,Women,3.6
1698,HIGH-HEEL SANDALS WITH FLORAL DETAILS,SHOES,4990.0,"Fabric high-heel sandals. Embellished floral front. Thin straps at the ankle. Round toe.Heel height: 9.5 cm. / 3.7″ AIRFIT®. Flexible technical latex foam insole, designed to offer greater comfort.View more",https://static.zara.net/photos///2023/I/1/1/p/3352/110/800/2/w/448/3352110800_1_1_1.jpg?ts=1685093207998,https://www.zara.com/in/en/high-heel-sandals-with-floral-details-p13352110.html,Women,3.8
1699,VINYL EMBELLISHED SANDALS,SHOES,4990.0,"Vinyl high-heel sandals. Wide strap across the front with embellished detail.Heel height of 8.3 cm. / 3.2″AIRFIT®. Flexible technical latex foam insole, designed to offer greater comfort.View more",https://static.zara.net/photos///2023/I/1/1/p/3825/210/087/2/w/448/3825210087_15_1_1.jpg?ts=1686306346164,https://www.zara.com/in/en/vinyl-embellished-sandals-p13825210.html,Women,4.3
1700,HEELED VINYL MULES WITH DECORATIVE DETAIL,SHOES,4990.0,"Vinyl high-heel mules with embellished rhinestone details. Pointed toe. Heel height: 7 cm. / 2.7″ AIRFIT®. Flexible technical latex foam insole, designed to offer greater comfort.View more",https://static.zara.net/photos///2023/V/1/1/p/3823/110/087/2/w/448/3823110087_6_1_1.jpg?ts=1675786050103,https://www.zara.com/in/en/heeled-vinyl-mules-with-decorative-detail-p13823110.html,Women,4.2
1701,METALLIC BLOCK HEEL SANDALS,SHOES,3990.0,"Metallic-effect sandals with thin straps. Flared high block heel with platform. Square toe. Buckled ankle strap fastening. Heel height of 11 cm. / 4.3″ AIRFIT®. Flexible technical latex foam insole, designed to offer greater comfort.View more",https://static.zara.net/photos///2023/I/0/1/p/7492/915/916/2/w/448/7492915916_1_1_1.jpg?ts=1685084770582,https://www.zara.com/in/en/metallic-block-heel-sandals-p13344110.html,Women,4.3
1702,STUDDED LEATHER HIGH-HEEL SANDALS,SHOES,5990.0,"Leather high-heel sandals with thin studded straps. Pointed toe. Buckled ankle strap fastening. Heel height: 10 cm. / 3.9″ AIRFIT®. Flexible technical latex foam insole, designed to offer greater comfort.View more",https://static.zara.net/photos///2023/V/1/1/p/1339/110/098/2/w/448/1339110098_1_1_1.jpg?ts=1677666123238,https://www.zara.com/in/en/studded-leather-high-heel-sandals-p11339110.html,Women,4.3
1703,STUDDED LEATHER HIGH-HEEL SANDALS,SHOES,5990.0,"Leather high-heel sandals with thin studded straps. Pointed toe. Buckled ankle strap fastening.Heel height: 10 cm. / 3.9″AIRFIT®. Flexible technical latex foam insole, designed to offer greater comfort.View more",https://static.zara.net/photos///2023/I/1/1/p/1366/210/800/2/w/448/1366210800_1_1_1.jpg?ts=1684919832104,https://www.zara.com/in/en/studded-leather-high-heel-sandals-p11366210.html,Women,4.4
1704,METALLIC HEELED PLATFORM SANDALS,SHOES,5990.0,"High-heel platform sandals. Wide strap on the front. Round toe. Buckled ankle strap fastening. Heel height of 14 cm. / 5.5″AIRFIT®. Flexible technical latex foam insole, designed to offer greater comfort.View more",https://static.zara.net/photos///2023/I/1/1/p/1326/210/091/2/w/448/1326210091_1_1_1.jpg?ts=1684919833857,https://www.zara.com/in/en/metallic-heeled-platform-sandals-p11326210.html,Women,4.6
1705,HEELED MULES WITH FEATHERS,SHOES,5990.0,"Heeled mules with feather details on the front. Round toe. Heel height of 7 cm. / 2.7″ AIRFIT®. Flexible technical latex foam insole, designed to offer greater comfort.View more",https://static.zara.net/photos///2023/I/1/1/p/1303/110/131/2/w/448/1303110131_1_1_1.jpg?ts=1691140308743,https://www.zara.com/in/en/heeled-mules-with-feathers-p11303110.html,Women,4.3
1706,METALLIC BLOCK HEEL ANKLE BOOTS,SHOES,3290.0,High-heel ankle boots. Metallic detail on the inside of the heel. Fitted leg with elastic panels on the sides. Rounded toe.Heel height of 5 cm. / 1.9″,https://static.zara.net/photos///2023/V/1/1/p/2150/011/040/2/w/448/2150011040_6_1_1.jpg?ts=1678793652320,https://www.zara.com/in/en/metallic-block-heel-ankle-boots-p12150010.html,Women,4.0
1707,FABRIC MULE TRAINERS,SHOES,2890.0,"Fabric mule trainers. Rubberised toecap. Lace-up fastening.Sole height: 2.5 cm. / 0.9″STARFIT®. Flexible technical polyurethane foam insole, designed to offer greater comfort.View more",https://static.zara.net/photos///2023/I/1/1/p/5407/210/002/2/w/448/5407210002_1_1_1.jpg?ts=1684919834240,https://www.zara.com/in/en/fabric-mule-trainers-p15407210.html,Women,4.4
1708,FAUX PATENT WEDGE SANDALS,SHOES,4990.0,"Faux patent sandals. High wedge heel. Strap on the front. Square toe. Buckled ankle strap fastening.Heel height of 11 cm. / 4.3″ AIRFIT®. Flexible technical latex foam insole, designed to offer greater comfort.View more",https://static.zara.net/photos///2023/I/1/1/p/1384/210/800/2/w/448/1384210800_1_1_1.jpg?ts=1690968918973,https://www.zara.com/in/en/faux-patent-wedge-sandals-p11384210.html,Women,5.0
1709,BLOCK HEEL SANDALS WITH RHINESTONES,SHOES,5990.0,"Fabric sandals with rhinestones. Square block heel. Buckled ankle strap fastening. Heel height of 9.5 cm. / 3.7″ AIRFIT®. Flexible technical latex foam insole, designed to offer greater comfort.View more",https://static.zara.net/photos///2023/I/1/1/p/1306/210/808/2/w/448/1306210808_1_1_1.jpg?ts=1689157163266,https://www.zara.com/in/en/block-heel-sandals-with-rhinestones-p11306210.html,Women,4.0
1710,HEELED VINYL SANDALS WITH RHINESTONES,SHOES,4990.0,"Vinyl high-heel sandals with rhinestones. Strap around the back. Square toe. Heel height: 8 cm. / 3.1″ AIRFIT®. Flexible technical latex foam insole, designed to offer greater comfort.View more",https://static.zara.net/photos///2023/I/1/1/p/1815/210/102/2/w/448/1815210102_1_1_1.jpg?ts=1689157160905,https://www.zara.com/in/en/heeled-vinyl-sandals-with-rhinestones-p11815210.html,Women,3.7
1711,LEATHER STRAPPY SANDALS WITH BUCKLES,SHOES,5990.0,"Leather heeled sandals. Straps across the front with buckles and a toe divider. Buckled ankle strap fastening. Square toe.Heel height of 6 cm. / 2.3″AIRFIT®. Flexible technical latex foam insole, designed to offer greater comfort.View more",https://static.zara.net/photos///2023/I/1/1/p/2321/210/032/2/w/448/2321210032_1_1_1.jpg?ts=1691591567963,https://www.zara.com/in/en/leather-strappy-sandals-with-buckles-p12321210.html,Women,4.6
1712,HIGH-HEEL SLINGBACK SHOES WITH BOW,SHOES,3990.0,"High-heel slingback shoes. Embellished bow on the front. Pointed toe.Heel height: 6 cm. / 2.3″AIRFIT®. Flexible technical latex foam insole, designed to offer greater comfort.View more",https://static.zara.net/photos///2023/I/1/1/p/1221/210/800/2/w/448/1221210800_1_1_1.jpg?ts=1691591567789,https://www.zara.com/in/en/high-heel-slingback-shoes-with-bow-p11221210.html,Women,4.0
1713,FLAT PADDED SLIDER SANDALS,SHOES,3290.0,Quilted flat slider sandals with toe divider. Track sole. Sole height: 2 cm. / 0.7″,https://static.zara.net/photos///2023/I/1/1/p/3696/210/002/2/w/448/3696210002_6_1_1.jpg?ts=1689589111679,https://www.zara.com/in/en/flat-padded-slider-sandals-p13692210.html,Women,3.1
1714,FABRIC HEELED SLINGBACK SHOES,SHOES,3290.0,"Fabric high-heel slingback shoes. Pointed toe. Back strap with elastic piece.Heel height of 9 cm. / 3.5″AIRFIT®. Flexible technical latex foam insole, designed to offer greater comfort.View more",https://static.zara.net/photos///2023/I/1/1/p/2275/110/800/2/w/448/2275110800_1_1_1.jpg?ts=1691139836694,https://www.zara.com/in/en/fabric-heeled-slingback-shoes-p12275110.html,Women,4.5
1715,LEATHER HEELED SHOES WITH INSTEP STRAP,SHOES,5990.0,"Leather heeled shoes. Buckle detail on the front and strap on the instep. Buckled ankle strap fastening.Heel height of 6 cm. / 2.3″ AIRFIT®. Flexible technical latex foam insole, designed to offer greater comfort.View more",https://static.zara.net/photos///2023/I/1/1/p/2228/210/800/2/w/448/2228210800_1_1_1.jpg?ts=1691591567741,https://www.zara.com/in/en/leather-heeled-shoes-with-instep-strap-p12228210.html,Women,3.9
1716,HEELED VINYL SANDALS WITH BOW,SHOES,4990.0,"Vinyl high-heel sandals. Embellished bow on the front. Square toe. Strap at the back. Heel height of 9 cm. / 3.5″ AIRFIT®. Flexible technical latex foam insole, designed to offer greater comfort.View more",https://static.zara.net/photos///2023/I/1/1/p/2315/110/111/22/w/448/2315110111_1_1_1.jpg?ts=1688736524500,https://www.zara.com/in/en/heeled-vinyl-sandals-with-bow-p12315110.html,Women,4.1
1717,EMBELLISHED VINYL HIGH-HEEL SHOES,SHOES,5990.0,High-heel slingback shoes. Vinyl upper. Embellished rhinestone details on the front. Pointed toe. Heel height of 6 cm. / 2.3″,https://static.zara.net/photos///2023/V/1/1/p/2221/010/102/2/w/448/2221010102_6_1_1.jpg?ts=1675774802479,https://www.zara.com/in/en/embellished-vinyl-high-heel-shoes-p12221010.html,Women,4.2
1718,MID-CALF DENIM ANKLE BOOTS,SHOES,5590.0,Denim fabric ankle boots. Pointed toe.Heel height of 10 cm. / 3.9″,https://static.zara.net/photos///2023/I/1/1/p/1108/210/800/2/w/448/1108210800_1_1_1.jpg?ts=1691139835449,https://www.zara.com/in/en/mid-calf-denim-ankle-boots-p11107210.html,Women,4.2
1719,VINYL WEDGE SANDALS,SHOES,3290.0,Sandals with a wide vinyl strap on the front. Geometric wedge heel. Round toe. Heel height: 6 cm. / 2.3″,https://static.zara.net/photos///2023/I/1/1/p/1379/210/001/2/w/448/1379210001_1_1_1.jpg?ts=1689157161231,https://www.zara.com/in/en/vinyl-wedge-sandals-p11379210.html,Women,4.4
1720,HIGH-HEEL STRAPPY SANDALS,SHOES,3290.0,"High-heel sandals. Criss-cross straps on the upper. Buckled ankle strap fastening.Heel height of 9 cm. / 3.5″AIRFIT®. Flexible technical latex foam insole, designed to offer greater comfort.View more",https://static.zara.net/photos///2023/I/1/1/p/2303/210/002/2/w/448/2303210002_1_1_1.jpg?ts=1688553117149,https://www.zara.com/in/en/high-heel-strappy-sandals-p12303210.html,Women,3.9
1721,MINI LEATHER WEDGE SANDALS,SHOES,5990.0,"Leather sandals. Criss-cross straps on the front with a buckle detail and side studs.Sole height: 4.5 cm. / 1.7″AIRFIT®. Flexible technical latex foam insole, designed to offer greater comfort.View more",https://static.zara.net/photos///2023/I/1/1/p/1317/210/105/2/w/448/1317210105_1_1_1.jpg?ts=1690466480552,https://www.zara.com/in/en/mini-leather-wedge-sandals-p11317210.html,Women,4.3
1722,VINYL SLINGBACK SHOES WITH FLOWER,SHOES,4990.0,Vinyl high-heel court shoes. Satin flower detail on the front. Back strap. Pointed toe. Heel height of 9.5 cm. / 3.7″,https://static.zara.net/photos///2023/I/1/1/p/2206/210/098/22/w/448/2206210098_1_1_1.jpg?ts=1688736450807,https://www.zara.com/in/en/vinyl-slingback-shoes-with-flower-p12206210.html,Women,4.0
1723,CHUNKY-SOLE RUNNING TRAINERS,SHOES,4990.0,Running trainers. Chunky sole with raised details. Front and back pull tabs. Lace-up fastening. Sole height: 5 cm. / 1.9″,https://static.zara.net/photos///2023/I/1/1/p/5016/210/002/2/w/448/5016210002_1_1_1.jpg?ts=1689331590986,https://www.zara.com/in/en/chunky-sole-running-trainers-p15016210.html,Women,4.4
1724,VINYL HEELED SANDALS,SHOES,3290.0,"Vinyl high-heel sandals. Square toe. Strap around the back. Heel height of 9 cm. / 3.5″ AIRFIT®. Flexible technical latex foam insole, designed to offer greater comfort.View more",https://static.zara.net/photos///2023/I/1/1/p/2314/110/111/2/w/448/2314110111_1_1_1.jpg?ts=1683735375848,https://www.zara.com/in/en/vinyl-heeled-sandals-p12314110.html,Women,4.4
1725,SPLIT SUEDE BLOCK-HEEL SANDALS,SHOES,3290.0,Block heel split suede sandals. Wide strap on the front. Square toe. Heel height: 7 cm. / 2.7″,https://static.zara.net/photos///2023/I/1/1/p/3372/210/709/2/w/448/3372210709_1_1_1.jpg?ts=1689331590695,https://www.zara.com/in/en/split-suede-block-heel-sandals-p13372210.html,Women,3.7
1726,EMBELLISHED ESPADRILLES,SHOES,3290.0,Fabric espadrilles. Embellished metal detail on the front. Round toe. Back pull tab.Sole height: 3 cm. / 1.1″,https://static.zara.net/photos///2023/V/1/1/p/2510/110/107/2/w/448/2510110107_1_1_1.jpg?ts=1678890579576,https://www.zara.com/in/en/embellished-espadrilles-p12510110.html,Women,4.6
1727,VINYL MULES WITH RHINESTONES,SHOES,3990.0,"Vinyl high-heel mules. Thin criss-cross rhinestone straps on the instep. Heel height of 9.7 cm. / 3.8″ AIRFIT®. Flexible technical latex foam insole, designed to offer greater comfort.View more",https://static.zara.net/photos///2023/V/1/1/p/3821/010/087/2/w/448/3821010087_15_1_1.jpg?ts=1676454496460,https://www.zara.com/in/en/vinyl-mules-with-rhinestones-p13821010.html,Women,3.9
1728,HEELED COWBOY ANKLE BOOTS WITH PIECES,SHOES,7990.0,"Leather heeled cowboy-style ankle boots. Pointed toe. Side zip fastening. Heel height of 6 cm. / 2.3″AIRFIT®. Flexible technical latex foam insole, designed to offer greater comfort.View more",https://static.zara.net/photos///2023/I/1/1/p/2114/210/800/2/w/448/2114210800_6_1_1.jpg?ts=1691150903120,https://www.zara.com/in/en/heeled-cowboy-ankle-boots-with-pieces-p12114210.html,Women,4.5
1729,STUDDED SANDALS,SHOES,3990.0,Toe thong sandals with toe divider and metallic studs. Buckled strap fastening.Sole height: 2 cm. / 0.7″,https://static.zara.net/photos///2023/I/1/1/p/1634/210/017/2/w/448/1634210017_1_1_1.jpg?ts=1688553116636,https://www.zara.com/in/en/studded-sandals-p11634210.html,Women,4.3
1730,WEDGE SANDALS WITH TUBULAR STRAPS,SHOES,3990.0,"Sandals with tubular straps. Wedge-shaped heel. Buckled ankle strap fastening.Heel height: 10 cm. / 3.9″AIRFIT®. Flexible technical latex foam insole, designed to offer greater comfort.View more",https://static.zara.net/photos///2023/I/1/1/p/2283/110/001/2/w/448/2283110001_6_1_1.jpg?ts=1687788387460,https://www.zara.com/in/en/wedge-sandals-with-tubular-straps-p12283110.html,Women,4.9
1731,VINYL SLIDER SANDALS WITH STUDS,SHOES,2890.0,Vinyl flat slider sandals with studs and a round toe.Sole height: 1 cm. / 0.3″,https://static.zara.net/photos///2023/I/1/1/p/3648/110/087/2/w/448/3648110087_1_1_1.jpg?ts=1688732312046,https://www.zara.com/in/en/vinyl-slider-sandals-with-studs-p13648110.html,Women,4.0
1732,EMBELLISHED FLAT LEATHER SANDALS,SHOES,5990.0,Flat leather sandals with embellished straps and studs. Buckled ankle strap fastening.Sole height: 1 cm. / 0.3″,https://static.zara.net/photos///2023/V/1/1/p/1613/210/700/2/w/448/1613210700_1_1_1.jpg?ts=1682421525214,https://www.zara.com/in/en/embellished-flat-leather-sandals-p11613210.html,Women,3.9
1733,LINEN FLAT SLIDER SANDALS,SHOES,3990.0,Flat slider sandals in linen. Frayed bow on the front.Sole height: 1 cm. / 0.3″,https://static.zara.net/photos///2023/I/1/1/p/1631/210/111/2/w/448/1631210111_1_1_1.jpg?ts=1688732311300,https://www.zara.com/in/en/linen-flat-slider-sandals-p11631210.html,Women,4.1
1734,SANDALS WITH BUCKLED STRAPS,SHOES,3290.0,"Heeled sandals. Straps across the front with buckles. Buckled ankle strap fastening. Round toe.Heel height of 6 cm. / 2.3″AIRFIT®. Flexible technical latex foam insole, designed to offer greater comfort.View more",https://static.zara.net/photos///2023/I/1/1/p/2317/210/400/2/w/448/2317210400_1_1_1.jpg?ts=1691679675289,https://www.zara.com/in/en/sandals-with-buckled-straps-p12318210.html,Women,4.0
1735,WEDGE HIGH-HEEL SHOES,SHOES,4990.0,"High-heel wedge shoes in leather. Buckled ankle strap fastening. Pointed toe.Heel height: 6.7 cm. / 2.6″AIRFIT®. Flexible technical latex foam insole, designed to offer greater comfort.View more",https://static.zara.net/photos///2023/I/1/1/p/1210/210/800/2/w/448/1210210800_1_1_1.jpg?ts=1692355289333,https://www.zara.com/in/en/wedge-high-heel-shoes-p11210210.html,Women,4.5
1736,FAUX PATENT WEDGE SANDALS WITH STRAPS,SHOES,3990.0,"Wedge sandals with a faux patent finish. Thin straps on the front. Buckled ankle strap fastening.  Heel height of 10 cm. / 3.9″AIRFIT®. Flexible technical latex foam insole, designed to offer greater comfort.View more",https://static.zara.net/photos///2023/I/1/1/p/3315/210/020/2/w/448/3315210020_1_1_1.jpg?ts=1692354604855,https://www.zara.com/in/en/faux-patent-wedge-sandals-with-straps-p13315210.html,Women,3.4
1737,FLAT SLIDER SANDALS WITH RHINESTONES,SHOES,3290.0,"Flat satiny slider sandals with crossed thin straps and toe divider. Rhinestone details. Buckled ankle strap fastening. Sole height: 1 cm. / 0.3″ AIRFIT®. Flexible technical latex foam insole, designed to offer greater comfort.View more",https://static.zara.net/photos///2023/I/1/1/p/2646/210/079/2/w/448/2646210079_6_1_1.jpg?ts=1689063926507,https://www.zara.com/in/en/flat-slider-sandals-with-rhinestones-p12646210.html,Women,3.6
1738,VINYL SLIDER SANDALS WITH STUDS,SHOES,2890.0,Vinyl flat slider sandals with studs. Square toe. Sole height: 1 cm. / 0.3″,https://static.zara.net/photos///2023/I/1/1/p/3644/110/087/24/w/448/3644110087_1_1_1.jpg?ts=1687362291842,https://www.zara.com/in/en/vinyl-slider-sandals-with-studs-p13644110.html,Women,3.6
1739,FLAT STUDDED SLIDER SANDALS,SHOES,2890.0,Flat slider sandals with metal studs. Square toe. Sole height: 1 cm. / 0.3″,https://static.zara.net/photos///2023/I/1/1/p/3645/110/709/13/w/448/3645110709_1_1_1.jpg?ts=1687362296981,https://www.zara.com/in/en/flat-studded-slider-sandals-p13645110.html,Women,4.5
1740,FLAT SLIDER SANDALS WITH RHINESTONE DETAILS,SHOES,2890.0,"Flat slider sandals with rhinestones. Wide front strap and thin straps on the sides. Square toe. Sole height: 1 cm. / 0.3″ AIRFIT®. Flexible technical latex foam insole, designed to offer greater comfort.View more",https://static.zara.net/photos///2023/I/1/1/p/3639/010/800/2/w/448/3639010800_1_1_1.jpg?ts=1688553117257,https://www.zara.com/in/en/flat-slider-sandals-with-rhinestone-details-p13639010.html,Women,4.9
1741,FLAT SANDALS WITH RHINESTONES,SHOES,3290.0,Flat slider sandals with knot and rhinestone details. Round toe. Sole height: 1 cm. / 0.3″,https://static.zara.net/photos///2023/V/1/1/p/3808/110/303/2/w/448/3808110303_1_1_1.jpg?ts=1685095196345,https://www.zara.com/in/en/flat-sandals-with-rhinestones-p13808110.html,Women,4.1
1742,FLAT SANDALS WITH RHINESTONES,SHOES,2990.0,"Flat sandals with rhinestones. Straps and knot detail on the front. AIRFIT®. Flexible technical latex foam insole, designed to offer greater comfort.Sole height: 1.5 cm. / 0.5″View more",https://static.zara.net/photos///2023/I/1/1/p/3602/010/808/2/w/448/3602010808_15_1_1.jpg?ts=1688399341384,https://www.zara.com/in/en/flat-sandals-with-rhinestones-p13602010.html,Women,4.0
1743,KITTEN HEEL SLINGBACK SHOES,SHOES,3990.0,"Heeled slingback shoes. Contrast-coloured front. Wide back strap. Pointed toe.Heel height of 5 cm. / 1.9″AIRFIT®. Flexible technical latex foam insole, designed to offer greater comfort.View more",https://static.zara.net/photos///2023/I/1/1/p/2264/110/202/2/w/448/2264110202_1_1_1.jpg?ts=1688732313303,https://www.zara.com/in/en/kitten-heel-slingback-shoes-p12264110.html,Women,4.1
1744,METALLIC MID-HEEL MULES WITH RHINESTONES,SHOES,3990.0,"Metallic-effect mules. Rhinestones on the upper. Square toe. Heel height of 6 cm. / 2.3″AIRFIT®. Flexible technical latex foam insole, designed to offer greater comfort.View more",https://static.zara.net/photos///2023/I/1/1/p/2310/210/808/2/w/448/2310210808_1_1_1.jpg?ts=1686314668786,https://www.zara.com/in/en/metallic-mid-heel-mules-with-rhinestones-p12310210.html,Women,4.6
1745,METALLIC HEELED SANDALS,SHOES,3290.0,"High-heel sandals with a metallic-effect. Thin strap on the front. Square toe. Buckled ankle strap fastening. Heel height: 7.7 cm. / 3.0″ AIRFIT®. Flexible technical latex foam insole, designed to offer greater comfort.View more",https://static.zara.net/photos///2023/I/1/1/p/2307/210/808/12/w/448/2307210808_1_1_1.jpg?ts=1686647131589,https://www.zara.com/in/en/metallic-heeled-sandals-p12307210.html,Women,3.7
1746,METALLIC HEEL MULES,SHOES,3990.0,"Mules with a metallic finish. Stiletto heels. Round toe.Heel height of 11 cm. / 4.3″ AIRFIT®. Flexible technical latex foam insole, designed to offer greater comfort.View more",https://static.zara.net/photos///2023/I/1/1/p/1392/210/092/2/w/448/1392210092_1_1_1.jpg?ts=1692187516674,https://www.zara.com/in/en/metallic-heel-mules-p11392210.html,Women,4.2
1747,HIGH-HEEL MULES WITH ANKLE STRAP,SHOES,3990.0,Metallic-effect high-heel shoes. Ankle strap and strap at the back. Pointed toe. Buckled ankle strap fastening.Heel height of 6 cm. / 2.3″,https://static.zara.net/photos///2023/I/1/1/p/2208/210/808/2/w/448/2208210808_1_1_1.jpg?ts=1692187516848,https://www.zara.com/in/en/high-heel-mules-with-ankle-strap-p12208210.html,Women,4.5
1748,DENIM FLAT SLIDER SANDALS WITH RHINESTONES,SHOES,3290.0,"Flat slider sandals in denim fabric. Wide strap with rhinestones. Round toe. Sole height: 1 cm. / 0.3″ AIRFIT®. Flexible technical latex foam insole, designed to offer greater comfort.View more",https://static.zara.net/photos///2023/I/1/1/p/3842/210/400/2/w/448/3842210400_6_1_1.jpg?ts=1690964155861,https://www.zara.com/in/en/denim-flat-slider-sandals-with-rhinestones-p13842210.html,Women,4.3
1749,DENIM AND JUTE FLAT SLIDER SANDALS,SHOES,3290.0,Flat slider sandals with jute insoles. Wide denim strap with embellished metal detail. Round toe. Sole height: 2.5 cm. / 0.9″,https://static.zara.net/photos///2023/I/1/1/p/2652/210/043/2/w/448/2652210043_1_1_1.jpg?ts=1689331590594,https://www.zara.com/in/en/denim-and-jute-flat-slider-sandals-p12652210.html,Women,4.2
1750,FLAT SANDALS WITH BOW,SHOES,2890.0,Flat slider sandals embellished with a bow on the front. Square toe. Sole height: 1 cm. / 0.3″,https://static.zara.net/photos///2023/I/1/1/p/3625/210/001/2/w/448/3625210001_1_1_1.jpg?ts=1689157162393,https://www.zara.com/in/en/flat-sandals-with-bow-p13625210.html,Women,4.6
1751,CROCHET FLAT SLIDER SANDALS,SHOES,2890.0,Flat slider sandals with a crochet strap. Square toe. Sole height: 1 cm. / 0.3″,https://static.zara.net/photos///2023/I/1/1/p/3636/210/002/2/w/448/3636210002_6_1_1.jpg?ts=1689004154778,https://www.zara.com/in/en/crochet-flat-slider-sandals-p13636210.html,Women,2.9
1752,BALLET FLATS WITH BUCKLES,SHOES,2890.0,"Ballet flats. Buckled straps across the instep. Round toe.Sole height: 1 cm. / 0.3″AIRFIT®. Flexible technical latex foam insole, designed to offer greater comfort.View more",https://static.zara.net/photos///2023/I/1/1/p/1502/210/800/2/w/448/1502210800_1_1_1.jpg?ts=1691591567982,https://www.zara.com/in/en/ballet-flats-with-buckles-p11502210.html,Women,4.4
1753,FLAT CRISS-CROSS RUBBERISED SLIDER SANDALS,SHOES,1990.0,Flat rubberised slider sandals with criss-cross straps on the front.Sole height: 1 cm. / 0.3″,https://static.zara.net/photos///2023/I/1/1/p/2637/910/131/2/w/448/2637910131_1_1_1.jpg?ts=1686037447707,https://www.zara.com/in/en/flat-criss-cross-rubberised-slider-sandals-p12637910.html,Women,3.8
1754,FLAT SLIDER SANDALS WITH RHINESTONE STRAPS,SHOES,3290.0,Flat slider sandals. Criss-cross straps on the front with rhinestones. Round toe. Sole height: 1 cm. / 0.3″,https://static.zara.net/photos///2023/I/1/1/p/2612/210/800/2/w/448/2612210800_1_1_1.jpg?ts=1685615023145,https://www.zara.com/in/en/flat-slider-sandals-with-rhinestone-straps-p12611210.html,Women,3.3
1755,KITTEN HEEL SHOES,SHOES,3990.0,Heeled slingback shoes with back strap. Pointed toe. Buckled ankle strap fastening. Heel height of 2 cm. / 0.7″,https://static.zara.net/photos///2023/I/1/1/p/2227/210/001/2/w/448/2227210001_1_1_1.jpg?ts=1691591567448,https://www.zara.com/in/en/kitten-heel-shoes-p12226210.html,Women,4.3
1756,FLAT LEATHER SLIDER SANDALS WITH STUDS,SHOES,3990.0,Flat leather toe thong sandals with studs. Wide strap across the instep and front straps with toe divider. Strap around the back with buckle fastening. Round toe. Sole height: 1.5 cm. / 0.5″View more,https://static.zara.net/photos///2023/I/1/1/p/2632/110/800/2/w/448/2632110800_1_1_1.jpg?ts=1688127590032,https://www.zara.com/in/en/flat-leather-slider-sandals-with-studs-p12632110.html,Women,4.7
1757,CRISS-CROSS FLAT FABRIC SLIDER SANDALS,SHOES,3290.0,Flat fabric sandals. Criss-cross straps on the front. Round toe. Chunky sole. Sole height: 3.5 cm. / 1.3″,https://static.zara.net/photos///2023/V/1/1/p/3664/110/050/2/w/448/3664110050_6_1_1.jpg?ts=1677574954889,https://www.zara.com/in/en/criss-cross-flat-fabric-slider-sandals-p13664110.html,Women,4.0
1758,FLAT SLIDER SANDALS WITH PLEATED STRAPS,SHOES,3990.0,Flat slider sandals featuring fabric straps with a pleated effect. Round toe. Sole height: 2 cm. / 0.7″,https://static.zara.net/photos///2023/I/1/1/p/3682/110/800/2/w/448/3682110800_1_1_1.jpg?ts=1685434793063,https://www.zara.com/in/en/flat-slider-sandals-with-pleated-straps-p13682110.html,Women,4.5
1759,HEELED MULES WITH BOW,SHOES,3290.0,"Heeled fabric mules. Bow detail on the front. Square toe. Heel height of 8 cm. / 3.1″ AIRFIT®. Flexible technical latex foam insole, designed to offer greater comfort.View more",https://static.zara.net/photos///2023/I/1/1/p/3331/110/800/17/w/448/3331110800_1_1_1.jpg?ts=1687515603289,https://www.zara.com/in/en/heeled-mules-with-bow-p13331110.html,Women,4.8
1760,HIGH-HEEL STRAPPY SANDALS,SHOES,2890.0,"Heeled toe thong sandals. Thin straps. Square toe.Heel height of 4.5 cm. / 1.7″AIRFIT®. Flexible technical latex foam insole, designed to offer greater comfort.View more",https://static.zara.net/photos///2023/I/1/1/p/3322/110/800/17/w/448/3322110800_1_1_1.jpg?ts=1687515613761,https://www.zara.com/in/en/high-heel-strappy-sandals-p13322110.html,Women,4.7
1761,HIGH-HEEL MULES,SHOES,2890.0,"High-heel mules. Pointed toe.Heel height: 6 cm. / 2.3″AIRFIT®. Flexible technical latex foam insole, designed to offer greater comfort.View more",https://static.zara.net/photos///2023/I/1/1/p/3201/210/800/2/w/448/3201210800_1_1_1.jpg?ts=1691580503892,https://www.zara.com/in/en/high-heel-mules-p13201210.html,Women,4.8
1762,FLAT FABRIC SLIDER SANDALS,SHOES,3290.0,Flat fabric slider sandals. Square toe. Sole height: 1 cm. / 0.3″,https://static.zara.net/photos///2023/I/1/1/p/2605/110/202/2/w/448/2605110202_1_1_1.jpg?ts=1683272307510,https://www.zara.com/in/en/flat-fabric-slider-sandals-p12605110.html,Women,4.4
1763,FRINGED FLAT SANDALS,SHOES,2890.0,Flat slider sandals with fringing detail. Square toe. Sole height: 1 cm. / 0.3″,https://static.zara.net/photos///2023/V/1/1/p/3810/110/716/12/w/448/3810110716_1_1_1.jpg?ts=1684226666133,https://www.zara.com/in/en/fringed-flat-sandals-p13810110.html,Women,4.1
1764,TRAINERS,SHOES,2590.0,"Lace-up trainers. Chunky track soles.Sole height: 4 cm. / 1.5″STARFIT®. Flexible technical polyurethane foam insole, designed to offer greater comfort.View more",https://static.zara.net/photos///2023/I/1/1/p/5414/110/800/2/w/448/5414110800_6_1_1.jpg?ts=1685952959032,https://www.zara.com/in/en/trainers-p15414110.html,Women,3.4
1765,RUNNING TRAINERS,SHOES,4990.0,"Fabric running trainers. Rubberised track sole. Lace-up fastening. Sole height: 2 cm. / 0.7″ STARFIT®. Flexible technical polyurethane foam insole, designed to offer greater comfort.View more",https://static.zara.net/photos///2023/I/1/1/p/5009/210/035/2/w/448/5009210035_1_1_1.jpg?ts=1688127590700,https://www.zara.com/in/en/running-trainers-p15008210.html,Women,4.0
1766,FLORAL LEATHER SANDALS,SHOES,6990.0,"Leather high-heel sandals. Embellished floral front. Strap around the back. Round toe. Heel height: 10 cm. / 3.9″ AIRFIT®. Flexible technical latex foam insole, designed to offer greater comfort.View more",https://static.zara.net/photos///2023/I/1/1/p/1359/110/050/2/w/448/1359110050_1_1_1.jpg?ts=1685434792154,https://www.zara.com/in/en/floral-leather-sandals-p11359110.html,Women,3.7
1767,FLOWER LEATHER HIGH-HEEL SANDALS,SHOES,6990.0,"Leather high-heel sandals. Rhinestone flower detail on the front. Elastic strap at the back.Heel height of 11 cm. / 4.3″AIRFIT®. Flexible technical latex foam insole, designed to offer greater comfort.View more",https://static.zara.net/photos///2023/I/1/1/p/1350/110/500/2/w/448/1350110500_1_1_1.jpg?ts=1685434792026,https://www.zara.com/in/en/flower-leather-high-heel-sandals-p11350110.html,Women,5.0
1768,FLAT LEATHER SLIDER SANDALS WITH FLOWER,SHOES,5990.0,"Leather flat slider sandals. Flower detail on the front. Sole height: 1 cm. / 0.3″AIRFIT®. Flexible technical latex foam insole, designed to offer greater comfort.View more",https://static.zara.net/photos///2023/I/1/1/p/1636/110/060/2/w/448/1636110060_1_1_1.jpg?ts=1685434792292,https://www.zara.com/in/en/flat-leather-slider-sandals-with-flower-p11636110.html,Women,4.0
1769,COWBOY BOOTS WITH WEDGE DETAIL,SHOES,6990.0,"Cowboy-style knee-high boots. Wedge-shaped high heel. Pointed toe. Side pull tabs. Heel height: 7 cm. / 2.7″ AIRFIT®. Flexible technical latex foam insole, designed to offer greater comfort.View more",https://static.zara.net/photos///2023/I/1/1/p/3005/110/850/2/w/448/3005110850_1_1_1.jpg?ts=1692193070358,https://www.zara.com/in/en/cowboy-boots-with-wedge-detail-p13005110.html,Women,4.2
1770,STUDDED FLAT SLINGBACK SHOES,SHOES,3990.0,"Flat slingback shoes with studs. Strap across the instep and buckled strap around the back. Sole height: 2 cm. / 0.7″ AIRFIT®. Flexible technical latex foam insole, designed to offer greater comfort.View more",https://static.zara.net/photos///2023/I/1/1/p/3518/210/800/2/w/448/3518210800_1_1_1.jpg?ts=1691663457110,https://www.zara.com/in/en/studded-flat-slingback-shoes-p13518210.html,Women,4.3
1771,HIGH HEEL STUDDED SANDALS,SHOES,4990.0,"High-heel sandals with thin straps and studded details. Buckled ankle strap fastening. Heel height of 9.4 cm. / 3.7″ AIRFIT®. Flexible technical latex foam insole, designed to offer greater comfort.View more",https://static.zara.net/photos///2023/I/1/1/p/3300/210/800/2/w/448/3300210800_1_1_1.jpg?ts=1691666169184,https://www.zara.com/in/en/high-heel-studded-sandals-p13300210.html,Women,4.1
1772,MULE TRAINERS,SHOES,2890.0,"Fabric mule trainers. Rubberised toecap. Lace-up fastening. Sole height: 3.5 cm. / 1.3″ STARFIT®. Flexible technical polyurethane foam insole, designed to offer greater comfort.View more",https://static.zara.net/photos///2023/I/1/1/p/5410/210/800/2/w/448/5410210800_1_1_1.jpg?ts=1686914970850,https://www.zara.com/in/en/mule-trainers-p15409210.html,Women,4.9
1773,LEATHER MULE LOAFERS WITH BUCKLE,SHOES,4990.0,"Leather flat mule loafers. Metallic buckle detail on the front. Sole height: 1 cm. / 0.3″ AIRFIT®. Flexible technical latex foam insole, designed to offer greater comfort.View more",https://static.zara.net/photos///2023/I/1/1/p/2517/110/105/2/w/448/2517110105_1_1_1.jpg?ts=1690189294500,https://www.zara.com/in/en/leather-mule-loafers-with-buckle-p12504110.html,Women,3.8
1774,DENIM SLINGBACK SHOES WITH BUCKLE,SHOES,4990.0,"High-heel slingback shoes in denim fabric. Embellished buckle with rhinestones on the front. Pointed toe. Back strap. Heel height of 7 cm. / 2.7″ AIRFIT®. Flexible technical latex foam insole, designed to offer greater comfort.View more",https://static.zara.net/photos///2023/I/1/1/p/2230/210/043/2/w/448/2230210043_1_1_1.jpg?ts=1690466483754,https://www.zara.com/in/en/denim-slingback-shoes-with-buckle-p12230210.html,Women,4.2
1775,DENIM PLATFORM SANDALS,SHOES,5590.0,"High-heel platform sandals. Wide strap on the front. Buckled ankle strap fastening.Heel height of 12 cm. / 4.7″AIRFIT®. Flexible technical latex foam insole, designed to offer greater comfort.View more",https://static.zara.net/photos///2023/I/1/1/p/1811/210/017/2/w/448/1811210017_1_1_1.jpg?ts=1689686540516,https://www.zara.com/in/en/denim-platform-sandals-p11811210.html,Women,3.8
1776,DENIM FLAT SLIDER SANDALS WITH BUCKLE,SHOES,4990.0,Flat slider sandals in denim fabric featuring a thin strap on the front and wide strap on the instep. Buckle detail with rhinestones. Sole height: 1 cm. / 0.3″,https://static.zara.net/photos///2023/I/1/1/p/2648/210/043/2/w/448/2648210043_1_1_1.jpg?ts=1690466483667,https://www.zara.com/in/en/denim-flat-slider-sandals-with-buckle-p12648210.html,Women,3.5
1777,METALLIC HIGH-HEEL STRAPPY SANDALS,SHOES,3290.0,Metallic-effect high-heel sandals. Criss-cross straps on the front. Pointed square toe. Heel height of 10 cm. / 3.9″,https://static.zara.net/photos///2023/I/1/1/p/3337/110/253/3/w/448/3337110253_1_1_1.jpg?ts=1688128389997,https://www.zara.com/in/en/metallic-high-heel-strappy-sandals-p13337110.html,Women,3.8
1778,SPLIT SUEDE CLOGS WITH BUCKLE,SHOES,3990.0,Flat split suede clogs. Buckle on the side. Round toe. Sole height: 2.5 cm. / 0.9″,https://static.zara.net/photos///2023/I/1/1/p/3551/210/800/2/w/448/3551210800_1_1_1.jpg?ts=1691679675417,https://www.zara.com/in/en/split-suede-clogs-with-buckle-p13542210.html,Women,4.1
1779,HIGH-HEEL MESH SANDALS,SHOES,3990.0,"High-heel mesh sandals. Buckled ankle strap fastening. Pointed toe.Heel height of 9 cm. / 3.5″AIRFIT®. Flexible technical latex foam insole, designed to offer greater comfort.View more",https://static.zara.net/photos///2023/I/1/1/p/2301/210/800/2/w/448/2301210800_1_1_1.jpg?ts=1689686541127,https://www.zara.com/in/en/high-heel-mesh-sandals-p12301210.html,Women,3.9
1780,ANIMAL PRINT HEELED SLINGBACKS,SHOES,3990.0,"High-heel slingback shoes with an animal print. Plain-coloured toecap. Strap at the back with elastic piece. Pointed toe. AIRFIT®. Flexible technical latex foam insole, designed to offer greater comfort.Heel height: 9 cm. / 3.5″View more",https://static.zara.net/photos///2023/I/1/1/p/2212/110/201/2/w/448/2212110201_1_1_1.jpg?ts=1692354604787,https://www.zara.com/in/en/animal-print-heeled-slingbacks-p12212110.html,Women,3.8
1781,ANIMAL PRINT SLINGBACK SHOES,SHOES,3290.0,"Slingback ballet flats with an animal print. Plain-coloured toecap. Strap at the back with elastic piece. Pointed toe. Sole height: 1 cm. / 0.3″ AIRFIT®. Flexible technical latex foam insole, designed to offer greater comfort.View more",https://static.zara.net/photos///2023/I/1/1/p/2512/110/202/2/w/448/2512110202_1_1_1.jpg?ts=1692354604889,https://www.zara.com/in/en/animal-print-slingback-shoes-p12512110.html,Women,3.5
1782,SATIN FLAT SANDALS,SHOES,3990.0,Flat sandals in satin-effect fabric. Thin buckled straps. Strap around the back. Round toe. Sole height: 3 cm. / 1.1″,https://static.zara.net/photos///2023/I/1/1/p/2623/210/800/2/w/448/2623210800_1_1_1.jpg?ts=1686654977080,https://www.zara.com/in/en/satin-flat-sandals-p12623210.html,Women,4.1
1783,FLAT SLIDER SANDALS WITH RHINESTONE BUCKLES,SHOES,4990.0,Flat slider sandals in satin-effect fabric. Wide straps with rhinestone buckles. Round toe. Sole height: 3 cm. / 1.1″,https://static.zara.net/photos///2023/I/1/1/p/2616/210/010/2/w/448/2616210010_1_1_1.jpg?ts=1686582054789,https://www.zara.com/in/en/flat-slider-sandals-with-rhinestone-buckles-p12616210.html,Women,3.4
1784,GATHERED DENIM BOOTS,SHOES,7990.0,"High-heel boots in denim fabric. Gathered detail on the leg. Pointed toe.Heel height of 6 cm. / 2.3″AIRFIT®. Flexible technical latex foam insole, designed to offer greater comfort.View more",https://static.zara.net/photos///2023/I/1/1/p/2005/210/043/2/w/448/2005210043_1_1_1.jpg?ts=1692187517616,https://www.zara.com/in/en/gathered-denim-boots-p12005210.html,Women,4.4
1785,LAMINATED SANDALS WITH THIN STRAPS,SHOES,3990.0,"Laminated high-heel sandals. Straps on the front. Buckled ankle strap fastening. Round toe.Heel height of 9.2 cm. / 3.6″AIRFIT®. Flexible technical latex foam insole, designed to offer greater comfort.View more",https://static.zara.net/photos///2023/I/1/1/p/1324/210/091/2/w/448/1324210091_1_1_1.jpg?ts=1683625571017,https://www.zara.com/in/en/laminated-sandals-with-thin-straps-p11324210.html,Women,4.1
1786,LEATHER FLATFORM SANDALS,SHOES,5990.0,"Flat leather sandals. Toe divider. Chunky flatform sole. Buckled ankle strap fastening. Sole height: 4 cm. / 1.5″ AIRFIT®. Flexible technical latex foam insole, designed to offer greater comfort.View more",https://static.zara.net/photos///2023/V/1/1/p/1602/110/800/2/w/448/1602110800_1_1_1.jpg?ts=1676021168354,https://www.zara.com/in/en/leather-flatform-sandals-p11628211.html,Women,3.4
1787,METALLIC KITTEN HEEL SLINGBACK SHOES,SHOES,3990.0,Kitten heel slingback shoes with a metallic effect. Pointed toe. Back strap with elastic piece.Heel height of 4 cm. / 1.5″,https://static.zara.net/photos///2023/I/1/1/p/1205/210/808/2/w/448/1205210808_1_1_1.jpg?ts=1690189294464,https://www.zara.com/in/en/metallic-kitten-heel-slingback-shoes-p11205210.html,Women,4.0
1788,DENIM KITTEN HEEL SLINGBACK SHOES,SHOES,3990.0,Kitten heel slingback shoes in denim fabric. Pointed toe. Back strap with elastic piece. Heel height of 4 cm. / 1.5″,https://static.zara.net/photos///2023/I/1/1/p/1206/210/050/2/w/448/1206210050_6_1_1.jpg?ts=1690194822720,https://www.zara.com/in/en/denim-kitten-heel-slingback-shoes-p11206210.html,Women,3.8
1789,DENIM HEELED SLINGBACK SHOES,SHOES,3990.0,"Kitten heel slingback court shoes in denim fabric. Pointed toe. Back strap with elastic piece.Heel height of 4 cm. / 1.5″AIRFIT®. Flexible technical latex foam insole, designed to offer greater comfort.View more",https://static.zara.net/photos///2023/V/1/1/p/1229/110/017/2/1229110017_16_1_1/w/448/poster.jpg?ts=1678185367074,https://www.zara.com/in/en/denim-heeled-slingback-shoes-p11229110.html,Women,4.2
1790,FLAT FURRY SANDALS,SHOES,3990.0,Faux fur flat slider sandals. Thin straps with buckles. Buckled ankle strap fastening.Sole height: 1 cm. / 0.3″,https://static.zara.net/photos///2023/I/1/1/p/1633/210/202/2/w/448/1633210202_6_1_1.jpg?ts=1691137287124,https://www.zara.com/in/en/flat-furry-sandals-p11633210.html,Women,4.7
1791,FLAT DENIM SLIDER SANDALS,SHOES,3990.0,"Buckled flat slider sandals in denim fabric. Thick sole. Round toe. Adjustable buckle fastenings.Sole height: 2.5 cm. / 0.9″  AIRFIT®. Flexible technical latex foam insole, designed to offer greater comfort.View more",https://static.zara.net/photos///2023/I/1/1/p/2621/210/043/22/w/448/2621210043_1_1_1.jpg?ts=1683890152576,https://www.zara.com/in/en/flat-denim-slider-sandals-p12621210.html,Women,3.3
1792,RUBBERISED SPORTS SANDALS,SHOES,2590.0,Sporty sandals with a rubberised finish. Chunky track sole. Round toe. Sole height: 5 cm. / 1.9″,https://static.zara.net/photos///2023/I/1/1/p/5514/110/500/2/w/448/5514110500_1_1_1.jpg?ts=1685703343727,https://www.zara.com/in/en/rubberised-sports-sandals-p15514110.html,Women,4.2
1793,FLATFORM TRAINERS,SHOES,2890.0,Fabric trainers. Chunky flatform sole. Rubberised toecap. Lace-up fastening. Back pull tab. Sole height: 4 cm. / 1.5″,https://static.zara.net/photos///2023/I/1/1/p/5404/210/002/2/w/448/5404210002_1_1_1.jpg?ts=1685434793209,https://www.zara.com/in/en/flatform-trainers-p15404210.html,Women,4.0
1794,SATIN BALLET FLATS WITH BOW DETAIL,SHOES,2890.0,"Satin ballet flats. Bow detail on the front. Round toe.Sole height: 1 cm. / 0.3″AIRFIT®. Flexible technical latex foam insole, designed to offer greater comfort.View more",https://static.zara.net/photos///2023/I/1/1/p/2590/110/800/2/w/448/2590110800_1_1_1.jpg?ts=1691139836708,https://www.zara.com/in/en/satin-ballet-flats-with-bow-detail-p12590110.html,Women,4.4
1795,METALLIC CROCHET BALLET FLATS,SHOES,4990.0,Metallic-effect crochet ballet flats. Chain ankle strap. Round toe. Sole height: 1 cm. / 0.3″,https://static.zara.net/photos///2023/I/1/1/p/1501/210/091/2/w/448/1501210091_1_1_1.jpg?ts=1690466482124,https://www.zara.com/in/en/metallic-crochet-ballet-flats-p11501210.html,Women,4.2
1796,LEATHER SANDALS WITH BLOCK HEEL AND BUCKLES,SHOES,5990.0,Leather sandals with block heels. Buckled straps on the front. Strap around the back. Square toe. Heel height: 7.5 cm. / 2.9″,https://static.zara.net/photos///2023/I/1/1/p/1315/110/800/2/w/448/1315110800_1_1_1.jpg?ts=1689331591196,https://www.zara.com/in/en/leather-sandals-with-block-heel-and-buckles-p11315110.html,Women,3.8
1797,ASYMMETRIC HEELED SANDALS,SHOES,3990.0,High-heel sandals with an asymmetric upper. Thin straps that cross at the ankle with buckle fastening. Square toe. Heel height of 9 cm. / 3.5″,https://static.zara.net/photos///2023/I/1/1/p/1323/210/001/2/w/448/1323210001_1_1_1.jpg?ts=1688732310854,https://www.zara.com/in/en/asymmetric-heeled-sandals-p11323210.html,Women,4.0
1798,LEATHER STRAPPY SANDALS,SHOES,6990.0,Leather flat slider sandals. Criss-cross straps on the front with metallic details.Sole height: 1 cm. / 0.3″,https://static.zara.net/photos///2023/I/1/1/p/1610/210/105/2/w/448/1610210105_1_1_1.jpg?ts=1688553116596,https://www.zara.com/in/en/leather-strappy-sandals-p11610210.html,Women,3.7
1799,FLAT SPLIT SUEDE SLIDER SANDALS WITH STUDS,SHOES,5590.0,Flat split suede sandals. Studs and double buckled strap at the front. Buckled ankle strap fastening.Sole height: 1 cm. / 0.3″,https://static.zara.net/photos///2023/I/1/1/p/1636/210/032/22/w/448/1636210032_1_1_1.jpg?ts=1684317853254,https://www.zara.com/in/en/flat-split-suede-slider-sandals-with-studs-p11636210.html,Women,4.6
1800,METALLIC LEATHER SANDALS,SHOES,3290.0,Leather flat toe thong slider sandals with a metallic effect. Criss-cross thin straps with toe divider. Buckled ankle strap fastening. Round toe. Sole height: 1 cm. / 0.3″View more,https://static.zara.net/photos///2023/I/1/1/p/1615/210/091/2/w/448/1615210091_1_1_1.jpg?ts=1685615022490,https://www.zara.com/in/en/metallic-leather-sandals-p11615210.html,Women,4.1
1801,HIGH-HEEL SANDALS WITH ANKLE STRAP,SHOES,3290.0,"High-heel sandals with a metallic effect. Wide strap on the front. Buckled ankle strap fastening. Heel height of 9 cm. / 3.5″AIRFIT®. Flexible technical latex foam insole, designed to offer greater comfort.View more",https://static.zara.net/photos///2023/I/1/1/p/3308/210/808/2/w/448/3308210808_1_1_1.jpg?ts=1689599720633,https://www.zara.com/in/en/high-heel-sandals-with-ankle-strap-p13308210.html,Women,5.0
1802,CONTRAST RUNNING TRAINERS,SHOES,3290.0,"Running trainers in a combination of materials and colours. Leather details. Lace-up fastening.Sole height: 3 cm. / 1.1″STARFIT®. Flexible technical polyurethane foam insole, designed to offer greater comfort.View more",https://static.zara.net/photos///2023/I/1/1/p/5002/210/202/23/w/448/5002210202_1_1_1.jpg?ts=1683894638587,https://www.zara.com/in/en/contrast-running-trainers-p15002210.html,Women,4.1
1803,LACE UP HIGH-HEEL SANDALS WITH STRAPS,SHOES,3290.0,"High-heel sandals. Thin straps on the front. Tied closure around the ankle. Round toe.Heel height: 9.5 cm. / 3.7″AIRFIT®. Flexible technical latex foam insole, designed to offer greater comfort.View more",https://static.zara.net/photos///2023/I/1/1/p/3302/210/091/2/w/448/3302210091_1_1_1.jpg?ts=1684229580723,https://www.zara.com/in/en/lace-up-high-heel-sandals-with-straps-p13302210.html,Women,3.8
1804,HIGH-HEEL LACE-UP SANDALS WITH STRAPS,SHOES,3290.0,"High-heel sandals. Thin straps on the front. Tied closure around the ankle. Round toe.Heel height of 7.5 cm. / 2.9″AIRFIT®. Flexible technical latex foam insole, designed to offer greater comfort.View more",https://static.zara.net/photos///2023/I/1/1/p/3304/210/050/2/w/448/3304210050_1_1_1.jpg?ts=1684228900000,https://www.zara.com/in/en/high-heel-lace-up-sandals-with-straps-p13304210.html,Women,3.4
1805,LEATHER COWBOY ANKLE BOOTS WITH STARS,SHOES,8990.0,"Flat leather cowboy-style ankle boots. Star design on the upper and pull tabs on the sides. Pointed toe.Heel height: 4.5 cm. / 1.7″ AIRFIT®. Flexible technical latex foam insole, designed to offer greater comfort.View more",https://static.zara.net/photos///2023/I/1/1/p/3104/210/202/2/w/448/3104210202_1_1_1.jpg?ts=1692187515307,https://www.zara.com/in/en/leather-cowboy-ankle-boots-with-stars-p13104210.html,Women,3.3
1806,LEATHER COWBOY BOOTS WITH STARS,SHOES,12990.0,"Flat leather cowboy-style boots. Star design on the upper and pull tabs on the sides. Pointed toe.Heel height: 4.5 cm. / 1.7″ AIRFIT®. Flexible technical latex foam insole, designed to offer greater comfort.View more",https://static.zara.net/photos///2023/I/1/1/p/3000/210/202/2/w/448/3000210202_1_1_1.jpg?ts=1692187515800,https://www.zara.com/in/en/leather-cowboy-boots-with-stars-p13000210.html,Women,3.4
1807,FLAT STRAPPY SLIDER SANDALS,SHOES,2590.0,Flat slider sandals with straps and metal detail. Square toe. Sole height: 1.5 cm. / 0.5″,https://static.zara.net/photos///2023/I/1/1/p/3805/210/100/2/w/448/3805210100_1_1_1.jpg?ts=1688127590577,https://www.zara.com/in/en/flat-strappy-slider-sandals-p13805210.html,Women,4.2
1808,FLAT LEATHER SLIDER SANDALS,SHOES,5990.0,Leather flat slider sandals with wide criss-cross straps. Featuring metal studs and a round toe. Sole height: 3 cm. / 1.1″,https://static.zara.net/photos///2023/I/1/1/p/2622/210/002/3/w/448/2622210002_1_1_1.jpg?ts=1690984377115,https://www.zara.com/in/en/flat-leather-slider-sandals-p12622210.html,Women,4.3
1809,LEATHER FLAT LACE UP SANDALS,SHOES,5990.0,Flat slider sandals in soft leather. Metallic detail on the front. Tied closure around the ankle.Sole height: 1 cm. / 0.3″,https://static.zara.net/photos///2023/I/1/1/p/2655/210/105/2/w/448/2655210105_1_1_1.jpg?ts=1689753499541,https://www.zara.com/in/en/leather-flat-lace-up-sandals-p12655210.html,Women,3.4
1810,LACE UP FLATFORM SANDALS,SHOES,5990.0,Sporty sandals with thin straps. Chunky flatform sole. Buckled ankle strap fastening. Sole height: 6.5 cm. / 2.5″,https://static.zara.net/photos///2023/I/1/1/p/3680/110/400/2/w/448/3680110400_6_1_1.jpg?ts=1688038062840,https://www.zara.com/in/en/lace-up-flatform-sandals-p13680110.html,Women,4.5
1811,FLATFORM SPORTY SANDALS,SHOES,5990.0,Sporty sandals with fabric straps. Chunky flatform sole. Hook-and-loop strap fastening. Round toe. Sole height: 6.5 cm. / 2.5″,https://static.zara.net/photos///2023/I/1/1/p/3677/110/719/2/w/448/3677110719_6_1_1.jpg?ts=1687787474892,https://www.zara.com/in/en/flatform-sporty-sandals-p13677110.html,Women,3.9
1812,FLOWER DENIM HIGH-HEEL SANDALS,SHOES,3990.0,"High-heel sandals in denim fabric. Thin straps with flower detail on the front. Round toe. Heel height of 8 cm. / 3.1″ AIRFIT®. Flexible technical latex foam insole, designed to offer greater comfort.View more",https://static.zara.net/photos///2023/I/1/1/p/1389/210/017/2/w/448/1389210017_1_1_1.jpg?ts=1690968920803,https://www.zara.com/in/en/flower-denim-high-heel-sandals-p11389210.html,Women,4.2
1813,HIGH-HEEL SANDALS WITH FLORAL DETAILS,SHOES,3990.0,"Heeled sandals with a faux-patent-finish. Thin straps with floral details on the front. Round toe. Heel height of 8 cm. / 3.1″ AIRFIT®. Flexible technical latex foam insole, designed to offer greater comfort.View more",https://static.zara.net/photos///2023/I/1/1/p/1388/210/800/2/w/448/1388210800_1_1_1.jpg?ts=1690984397407,https://www.zara.com/in/en/high-heel-sandals-with-floral-details-p11388210.html,Women,4.8
1814,RHINESTONE FLAT SANDALS,SHOES,2890.0,"Flat sandals. Rhinestone details on the straps. Round toe. Buckled ankle strap fastening.Sole height: 1 cm. / 0.3″AIRFIT®. Flexible technical latex foam insole, designed to offer greater comfort.View more",https://static.zara.net/photos///2023/I/1/1/p/3606/210/002/2/w/448/3606210002_1_1_1.jpg?ts=1688732312684,https://www.zara.com/in/en/-p13602210.html,Women,4.5
1815,Not Found,SHOES,,Not Found,,https://www.zara.com/in/en/-pT1351521000.html,Women,4.0
1816,SEQUIN BALLERINAS,SHOES,2890.0,"Ballet flats. Sequinned detail on the upper. Round toe. Sole height: 1 cm. / 0.3″AIRFIT®. Flexible technical latex foam insole, designed to offer greater comfort.View more",https://static.zara.net/photos///2023/I/1/1/p/3517/210/002/2/w/448/3517210002_1_1_1.jpg?ts=1688127590453,https://www.zara.com/in/en/sequin-ballerinas-p13515210.html,Women,3.7
1817,FLAT ANIMAL PRINT ESPADRILLES,SHOES,2890.0,Flat fabric espadrilles with animal print. Round toe. Sole height: 2 cm. / 0.7″,https://static.zara.net/photos///2023/I/1/1/p/3520/210/195/2/w/448/3520210195_6_1_1.jpg?ts=1689073833649,https://www.zara.com/in/en/flat-animal-print-espadrilles-p13520210.html,Women,3.1
1818,VELVET FLAT SHOES,SHOES,3290.0,"Velvet ballet flats. Trim with piping. Round toe. Buckled strap fastening on the instep. Sole height: 1 cm. / 0.3″AIRFIT®. Flexible technical latex foam insole, designed to offer greater comfort.View more",https://static.zara.net/photos///2023/I/1/1/p/2587/110/500/2/w/448/2587110500_1_1_1.jpg?ts=1692356271261,https://www.zara.com/in/en/velvet-flat-shoes-p12586110.html,Women,3.8
1819,BALLET FLATS WITH ANIMAL PRINT,SHOES,3990.0,Ballet flats with an animal print. Buckled ankle strap on the front. Sole height: 1 cm. / 0.3″,https://static.zara.net/photos///2023/I/1/1/p/2591/110/195/2/w/448/2591110195_1_1_1.jpg?ts=1692354605195,https://www.zara.com/in/en/ballet-flats-with-animal-print-p12591110.html,Women,4.0
1820,FLAT LEATHER CAGE SANDALS,SHOES,4990.0,"Flat leather cage sandals. Wide straps on the front. Buckled ankle strap fastening.Sole height: 2 cm. / 0.7″AIRFIT®. Flexible technical latex foam insole, designed to offer greater comfort.View more",https://static.zara.net/photos///2023/I/1/1/p/1511/210/800/2/w/448/1511210800_1_1_1.jpg?ts=1689674130303,https://www.zara.com/in/en/flat-leather-cage-sandals-p11511210.html,Women,3.7
1821,HIGH-HEEL STRAPPY SANDALS,SHOES,3290.0,"High-heel sandals with thin straps. Faux patent finish. Buckled ankle strap fastening. Heel height: 7 cm. / 2.7″ AIRFIT®. Flexible technical latex foam insole, designed to offer greater comfort.View more",https://static.zara.net/photos///2023/I/1/1/p/2324/210/800/2/w/448/2324210800_6_1_1.jpg?ts=1689932910967,https://www.zara.com/in/en/high-heel-strappy-sandals-p12324210.html,Women,4.0
1822,METALLIC HIGH-HEEL STRAPPY SANDALS,SHOES,3290.0,"High-heel sandals with thin straps. Metallic effect. Buckled ankle strap fastening. Heel height: 9 cm. / 3.5″ AIRFIT®. Flexible technical latex foam insole, designed to offer greater comfort.View more",https://static.zara.net/photos///2023/I/1/1/p/2323/210/808/2/w/448/2323210808_6_1_1.jpg?ts=1689867339378,https://www.zara.com/in/en/metallic-high-heel-strappy-sandals-p12323210.html,Women,4.1
1823,LACE UP FLAT SANDALS,SHOES,3290.0,Flat slider sandals with thin straps at the ankle. Round toe. Buckle fastening. Sole height: 2 cm. / 0.7″,https://static.zara.net/photos///2023/I/1/1/p/2640/110/105/2/w/448/2640110105_1_1_1.jpg?ts=1684917675721,https://www.zara.com/in/en/lace-up-flat-sandals-p12639110.html,Women,4.0
1824,NEOPRENE WEDGE SANDALS,SHOES,4990.0,Neoprene wedge sandals. Wide straps with toe divider. Round toe. Wedge height: 10.3 cm. / 4.0″,https://static.zara.net/photos///2023/I/1/1/p/3304/110/800/2/w/448/3304110800_1_1_1.jpg?ts=1688470623658,https://www.zara.com/in/en/neoprene-wedge-sandals-p13304110.html,Women,3.8
1825,FRAYED FLAT SLIDER SANDALS,SHOES,2290.0,Fabric toe thong flat slider sandals with frayed trims. Straps. Round toe. Sole height: 1 cm. / 0.3″,https://static.zara.net/photos///2023/I/1/1/p/2603/210/002/2/w/448/2603210002_1_1_1.jpg?ts=1686037449732,https://www.zara.com/in/en/frayed-flat-slider-sandals-p12603210.html,Women,4.2
1826,HEELED LEATHER CAGE SANDALS WITH BUCKLES,SHOES,6990.0,"Heeled leather boot-style cage sandals. Wide straps on the front. Buckled ankle strap fastening.Heel height of 5 cm. / 1.9″AIRFIT®. Flexible technical latex foam insole, designed to offer greater comfort.View more",https://static.zara.net/photos///2023/I/1/1/p/1385/210/800/2/w/448/1385210800_1_1_1.jpg?ts=1689753100800,https://www.zara.com/in/en/heeled-leather-cage-sandals-with-buckles-p11385210.html,Women,4.3
1827,TRAINERS WITH ANIMAL PRINT DETAIL,SHOES,3290.0,"Trainers in a combination of materials and colours. Lace-up fastening.STARFIT®. Flexible technical polyurethane foam insole, designed to offer greater comfort.Sole height: 2.3 cm. / 0.9″View more",https://static.zara.net/photos///2023/I/1/1/p/5673/010/001/2/w/448/5673010001_1_1_1.jpg?ts=1691580503598,https://www.zara.com/in/en/trainers-with-animal-print-detail-p15673010.html,Women,3.6
1828,LEATHER PLATFORM TRAINERS,SHOES,5990.0,Lace-up trainers. Contrast piece at the back. Platform sole.Sole height: 4 cm. / 1.5″,https://static.zara.net/photos///2023/V/1/1/p/5430/110/001/2/w/448/5430110001_6_1_1.jpg?ts=1680519260656,https://www.zara.com/in/en/leather-platform-trainers-p15430110.html,Women,4.7
1829,TRAINERS,SHOES,2290.0,"Trainers with contrast material details on the back. Chunky sole. Lace-up fastening. Sole height: 3 cm. / 1.1″ STARFIT®. Flexible technical polyurethane foam insole, designed to offer greater comfort.View more",https://static.zara.net/photos///2023/I/1/1/p/5366/010/001/17/w/448/5366010001_1_1_1.jpg?ts=1687362300162,https://www.zara.com/in/en/trainers-p15366010.html,Women,4.1
1830,FABRIC RUNNING TRAINERS,SHOES,3290.0,"Canvas running trainers. Track sole. Lace-up fastening. Sole height: 3 cm. / 1.1″STARFIT®. Flexible technical polyurethane foam insole, designed to offer greater comfort.View more",https://static.zara.net/photos///2023/I/1/1/p/5000/210/002/2/w/448/5000210002_1_1_1.jpg?ts=1689157161903,https://www.zara.com/in/en/fabric-running-trainers-p15000210.html,Women,4.1
1831,LACE UP LEATHER SANDALS WITH FEATHERS,SHOES,6990.0,Leather sandals with a metallic effect. High heels. Thin straps for tying at the ankle. Feather details. Round toe. Heel height of 10 cm. / 3.9″,https://static.zara.net/photos///2023/I/1/1/p/1311/210/808/2/w/448/1311210808_1_1_1.jpg?ts=1686312021183,https://www.zara.com/in/en/lace-up-leather-sandals-with-feathers-p11311210.html,Women,4.4
1832,FEATHER FLAT SANDALS,SHOES,4990.0,Toe thong flat slider sandals. Straps with toe divider. Matching feathers. Sole height: 1 cm. / 0.3″,https://static.zara.net/photos///2023/I/1/1/p/1604/210/052/2/w/448/1604210052_6_1_1.jpg?ts=1686145886306,https://www.zara.com/in/en/feather-flat-sandals-p11604210.html,Women,4.2
1833,HIGH-HEEL SANDALS WITH FEATHERS,SHOES,6990.0,"High-heel sandals. Front straps with feather details. Heel height: 7 cm. / 2.7″ AIRFIT®. Flexible technical latex foam insole, designed to offer greater comfort.View more",https://static.zara.net/photos///2023/I/1/1/p/1313/210/035/2/w/448/1313210035_6_1_1.jpg?ts=1685613101721,https://www.zara.com/in/en/high-heel-sandals-with-feathers-p11310210.html,Women,4.5
1834,HEELED SANDALS WITH RHINESTONE STRAPS,SHOES,3990.0,"High-heel sandals. Rhinestone details on the straps. Buckled ankle strap fastening.Heel height: 6.5 cm. / 2.5″AIRFIT®. Flexible technical latex foam insole, designed to offer greater comfort.View more",https://static.zara.net/photos///2023/I/1/1/p/3342/210/098/2/w/448/3342210098_1_1_1.jpg?ts=1688732312711,https://www.zara.com/in/en/heeled-sandals-with-rhinestone-straps-p13342210.html,Women,4.2
1835,PLATFORM SANDALS,SHOES,6990.0,Platform sandals in leather. Wide strap on the front. Round toe.Heel height of 11.4 cm. / 4.4″,https://static.zara.net/photos///2023/I/1/1/p/1336/210/001/2/w/448/1336210001_1_1_1.jpg?ts=1688732310500,https://www.zara.com/in/en/platform-sandals-p11336210.html,Women,3.8
1836,LEATHER WEDGE SANDALS,SHOES,5990.0,"Leather sandals. Wide straps on the front. Wedge-shaped heel. Buckled ankle strap fastening.Heel height of 7.8 cm. / 3.0″ AIRFIT®. Flexible technical latex foam insole, designed to offer greater comfort.View more",https://static.zara.net/photos///2023/I/1/1/p/1369/210/105/2/w/448/1369210105_1_1_1.jpg?ts=1685549132099,https://www.zara.com/in/en/leather-wedge-sandals-p11369210.html,Women,4.3
1837,METAL TOE RING LEATHER SANDALS,SHOES,3990.0,"Leather sandals. Metal ring detail. Buckled ankle strap. Round toe.Sole height: 1 cm. / 0.3″AIRFIT®. Flexible technical latex foam insole, designed to offer greater comfort.View more",https://static.zara.net/photos///2023/I/1/1/p/1614/210/700/2/w/448/1614210700_1_1_1.jpg?ts=1683625570790,https://www.zara.com/in/en/metal-toe-ring-leather-sandals-p11614210.html,Women,3.6
1838,FLAT SLINGBACK SHOES,SHOES,3990.0,Minimalist flat slingback shoes. Round toe. Strap at the back. Sole height: 1 cm. / 0.3″,https://static.zara.net/photos///2023/I/1/1/p/3203/210/001/2/w/448/3203210001_1_1_1.jpg?ts=1690466480299,https://www.zara.com/in/en/flat-slingback-shoes-p13203210.html,Women,4.1
1839,MESH FLAT SLINGBACK SHOES,SHOES,3990.0,Mesh flat slingback shoes. Round toe. Strap at the back. Sole height: 1 cm. / 0.3″,https://static.zara.net/photos///2023/I/1/1/p/3510/210/800/2/w/448/3510210800_1_1_1.jpg?ts=1690466482307,https://www.zara.com/in/en/mesh-flat-slingback-shoes-p13510210.html,Women,4.1
1840,QUILTED HEELED SANDALS,SHOES,3990.0,Sandals with a faux patent finish. Quilted strap on the front. High heel with raised details. Round toe. Heel height of 8.5 cm. / 3.3″,https://static.zara.net/photos///2023/I/1/1/p/3301/210/800/2/w/448/3301210800_1_1_1.jpg?ts=1689149034050,https://www.zara.com/in/en/quilted-heeled-sandals-p13301210.html,Women,4.0
1841,ANIMAL PRINT TRAINERS,SHOES,3290.0,"Trainers with an animal print. Rubberised toecap. Lace-up fastening. Sole height: 3.5 cm. / 1.3″STARFIT®. Flexible technical polyurethane foam insole, designed to offer greater comfort.View more",https://static.zara.net/photos///2023/I/1/1/p/5418/110/202/17/w/448/5418110202_1_1_1.jpg?ts=1686315732182,https://www.zara.com/in/en/animal-print-trainers-p15425210.html,Women,4.0
1842,FABRIC TRAINERS,SHOES,2890.0,"Fabric trainers. Lace-up fastening.Sole height: 3 cm. / 1.1″STARFIT®. Flexible technical polyurethane foam insole, designed to offer greater comfort.View more",https://static.zara.net/photos///2023/I/1/1/p/5403/210/001/2/w/448/5403210001_1_1_1.jpg?ts=1683717472297,https://www.zara.com/in/en/fabric-trainers-p15403210.html,Women,3.3
1843,LEATHER COWBOY-HEEL ANKLE BOOTS,SHOES,6990.0,"Heeled leather ankle boots. Cowboy style. Pointed toe. Zip fastening on the side. Heel height of 8.4 cm. / 3.3″ AIRFIT®. Flexible technical latex foam insole, designed to offer greater comfort.View more",https://static.zara.net/photos///2023/I/1/1/p/2109/210/113/2/w/448/2109210113_1_1_1.jpg?ts=1690984397468,https://www.zara.com/in/en/leather-cowboy-heel-ankle-boots-p12109210.html,Women,3.9
1844,SPLIT SUEDE COWBOY BOOTS,SHOES,9990.0,"Leather mid-calf boots. Cowboy style. Embroidered detail on the leg. Pull tabs on the sides. Pointed toe. Heel height of 6 cm. / 2.3″ AIRFIT®. Flexible technical latex foam insole, designed to offer greater comfort.View more",https://static.zara.net/photos///2023/I/1/1/p/2003/210/105/2/w/448/2003210105_1_1_1.jpg?ts=1690536142825,https://www.zara.com/in/en/split-suede-cowboy-boots-p12003210.html,Women,4.1
1845,BUCKLED FLAT SANDALS,SHOES,3290.0,"Flat slider sandals with two straps, a metal buckle and a round toe. Sole height: 2.5 cm. / 0.9″",https://static.zara.net/photos///2023/I/1/1/p/2624/210/001/3/w/448/2624210001_1_1_1.jpg?ts=1685706474960,https://www.zara.com/in/en/buckled-flat-sandals-p12624210.html,Women,4.2
1846,VINYL MULES,SHOES,3290.0,Vinyl high-heel mules. Square toe. Heel height of 9 cm. / 3.5″,https://static.zara.net/photos///2023/I/1/1/p/1807/210/097/2/w/448/1807210097_15_1_1.jpg?ts=1685098942973,https://www.zara.com/in/en/vinyl-mules-p11807210.html,Women,3.6
1847,BALLET FLATS WITH BOW AND SQUARE TOE,SHOES,3290.0,Ballet flats. Bow detail on the front. Square toe.Sole height: 1 cm. / 0.3″,https://static.zara.net/photos///2023/S/1/1/p/3508/210/800/2/w/448/3508210800_1_1_1.jpg?ts=1691651563566,https://www.zara.com/in/en/ballet-flats-with-bow-and-square-toe-p13508210.html,Women,4.7
1848,BALLET FLATS WITH SQUARE TOE AND BUCKLE,SHOES,3990.0,"Ballet flats. Strap detail with buckle. Square toe.Sole height: 1 cm. / 0.3″AIRFIT®. Flexible technical latex foam insole, designed to offer greater comfort.View more",https://static.zara.net/photos///2023/I/1/1/p/3507/210/808/2/w/448/3507210808_1_1_1.jpg?ts=1691580503552,https://www.zara.com/in/en/ballet-flats-with-square-toe-and-buckle-p13507210.html,Women,3.7
1849,FLAT SANDALS WITH KNOTS,SHOES,3290.0,Flat slider sandals with straps and knot details. Square toe. Sole height: 1.5 cm. / 0.5″,https://static.zara.net/photos///2023/I/1/1/p/2613/110/001/2/w/448/2613110001_1_1_1.jpg?ts=1688732312693,https://www.zara.com/in/en/flat-sandals-with-knots-p12613110.html,Women,4.5
1850,BRAIDED CHUNKY HEEL SANDALS,SHOES,3290.0,"Sandals with a metallic effect block heel. Front straps with braided detail. Square toe.Heel height of 6 cm. / 2.3″AIRFIT®. Flexible technical latex foam insole, designed to offer greater comfort.View more",https://static.zara.net/photos///2023/I/1/1/p/2317/110/091/2/w/448/2317110091_1_1_1.jpg?ts=1686315080510,https://www.zara.com/in/en/braided-chunky-heel-sandals-p12317110.html,Women,4.3
1851,DENIM BALLET FLATS,SHOES,3290.0,"Denim ballet flats. Bow detail on the front and elasticated strap on the instep. Round toe.Sole height: 1 cm. / 0.3″AIRFIT®. Flexible technical latex foam insole, designed to offer greater comfort.View more",https://static.zara.net/photos///2023/I/1/1/p/1529/210/017/2/w/448/1529210017_1_1_1.jpg?ts=1692187516665,https://www.zara.com/in/en/denim-ballet-flats-p11529210.html,Women,3.8
1852,VINYL HEELED SANDALS,SHOES,3290.0,"High-heel vinyl sandals. Square toe. Buckled ankle strap fastening. Heel height of 10 cm. / 3.9″AIRFIT®. Flexible technical latex foam insole, designed to offer greater comfort.View more",https://static.zara.net/photos///2023/I/1/1/p/3300/110/087/17/w/448/3300110087_1_1_1.jpg?ts=1687362355962,https://www.zara.com/in/en/vinyl-heeled-sandals-p13300110.html,Women,4.9
1853,HIGH-HEEL STRAPPY SANDALS,SHOES,3290.0,"High-heel sandals with thin tubular straps. Round toe. Buckled ankle strap fastening. Heel height: 9.5 cm. / 3.7″ AIRFIT®. Flexible technical latex foam insole, designed to offer greater comfort.View more",https://static.zara.net/photos///2023/V/1/1/p/3318/110/001/23/w/448/3318110001_1_1_1.jpg?ts=1684228147663,https://www.zara.com/in/en/high-heel-strappy-sandals-p13318110.html,Women,3.6
1854,LEATHER HIGH-HEEL SLINGBACK SHOES,SHOES,5990.0,"Leather slingback court shoes. Stiletto heel. Buckled doubled ankle strap fastening. Pointed toe. Heel height: 9.5 cm. / 3.7″ AIRFIT®. Flexible technical latex foam insole, designed to offer greater comfort.View more",https://static.zara.net/photos///2023/I/1/1/p/1203/210/060/2/w/448/1203210060_1_1_1.jpg?ts=1689149034621,https://www.zara.com/in/en/leather-high-heel-slingback-shoes-p11203210.html,Women,4.5
1855,FLATFORM CAGE SANDALS WITH BUCKLES,SHOES,5990.0,"Flat cage sandals. Buckled straps on the front. Flatform track sole. Round toe.Sole height: 6 cm. / 2.3″AIRFIT®. Flexible technical latex foam insole, designed to offer greater comfort.View more",https://static.zara.net/photos///2023/I/1/1/p/1612/210/800/2/w/448/1612210800_1_1_1.jpg?ts=1692187516590,https://www.zara.com/in/en/flatform-cage-sandals-with-buckles-p11612210.html,Women,4.6
1856,DENIM SANDALS WITH RHINESTONES,SHOES,5990.0,Denim sandals. Frayed detailing and rhinestones on the upper. Double buckled strap on the front.Sole height: 2.5 cm. / 0.9″,https://static.zara.net/photos///2023/I/1/1/p/3615/210/400/2/w/448/3615210400_1_1_1.jpg?ts=1689686541540,https://www.zara.com/in/en/denim-sandals-with-rhinestones-p13615210.html,Women,3.8
1857,LEATHER FLAT SANDALS WITH SEASHELLS,SHOES,5990.0,"Leather flat slider sandals. Straps on the front with toe divider and seashell details. Round toe.Sole height: 1 cm. / 0.3″ AIRFIT®. Flexible technical latex foam insole, designed to offer greater comfort.View more",https://static.zara.net/photos///2023/I/1/1/p/1629/210/111/2/w/448/1629210111_1_1_1.jpg?ts=1689753393010,https://www.zara.com/in/en/leather-flat-sandals-with-seashells-p11629210.html,Women,4.7
1858,SPLIT SUEDE SANDALS WITH FRINGING,SHOES,5990.0,"Split suede flat slider sandals. Fringing on the front.Sole height: 1 cm. / 0.3″AIRFIT®. Flexible technical latex foam insole, designed to offer greater comfort.View more",https://static.zara.net/photos///2023/I/1/1/p/1630/210/111/2/w/448/1630210111_1_1_1.jpg?ts=1689753420081,https://www.zara.com/in/en/split-suede-sandals-with-fringing-p11630210.html,Women,4.0
1859,EMBELLISHED LEATHER HEELED SANDALS,SHOES,5990.0,"High-heel leather sandals. Thin straps with metallic embellishments at the front. Round toe. Buckled ankle strap fastening. Heel height of 10 cm. / 3.9″ AIRFIT®. Flexible technical latex foam insole, designed to offer greater comfort.View more",https://static.zara.net/photos///2023/I/1/1/p/1325/210/001/2/w/448/1325210001_1_1_1.jpg?ts=1689157161943,https://www.zara.com/in/en/embellished-leather-heeled-sandals-p11325210.html,Women,4.2
1860,FLAT METALLIC LEATHER SANDALS,SHOES,2890.0,Flat leather slider sandals. Metallic effect. Straps with toe divider. Buckled ankle strap fastening. Sole height: 1.5 cm. / 0.5″,https://static.zara.net/photos///2023/I/1/1/p/3614/210/091/2/w/448/3614210091_1_1_1.jpg?ts=1683875321804,https://www.zara.com/in/en/flat-metallic-leather-sandals-p13614210.html,Women,4.2
1861,FABRIC MULE TRAINERS,SHOES,2890.0,"Fabric mule trainers. Rubberised sole. Lace-up fastening.Sole height: 2 cm. / 0.7″STARFIT®. Flexible technical polyurethane foam insole, designed to offer greater comfort.View more",https://static.zara.net/photos///2023/I/1/1/p/5423/110/202/2/w/448/5423110202_1_1_1.jpg?ts=1688553117744,https://www.zara.com/in/en/fabric-mule-trainers-p15423110.html,Women,4.0
1862,GATHERED BALLET FLATS,SHOES,2890.0,"Ballet flats. Elastic strap on the instep. Round toeSole height: 1 cm. / 0.3″AIRFIT®. Flexible technical latex foam insole, designed to offer greater comfort.View more",https://static.zara.net/photos///2023/I/1/1/p/3505/210/001/2/w/448/3505210001_1_1_1.jpg?ts=1683800282027,https://www.zara.com/in/en/gathered-ballet-flats-p13505210.html,Women,4.5
1863,SATIN BALLET FLATS,SHOES,2890.0,"Ballet flats in satin fabric. Elastic strap across the instep. Round toe. Sole height: 1 cm. / 0.3″ AIRFIT®. Flexible technical latex foam insole, designed to offer greater comfort.View more",https://static.zara.net/photos///2023/V/1/1/p/3525/110/050/12/w/448/3525110050_1_1_1.jpg?ts=1684226598286,https://www.zara.com/in/en/satin-ballet-flats-p13525110.html,Women,4.5
1864,FABRIC BALLET FLATS,SHOES,2890.0,"Fabric ballet flats. Elastic strap across the instep. Round toe.Sole height: 1 cm. / 0.3″ AIRFIT®. Flexible technical latex foam insole, designed to offer greater comfort.View more",https://static.zara.net/photos///2023/V/1/1/p/3526/110/800/12/w/448/3526110800_1_1_1.jpg?ts=1679993862640,https://www.zara.com/in/en/fabric-ballet-flats-p13526110.html,Women,3.3
1865,MINIMALIST FLAT LEATHER SLIDER SANDALS,SHOES,2890.0,Minimalist flat leather slider sandals. Wide strap on the front. Sole height: 1 cm. / 0.3″,https://static.zara.net/photos///2023/I/1/1/p/3600/210/131/22/w/448/3600210131_1_1_1.jpg?ts=1688556225941,https://www.zara.com/in/en/minimalist-flat-leather-slider-sandals-p13600210.html,Women,4.7
1866,FLAT SANDALS WITH BOW,SHOES,2590.0,Metallic flat slider sandals. Bow embellishment on the front. Sole height: 1 cm. / 0.3″,https://static.zara.net/photos///2023/I/1/1/p/3690/210/253/2/w/448/3690210253_6_1_1.jpg?ts=1688466689111,https://www.zara.com/in/en/flat-sandals-with-bow-p13688210.html,Women,3.4
1867,METALLIC HIGH-HEEL SANDALS WITH BOW,SHOES,3290.0,"Metallic high-heel sandals. Bow detail on the front. Heel height: 9.5 cm. / 3.7″ AIRFIT®. Flexible technical latex foam insole, designed to offer greater comfort.View more",https://static.zara.net/photos///2023/I/1/1/p/3378/210/808/2/w/448/3378210808_6_1_1.jpg?ts=1686670796295,https://www.zara.com/in/en/metallic-high-heel-sandals-with-bow-p13378210.html,Women,4.6
1868,METALLIC SANDALS WITH BOW,SHOES,3990.0,Mid-heel sandals with a metallic effect. Embellished bow on the front. Buckled ankle strap fastening. Heel height: 4.7 cm. / 1.8″,https://static.zara.net/photos///2023/I/1/1/p/3376/210/253/2/w/448/3376210253_1_1_1.jpg?ts=1689157161743,https://www.zara.com/in/en/metallic-sandals-with-bow-p13376210.html,Women,4.6
1869,LEATHER FLAT SLIDER SANDALS,SHOES,5590.0,Flat leather slider sandals. Strap across the instep and asymmetric strap on the front. Topstitching detail.Sole height: 2 cm. / 0.7″,https://static.zara.net/photos///2023/I/1/1/p/2653/210/002/2/w/448/2653210002_1_1_1.jpg?ts=1689753485928,https://www.zara.com/in/en/-p12653210.html,Women,3.6
1870,FLAT STRAPPY SANDAL,SHOES,2590.0,Flat slider sandals. Padded straps on the front.Sole height: 1 cm. / 0.3″,https://static.zara.net/photos///2023/I/1/1/p/3660/110/500/2/w/448/3660110500_1_1_1.jpg?ts=1689182773543,https://www.zara.com/in/en/flat-strappy-sandal-p13660110.html,Women,3.9
1871,BUCKLED LEATHER SANDALS,SHOES,4990.0,Leather sandals. Buckle detail on the front and studs on the sides.Sole height: 4 cm. / 1.5″,https://static.zara.net/photos///2023/I/1/1/p/1645/210/001/2/w/448/1645210001_1_1_1.jpg?ts=1686037448555,https://www.zara.com/in/en/buckled-leather-sandals-p11645210.html,Women,3.6
1872,DENIM SANDALS WITH BUCKLE,SHOES,4990.0,Denim sandals. Buckle detail on the front and studs on the sides.Sole height: 4 cm. / 1.5″,https://static.zara.net/photos///2023/I/1/1/p/1637/210/017/2/w/448/1637210017_1_1_1.jpg?ts=1686037640894,https://www.zara.com/in/en/denim-sandals-with-buckle-p11637210.html,Women,4.0
1873,DENIM CLOGS,SHOES,4990.0,Denim mule clogs. Metallic studded detail. Round toe.Heel height of 4.5 cm. / 1.7″,https://static.zara.net/photos///2023/I/1/1/p/3541/210/004/5/w/448/3541210004_2_1_1.jpg?ts=1689929936000,https://www.zara.com/in/en/denim-clogs-p13541210.html,Women,4.0
1874,FLAT SANDALS WITH BALL DETAILS,SHOES,5590.0,Flat slider sandals in a combination of materials. Straps on the front with ball-shaped beading detail. Buckled ankle strap fastening. Round toe.Sole height: 2 cm. / 0.7″View more,https://static.zara.net/photos///2023/I/1/1/p/2608/210/800/2/w/448/2608210800_1_1_1.jpg?ts=1689753467266,https://www.zara.com/in/en/flat-sandals-with-ball-details-p12608210.html,Women,4.5
1875,STRAPPY SANDALS WITH COIN DETAIL,SHOES,4990.0,"Flat slider sandals with strap on the instep. Coin details. Buckled ankle strap fastening. Round toe.Sole height: 2 cm. / 0.7″AIRFIT®. Flexible technical latex foam insole, designed to offer greater comfort.View more",https://static.zara.net/photos///2023/I/1/1/p/2607/210/800/2/w/448/2607210800_1_1_1.jpg?ts=1689753459358,https://www.zara.com/in/en/strappy-sandals-with-coin-detail-p12607210.html,Women,4.7
1876,LACE-UP SANDALS WITH STRAPS,SHOES,3290.0,"Kitten-heel sandals with thin straps tied at the ankle and pointed toes. Heel height: 4.7 cm. / 1.8″ AIRFIT®. Flexible technical latex foam insole, designed to offer greater comfort.View more",https://static.zara.net/photos///2023/I/1/1/p/3330/210/800/2/w/448/3330210800_1_1_1.jpg?ts=1690189294779,https://www.zara.com/in/en/lace-up-sandals-with-straps-p13330210.html,Women,4.7
1877,LACE-UP LEATHER SANDALS WITH STRAPS,SHOES,5990.0,"Leather kitten heel sandals. Tied closure. Round toe. Heel height of 4.5 cm. / 1.7″ AIRFIT®. Flexible technical latex foam insole, designed to offer greater comfort.View more",https://static.zara.net/photos///2023/I/1/1/p/3334/110/850/2/w/448/3334110850_1_1_1.jpg?ts=1690189294269,https://www.zara.com/in/en/lace-up-leather-sandals-with-straps-p13334110.html,Women,3.8
1878,HIGH-HEEL STRAPPY SANDALS,SHOES,3990.0,"High-heel sandals with thin straps. Buckled ankle strap fastening. Heel height of 9.5 cm. / 3.7″ AIRFIT®. Flexible technical latex foam insole, designed to offer greater comfort.View more",https://static.zara.net/photos///2023/I/1/1/p/3316/110/800/2/w/448/3316110800_1_1_1.jpg?ts=1690189294766,https://www.zara.com/in/en/high-heel-strappy-sandals-p13316110.html,Women,4.0
1879,LEATHER STRAPPY SANDALS,SHOES,5990.0,"Leather high-heel sandals. Thin straps on the upper. Buckled ankle strap fastening.Heel height of 5 cm. / 1.9″AIRFIT®. Flexible technical latex foam insole, designed to offer greater comfort.View more",https://static.zara.net/photos///2023/I/1/1/p/2350/210/800/2/w/448/2350210800_1_1_1.jpg?ts=1689753447042,https://www.zara.com/in/en/leather-strappy-sandals-p12350210.html,Women,3.3
1880,FABRIC PLATFORM SHOES,SHOES,4990.0,"Fabric wedge sandals with wide strap on the front. Wedge height: 9 cm. / 3.5″AIRFIT®. Flexible technical latex foam insole, designed to offer greater comfort.View more",https://static.zara.net/photos///2023/I/1/1/p/1339/210/700/2/w/448/1339210700_1_1_1.jpg?ts=1689686542329,https://www.zara.com/in/en/fabric-platform-shoes-p11339210.html,Women,3.7
1881,BRAIDED FABRIC SANDALS,SHOES,6990.0,Flat fabric slider sandals. Braided insole. Front straps with toe divider. Round toe.Sole height: 2.5 cm. / 0.9″,https://static.zara.net/photos///2023/I/1/1/p/1620/210/111/3/w/448/1620210111_1_1_1.jpg?ts=1690280606554,https://www.zara.com/in/en/braided-fabric-sandals-p11620210.html,Women,4.5
1882,CROSSED STRAP FLAT SANDALS,SHOES,3290.0,Flat slider sandals with thin criss-cross straps and buckles. Strap around the back. Pointed toe. Sole height: 1 cm. / 0.3″,https://static.zara.net/photos///2023/I/1/1/p/2651/210/800/2/w/448/2651210800_1_1_1.jpg?ts=1690189294196,https://www.zara.com/in/en/crossed-strap-flat-sandals-p12651210.html,Women,4.8
1883,BUCKLED LEATHER SLIDER SANDALS,SHOES,3990.0,Leather flat slider sandals. Wide straps with adjustable buckle. Round toe.Sole height: 3.5 cm. / 1.3″,https://static.zara.net/photos///2023/I/1/1/p/3608/210/700/22/w/448/3608210700_1_1_1.jpg?ts=1690186983651,https://www.zara.com/in/en/buckled-leather-slider-sandals-p13608210.html,Women,3.5
1884,FLAT LEATHER SLIDER SANDALS WITH STUDS,SHOES,5990.0,Leather flat slider sandals. Wide straps with adjustable buckle and studs. Track sole. Round toe. Sole height: 3.5 cm. / 1.3″,https://static.zara.net/photos///2023/I/1/1/p/3629/210/032/2/w/448/3629210032_1_1_1.jpg?ts=1689686541881,https://www.zara.com/in/en/flat-leather-slider-sandals-with-studs-p13629210.html,Women,3.8
1885,FLAT FAUX PATENT SHOES WITH POINTED TOE,SHOES,3990.0,Flat faux patent shoes. Double buckled strap. Pointed toe.Sole height: 1 cm. / 0.3″,https://static.zara.net/photos///2023/I/1/1/p/2504/210/800/2/w/448/2504210800_1_1_1.jpg?ts=1692187515616,https://www.zara.com/in/en/flat-faux-patent-shoes-with-pointed-toe-p12504210.html,Women,4.1
1886,LEATHER BALLET FLATS WITH CHAIN,SHOES,5990.0,"Leather ballet flats with a golden chain detail. High-heel wedge shoes in leather. Buckled ankle strap fastening. Pointed toe.Sole height: 1 cm. / 0.3″AIRFIT®. Flexible technical latex foam insole, designed to offer greater comfort.View more",https://static.zara.net/photos///2023/I/1/1/p/1510/210/102/2/w/448/1510210102_2_1_1.jpg?ts=1692187517186,https://www.zara.com/in/en/leather-ballet-flats-with-chain-p11510210.html,Women,4.2
1887,BLOCK HEEL CLOGS,SHOES,3990.0,"Heeled platform clogs. Square toe.Sole height: 8.5 cm. / 3.3″STARFIT®. Flexible technical polyurethane foam insole, designed to offer greater comfort.View more",https://static.zara.net/photos///2023/I/1/1/p/3516/210/800/2/w/448/3516210800_1_1_1.jpg?ts=1691679675039,https://www.zara.com/in/en/block-heel-clogs-p13516210.html,Women,3.7
1888,BUCKLED DENIM CLOGS,SHOES,3990.0,Flat denim clogs with a metallic buckle on the side. Sole height: 2 cm. / 0.7″,https://static.zara.net/photos///2023/I/1/1/p/1513/210/800/2/w/448/1513210800_1_1_1.jpg?ts=1691073267861,https://www.zara.com/in/en/buckled-denim-clogs-p11513210.html,Women,4.3
1889,SPLIT SUEDE CLOGS WITH BUCKLE,SHOES,4990.0,"Flat split suede clogs. Metallic buckle on the side. Round toe. Sole height: 2.5 cm. / 0.9″ AIRFIT®. Flexible technical latex foam insole, designed to offer greater comfort.View more",https://static.zara.net/photos///2023/V/1/1/p/1514/110/032/3/w/448/1514110032_1_1_1.jpg?ts=1679489575014,https://www.zara.com/in/en/split-suede-clogs-with-buckle-p11514110.html,Women,3.9
1890,DENIM SANDALS WITH POINTED TOE,SHOES,3290.0,"High-heel sandals in denim fabric. Wide strap on the front. Stiletto heel. Pointed toe.Heel height of 9.8 cm. / 3.8″AIRFIT®. Flexible technical latex foam insole, designed to offer greater comfort.View more",https://static.zara.net/photos///2023/I/1/1/p/3354/210/400/2/w/448/3354210400_1_1_1.jpg?ts=1689753560117,https://www.zara.com/in/en/denim-sandals-with-pointed-toe-p13354210.html,Women,4.1
1891,LACE UP BALLET FLATS WITH BOW,SHOES,2890.0,"Ballet flats with bow detail on the front. Tied closure around the ankle.Sole height: 1 cm. / 0.3″AIRFIT®. Flexible technical latex foam insole, designed to offer greater comfort.View more",https://static.zara.net/photos///2023/I/1/1/p/3503/210/800/2/w/448/3503210800_1_1_1.jpg?ts=1689686543925,https://www.zara.com/in/en/lace-up-ballet-flats-with-bow-p13503210.html,Women,4.3
1892,LEATHER SNEAKERS,SHOES,4990.0,"Leather trainers. Contrast piece on the back. Lace-up fastening. Sole height: 2 cm. / 0.7″ STARFIT®. Flexible technical polyurethane foam insole, designed to offer greater comfort.View more",https://static.zara.net/photos///2023/I/1/1/p/5426/210/001/32/w/448/5426210001_1_1_1.jpg?ts=1690384441430,https://www.zara.com/in/en/leather-sneakers-p15426210.html,Women,4.1
1893,LACE UP WEDGE HEEL SHOES,SHOES,5990.0,"Espadrilles-style slingback shoes in crochet fabric. High wedge heel. Fabric straps for a tied closure around the ankle. Heel height of 10 cm. / 3.9″ AIRFIT®. Flexible technical latex foam insole, designed to offer greater comfort.View more",https://static.zara.net/photos///2023/V/1/1/p/2288/110/111/2/w/448/2288110111_1_1_1.jpg?ts=1678289518924,https://www.zara.com/in/en/lace-up-wedge-heel-shoes-p12288110.html,Women,3.9
1894,BLOCK HEEL SPLIT SUEDE CLOGS,SHOES,5990.0,Mule clogs in split suede. Metallic stud details. Wooden sole. Round toe.Heel height: 8 cm. / 3.1″,https://static.zara.net/photos///2023/V/1/1/p/3200/210/131/2/w/448/3200210131_1_1_1.jpg?ts=1682421526581,https://www.zara.com/in/en/block-heel-split-suede-clogs-p13200210.html,Women,4.1
1895,LACE UP LEATHER HEEL SANDALS,SHOES,5990.0,"Leather high-heel sandals. Two-tone upper. Strap on the front. Buckled ankle strap fastening. Square toe. Heel height: 6 cm. / 2.3″AIRFIT®. Flexible technical latex foam insole, designed to offer greater comfort.View more",https://static.zara.net/photos///2023/I/1/1/p/1314/110/202/2/w/448/1314110202_1_1_1.jpg?ts=1685615024261,https://www.zara.com/in/en/lace-up-leather-heel-sandals-p11314110.html,Women,4.1
1896,STRAPPY LEATHER SANDALS,SHOES,6990.0,"Leather sandals with block heels. Wide straps on the front. Buckled ankle strap fastening.Heel height of 7.5 cm. / 2.9″AIRFIT®. Flexible technical latex foam insole, designed to offer greater comfort.View more",https://static.zara.net/photos///2023/V/1/1/p/1342/110/800/2/w/448/1342110800_1_1_1.jpg?ts=1679042100331,https://www.zara.com/in/en/strappy-leather-sandals-p11342110.html,Women,3.9
1897,HEELED SLINGBACK SHOES,SHOES,5590.0,"Slingback court shoes in satin fabric. High-heel. Wide ankle strap. Buckle fastening with rhinestones detail. Pointed toe. Heel height of 9 cm. / 3.5″ AIRFIT®. Flexible technical latex foam insole, designed to offer greater comfort.View more",https://static.zara.net/photos///2023/I/1/1/p/1217/110/097/2/w/448/1217110097_1_1_1.jpg?ts=1690536143108,https://www.zara.com/in/en/heeled-slingback-shoes-p11216110.html,Women,4.0
1898,LEATHER FLAT KNEE-HIGH BOOTS WITH SQUARE TOE,SHOES,10990.0,Leather flat knee-high boots. Square toe.Sole height: 4 cm. / 1.5″,https://static.zara.net/photos///2023/I/1/1/p/3002/110/709/2/w/448/3002110709_1_1_1.jpg?ts=1691580503631,https://www.zara.com/in/en/leather-flat-knee-high-boots-with-square-toe-p13002110.html,Women,4.8
1899,LEATHER COWBOY ANKLE BOOTS,SHOES,5990.0,"Leather cowboy-style ankle boots. Geometric heel. Pointed toe. Zip fastening on the side.Heel height: 4.5 cm. / 1.7″AIRFIT®. Flexible technical latex foam insole, designed to offer greater comfort.View more",https://static.zara.net/photos///2023/V/1/1/p/1114/110/032/2/w/448/1114110032_1_1_1.jpg?ts=1673269002498,https://www.zara.com/in/en/leather-cowboy-ankle-boots-p11114110.html,Women,4.4
1900,FLAT SPLIT SUEDE SLIDER SANDALS WITH STUDS,SHOES,5990.0,Split suede flat slider sandals with stud details. Wide adjustable buckled straps. Round toe. Sole height: 2 cm. / 0.7″,https://static.zara.net/photos///2023/I/1/1/p/2620/210/107/3/w/448/2620210107_1_1_1.jpg?ts=1686727810166,https://www.zara.com/in/en/flat-split-suede-slider-sandals-with-studs-p12620210.html,Women,4.0
1901,LAMINATED HEELED SANDALS,SHOES,3290.0,Heeled sandals. Thin strap on the front. Square toe. Buckled ankle strap fastening.Heel height: 5 cm. / 1.9″,https://static.zara.net/photos///2023/I/1/1/p/2309/110/800/2/w/448/2309110800_1_1_1.jpg?ts=1684230564812,https://www.zara.com/in/en/laminated-heeled-sandals-p12309110.html,Women,4.4
1902,DENIM TRAINERS,SHOES,2890.0,"Trainers in denim fabric. Rubberised sole with raised details. Lace-up fastening. Sole height: 3 cm. / 1.1″ STARFIT®. Flexible technical polyurethane foam insole, designed to offer greater comfort.View more",https://static.zara.net/photos///2023/I/1/1/p/5427/210/017/2/w/448/5427210017_1_1_1.jpg?ts=1689331590972,https://www.zara.com/in/en/denim-trainers-p15427210.html,Women,3.9
1903,DENIM FLAT SLIDER SANDALS WITH BUCKLES,SHOES,4990.0,Flat slider sandals in metallic-effect denim fabric. Adjustable wide straps with buckles. Round toe. Sole height: 2.5 cm. / 0.9″,https://static.zara.net/photos///2023/I/1/1/p/1627/210/808/2/w/448/1627210808_1_1_1.jpg?ts=1689149034424,https://www.zara.com/in/en/denim-flat-slider-sandals-with-buckles-p11627211.html,Women,4.6
1904,FABRIC FLAT SLIDER SANDALS WITH RHINESTONES,SHOES,5990.0,Flat slider sandals in fabric with rhinestones and frayed edges. Straps with buckles on the front and a hook-and-loop strap around the back. Round toe. Sole height: 2 cm. / 0.7″View more,https://static.zara.net/photos///2023/I/1/1/p/3663/110/800/17/w/448/3663110800_1_1_1.jpg?ts=1687515582251,https://www.zara.com/in/en/fabric-flat-slider-sandals-with-rhinestones-p13663110.html,Women,4.3
1905,ROPE SANDALS WITH CRISS-CROSS STRAPS,SHOES,3290.0,Sandals with woven rope details. Criss-cross straps on the front. Round toe.Sole height: 2.5 cm. / 0.9″,https://static.zara.net/photos///2023/I/1/1/p/3684/210/111/2/w/448/3684210111_1_1_1.jpg?ts=1689686543156,https://www.zara.com/in/en/rope-sandals-with-criss-cross-straps-p13686210.html,Women,4.1
1906,HALF-LEG COWBOY BOOTS WITH METAL TOECAP,SHOES,6990.0,Cowboy boots. Metal toecap detail. Topstitching detail on the upper and side pull tabs.Heel height: 5.5 cm. / 2.1″,https://static.zara.net/photos///2023/I/1/1/p/2004/210/800/2/w/448/2004210800_1_1_1.jpg?ts=1692354605107,https://www.zara.com/in/en/half-leg-cowboy-boots-with-metal-toecap-p12004210.html,Women,4.3
1907,TRACK SOLE LEATHER FLAT SLIDER SANDALS,SHOES,4990.0,Leather flat slider sandals. Wide straps with buckle detail. Round toe. Sole height: 3.5 cm. / 1.3″,https://static.zara.net/photos///2023/I/1/1/p/1626/210/800/2/w/448/1626210800_1_1_1.jpg?ts=1687964272220,https://www.zara.com/in/en/track-sole-leather-flat-slider-sandals-p11626210.html,Women,3.4
1908,SPLIT SUEDE FLAT SLIDER SANDALS WITH BUCKLES,SHOES,6990.0,Split suede flat slider sandals with buckles. Strap around the back. Round toe. Sole height: 2 cm. / 0.7″,https://static.zara.net/photos///2023/I/1/1/p/1617/210/107/2/w/448/1617210107_1_1_1.jpg?ts=1687964272063,https://www.zara.com/in/en/split-suede-flat-slider-sandals-with-buckles-p11617210.html,Women,3.6
1909,LEATHER SANDALS WITH SEASHELL HEEL,SHOES,7990.0,"Leather sandals with thin straps. Seashell heel. Square toe. Heel height of 9.3 cm. / 3.6″AIRFIT®. Flexible technical latex foam insole, designed to offer greater comfort.View more",https://static.zara.net/photos///2023/I/1/1/p/1363/210/002/2/w/448/1363210002_6_1_1.jpg?ts=1690292131431,https://www.zara.com/in/en/leather-sandals-with-seashell-heel-p11363210.html,Women,3.6
1910,SLINGBACK SHOES WITH STRAPS,SHOES,3990.0,High-heel slingback court shoes. Straps across the instep. Square vamp. Buckled ankle strap fastening. Pointed toe. Heel height: 6 cm. / 2.3″,https://static.zara.net/photos///2023/I/1/1/p/2222/210/050/2/w/448/2222210050_1_1_1.jpg?ts=1689592110397,https://www.zara.com/in/en/slingback-shoes-with-straps-p12222210.html,Women,4.2
1911,TECHNICAL RUNNING TRAINERS,SHOES,6990.0,"Running-style trainers. Adjustable with elastic drawstring. Detachable inner insole that allows water out. High-impact, lightweight and non-slip absorbent soles with a draining system to let water out.Sole height: 4.5 cm. / 1.7″View more",https://static.zara.net/photos///2023/I/1/1/p/5039/110/002/2/w/448/5039110002_1_1_1.jpg?ts=1683714482956,https://www.zara.com/in/en/technical-running-trainers-p15028110.html,Women,4.9
1912,HEELED LEATHER SANDALS,SHOES,4990.0,"Leather sandals with a block heel. Buckled ankle strap fastening. Square toe. Heel height: 8.5 cm. / 3.3″ AIRFIT®. Flexible technical latex foam insole, designed to offer greater comfort.View more",https://static.zara.net/photos///2023/I/1/1/p/1307/210/050/2/w/448/1307210050_15_1_1.jpg?ts=1689157675442,https://www.zara.com/in/en/heeled-leather-sandals-p11307210.html,Women,5.0
1913,Z1975 CROSSOVER SKORT WITH BUTTONS,SHORTS_SKORTS,2590.0,High-waist skort with a crossover front. Front pockets and rear patch pockets. Seamless hem. Front fastening with hidden zip and buttons.,,https://www.zara.com/in/en/z1975-crossover-skort-with-buttons-p00108043.html,Women,4.4
1914,Z1975 BAGGY BELTED DENIM BERMUDA SHORTS,SHORTS_SKORTS,2990.0,"High-waist Bermuda shorts with an elasticated waistband and gathering. Featuring front pockets, rear patch pockets, a belt, turn-up hems and zip fly and top button fastening at the front.",,https://www.zara.com/in/en/z1975-baggy-belted-denim-bermuda-shorts-p05862151.html,Women,4.3
1915,BERMUDA SHORTS WITH CUTWORK EMBROIDERY,SHORTS_SKORTS,2590.0,High-waist Bermuda shorts with an elasticated waistband. Front pockets and back patch pockets.,,https://www.zara.com/in/en/bermuda-shorts-with-cutwork-embroidery-p03399480.html,Women,3.3
1916,TEXTURED SHORTS,SHORTS_SKORTS,2290.0,Mid-waist shorts featuring an adjustable elastic drawstring waistband. Side pockets and front button detail.,,https://www.zara.com/in/en/textured-shorts-p04661510.html,Women,3.9
1917,PLEATED HIGH-WAIST BERMUDA SHORTS,SHORTS_SKORTS,2590.0,"High-waist Bermuda shorts with front darts. Front pockets and rear false flap pocket. Front zip fly, interior button and metal hook fastening.",,https://www.zara.com/in/en/pleated-high-waist-bermuda-shorts-p02753235.html,Women,3.7
1918,EMBROIDERED SHORTS,SHORTS_SKORTS,3290.0,High-waist shorts made of a linen blend. Contrast embroidery and invisible side zip fastening.,,https://www.zara.com/in/en/embroidered-shorts-p02731280.html,Women,3.8
1919,TRF CURVED HIGH-WAIST SHORTS,SHORTS_SKORTS,2590.0,HIGH-RISE - CURVEDHigh-rise rigid shorts. Five-pocket design. Ripped details. Front zip and metallic button fastening.,,https://www.zara.com/in/en/trf-curved-high-waist-shorts-p08197055.html,Women,4.0
1920,SKORT,SHORTS_SKORTS,2590.0,High-waist skort. Layered wrap detail in matching fabric. Invisible side zip fastening.,,https://www.zara.com/in/en/skort-p07385530.html,Women,3.9
1921,SHORTS WITH CUTWORK EMBROIDERY,SHORTS_SKORTS,3290.0,High-waist shorts with side patch pockets. Matching cutwork embroidery details. Invisible side zip fastening.,,https://www.zara.com/in/en/shorts-with-cutwork-embroidery-p04786280.html,Women,3.2
1922,SKORT WITH SLIT DETAIL,SHORTS_SKORTS,2890.0,High-waist skort featuring a front slit and invisible side zip fastening.,,https://www.zara.com/in/en/skort-with-slit-detail-p01608036.html,Women,4.4
1923,ASYMMETRIC SKORT,SHORTS_SKORTS,2590.0,Not Found,,https://www.zara.com/in/en/asymmetric-skort-p04661515.html,Women,3.6
1924,BOX PLEAT SKORT,SHORTS_SKORTS,2990.0,High-waist skort with front pleats and false golden buttons. Invisible side zip fastening.,,https://www.zara.com/in/en/box-pleat-skort-p03022792.html,Women,4.2
1925,LINEN BLEND BERMUDA SHORTS WITH AN ELASTIC WAISTBAND,SHORTS_SKORTS,2290.0,High-waist Bermuda shorts made of a linen blend fabric. Adjustable elasticated waistband with drawstrings. Front pockets.,,https://www.zara.com/in/en/linen-blend-bermuda-shorts-with-an-elastic-waistband-p08372223.html,Women,5.0
1926,ASYMMETRIC SKORT,SHORTS_SKORTS,2590.0,High-waist skort. False welt pockets on the front. Layered wrap detail in matching fabric. Invisible side zip fastening.,,https://www.zara.com/in/en/asymmetric-skort-p05427407.html,Women,3.7
1927,SKORT WITH SLIT DETAIL,SHORTS_SKORTS,2990.0,High-waist skort. Slit at the front. Invisible side zip fastening.,,https://www.zara.com/in/en/skort-with-slit-detail-p01478236.html,Women,3.0
1928,SKORTS WITH BELT,SHORTS_SKORTS,2990.0,High-waist skort. Belt detail in the same fabric with a lined buckle. Hem with front vents. Invisible side zip fastening.,,https://www.zara.com/in/en/skorts-with-belt-p01165227.html,Women,4.0
1929,EMBROIDERED SHORTS,SHORTS_SKORTS,3290.0,Mid-rise shorts made of cotton. Contrast cutwork embroidery and invisible side zip fastening.,,https://www.zara.com/in/en/embroidered-shorts-p02731299.html,Women,4.6
1930,SKORT WITH BOW,SHORTS_SKORTS,1990.0,High-waist skort with a matching bow. Ruffled hem. Invisible side zip fastening.,,https://www.zara.com/in/en/skort-with-bow-p03495363.html,Women,5.0
1931,HIGH-WAIST TRF DENIM SHORTS,SHORTS_SKORTS,2590.0,HIGH WAIST - FRAYEDHigh-waist shorts with five pockets. Faded effect. Ripped details. Frayed hems. Front metal button fastening.,,https://www.zara.com/in/en/high-waist-trf-denim-shorts-p04365051.html,Women,3.5
1932,CARGO SKORT WITH BELT,SHORTS_SKORTS,2990.0,Mid-rise skort. Patch pocket detail on the front. Invisible side zip fastening and belt with metal buckle.,,https://www.zara.com/in/en/cargo-skort-with-belt-p07102510.html,Women,4.3
1933,DOUBLE-FABRIC BERMUDA SHORTS WITH BELT,SHORTS_SKORTS,2590.0,"High-waist Bermuda shorts with front darts and faux leather belt. Front pockets and false welt pockets at the back. Front zip fly, interior button and metal hook fastening.",,https://www.zara.com/in/en/double-fabric-bermuda-shorts-with-belt-p04387074.html,Women,3.9
1934,TRF HIGH-WAIST DENIM PATCHWORK SHORTS,SHORTS_SKORTS,2990.0,High-waist shorts with five pockets. Ripped details and seamless hems. Front zip fly and metallic button fastening.,,https://www.zara.com/in/en/trf-high-waist-denim-patchwork-shorts-p04365007.html,Women,4.1
1935,LINEN BLEND SKORT,SHORTS_SKORTS,2990.0,"High-waist skort made of a linen blend. Front pockets and back false welt pockets. Front zip fly, inside button and metal hook fastening.",,https://www.zara.com/in/en/linen-blend-skort-p07901281.html,Women,5.0
1936,LINEN BERMUDA SHORTS WITH BELT LOOPS,SHORTS_SKORTS,2990.0,"Mid-rise Bermuda shorts made of linen. Featuring an elasticated waistband with belt loops, side pockets and front darts.",,https://www.zara.com/in/en/linen-bermuda-shorts-with-belt-loops-p04877246.html,Women,3.4
1937,LINEN BLEND HIGH-WAIST BERMUDA SHORTS,SHORTS_SKORTS,2990.0,"High-waist Bermuda shorts made in a linen blend fabric. Front darts. Front pockets and false flap pocket at the back. Front zip fly, interior button and metal hook fastening.",,https://www.zara.com/in/en/linen-blend-high-waist-bermuda-shorts-p07748356.html,Women,4.2
1938,RUFFLED SKORT,SHORTS_SKORTS,2590.0,High-waist mini skirt with a ruffle on the front. Invisible side zip fastening.,,https://www.zara.com/in/en/ruffled-skort-p01971222.html,Women,4.3
1939,TRF HIGH-WAIST DENIM SHORTS,SHORTS_SKORTS,2990.0,"Faded high-waist shorts featuring a five-pocket design, belt loops, ripped detailing, frayed hems and front button fastening hidden by a placket.",,https://www.zara.com/in/en/trf-high-waist-denim-shorts-p04365004.html,Women,4.6
1940,LINEN BLEND BERMUDA SHORTS,SHORTS_SKORTS,2590.0,"High-waist Bermuda shorts made of a linen blend fabric. Side pockets and rear welt pockets. Front zip fly, interior button and metal hook fastening.",,https://www.zara.com/in/en/linen-blend-bermuda-shorts-p04661424.html,Women,4.1
1941,ANIMAL PRINT SKORT,SHORTS_SKORTS,2590.0,High-waist skort. Ruffled trim details. Invisible side zip fastening.,,https://www.zara.com/in/en/animal-print-skort-p02298222.html,Women,4.2
1942,Z1975 DENIM MOM-FIT HIGH-WAIST SHORTS,SHORTS_SKORTS,2290.0,High-waist shorts with five pockets. Turn-up hems. Zip fly and metal top button front fastening.,,https://www.zara.com/in/en/z1975-denim-mom-fit-high-waist-shorts-p07147222.html,Women,3.9
1943,LONG PLEATED BERMUDA SHORTS,SHORTS_SKORTS,2990.0,"Long high-waist Bermuda shorts with belt loops. Side pockets and front pleated detail. Front zip, inside button and metal hook fastening.",,https://www.zara.com/in/en/long-pleated-bermuda-shorts-p07102234.html,Women,4.2
1944,WAXED SKORT,SHORTS_SKORTS,2990.0,Skort made of waxed fabric. Mid-rise and box pleats. False pockets on the front and back. Front zip fly and metal top button fastening.,,https://www.zara.com/in/en/waxed-skort-p04341500.html,Women,3.9
1945,BOX PLEAT SKORT,SHORTS_SKORTS,2990.0,Mid-rise mini skirt. Short-style lining. Box pleat detail. Belt in matching fabric with a metal buckle. Invisible side zip fastening.,,https://www.zara.com/in/en/box-pleat-skort-p04391506.html,Women,4.4
1946,MID-RISE TRF DENIM SHORTS,SHORTS_SKORTS,2590.0,MID-RISE - FRAYEDMid-rise shorts with five pockets. Faded effect. Ripped detail. Frayed hem. Front metal button fastening.,,https://www.zara.com/in/en/mid-rise-trf-denim-shorts-p08197058.html,Women,3.9
1947,TRF HIGH-WAIST METALLIC SHORTS,SHORTS_SKORTS,3290.0,"High-waist shorts with five pockets. Metallic-effect fabric, frayed hems and front zip fly and metal top button fastening.",,https://www.zara.com/in/en/trf-high-waist-metallic-shorts-p06045013.html,Women,4.3
1948,CROSSOVER RUSTIC SKORT,SHORTS_SKORTS,2990.0,High-waist skort made of 100% cotton. Crossover front with false buttons. Invisible back zip fastening.,,https://www.zara.com/in/en/crossover-rustic-skort-p01608037.html,Women,4.1
1949,SKORT WITH BUTTONS,SHORTS_SKORTS,2990.0,High-waist skort with front pleats and false buttons. Invisible side zip fastening.,,https://www.zara.com/in/en/skort-with-buttons-p04387244.html,Women,4.6
1950,PAPERBAG BERMUDA SHORTS WITH TURN-UP HEMS,SHORTS_SKORTS,2990.0,High-waist Bermuda shorts featuring an elasticated waistband at the back and gathering. Front darts. Front pockets and rear patch pockets. Turn-up hems. Button fastenings on the front.,,https://www.zara.com/in/en/paperbag-bermuda-shorts-with-turn-up-hems-p01608223.html,Women,4.1
1951,SKORT WITH POCKETS,SHORTS_SKORTS,2990.0,"Mid-waist skort featuring front pockets, side patch pockets and zip fly and snap-button fastening at the front.",,https://www.zara.com/in/en/skort-with-pockets-p07901503.html,Women,3.3
1952,LINEN BLEND BELTED BERMUDA SHORTS,SHORTS_SKORTS,2990.0,"Bermuda shorts made of a linen blend. High waist with a belt in matching fabric. Front patch pockets with flaps. Turn-up hems. Front zip fly, interior button and metal hook fastening.",,https://www.zara.com/in/en/linen-blend-belted-bermuda-shorts-p04387221.html,Women,4.7
1953,TRF MID-RISE DENIM BERMUDA SHORTS WITH PATCHES,SHORTS_SKORTS,2990.0,PATCHES - MID-RISEMid-rise denim Bermuda shorts.,,https://www.zara.com/in/en/trf-mid-rise-denim-bermuda-shorts-with-patches-p09794001.html,Women,3.7
1954,DARTED HIGH-WAIST BERMUDA SHORTS,SHORTS_SKORTS,2890.0,"High-waist Bermuda shorts with front dart details. Front pockets and rear false flap pocket. Front zip fly, interior button and metal hook fastening.",,https://www.zara.com/in/en/darted-high-waist-bermuda-shorts-p01608033.html,Women,3.8
1955,Z1975 RIPPED DENIM SHORTS,SHORTS_SKORTS,2590.0,High-waist gathered shorts with a five-pocket design. Washed-effect. Seamless split hem with rips. Front zip fly and metallic button fastening.,,https://www.zara.com/in/en/z1975-ripped-denim-shorts-p05862174.html,Women,3.8
1956,TRF HIGH-WAIST CARGO SHORTS,SHORTS_SKORTS,2590.0,High-waist shorts with belt loops. Front and back patch pockets. Tab detail at the side. Front zip fly and metal button fastening.,,https://www.zara.com/in/en/trf-high-waist-cargo-shorts-p06688001.html,Women,4.7
1957,Z1975 DENIM SKORT WITH CROSSOVER FRONT,SHORTS_SKORTS,2590.0,High-waist skort with five pockets. Faded effect. Front crossover fastening with inner fly and metal button.,,https://www.zara.com/in/en/z1975-denim-skort-with-crossover-front-p05862154.html,Women,3.1
1958,SHORTS WITH CONTRAST STRIPES,SHORTS_SKORTS,2590.0,Mid-waist shorts with an elasticated waistband and button details.,,https://www.zara.com/in/en/shorts-with-contrast-stripes-p07878273.html,Women,5.0
1959,LINEN BLEND BELTED BERMUDA SHORTS,SHORTS_SKORTS,2590.0,"High-waist Bermuda shorts made of a linen blend fabric. Front darts. Front pockets. Front zip fly, interior button and metal hook fastening.",,https://www.zara.com/in/en/linen-blend-belted-bermuda-shorts-p08372221.html,Women,4.6
1960,SHORTS WITH CUTWORK EMBROIDERY,SHORTS_SKORTS,3290.0,High-waist shorts with an elastic drawstring waistband. Cutwork embroidery detail. Scalloped hems.,,https://www.zara.com/in/en/shorts-with-cutwork-embroidery-p07575019.html,Women,4.2
1961,TRF DENIM MID-RISE RHINESTONE SHORTS,SHORTS_SKORTS,3290.0,Mid-rise faded shorts with five-pockets. Rhinestone appliqués. Frayed hems. Front metal button fly fastening.,,https://www.zara.com/in/en/trf-denim-mid-rise-rhinestone-shorts-p08197209.html,Women,4.1
1962,MIDI PAREO BERMUDA SHORTS,SHORTS_SKORTS,2990.0,High-waist pareo Bermuda shorts with side vent. Invisible side zip fastening.,,https://www.zara.com/in/en/midi-pareo-bermuda-shorts-p07102222.html,Women,4.2
1963,LOOSE FIT DENIM TRF BERMUDA SHORTS,SHORTS_SKORTS,2990.0,"MID-RISE - BERMUDA SHORTS Mid-rise Bermuda shorts featuring a five-pocket design, ripped detailing, seamless hems and front zip fly and metal button fastening.",,https://www.zara.com/in/en/loose-fit-denim-trf-bermuda-shorts-p04365056.html,Women,4.3
1964,SKORT WITH POCKETS,SHORTS_SKORTS,2990.0,Mid-waist skort with an adjustable elasticated waistband with drawstrings and stoppers. Side patch pockets.,,https://www.zara.com/in/en/skort-with-pockets-p05427516.html,Women,4.4
1965,LINEN BLEND HIGH-WAIST BERMUDA SHORTS,SHORTS_SKORTS,2590.0,"High-waist Bermuda shorts made of a linen blend. Darted front. Front pockets and back false flap pocket. Front zip fly, inside button and metal hook fastening.",,https://www.zara.com/in/en/linen-blend-high-waist-bermuda-shorts-p09929221.html,Women,4.4
1966,STRIPED POPLIN SHORTS,SHORTS_SKORTS,2590.0,Mid-rise shorts featuring an adjustable elastic waist with tie detail. Side pockets and rear welt pockets. Hem with side vents and buttons.,,https://www.zara.com/in/en/striped-poplin-shorts-p06929502.html,Women,4.1
1967,SKORT WITH POCKETS,SHORTS_SKORTS,2590.0,Mid-rise skort with front pockets and side patch pockets. Flap details at the back. Front zip fly fastening.,,https://www.zara.com/in/en/skort-with-pockets-p04661503.html,Women,4.0
1968,EMBROIDERED SHORTS,SHORTS_SKORTS,2590.0,Mid-rise shorts made of a viscose blend. Adjustable elasticated waistband with drawstrings. Contrast embroidery detail.,,https://www.zara.com/in/en/embroidered-shorts-p01165627.html,Women,4.0
1969,Z1975 DENIM MIDI SKIRT,SKIRTS,2990.0,"Faded high-waist skirt featuring a five-pocket design, front vent at the hem and front button fastening.",,https://www.zara.com/in/en/z1975-denim-midi-skirt-p01879223.html,Women,4.0
1970,FAUX LEATHER MINI SKIRT WITH CHAIN,SKIRTS,2990.0,High-waist mini skirt. Lining. Metal chain links on the front. Invisible zip fastening.,,https://www.zara.com/in/en/faux-leather-mini-skirt-with-chain-p08741264.html,Women,4.6
1971,LONG SATIN SKIRT,SKIRTS,2990.0,Long skirt with a high and elastic waist.,,https://www.zara.com/in/en/long-satin-skirt-p09878250.html,Women,4.4
1972,KNOTTED MIDI SKIRT,SKIRTS,2990.0,High-waist flowing midi skirt. Knotted detail on the front. Side slit at the hem. Invisible zip fastening.,,https://www.zara.com/in/en/knotted-midi-skirt-p00387169.html,Women,2.8
1973,LINEN BLEND CROSSOVER SKIRT,SKIRTS,3290.0,"Midi skirt made of a linen blend. Featuring an asymmetric waist with belt loops, front welt pocket and front button fastening.",,https://www.zara.com/in/en/linen-blend-crossover-skirt-p02712470.html,Women,4.4
1974,ZW LONG DENIM SKIRT,SKIRTS,4990.0,ZW ZARA WOMANHigh-waist long skirt with belt loops. Front pockets. Faded effect. Visible contrast topstitching detail. Seamless hem with opening at the back. Invisible zip fastening.,,https://www.zara.com/in/en/zw-long-denim-skirt-p06840272.html,Women,4.2
1975,HIGH-WAIST DENIM SKIRT WITH SLIT,SKIRTS,3990.0,ZW ZARA WOMANFaded high-waist long skirt with belt loops and a five-pocket design. Frayed split hems. Front zip fly and top button fastening.,,https://www.zara.com/in/en/high-waist-denim-skirt-with-slit-p02553241.html,Women,4.1
1976,LONG PRINTED SKIRT,SKIRTS,3290.0,High-waist skirt featuring an elasticated waistband and a matching thin belt with tassels.,,https://www.zara.com/in/en/long-printed-skirt-p09878218.html,Women,3.9
1977,LONG SKIRT WITH SIDE SLIT,SKIRTS,4990.0,Long high-waist skirt. Creased fabric detail. Flared hem with front slit.,,https://www.zara.com/in/en/long-skirt-with-side-slit-p03992241.html,Women,4.6
1978,RUSTIC TEXTURED SKIRT,SKIRTS,3290.0,Mid-rise midi skirt made of a cotton and linen blend. Adjustable drawstring waist. Frayed trims. Flared hem.,,https://www.zara.com/in/en/rustic-textured-skirt-p04437250.html,Women,4.5
1979,SATIN PLEATED SKIRT,SKIRTS,3290.0,High-waist midi skirt with invisible side zip fastening.,,https://www.zara.com/in/en/satin-pleated-skirt-p09878240.html,Women,3.8
1980,FAUX LEATHER SKIRT WITH POCKETS,SKIRTS,2990.0,Mid-waist mini skirt with belt loops. Patch pockets on the front. Front zip fly and metal hook fastening.,,https://www.zara.com/in/en/faux-leather-skirt-with-pockets-p04341501.html,Women,4.3
1981,TRF ASYMMETRIC DENIM METALLIC SKIRT,SKIRTS,4990.0,High-waist midi skirt featuring an asymmetric waist with belt loops. Front and back pockets. Metallic fabric detail. Frayed hem with front slit. Zip and button fastening on the front.,,https://www.zara.com/in/en/trf-asymmetric-denim-metallic-skirt-p06045017.html,Women,3.7
1982,MIDI SKIRT WITH GATHERED DETAIL,SKIRTS,3290.0,High-waist midi skirt. Twisted fabric with tie detail on the side. Hem with crossover opening. Invisible back zip fastening.,,https://www.zara.com/in/en/midi-skirt-with-gathered-detail-p01971186.html,Women,3.5
1983,MIDI PENCIL SKIRT,SKIRTS,3290.0,"High-waist midi skirt with welt pockets on the front. Front slit at the hem. Front fastening with metal hook, inside button and zip.",,https://www.zara.com/in/en/midi-pencil-skirt-p08489600.html,Women,3.8
1984,LONG DENIM TRF SKIRT,SKIRTS,3290.0,"Mid-waist long skirt with five pockets. Featuring a seamless hem with a front slit and crossover fastening on the front with inside button, zip and metal button.",,https://www.zara.com/in/en/long-denim-trf-skirt-p08197054.html,Women,4.5
1985,VOLUMINOUS MIDI SKIRT,SKIRTS,4990.0,High-waist midi skirt with an elastic waist. Front pockets. Pleated detail.,,https://www.zara.com/in/en/voluminous-midi-skirt-p04437246.html,Women,4.5
1986,DENIM TRF SKIRT,SKIRTS,2990.0,Mid-rise long skirt with a five-pocket design. Faded effect. Front zip fly and metal button fastening.,,https://www.zara.com/in/en/denim-trf-skirt-p04365091.html,Women,4.3
1987,SATIN MIDI SKIRT,SKIRTS,2990.0,High-waist skirt with an elastic waistband.,,https://www.zara.com/in/en/satin-midi-skirt-p07968963.html,Women,4.4
1988,DENIM TRF CARGO SKIRT,SKIRTS,2990.0,"Mid-waist short skirt with front pockets, side patch pockets and false flap pockets at the back. Front zip fly and metal top button fastening.",,https://www.zara.com/in/en/denim-trf-cargo-skirt-p04365294.html,Women,4.3
1989,LONG DENIM TRF SKIRT,SKIRTS,3290.0,Mid-waist long skirt with five pockets. Featuring a seamless hem with a front slit and fastening on the front with a zip and metal button.,,https://www.zara.com/in/en/long-denim-trf-skirt-p06688201.html,Women,3.8
1990,LONG LINEN SKIRT,SKIRTS,4990.0,Long mid-rise skirt made of 100% linen. Featuring adjustable drawstrings in the same fabric and a flared hem with frayed trims.,,https://www.zara.com/in/en/long-linen-skirt-p07972919.html,Women,4.3
1991,SEQUINNED MINISKIRT,SKIRTS,3290.0,Mid-rise mini skirt. Contrast bead and sequin details. Matching lining. Invisible side zip fastening.,,https://www.zara.com/in/en/sequinned-miniskirt-p07901500.html,Women,4.5
1992,Z1975 DENIM MIDI SKIRT WITH SLIT,SKIRTS,2990.0,High-waist skirt with five pockets. Seamless hem with a front slit. Front zip and button fastening.,,https://www.zara.com/in/en/z1975-denim-midi-skirt-with-slit-p06164152.html,Women,4.4
1993,Z1975 DENIM MIDI SKIRT WITH FRONT SLIT,SKIRTS,2990.0,Faded high-waist skirt with a five-pocket design. Featuring a front vent at the hem. Zip fly and metal top button fastening.,,https://www.zara.com/in/en/z1975-denim-midi-skirt-with-front-slit-p06164201.html,Women,4.6
1994,PRINTED DRAPED SKIRT,SKIRTS,2290.0,Printed high-waist midi skirt and elasticated interior at the waist. Draped fabric detail. Side slit at the hem.,,https://www.zara.com/in/en/printed-draped-skirt-p05039206.html,Women,4.4
1995,ASYMMETRIC CROCHET SKIRT,SKIRTS,3990.0,"High-waist crochet midi skirt featuring an elastic waist, matching lining and asymmetric hem.",,https://www.zara.com/in/en/asymmetric-crochet-skirt-p02712482.html,Women,4.3
1996,GATHERED ORGANZA MIDI SKIRT,SKIRTS,2590.0,High-waist midi skirt with an elastic waistband. Gathered fabric detail. Matching lining. Seamless hem.,,https://www.zara.com/in/en/gathered-organza-midi-skirt-p02712849.html,Women,4.6
1997,TRF DENIM BOX PLEAT SKIRT,SKIRTS,2990.0,"Mid-waist mini skirt featuring side pockets, a box pleat hem, ripped detailing on the hem and front zip fly and metal top button fastening.",,https://www.zara.com/in/en/trf-denim-box-pleat-skirt-p06045204.html,Women,4.1
1998,PRINTED MIDI SKIRT,SKIRTS,4990.0,High-waist midi skirt. Pleated details at the waist. Invisible zip fastening.,,https://www.zara.com/in/en/printed-midi-skirt-p07685024.html,Women,3.7
1999,ZW ASYMMETRIC FRAYED SKIRT,SKIRTS,4990.0,ZW ZARA WOMANMid-rise midi skirt featuring an asymmetric waistband with belt loops. Front and back pockets. Asymmetric hem with front slit. Front zip and button fastening.,,https://www.zara.com/in/en/zw-asymmetric-frayed-skirt-p06840241.html,Women,4.0
2000,LINEN BLEND HIGH-WAIST SKORT,SKIRTS,2990.0,"High-waist skort with belt loops. Made of a linen blend fabric. Front pockets and false rear welt pockets. Front zip, interior button and metal hook fastening.",,https://www.zara.com/in/en/linen-blend-high-waist-skort-p08385377.html,Women,3.8
2001,SEQUINNED MIDI SKIRT,SKIRTS,3290.0,High-waist semi-sheer skirt with an elastic waistband. Side vent at the hem. Seamless trims. Matching lining.,,https://www.zara.com/in/en/sequinned-midi-skirt-p07901863.html,Women,3.8
2002,MIDI SKIRT WITH SIDE SLITS,SKIRTS,3290.0,High-waist midi skirt. Slit detail at the hem. Invisible side zip fastening.,,https://www.zara.com/in/en/midi-skirt-with-side-slits-p06962222.html,Women,4.0
2003,ZW DENIM MINI SKIRT,SKIRTS,3290.0,"ZW ZARA WOMANShort high-waist skirt with double waistband detail, a frayed hem and front zip and button fastening at the front.",,https://www.zara.com/in/en/zw-denim-mini-skirt-p09863242.html,Women,3.7
2004,Z1975 CROSSOVER DENIM MIDI SKIRT,SKIRTS,3290.0,High-waist skirt with back patch pockets. Front slit at the hem. Crossover metal button fastening at the front.,,https://www.zara.com/in/en/z1975-crossover-denim-midi-skirt-p06164219.html,Women,4.0
2005,Z1975 DENIM CAPE SKIRT,SKIRTS,3290.0,High-waist midi skirt with belt loops. Flared hem. Faded effect. Front zip fly and metal button fastening.,,https://www.zara.com/in/en/z1975-denim-cape-skirt-p07648603.html,Women,3.2
2006,PRINTED MINI SKIRT WITH FRINGING,SKIRTS,3290.0,High-waist skirt with front knot detail. Trims featuring fringing and beaded appliqués. Invisible back zip fastening.,,https://www.zara.com/in/en/printed-mini-skirt-with-fringing-p01165156.html,Women,4.2
2007,CARGO MINI SKIRT,SKIRTS,2990.0,Mid-rise mini skirt with belt loops. Patch pockets on the front and flap detail on the back. Front zip fly and top button fastening.,,https://www.zara.com/in/en/cargo-mini-skirt-p08197297.html,Women,4.1
2008,LONG SKIRT WITH A RUBBERISED WAISTBAND,SKIRTS,3990.0,High-waist skirt with a wide elastic waistband. Lining.,,https://www.zara.com/in/en/long-skirt-with-a-rubberised-waistband-p01165159.html,Women,3.7
2009,EMBROIDERED LINEN BLEND SKIRT,SKIRTS,5990.0,High-waist skirt made of a linen and viscose blend. Side in-seam pockets. Contrast floral embroidery details. Fastening with a zip fly and button in the shape of a flower at the front.,,https://www.zara.com/in/en/embroidered-linen-blend-skirt-p02731093.html,Women,4.4
2010,EMBROIDERED MIDI SKIRT - LIMITED EDITION,SKIRTS,5990.0,High-waist midi skirt featuring embroidered ruffles and bead appliqués.,,https://www.zara.com/in/en/embroidered-midi-skirt---limited-edition-p02731090.html,Women,4.5
2011,CARGO MINI SKIRT,SKIRTS,2990.0,Mid-waist mini skirt with front pockets and patch pockets on the back and leg. Front zip and metal button fastening.,,https://www.zara.com/in/en/cargo-mini-skirt-p08197291.html,Women,3.4
2012,LINEN BLEND BUTTONED MIDI SKIRT,SKIRTS,2990.0,High-waist skirt made of a linen and cotton blend. False front buttons. Slit at the hem. Invisible back zip fastening.,,https://www.zara.com/in/en/linen-blend-buttoned-midi-skirt-p07785715.html,Women,3.8
2013,Z1975 DENIM MIDI SKIRT WITH ZIP,SKIRTS,3990.0,High-waist skirt with five pockets. Faded effect. Front slit at the hem. Front zip fastening.,,https://www.zara.com/in/en/z1975-denim-midi-skirt-with-zip-p06164101.html,Women,3.8
2014,FLOWING SATIN SHIRT,SPECIAL PRICES,2290.0,"Shirt with a johnny collar, long sleeves and a button-up front.",https://static.zara.net/photos///2023/I/0/1/p/2197/745/307/19/w/448/2197745307_1_1_1.jpg?ts=1692689718099,https://www.zara.com/in/en/flowing-satin-shirt-p02197745.html,Women,3.7
2015,Z1975 HIGH-WAIST BAGGY PAPERBAG JEANS,SPECIAL PRICES,3290.0,"HIGH-RISE - BAGGY PAPERBAG - CARROT LEG - ANKLE - RIGIDHigh-waist jeans with an elasticated waistband and gathered details. Featuring front pockets, rear patch pockets, turn-up hems and a zip and button fastening at the front.View more",https://static.zara.net/photos///2023/I/0/1/p/5862/165/407/2/w/448/5862165407_1_1_1.jpg?ts=1688573296923,https://www.zara.com/in/en/z1975-high-waist-baggy-paperbag-jeans-p05862165.html,Women,4.5
2016,SATIN PLAYSUIT,SPECIAL PRICES,3290.0,V-neck playsuit with wide sleeves falling below the elbow. Elasticated waist. Lining. Fastening with buttoned opening at the back.,https://static.zara.net/photos///2023/I/0/1/p/9878/233/420/2/w/448/9878233420_1_1_1.jpg?ts=1690386809715,https://www.zara.com/in/en/satin-playsuit-p09878233.html,Women,4.0
2017,LINEN MIDI SKIRT,SPECIAL PRICES,3290.0,High-waist midi skirt made of linen. Flared hem. Invisible side zip fastening.,https://static.zara.net/photos///2023/I/0/1/p/2731/270/681/22/w/448/2731270681_1_1_1.jpg?ts=1690543501585,https://www.zara.com/in/en/linen-midi-skirt-p02731270.html,Women,4.0
2018,TRF LOOSE-FIT MID-RISE JEANS,SPECIAL PRICES,3290.0,LOOSE-FIT - MID-RISE - FULL LENGTHMid-rise jeans with a five-pocket design. Long straight leg and front zip fly and metal top button fastening.,https://static.zara.net/photos///2023/I/0/1/p/9213/230/400/2/w/448/9213230400_1_1_1.jpg?ts=1689240019724,https://www.zara.com/in/en/trf-loose-fit-mid-rise-jeans-p04365233.html,Women,3.2
2019,SATEEN TOP,SPECIAL PRICES,2290.0,Short sleeve top with a round neckline. Featuring a buttoned opening at the back.,https://static.zara.net/photos///2023/I/0/1/p/3158/331/800/19/w/448/3158331800_1_1_1.jpg?ts=1689349492555,https://www.zara.com/in/en/sateen-top-p03158331.html,Women,4.4
2020,PRINTED MIDI SKIRT,SPECIAL PRICES,5990.0,High-waist midi skirt featuring an adjustable elastic waistband with drawstrings. Beading appliqué detail.,https://static.zara.net/photos///2023/I/0/1/p/6895/075/400/2/w/448/6895075400_1_1_1.jpg?ts=1688726747764,https://www.zara.com/in/en/printed-midi-skirt-p06895075.html,Women,3.5
2021,PRINTED CROP TOP,SPECIAL PRICES,3290.0,Crop top with a straight neckline and thin straps that cross at the back. Elastic smocked detailing and bead appliqués.,https://static.zara.net/photos///2023/I/0/1/p/6895/067/400/2/w/448/6895067400_1_1_1.jpg?ts=1688726748469,https://www.zara.com/in/en/printed-crop-top-p06895067.html,Women,4.1
2022,STRIPED SHIRT WITH KNOT DETAIL,SPECIAL PRICES,2990.0,"Collared shirt with long sleeves, front patch pockets with flaps and front button and knot fastening.",https://static.zara.net/photos///2023/I/0/1/p/7735/459/043/2/w/448/7735459043_1_1_1.jpg?ts=1689328170803,https://www.zara.com/in/en/striped-shirt-with-knot-detail-p07735459.html,Women,4.2
2023,SHINY PYJAMA-STYLE TROUSERS,SPECIAL PRICES,3290.0,Mid-rise trousers with an elasticated waistband. Side pockets. Metallic thread appliqué.,https://static.zara.net/photos///2023/I/0/1/p/7868/032/330/2/w/448/7868032330_2_1_1.jpg?ts=1686558254350,https://www.zara.com/in/en/shiny-pyjama-style-trousers-p07868032.html,Women,4.7
2024,PRINTED TOP WITH KNOT,SPECIAL PRICES,2990.0,Crop top made of cotton. V-neck and puff short sleeves. Front knot with pleats. Invisible side zip fastening.,https://static.zara.net/photos///2023/I/0/1/p/4786/266/330/2/w/448/4786266330_1_1_1.jpg?ts=1688124694125,https://www.zara.com/in/en/printed-top-with-knot-p04786266.html,Women,3.5
2025,PRINTED RAMIE TOP,SPECIAL PRICES,3290.0,"Round neck halter top. Featuring front pleats, an asymmetric hem and a tied opening at the back.",https://static.zara.net/photos///2023/I/0/1/p/2731/273/330/2/w/448/2731273330_1_1_1.jpg?ts=1688378988338,https://www.zara.com/in/en/printed-ramie-top-p02731273.html,Women,2.7
2026,TIE-DYE PRINT VEST,SPECIAL PRICES,3990.0,Cropped waistcoat featuring bead appliqués and front tie fastening.,https://static.zara.net/photos///2023/I/0/1/p/8054/464/330/2/w/448/8054464330_1_1_1.jpg?ts=1689148276995,https://www.zara.com/in/en/tie-dye-print-vest-p08054464.html,Women,4.2
2027,TRF MID-RISE CARGO TROUSERS,SPECIAL PRICES,3290.0,"Mid-rise trousers made of a linen blend. Front pockets, side patch pockets, leg pockets and false flap pockets at the back. Front zip fly and metal top button fastening.",https://static.zara.net/photos///2023/I/0/1/p/5520/260/802/2/w/448/5520260802_1_1_1.jpg?ts=1688484476517,https://www.zara.com/in/en/trf-mid-rise-cargo-trousers-p05520260.html,Women,4.9
2028,METALLIC MESH KNIT TOP,SPECIAL PRICES,1890.0,Round neck top with thin straps.This garment is not lined.,https://static.zara.net/photos///2023/I/0/1/p/3327/004/808/2/w/448/3327004808_1_1_1.jpg?ts=1687522859058,https://www.zara.com/in/en/metallic-mesh-knit-top-p03327004.html,Women,4.7
2029,PRINTED MIDI SKIRT,SPECIAL PRICES,4990.0,High-waist midi skirt made of cotton. Adjustable elasticated waistband with drawstrings.,https://static.zara.net/photos///2023/I/0/1/p/4786/265/330/2/w/448/4786265330_1_1_1.jpg?ts=1688124692738,https://www.zara.com/in/en/printed-midi-skirt-p04786265.html,Women,4.2
2030,EMBROIDERED CULOTTES,SPECIAL PRICES,4990.0,High-waist trousers made of a linen and viscose blend. Rear patch pockets. Contrast embroidery. Front zip fly and top button fastening.,https://static.zara.net/photos///2023/I/0/1/p/2731/256/401/2/w/448/2731256401_2_1_1.jpg?ts=1685966554731,https://www.zara.com/in/en/embroidered-culottes-p02731256.html,Women,3.9
2031,EMBROIDERED LINEN BLEND TROUSERS,SPECIAL PRICES,4990.0,"High-waist trousers made of a linen blend. Belt loops, contrast embroidery and front zip fly and top button fastening.",https://static.zara.net/photos///2023/I/0/1/p/2731/257/500/12/w/448/2731257500_2_1_1.jpg?ts=1686749145946,https://www.zara.com/in/en/embroidered-linen-blend-trousers-p02731257.html,Women,4.5
2032,LONG LINEN BLEND SKIRT,SPECIAL PRICES,4990.0,High-waist long skirt made of a linen blend fabric. Side pockets. Flared hem. Front zip and button fastening.,https://static.zara.net/photos///2023/I/0/1/p/4786/290/615/12/w/448/4786290615_1_1_1.jpg?ts=1689693562626,https://www.zara.com/in/en/long-linen-blend-skirt-p04786290.html,Women,3.7
2033,Z1975 MID-RISE SKINNY JEANS,SPECIAL PRICES,2990.0,MID-RISE - SKINNY LEG - ANKLE - STRETCHMid-rise jeans with five pockets. Faded effect. Front zip fly and metal button fastening.View more,https://static.zara.net/photos///2023/I/0/1/p/0108/221/405/2/w/448/0108221405_1_1_1.jpg?ts=1692201135641,https://www.zara.com/in/en/z1975-mid-rise-skinny-jeans-p00108221.html,Women,4.3
2034,PRINTED LONGLINE BLOUSE,SPECIAL PRICES,4990.0,Long blouse made of viscose. Slot collar and long sleeves with cuffs. Asymmetric hem with side vents. Button-up front.,https://static.zara.net/photos///2023/I/0/1/p/6895/248/500/2/w/448/6895248500_1_1_1.jpg?ts=1688997269436,https://www.zara.com/in/en/printed-longline-blouse-p06895248.html,Women,4.3
2035,WAISTCOAT WITH CONTRAST EMBROIDERY,SPECIAL PRICES,4990.0,Waistcoat made of 100% cotton. Round neck. Contrast embroidery detail. Matching lining.,https://static.zara.net/photos///2023/I/0/1/p/6895/257/712/2/w/448/6895257712_1_1_1.jpg?ts=1688125289439,https://www.zara.com/in/en/waistcoat-with-contrast-embroidery-p06895257.html,Women,4.6
2036,FLARED FULL LENGTH TROUSERS,SPECIAL PRICES,2990.0,"High-waist trousers featuring false welt pockets at the back. Flared hems. Front zip fly, interior button and metal hook fastening.",https://static.zara.net/photos///2023/I/0/1/p/8073/227/645/2/w/448/8073227645_1_1_1.jpg?ts=1689862657984,https://www.zara.com/in/en/flared-full-length-trousers-p08073227.html,Women,5.0
2037,CARGO JUMPSUIT,SPECIAL PRICES,3990.0,Jumpsuit with a straight neckline and exposed shoulders. Side pockets and patch pockets on the legs. Invisible side zip fastening.,https://static.zara.net/photos///2023/V/0/1/p/2560/210/800/17/w/448/2560210800_1_1_1.jpg?ts=1681829374837,https://www.zara.com/in/en/cargo-jumpsuit-p02560210.html,Women,4.3
2038,CARROT FIT POPLIN TROUSERS,SPECIAL PRICES,2590.0,High-waist cropped trousers featuring an elastic waistband with drawstring. Front pockets and rear patch pocket.,https://static.zara.net/photos///2023/I/0/1/p/8372/270/506/2/w/448/8372270506_1_1_1.jpg?ts=1688568630827,https://www.zara.com/in/en/carrot-fit-poplin-trousers-p08372270.html,Women,3.9
2039,PRINTED RAMIE TROUSERS,SPECIAL PRICES,4990.0,High-waist trousers made of ramie with a wide-leg design. Invisible side zip fastening.,https://static.zara.net/photos///2023/I/0/1/p/2731/274/330/2/w/448/2731274330_2_1_1.jpg?ts=1688378987907,https://www.zara.com/in/en/printed-ramie-trousers-p02731274.html,Women,4.1
2040,SHORT PRINTED DRESS,SPECIAL PRICES,3290.0,Slot collar dress with long sleeves with elasticated trim. Front pintuck detail. Button-up front.,https://static.zara.net/photos///2023/I/0/1/p/9878/210/080/17/w/448/9878210080_1_1_1.jpg?ts=1687447062323,https://www.zara.com/in/en/short-printed-dress-p09878210.html,Women,3.3
2041,WAISTCOAT WITH CONTRAST EMBROIDERY,SPECIAL PRICES,4990.0,Open waistcoat with a round neck. Contrast embroidery and lining.,https://static.zara.net/photos///2023/I/0/1/p/6895/259/305/2/w/448/6895259305_1_1_1.jpg?ts=1688997270185,https://www.zara.com/in/en/waistcoat-with-contrast-embroidery-p06895259.html,Women,3.8
2042,PRINTED STRAIGHT-CUT TROUSERS,SPECIAL PRICES,3290.0,Mid-rise trousers made of cotton. Belt loops and front patch pockets. Straight-leg design. Front zip fly and top button fastening.,https://static.zara.net/photos///2023/I/0/1/p/2183/249/400/2/w/448/2183249400_1_1_1.jpg?ts=1691652250973,https://www.zara.com/in/en/printed-straight-cut-trousers-p02183249.html,Women,3.9
2043,STRAPLESS TOP,SPECIAL PRICES,2590.0,Exposed shoulder top with a straight-cut neckline. Draped fabric. Invisible back zip fastening.,https://static.zara.net/photos///2023/V/0/1/p/3067/089/800/17/w/448/3067089800_1_1_1.jpg?ts=1684767640673,https://www.zara.com/in/en/strapless-top-p03067089.html,Women,3.9
2044,MIDI SHIRT DRESS,SPECIAL PRICES,5990.0,Midi dress made of cotton. Lapel collar and short sleeves with shoulder tabs. Tied belt in the same fabric. Button-up front.,https://static.zara.net/photos///2023/I/0/1/p/7761/017/330/2/w/448/7761017330_1_1_1.jpg?ts=1686558255580,https://www.zara.com/in/en/midi-shirt-dress-p07761017.html,Women,4.2
2045,SATEEN TOP,SPECIAL PRICES,2290.0,Top with a matching ribbed neckline and short sleeves.,https://static.zara.net/photos///2023/I/0/1/p/3067/036/250/20/w/448/3067036250_1_1_1.jpg?ts=1689349313851,https://www.zara.com/in/en/sateen-top-p03067036.html,Women,3.7
2046,LINEN BLEND MIDI SKIRT,SPECIAL PRICES,4990.0,High-waist midi skirt made of a linen blend. Front false welt pockets. Slit at the hem. Invisible zip fastening.,https://static.zara.net/photos///2023/I/0/1/p/7828/967/800/2/w/448/7828967800_1_1_1.jpg?ts=1689335053342,https://www.zara.com/in/en/linen-blend-midi-skirt-p07828967.html,Women,4.6
2047,COTTON BLEND PYJAMA-STYLE TROUSERS,SPECIAL PRICES,3290.0,Mid-rise trousers made of a lyocell and cotton blend with an elasticated waistband. Side pockets and welt pockets at the rear. Straight-leg design.,https://static.zara.net/photos///2023/I/0/1/p/4877/080/712/2/w/448/4877080712_1_1_1.jpg?ts=1688980756542,https://www.zara.com/in/en/cotton-blend-pyjama-style-trousers-p04877080.html,Women,4.1
2048,FULL LENGTH LINEN BLEND TROUSERS,SPECIAL PRICES,2990.0,"High-waist trousers made of a linen blend. Side pockets and back patch pockets. Front zip fly, inside button and metal hook fastening.",https://static.zara.net/photos///2023/I/0/1/p/7385/422/711/18/w/448/7385422711_1_1_1.jpg?ts=1686757989707,https://www.zara.com/in/en/full-length-linen-blend-trousers-p07385422.html,Women,4.1
2049,CROPPED WAISTCOAT WITH EMBROIDERY,SPECIAL PRICES,3290.0,Open waistcoat with embroidered details.,https://static.zara.net/photos///2023/V/0/1/p/6895/521/712/2/w/448/6895521712_1_1_1.jpg?ts=1681804416425,https://www.zara.com/in/en/cropped-waistcoat-with-embroidery-p06895025.html,Women,4.0
2050,ASYMMETRIC CUT-OUT BODYSUIT,SPECIAL PRICES,1890.0,Sleeveless bodysuit with an asymmetric neckline. Cut-out side detail and draped fabric detail. Snap-button fastening at the bottom.,https://static.zara.net/photos///2023/I/0/1/p/3641/812/800/3/w/448/3641812800_1_1_1.jpg?ts=1692192951458,https://www.zara.com/in/en/asymmetric-cut-out-bodysuit-p03641812.html,Women,4.2
2051,LINEN BLAZER WITH PRINTED CUFFS,SPECIAL PRICES,4990.0,"Open blazer featuring a lapel collar, turn-up long sleeves and padded shoulders. Front flap pockets.",https://static.zara.net/photos///2023/I/0/1/p/2753/330/807/12/w/448/2753330807_1_1_1.jpg?ts=1688676949642,https://www.zara.com/in/en/linen-blazer-with-printed-cuffs-p02753330.html,Women,4.5
2052,POPLIN CARGO JUMPSUIT,SPECIAL PRICES,4990.0,Jumpsuit featuring a Johnny collar and turn-up short sleeves. Front pockets and side patch pockets with flaps. Adjustable hems with tab and golden double buckle. Belt detail in the same fabric. Invisible front zip fastening.View more,https://static.zara.net/photos///2023/I/0/1/p/7670/333/800/17/w/448/7670333800_1_1_1.jpg?ts=1689694522489,https://www.zara.com/in/en/poplin-cargo-jumpsuit-p07670255.html,Women,3.7
2053,FRAYED LINEN TROUSERS,SPECIAL PRICES,4990.0,Mid-rise trousers made of 100% linen. Belt loops. Front pockets and false welt pockets on the back. Frayed hem. Front zip fly and button fastening.,https://static.zara.net/photos///2023/I/0/1/p/4043/280/802/2/w/448/4043280802_1_1_1.jpg?ts=1689335051230,https://www.zara.com/in/en/frayed-linen-trousers-p04043280.html,Women,3.8
2054,PLEATED TOP,SPECIAL PRICES,2590.0,Off-the-shoulder top with a straight-cut neckline. Draped fabric. Metal zip fastening at the back.,https://static.zara.net/photos///2023/I/0/1/p/4661/009/800/12/w/448/4661009800_1_1_1.jpg?ts=1687346000428,https://www.zara.com/in/en/pleated-top-p02631210.html,Women,4.0
2055,FULL LENGTH LINEN BLEND TROUSERS,SPECIAL PRICES,3290.0,"High-waist trousers in a linen blend. Side pockets and rear false welt pockets. Dart details on the front. Front zip fly, inside button and metal hook fastening.",https://static.zara.net/photos///2023/I/0/1/p/4661/502/800/12/w/448/4661502800_2_1_1.jpg?ts=1687345993925,https://www.zara.com/in/en/full-length-linen-blend-trousers-p04661502.html,Women,3.5
2056,LONG FLOWING TROUSERS,SPECIAL PRICES,2990.0,Loose-fitting high-waist trousers with a straight-leg design. Invisible side zip fastening.,https://static.zara.net/photos///2023/V/0/1/p/2216/483/631/2/w/448/2216483631_1_1_1.jpg?ts=1676370881753,https://www.zara.com/in/en/long-flowing-trousers-p02216483.html,Women,3.7
2057,POINTELLE KNIT SWEATER,SPECIAL PRICES,2990.0,Long sleeve V-neck sweater.,https://static.zara.net/photos///2023/I/0/1/p/3991/110/450/12/w/448/3991110450_1_1_1.jpg?ts=1688980090176,https://www.zara.com/in/en/pointelle-knit-sweater-p03991110.html,Women,3.9
2058,HEAVY COTTON T-SHIRT,T-SHIRTS_SWEATSHIRTS,1590.0,ROUND NECK - NORMAL LENGTH - DROP SLEEVEST-shirt made of 100% cotton. Round neck and drop sleeves.,,https://www.zara.com/in/en/heavy-cotton-t-shirt-p04424627.html,Women,4.5
2059,DRAPED NECK TOP,T-SHIRTS_SWEATSHIRTS,1590.0,LOOSE FIT - DRAPED NECK - NORMAL LENGTH Drop sleeve top with a draped round neck.,,https://www.zara.com/in/en/draped-neck-top-p01198626.html,Women,4.2
2060,EMBROIDERED COLLAR T-SHIRT,T-SHIRTS_SWEATSHIRTS,1990.0,ROUND NECK - NORMAL LENGTH - SHORT SLEEVEST-shirt with a round neck and short sleeves. Layered collar detail with embroidery,,https://www.zara.com/in/en/embroidered-collar-t-shirt-p07901631.html,Women,4.2
2061,T-SHIRT WITH CONTRAST PRINT,T-SHIRTS_SWEATSHIRTS,1990.0,LOOSE FIT - ROUND NECK - NORMAL LENGTH - SHORT SLEEVEST-shirt with a round neck and short sleeves. Contrast drawstring appliqué and print detail on the front.,,https://www.zara.com/in/en/t-shirt-with-contrast-print-p00085460.html,Women,4.5
2062,T-SHIRT WITH SIDE KNOT,T-SHIRTS_SWEATSHIRTS,1990.0,LOOSE FIT - ROUND NECK - NORMAL LENGTH - DROP SLEEVESRound neck T-shirt with drop sleeves. Featuring an asymmetric hem with a side knot in the same fabric.,,https://www.zara.com/in/en/t-shirt-with-side-knot-p01198458.html,Women,4.0
2063,BASIC T-SHIRT WITH ASYMMETRIC HEM,T-SHIRTS_SWEATSHIRTS,490.0,REGULAR FIT - ROUND NECK - NORMAL LENGTH - SHORT SLEEVEST-shirt with a round neck and short sleeves. Asymmetric hem.,,https://www.zara.com/in/en/basic-t-shirt-with-asymmetric-hem-p04174825.html,Women,4.3
2064,ASYMMETRIC RHINESTONE T-SHIRT,T-SHIRTS_SWEATSHIRTS,1890.0,Not Found,,https://www.zara.com/in/en/asymmetric-rhinestone-t-shirt-p05644642.html,Women,4.1
2065,T-SHIRT WITH SHIMMER AND SLOGAN,T-SHIRTS_SWEATSHIRTS,1590.0,SLIM FIT - ROUND NECK - NORMAL LENGTH - SHORT SLEEVESRound neck T-shirt with short sleeves. Slogan detail on the front with rhinestone appliqués.,,https://www.zara.com/in/en/t-shirt-with-shimmer-and-slogan-p05644460.html,Women,4.2
2066,RIBBED STRAPPY VEST TOP,T-SHIRTS_SWEATSHIRTS,790.0,Vest top with a round neckline.,,https://www.zara.com/in/en/ribbed-strappy-vest-top-p03253306.html,Women,3.8
2067,STRIPED COTTON T-SHIRT,T-SHIRTS_SWEATSHIRTS,1990.0,LOOSE FIT - BOAT NECK - NORMAL LENGTH - LONG SLEEVEST-shirt made of a cotton blend. Boat neck and long sleeves.,,https://www.zara.com/in/en/striped-cotton-t-shirt-p00264479.html,Women,3.0
2068,LIGHTWEIGHT RIBBED T-SHIRT,T-SHIRTS_SWEATSHIRTS,990.0,SLIM FIT - ROUND NECK - NORMAL LENGTH - SHORT SLEEVEST-shirt made of a cotton blend. Round neck and short sleeves.,,https://www.zara.com/in/en/lightweight-ribbed-t-shirt-p04174637.html,Women,4.0
2069,BASIC T-SHIRT,T-SHIRTS_SWEATSHIRTS,690.0,T-shirt made of cotton with a round neck and short sleeves.,,https://www.zara.com/in/en/basic-t-shirt-p03253328.html,Women,4.7
2070,FADED-EFFECT T-SHIRT WITH SLOGAN,T-SHIRTS_SWEATSHIRTS,1890.0,"LOOSE FIT - ROUND NECK - NORMAL LENGTH - SHORT SLEEVESFaded cotton T-shirt featuring a round neck, short sleeves and contrast slogan on the front and back.",,https://www.zara.com/in/en/faded-effect-t-shirt-with-slogan-p05643822.html,Women,4.5
2071,RIBBED T-SHIRT WITH FOIL,T-SHIRTS_SWEATSHIRTS,1990.0,REGULAR FIT - ROUND NECK - NORMAL LENGTH - SHORT SLEEVESRound neck T-shirt with short sleeves.,,https://www.zara.com/in/en/ribbed-t-shirt-with-foil-p01165695.html,Women,4.5
2072,COMBINED STRIPED TOP,T-SHIRTS_SWEATSHIRTS,1990.0,Sleeveless round neck top made of cotton. Featuring contrast fabric on the front with darts and a buttoned opening at the back.,,https://www.zara.com/in/en/combined-striped-top-p00264809.html,Women,4.7
2073,CONTRAST HOODIE,T-SHIRTS_SWEATSHIRTS,3990.0,Long sleeve hoodie in contrast fabric with a front pouch pocket.,,https://www.zara.com/in/en/contrast-hoodie-p00085842.html,Women,4.1
2074,LONG SLEEVE CONTRAST STRIPED T-SHIRT,T-SHIRTS_SWEATSHIRTS,2290.0,T-shirt made of cotton. Round neck and long sleeves. Contrast fabric detail on the back. Asymmetric hem.,,https://www.zara.com/in/en/long-sleeve-contrast-striped-t-shirt-p05644828.html,Women,4.2
2075,SHORT SLEEVE CONTRAST STRIPED T-SHIRT,T-SHIRTS_SWEATSHIRTS,1990.0,T-shirt made of cotton. Round neck and short sleeves. Contrast fabric detail on the back. Asymmetric hem.,,https://www.zara.com/in/en/short-sleeve-contrast-striped-t-shirt-p05644827.html,Women,3.8
2076,FADED COTTON T-SHIRT,T-SHIRTS_SWEATSHIRTS,990.0,SLIM FIT - ROUND NECK - NORMAL LENGTH - SHORT SLEEVES Faded cotton T-shirt with a round neck and short sleeves.,,https://www.zara.com/in/en/faded-cotton-t-shirt-p02335008.html,Women,4.0
2077,CROPPED STRETCH T-SHIRT,T-SHIRTS_SWEATSHIRTS,590.0,SLIM FIT - ROUND NECK - SHORT - SHORT SLEEVESCropped short sleeve T-shirt made of a cotton blend with a round neck.,,https://www.zara.com/in/en/cropped-stretch-t-shirt-p04424159.html,Women,4.4
2078,RIBBED LIGHTWEIGHT COTTON T-SHIRT,T-SHIRTS_SWEATSHIRTS,890.0,REGULAR FIT - ROUND NECK - NORMAL LENGTH - SHORT SLEEVESRound neck T-shirt made of cotton with short sleeves.,,https://www.zara.com/in/en/ribbed-lightweight-cotton-t-shirt-p04174172.html,Women,4.6
2079,T-SHIRT WITH SLOGAN,T-SHIRTS_SWEATSHIRTS,790.0,ROUND NECK - NORMAL LENGTH - SHORT SLEEVESCotton T-shirt. Round neck and short sleeves. Contrast slogan detail on the front.,,https://www.zara.com/in/en/t-shirt-with-slogan-p05643820.html,Women,4.0
2080,EMBROIDERED GIRL T-SHIRT,T-SHIRTS_SWEATSHIRTS,1990.0,ROUND NECK - NORMAL LENGTH - SHORT SLEEVEST-shirt with a round neckline and short sleeves. Contrast embroidered detail on the front.,,https://www.zara.com/in/en/embroidered-girl-t-shirt-p01165693.html,Women,3.9
2081,PRINTED T-SHIRT,T-SHIRTS_SWEATSHIRTS,790.0,ROUND NECK - NORMAL LENGTH - SHORT SLEEVESRound neck T-shirt with short sleeves.,,https://www.zara.com/in/en/printed-t-shirt-p00264880.html,Women,4.1
2082,POPLIN T-SHIRT WITH BUTTONS,T-SHIRTS_SWEATSHIRTS,1990.0,LOOSE FIT - V-NECK - NORMAL LENGTH - DROP SLEEVESDrop sleeve T-shirt featuring a V-neck and fabric appliqué detail made of poplin with contrast stripes. Front buttons.,,https://www.zara.com/in/en/poplin-t-shirt-with-buttons-p00264486.html,Women,4.4
2083,BASIC RIBBED T-SHIRT,T-SHIRTS_SWEATSHIRTS,490.0,Round neck strappy top.,,https://www.zara.com/in/en/basic-ribbed-t-shirt-p03253329.html,Women,3.5
2084,FITTED RHINESTONE T-SHIRT,T-SHIRTS_SWEATSHIRTS,1590.0,SLIM FIT - ROUND NECK - NORMAL LENGTH - DROP SLEEVEST-shirt featuring a round neck and drop sleeves with rhinestone appliqués.,,https://www.zara.com/in/en/fitted-rhinestone-t-shirt-p05644647.html,Women,3.1
2085,T-SHIRT WITH PADDED SHOULDERS AND RHINESTONES,T-SHIRTS_SWEATSHIRTS,1890.0,LOOSE FIT - ROUND NECK - NORMAL LENGTH - SLEEVELESSSleeveless T-shirt featuring a round neck and padded shoulders. Rhinestone details on the front.,,https://www.zara.com/in/en/t-shirt-with-padded-shoulders-and-rhinestones-p05644645.html,Women,3.9
2086,SHORT SLEEVE LIOCELL WOOL T-SHIRT,T-SHIRTS_SWEATSHIRTS,990.0,"ROUND NECK - NORMAL LENGTH - SHORT SLEEVESRound neck T-shirt with short sleeves made of a viscose, liocell and wool blend.",,https://www.zara.com/in/en/short-sleeve-liocell-wool-t-shirt-p03431801.html,Women,3.6
2087,SLOGAN PRINT T-SHIRT,T-SHIRTS_SWEATSHIRTS,1890.0,ROUND NECK - NORMAL LENGTH - SHORT SLEEVEST-shirt made of cotton. Round neck and short sleeves. Slogan and print detail on the front and back.,,https://www.zara.com/in/en/slogan-print-t-shirt-p05643827.html,Women,3.9
2088,FADED COTTON T-SHIRT,T-SHIRTS_SWEATSHIRTS,1590.0,REGULAR FIT - ROUND NECK - NORMAL LENGTH - SHORT SLEEVESRound neck T-shirt made of 100% cotton with short sleeves.,,https://www.zara.com/in/en/faded-cotton-t-shirt-p00858266.html,Women,4.0
2089,POLYAMIDE T-SHIRT,T-SHIRTS_SWEATSHIRTS,990.0,SLIM FIT - ROUND NECK - NORMAL LENGTH - SHORT SLEEVESFitted short sleeve top in a polyamide blend with a round neck.,,https://www.zara.com/in/en/polyamide-t-shirt-p03641814.html,Women,3.9
2090,SATIN STRAPLESS TOP,TOPS_BODYSUITS,2590.0,"Top with a straight neckline and exposed shoulders. Featuring matching lining, an asymmetric hem and back zip fastening.",,https://www.zara.com/in/en/satin-strapless-top-p03067096.html,Women,4.8
2091,STRETCH TOP,TOPS_BODYSUITS,2590.0,Fitted top with a square-cut neckline and straps. Fastens at the back with a metal zip.,,https://www.zara.com/in/en/stretch-top-p08027717.html,Women,4.2
2092,FOIL HALTER TOP,TOPS_BODYSUITS,2590.0,V-neck halter top made of metallic fabric. Lining. Open back. Invisible side zip fastening.,,https://www.zara.com/in/en/foil-halter-top-p03067085.html,Women,4.2
2093,ASYMMETRIC HALTERNECK TOP,TOPS_BODYSUITS,2290.0,"Top made of pleated satin fabric with a halter neck. Featuring an open back, asymmetric hem and button fastening at the neck.",,https://www.zara.com/in/en/asymmetric-halterneck-top-p00219810.html,Women,4.4
2094,LINEN BLEND CROP TOP,TOPS_BODYSUITS,2990.0,Short top made of a linen blend. Straight neckline and exposed shoulders. Pleated detail on the front.,,https://www.zara.com/in/en/linen-blend-crop-top-p02712469.html,Women,3.6
2095,PLEATED TOP WITH BELT,TOPS_BODYSUITS,2990.0,Sleeveless top featuring a high neck with pleat detail. Tied belt in the same fabric. Concealed buttoned opening at the back.,,https://www.zara.com/in/en/pleated-top-with-belt-p07484165.html,Women,4.6
2096,HALTER NECK BODYSUIT,TOPS_BODYSUITS,1290.0,Halter neck bodysuit with snap-button fastening at the bottom.,,https://www.zara.com/in/en/halter-neck-bodysuit-p05039670.html,Women,4.1
2097,SLEEVELESS CABLE-KNIT TOP,TOPS_BODYSUITS,1990.0,Sleeveless round neck top.,,https://www.zara.com/in/en/sleeveless-cable-knit-top-p08851100.html,Women,4.4
2098,MESH SEAMLESS TOP WITH RHINESTONES,TOPS_BODYSUITS,2290.0,Top made of stretchy mesh fabric. Round neck and long sleeves. Rhinestone appliqué details.,,https://www.zara.com/in/en/mesh-seamless-top-with-rhinestones-p01014838.html,Women,3.6
2099,SHORT CROCHET TOP,TOPS_BODYSUITS,2990.0,"Crochet crop top with a V-neckline, wide straps and cutwork fabric detail.",,https://www.zara.com/in/en/short-crochet-top-p07521302.html,Women,3.4
2100,DRAPED FOIL TOP,TOPS_BODYSUITS,1890.0,Metallic thread top with an asymmetric neckline and draped fabric detail.,,https://www.zara.com/in/en/draped-foil-top-p05039392.html,Women,4.5
2101,TRF DENIM CROP TOP,TOPS_BODYSUITS,2290.0,Sleeveless crop top with a round neck. Seamless hem. Fastens at the back with an opening and metal button.,,https://www.zara.com/in/en/trf-denim-crop-top-p05252271.html,Women,4.3
2102,ASYMMETRIC TOP,TOPS_BODYSUITS,2290.0,Top with an asymmetric neckline and exposed shoulders. Gathered detail on the side. Asymmetric hem with side vent.,,https://www.zara.com/in/en/asymmetric-top-p00085837.html,Women,3.7
2103,STRAPLESS TOP WITH BUCKLES,TOPS_BODYSUITS,2590.0,Off-the-shoulder top with a straight neckline. Tab details with metallic buckles. Asymmetric hem. Invisible side zip fastening.,,https://www.zara.com/in/en/strapless-top-with-buckles-p07385018.html,Women,3.7
2104,CONTRAST WAISTCOAT TOP,TOPS_BODYSUITS,2590.0,Sleeveless V-neck top with satin lapels and metal button fastening at the front.,,https://www.zara.com/in/en/contrast-waistcoat-top-p03666163.html,Women,4.6
2105,STRAPLESS CORSETRY-INSPIRED TOP WITH RHINESTONES,TOPS_BODYSUITS,3990.0,Off-the-shoulder top with a straight-cut neckline. Rhinestone details. Matching lining. Invisible side zip fastening.,,https://www.zara.com/in/en/strapless-corsetry-inspired-top-with-rhinestones-p07901012.html,Women,3.6
2106,BODYSUIT WITH SQUARE-CUT NECKLINE,TOPS_BODYSUITS,1590.0,Square-neck bodysuit with wide straps. Snap-button fastening at the bottom.,,https://www.zara.com/in/en/bodysuit-with-square-cut-neckline-p03905008.html,Women,4.8
2107,DRAPED TULLE TOP,TOPS_BODYSUITS,2290.0,Semi-sheer V-neck top featuring long sleeves with mittens. Draped fabric. Button-up front.This garment is not lined.,,https://www.zara.com/in/en/draped-tulle-top-p03067044.html,Women,3.7
2108,SEAMLESS RHINESTONES BODYSUIT,TOPS_BODYSUITS,2290.0,Bodysuit made of stretchy mesh fabric. Round neck and long sleeves. Rhinestone appliqué details.,,https://www.zara.com/in/en/seamless-rhinestones-bodysuit-p07901888.html,Women,4.4
2109,TAILORED LINEN BLEND WAISTCOAT,TOPS_BODYSUITS,2990.0,Sleeveless waistcoat made of a linen blend with a lapel collar and V-neck. Tied hem in the same fabric.,,https://www.zara.com/in/en/tailored-linen-blend-waistcoat-p05427731.html,Women,4.0
2110,PRINTED TOP WITH TIED DETAIL,TOPS_BODYSUITS,2990.0,"Sleeveless top made of cotton. Featuring a round neck, adjustable hem with ties and button fastening at the back.",,https://www.zara.com/in/en/printed-top-with-tied-detail-p03198048.html,Women,4.4
2111,LINEN BLEND ASYMMETRIC TOP,TOPS_BODYSUITS,3290.0,Top made of a cotton and linen blend. Asymmetric neckline and long cape sleeves. Textured fabric detail. Asymmetric hem.,,https://www.zara.com/in/en/linen-blend-asymmetric-top-p07724104.html,Women,3.9
2112,TOP WITH PLEATED RUFFLE SLEEVES,TOPS_BODYSUITS,3290.0,Crop top featuring a round neck and long sleeves with pleated ruffle trims. Buttoned opening at the back.,,https://www.zara.com/in/en/top-with-pleated-ruffle-sleeves-p01971161.html,Women,4.0
2113,STRAPLESS POPLIN TOP WITH BEADING,TOPS_BODYSUITS,2990.0,Off-the-shoulder top with a straight-cut neckline. Featuring pleats and contrast beads. Metal zip fastening at the back.,,https://www.zara.com/in/en/strapless-poplin-top-with-beading-p00881007.html,Women,4.1
2114,TOP WITH BRAIDED STRAPS,TOPS_BODYSUITS,2590.0,V-neck top featuring braided straps with tied detail at the back. Elastic detail and opening at the back.,,https://www.zara.com/in/en/top-with-braided-straps-p07521066.html,Women,3.6
2115,ASYMMETRIC GATHERED TOP,TOPS_BODYSUITS,1890.0,Top made of a polyamide and elastane blend. Asymmetric neckline with exposed shoulders. Gathered fabric detail.,,https://www.zara.com/in/en/asymmetric-gathered-top-p03641801.html,Women,4.4
2116,TEXTURED RUFFLED TOP,TOPS_BODYSUITS,1990.0,Sleeveless V-neck top. Textured fabric detail and ruffles.,,https://www.zara.com/in/en/textured-ruffled-top-p05584313.html,Women,3.9
2117,SATINY STRAPLESS NECKERCHIEF TOP,TOPS_BODYSUITS,2590.0,Off-the-shoulder top with a straight neckline. Neckerchief fabric with pleat details. Invisible side zip fastening.,,https://www.zara.com/in/en/satiny-strapless-neckerchief-top-p07743331.html,Women,4.0
2118,PRINTED LINEN BLEND TOP,TOPS_BODYSUITS,2590.0,Halter top made of a linen blend. V-neckline. Open back. Asymmetric hem with a front slit. Side metal zip fastening.,,https://www.zara.com/in/en/printed-linen-blend-top-p04432003.html,Women,3.7
2119,POPLIN TOP WITH RHINESTONES AND FLOWERS,TOPS_BODYSUITS,2990.0,Top with thin straps and a tie at the back. Featuring a neckline in the shape of flowers and rhinestone appliqués.,,https://www.zara.com/in/en/poplin-top-with-rhinestones-and-flowers-p07521009.html,Women,2.9
2120,EMBELLISHED CUT-OUT BODYSUIT,TOPS_BODYSUITS,2290.0,Bodysuit with a plunging V-neckline and wide straps. Metal appliqué detail on the chest and cut-out sides. Draped fabric. Snap-button fastening at the bottom.,,https://www.zara.com/in/en/embellished-cut-out-bodysuit-p05644809.html,Women,4.0
2121,TRF DENIM CROP TOP WITH RHINESTONES,TOPS_BODYSUITS,3990.0,Crop top with a straight neckline and thin straps. Rhinestone details. Fastens at the back with metal zip.,,https://www.zara.com/in/en/trf-denim-crop-top-with-rhinestones-p08197202.html,Women,5.0
2122,CROCHET BRALETTE,TOPS_BODYSUITS,2290.0,Crochet bralette in a combination of contrast colours. Tied fastening in the same fabric.,,https://www.zara.com/in/en/crochet-bralette-p06895301.html,Women,4.5
2123,METALLIC THREAD RUSTIC SWEATER,TOPS_BODYSUITS,2290.0,Round neck sweater with long sleeves and metallic thread detail.This garment is not lined.,,https://www.zara.com/in/en/metallic-thread-rustic-sweater-p01165672.html,Women,4.1
2124,OPEN-BACK TOP WITH BUCKLE,TOPS_BODYSUITS,2590.0,V-neck top with a halter neck. Features an open back with double buckle and hidden hook-and-eye fastening at the front.,,https://www.zara.com/in/en/open-back-top-with-buckle-p08269783.html,Women,4.0
2125,ASYMMETRIC PLEATED TOP,TOPS_BODYSUITS,2290.0,Top with an asymmetric neckline and a wide strap. Pleated fabric with ruffle trims.,,https://www.zara.com/in/en/asymmetric-pleated-top-p00219800.html,Women,4.1
2126,DRAPED TULLE PRINT TOP,TOPS_BODYSUITS,2290.0,Semi-sheer V-neck top featuring long sleeves with mittens. Draped fabric. Button-up front.,,https://www.zara.com/in/en/draped-tulle-print-top-p03067067.html,Women,4.3
2127,ASYMMETRIC DRAPED TOP,TOPS_BODYSUITS,1890.0,Top with an asymmetric neckline and wide straps. Draped fabric. Asymmetric hem.,,https://www.zara.com/in/en/asymmetric-draped-top-p05039368.html,Women,3.6
2128,ASYMMETRIC TOP WITH TIES,TOPS_BODYSUITS,1890.0,Sleeveless top with an asymmetric neckline. Side pleats. Tied belt in the same fabric.,,https://www.zara.com/in/en/asymmetric-top-with-ties-p01165683.html,Women,4.6
2129,PRINTED TULLE TOP,TOPS_BODYSUITS,2290.0,Short sleeve top with a high neck. Draped fabric. Lining. Invisible back zip fastening.,,https://www.zara.com/in/en/printed-tulle-top-p03067054.html,Women,4.4
2130,TEXTURED TOP WITH RUFFLE TRIMS,TOPS_BODYSUITS,1890.0,Sleeveless top made of textured fabric. Featuring a round neck and ruffled trims in matching fabric.,,https://www.zara.com/in/en/textured-top-with-ruffle-trims-p05584307.html,Women,4.4
2131,EMBROIDERED TOP,TOPS_BODYSUITS,2990.0,OVERSIZE FIT - V-NECK - LONG - SHORT SLEEVESTop made of a viscose blend. V-neckline and short sleeves. Contrast embroidery detail. Side vents at the hem.,,https://www.zara.com/in/en/embroidered-top-p01165635.html,Women,4.3
2132,METALLIC TOP WITH RHINESTONES,TOPS_BODYSUITS,5990.0,Sleeveless metallic crop top with rhinestone appliqués. Round neck. Open back. Lobster clasp fastening.This garment is not lined.,,https://www.zara.com/in/en/metallic-top-with-rhinestones-p07901887.html,Women,4.1
2133,PLEATED TOP WITH KNOT,TOPS_BODYSUITS,2990.0,Strappy halter top with front knot. Invisible side zip fastening.,,https://www.zara.com/in/en/pleated-top-with-knot-p03564170.html,Women,4.4
2134,CROCHET CROP TOP,TOPS_BODYSUITS,2990.0,V-neck crop top with tie detail at the neck. Matching crochet fabric. Ruffled hem with cutwork embroidery. Tied fastening at the back.,,https://www.zara.com/in/en/crochet-crop-top-p00881038.html,Women,4.4
2135,PRINTED LINEN BLEND CROP TOP,TOPS_BODYSUITS,2990.0,Top made of a linen blend. Featuring a knotted V-neck and short sleeves. Invisible side zip fastening.,,https://www.zara.com/in/en/printed-linen-blend-crop-top-p08294447.html,Women,3.9
2136,SEAMLESS CROP TOP WITH RHINESTONES,TOPS_BODYSUITS,2590.0,"Off-the-shoulder crop top with a straight neckline. Featuring long sleeves, a hem with metal fringing and rhinestone appliqués.",,https://www.zara.com/in/en/seamless-crop-top-with-rhinestones-p07901894.html,Women,3.8
2137,SATIN OPEN-BACK TOP,TOPS_BODYSUITS,2590.0,Round neck top with long sleeves and pleated cuffs. Open back. Gathered detailing at the sides. Tied bow at the hem.,,https://www.zara.com/in/en/satin-open-back-top-p07484166.html,Women,4.1
2138,EMBROIDERED CROP TOP,TOPS_BODYSUITS,3290.0,V-neck crop top featuring short puff sleeves with elasticated trim. Knot detail with front pleats. Asymmetric hem with matching trim.,,https://www.zara.com/in/en/embroidered-crop-top-p02731267.html,Women,4.8
2139,Z1975 DENIM CROPPED WAISTCOAT,TOPS_BODYSUITS,2290.0,V-neck waistcoat with front metal button fastening.,,https://www.zara.com/in/en/z1975-denim-cropped-waistcoat-p06147190.html,Women,3.5
2140,TRF DENIM TOP,TOPS_BODYSUITS,2990.0,Top with a straight-cut neckline and adjustable straps. Front patch pockets. Elastic smocked fabric detail at the back. Front zip fastening.,,https://www.zara.com/in/en/trf-denim-top-p03607210.html,Women,3.4
2141,DENIM TRF SHIRT,TOPS_BODYSUITS,2590.0,Faded denim shirt with a round neck and short sleeves. Featuring seamless trims and metal zip fastening at the back.,,https://www.zara.com/in/en/denim-trf-shirt-p00250200.html,Women,4.2
2142,RHINESTONE POPLIN TOP,TOPS_BODYSUITS,2990.0,Top with a sweetheart neckline and thin straps. Featuring a cut-out detail on the chest and rhinestone appliqués.,,https://www.zara.com/in/en/rhinestone-poplin-top-p00881006.html,Women,4.1
2143,RIBBED BODYSUIT WITH RUFFLES,TOPS_BODYSUITS,2290.0,Bodysuit with a straight-cut neckline and exposed shoulders. Combined ruffles on the chest. Snap-button fastening at the bottom.,,https://www.zara.com/in/en/ribbed-bodysuit-with-ruffles-p00858807.html,Women,4.2
2144,RIBBED T-SHIRT WITH FOIL,TOPS_BODYSUITS,2290.0,Fitted T-shirt made of metallic-effect cotton. Round neck and short sleeves.,,https://www.zara.com/in/en/ribbed-t-shirt-with-foil-p00085829.html,Women,4.2
2145,METALLIC CAMISOLE TOP,TOPS_BODYSUITS,2590.0,Top with a flowing neckline and thin straps that cross at the back.,,https://www.zara.com/in/en/metallic-camisole-top-p01165170.html,Women,4.0
2146,STRIPED POPLIN STRAPLESS TOP,TOPS_BODYSUITS,2590.0,Straight-neck top with exposed shoulders. Button details on the front. Invisible side zip fastening.,,https://www.zara.com/in/en/striped-poplin-strapless-top-p07808280.html,Women,4.8
2147,DRAPED SATIN TOP,TOPS_BODYSUITS,2590.0,Sleeveless top with a high neck. Draped fabric. Invisible side zip fastening.,,https://www.zara.com/in/en/draped-satin-top-p03067053.html,Women,3.4
2148,LINEN BLEND PRINT TOP,TOPS_BODYSUITS,2990.0,Crop top made of a linen blend. V-neck and sleeves falling below the elbow. Open back with elastic detail. Gathered hem. Invisible side zip fastening.,,https://www.zara.com/in/en/linen-blend-print-top-p08042453.html,Women,3.7
2149,TOP WITH SHOULDER PADS,TOPS_BODYSUITS,2990.0,Sleeveless top featuring a surplice neckline and padded shoulders. Side gathered details. Invisible zip fastening.,,https://www.zara.com/in/en/top-with-shoulder-pads-p03897154.html,Women,4.1
2150,SHINY STRAPLESS TOP,TOPS_BODYSUITS,2990.0,Top with a straight neckline and exposed shoulders. Shiny-effect fabric with smocking at the back. Invisible side zip fastening.,,https://www.zara.com/in/en/shiny-strapless-top-p06929205.html,Women,3.4
2151,BEADED PRINTED TOP,TOPS_BODYSUITS,2990.0,"V-neck top with double straps. Adjustable chest with side ties with tassel trims. Beading, sequins and contrast embroidery detail. Matching lining.",,https://www.zara.com/in/en/beaded-printed-top-p00881041.html,Women,4.0
2152,STRAPLESS TOP WITH ZIP,TOPS_BODYSUITS,2990.0,Off-the-shoulder top with a straight neckline. Front patch pocket. Metallic zip on the hem. Invisible side zip fastening.,,https://www.zara.com/in/en/strapless-top-with-zip-p04661025.html,Women,4.8
2153,ASYMMETRIC SHAPE BODYSUIT,TOPS_BODYSUITS,1890.0,Sleeveless bodysuit with an asymmetric neckline. Draped fabric detail. Snap-button fastening at the bottom.,,https://www.zara.com/in/en/asymmetric-shape-bodysuit-p03905633.html,Women,4.1
2154,EMBROIDERED TOP,TOPS_BODYSUITS,2590.0,V-neck top with straps. Matching floral embroidery detail and a button-up front.,,https://www.zara.com/in/en/embroidered-top-p00881050.html,Women,4.2
2155,MESH SEAMLESS BODYSUIT WITH RHINESTONES,TOPS_BODYSUITS,2290.0,"Bodysuit made of stretchy mesh fabric. Featuring a V-neck, long sleeves, rhinestone appliqués and gathered detailing.",,https://www.zara.com/in/en/mesh-seamless-bodysuit-with-rhinestones-p01014844.html,Women,3.5
2156,TRF DENIM BANDEAU TOP,TOPS_BODYSUITS,2290.0,Denim top with a straight-cut neckline and exposed shoulders. Featuring stretch fabric at the back and metal button fastening at the front.,,https://www.zara.com/in/en/trf-denim-bandeau-top-p05520010.html,Women,3.8
2157,GATHERED ORGANZA TOP,TOPS_BODYSUITS,2290.0,Halter top with buttons. Gathered fabric detail. Matching lining. Open back.,,https://www.zara.com/in/en/gathered-organza-top-p02712847.html,Women,3.9
2158,SEAMLESS FOIL ASYMMETRIC TOP,TOPS_BODYSUITS,1890.0,Polyamide top with an asymmetric neckline and wide straps. Metallic fabric.,,https://www.zara.com/in/en/seamless-foil-asymmetric-top-p01014839.html,Women,4.0
2159,TEXTURED TOP,TOPS_BODYSUITS,2590.0,Halter top with a surplice neckline. Open back with tied detail at the hem.,,https://www.zara.com/in/en/textured-top-p03067014.html,Women,4.7
2160,STRAPLESS PLEATED TULLE TOP,TOPS_BODYSUITS,2590.0,Strapless top with inner elastic. Pleated fabric detail. Seamless hem.,,https://www.zara.com/in/en/strapless-pleated-tulle-top-p05644453.html,Women,4.4
2161,PRINTED CROP TOP,TOPS_BODYSUITS,2590.0,Top with a plunging V-neckline and straps. Featuring multicoloured embroidery and beads. Tied fastening at the back.,,https://www.zara.com/in/en/printed-crop-top-p07521072.html,Women,3.6
2162,TEXTURED TOP,TOPS_BODYSUITS,1890.0,Top made of textured fabric. Featuring a round neck and short sleeves.,,https://www.zara.com/in/en/textured-top-p03644310.html,Women,4.2
2163,STRETCH KNIT TOP WITH SQUARE NECKLINE,TOPS_BODYSUITS,1890.0,SLIM FIT - SQUARE NECKLINE - NORMAL LENGTH - SLEEVELESSSleeveless top with a square neckline.,,https://www.zara.com/in/en/stretch-knit-top-with-square-neckline-p05584630.html,Women,4.3
2164,SATIN TOP WITH TOPSTITCHING,TOPS_BODYSUITS,2990.0,Round neck satin top with long sleeves. Contrast pronounced topstitching details.,,https://www.zara.com/in/en/satin-top-with-topstitching-p01058403.html,Women,4.6
2165,PLEATED TOP WITH TIE DETAIL,TOPS_BODYSUITS,2990.0,V-neck top featuring long sleeves with wide cuffs and tie detail at the back.,,https://www.zara.com/in/en/pleated-top-with-tie-detail-p07969231.html,Women,4.8
2166,VOLUMINOUS TOP,TOPS_BODYSUITS,2990.0,"Sleeveless top featuring a matching ribbed round neck, voluminous hem and invisible back zip fastening.",,https://www.zara.com/in/en/voluminous-top-p04437247.html,Women,3.6
2167,HALTER TOP WITH POCKETS,TOPS_BODYSUITS,2990.0,"Halterneck top featuring front patch pockets, a false welt pocket on the chest and front zip fastening hidden by a placket.",,https://www.zara.com/in/en/halter-top-with-pockets-p03067029.html,Women,3.7
2168,CROP TOP WITH CUTWORK EMBROIDERY,TOPS_BODYSUITS,2990.0,Crop top with a straight neck and wide straps. Featuring matching cutwork embroidery detail.,,https://www.zara.com/in/en/crop-top-with-cutwork-embroidery-p07566101.html,Women,3.5
2169,RUFFLED LINEN TOP,TOPS_BODYSUITS,2990.0,"Sleeveless top made of 100% linen. Featuring a round neckline, ruffles on the front and front button fastening.",,https://www.zara.com/in/en/ruffled-linen-top-p08122707.html,Women,4.0
2170,JACQUARD FRILLED TOP,TOPS_BODYSUITS,2990.0,Top with a V-neck and thin straps. Ruffle trim details and a split hem.,,https://www.zara.com/in/en/jacquard-frilled-top-p08031893.html,Women,4.3
2171,WIDE WAISTBAND LEGGINGS,TROUSERS,2290.0,High-waist leggings with a wide elastic waistband.,,https://www.zara.com/in/en/wide-waistband-leggings-p03046233.html,Women,4.5
2172,PLEATED SATIN-FINISH TROUSERS,TROUSERS,2990.0,Trousers made of pleated satin fabric. Elastic drawstring waistband. Wide-leg design.,,https://www.zara.com/in/en/pleated-satin-finish-trousers-p00219811.html,Women,4.1
2173,PRINTED FOIL TROUSERS,TROUSERS,2990.0,High-waist trousers with an elasticated waistband and adjustable drawstrings. Metallic print detail.,,https://www.zara.com/in/en/printed-foil-trousers-p07102509.html,Women,4.0
2174,FOIL TROUSERS,TROUSERS,2990.0,High-waist trousers made of metallic satin fabric. Featuring an elastic waistband and in-seam side pockets.,,https://www.zara.com/in/en/foil-trousers-p08400350.html,Women,4.2
2175,BODY SHAPING LEGGINGS,TROUSERS,2290.0,High-waist leggings with a fitted elasticated waistband. Invisible side zip fastening.,,https://www.zara.com/in/en/body-shaping-leggings-p08372275.html,Women,3.7
2176,HIGH-WAIST DENIM LEGGINGS WITH BUTTONS,TROUSERS,2290.0,High-waist denim leggings with an elastic waistband. Snap-button and zip fastening at the front.,,https://www.zara.com/in/en/high-waist-denim-leggings-with-buttons-p04387246.html,Women,5.0
2177,HIGH-WAIST LEGGINGS WITH BUTTONS,TROUSERS,2290.0,High-waist leggings featuring an elasticated waistband and raised golden buttons on the front.,,https://www.zara.com/in/en/high-waist-leggings-with-buttons-p03046232.html,Women,3.4
2178,HIGH WAISTED CARROT TROUSERS,TROUSERS,3990.0,"High-waist trousers with side pockets, back patch pockets and leg pockets. Belt loops with metal buckle on the front. Front zip and inside button fastening.",,https://www.zara.com/in/en/high-waisted-carrot-trousers-p07385502.html,Women,4.2
2179,BARREL TROUSERS WITH CUFFED HEMS,TROUSERS,3290.0,High-waist trousers featuring front pockets and false welt pocket at the back. Front and hem dart details. Front zip fly and button fastening.,,https://www.zara.com/in/en/barrel-trousers-with-cuffed-hems-p01608222.html,Women,5.0
2180,SATIN CARGO TROUSERS,TROUSERS,5990.0,Mid-rise satin trousers made of viscose. Belt loops. Side pockets and multiple patch pockets with flaps. Straight leg. Front zip and button fastening.,,https://www.zara.com/in/en/satin-cargo-trousers-p09663042.html,Women,4.1
2181,PRINTED WRAP TROUSERS,TROUSERS,3990.0,High-waist trousers with a front knot and a straight-leg design.,,https://www.zara.com/in/en/printed-wrap-trousers-p07620631.html,Women,4.0
2182,LONG FLOWING TROUSERS,TROUSERS,2990.0,Loose-fitting high-waist trousers with a straight-leg design. Invisible side zip fastening.,,https://www.zara.com/in/en/long-flowing-trousers-p02731271.html,Women,3.9
2183,STRAIGHT-LEG TROUSERS WITH TURN-UP HEMS,TROUSERS,3290.0,"High-waist trousers featuring front pockets and a rear false welt pockets. Straight-leg design and turn-up hems. Front zip fly, interior button and metal hook fastening.",,https://www.zara.com/in/en/straight-leg-trousers-with-turn-up-hems-p01478131.html,Women,4.0
2184,WIDE-LEG TROUSERS WITH ZIPS,TROUSERS,2990.0,Mid-rise trousers with belt loops. In-seam zip pockets and rear welt pockets. Matching visible topstitching. Wide leg. Zip-up front.,,https://www.zara.com/in/en/wide-leg-trousers-with-zips-p08338507.html,Women,4.7
2185,FLARED FULL LENGTH TROUSERS,TROUSERS,3290.0,"High-waist trousers with front pockets and a back false welt pockets. Flared hems. Front zip fly, interior button and metal hook fastening.",,https://www.zara.com/in/en/flared-full-length-trousers-p02753335.html,Women,3.1
2186,CROPPED STRAIGHT-FIT SATIN TROUSERS,TROUSERS,2590.0,Mid-rise trousers with an adjustable elasticated waistband with drawstrings.,,https://www.zara.com/in/en/cropped-straight-fit-satin-trousers-p07385503.html,Women,4.8
2187,METALLIC PRINT TROUSERS,TROUSERS,2990.0,Mid-waist flowing trousers with an elasticated waistband and adjustable drawstrings. Metallic print detail.,,https://www.zara.com/in/en/metallic-print-trousers-p07102508.html,Women,3.5
2188,HIGH-RISE STRAIGHT-FIT TRF CARGO TROUSERS,TROUSERS,2890.0,High-waist trousers with patch pockets on the sides and on the leg and false pockets with flaps on the back. Front zip fly and metal button fastening.,,https://www.zara.com/in/en/high-rise-straight-fit-trf-cargo-trousers-p05520165.html,Women,4.0
2189,FLARED HIGH-WAIST LEGGINGS,TROUSERS,2290.0,HIGH WAIST - FLARE LEG - FULL LENGTH - COMFORTHigh-waist leggings with an elastic waistband. Long flared hem.,,https://www.zara.com/in/en/flared-high-waist-leggings-p01198222.html,Women,3.9
2190,PAPERBAG TROUSERS WITH BELT,TROUSERS,3990.0,"High-waist trousers with front darts. Front pockets and side patch pockets with flaps. Adjustable hems with button fastening. Front zip fly, interior button and metal hook fastening. Belt with buckle and metal studs.",,https://www.zara.com/in/en/paperbag-trousers-with-belt-p00779158.html,Women,4.4
2191,TROUSERS WITH LINED BELT,TROUSERS,3290.0,"High-waist cropped trousers with darts and a matching lined belt. Front pockets and false rear welt pockets. Front zip fly, interior button and metal hook fastening.",,https://www.zara.com/in/en/trousers-with-lined-belt-p04387340.html,Women,3.4
2192,FLARED TROUSERS,TROUSERS,3290.0,"Mid-rise trousers. Flared hems. Front zip fly, interior button and metal hook fastening.",,https://www.zara.com/in/en/flared-trousers-p08372253.html,Women,4.3
2193,HIGH-WAIST SLIM FIT TROUSERS,TROUSERS,3290.0,"High-waist trousers with belt loops. Side pockets rear false welt pockets. Pronounced seams on the front. Front zip fly, inside button and metal hook fastening.",,https://www.zara.com/in/en/high-waist-slim-fit-trousers-p08373701.html,Women,5.0
2194,FULL LENGTH LINEN BLEND TROUSERS,TROUSERS,2990.0,"High-waist trousers in a linen blend. Side pockets and rear false welt pockets. Dart details on the front. Front zip fly, inside button and metal hook fastening.",,https://www.zara.com/in/en/full-length-linen-blend-trousers-p05427422.html,Women,3.5
2195,BELTED CARGO TROUSERS,TROUSERS,3990.0,High-waist trousers featuring a matching belt. Front pockets and false rear welt pockets. Front zip fly and metal hook fastening.,,https://www.zara.com/in/en/belted-cargo-trousers-p00779157.html,Women,4.2
2196,TRF CARGO TOPSTITCHED TROUSERS,TROUSERS,4990.0,"High-waist trousers featuring an adjustable elasticated waistband with drawstrings. Side patch pockets, pockets on the leg and false flap pockets at the back. Adjustable drawstring hem. Contrast seam details.",,https://www.zara.com/in/en/trf-cargo-topstitched-trousers-p05520267.html,Women,3.8
2197,PRINTED PALAZZO RAMIE TROUSERS,TROUSERS,4990.0,Mid-rise trousers made of 100% ramie. Adjustable elasticated waistband with drawstrings. Side in-seam pockets. Wide-leg design.,,https://www.zara.com/in/en/printed-palazzo-ramie-trousers-p04786312.html,Women,4.3
2198,CONTRAST BOXER TROUSERS,TROUSERS,3290.0,High-waist trousers with front pockets and rear welt pockets. Fabric interior with an elasticated waistband. Straight leg.,,https://www.zara.com/in/en/contrast-boxer-trousers-p07385565.html,Women,4.1
2199,FLOWING WRAP TROUSERS,TROUSERS,2290.0,Mid-waist flowing trousers with an elasticated waistband. Featuring wrap-style layered detail in the same fabric with adjustable ties and a wide-leg design.,,https://www.zara.com/in/en/flowing-wrap-trousers-p00264159.html,Women,3.8
2200,BELTED CARGO TROUSERS,TROUSERS,3990.0,High-waist trousers with front darts and a belt in the same fabric. Front pockets and side patch pockets with flaps. Hems with adjustable tabs. Front zip fly and metal hook fastening.,,https://www.zara.com/in/en/belted-cargo-trousers-p08277411.html,Women,4.3
2201,CONTRAST PATCHWORK TROUSERS,TROUSERS,2990.0,High-waist trousers featuring an adjustable waistband with drawstrings. Contrast fabrics. Wide-leg design.,,https://www.zara.com/in/en/contrast-patchwork-trousers-p00264472.html,Women,4.9
2202,TEXTURED JACQUARD TROUSERS,TROUSERS,2590.0,High-waist trousers with an adjustable waistband and matching drawstrings. Textured jacquard fabric detail. Wide-leg design.,,https://www.zara.com/in/en/textured-jacquard-trousers-p05039634.html,Women,4.0
2203,PAPERBAG TROUSERS WITH BELT,TROUSERS,3990.0,"High-waist trousers with front darts and a matching belt. Front pockets. Wide-leg design. Front zip, interior button and metal hook fastening.",,https://www.zara.com/in/en/paperbag-trousers-with-belt-p07484034.html,Women,4.4
2204,EMBROIDERED TROUSERS,TROUSERS,3990.0,Mid-rise trousers made of a viscose blend. Adjustable waistband with drawstrings. Contrast embroidery detail.,,https://www.zara.com/in/en/embroidered-trousers-p01165636.html,Women,3.5
2205,CARGO TROUSERS WITH ELASTICATED WAISTBAND,TROUSERS,2990.0,High-waist trousers featuring an elasticated waistband with drawstrings. Front pockets and side patch pockets with flaps. Cuffed elasticated hems.,,https://www.zara.com/in/en/cargo-trousers-with-elasticated-waistband-p01971220.html,Women,3.7
2206,STRAIGHT FIT TROUSERS WITH BUTTONS,TROUSERS,3290.0,High-waist trousers with an elastic waistband at the back. Front pockets with decorative golden buttons. False welt pockets at the back. Straight-leg design.,,https://www.zara.com/in/en/straight-fit-trousers-with-buttons-p09929020.html,Women,4.3
2207,PRINTED RAMIE TROUSERS,TROUSERS,4990.0,Mid-waist trousers made of 100% ramie. Elasticated waistband and adjustable drawstrings in matching fabric. Front pockets. Wide-leg design.,,https://www.zara.com/in/en/printed-ramie-trousers-p02731313.html,Women,4.8
2208,HIGH-WAIST CARROT FIT TROUSERS WITH DARTS,TROUSERS,3290.0,"High-waist trousers with front darts, side in-seam pockets and front zip, interior button and metal hook fastening.",,https://www.zara.com/in/en/high-waist-carrot-fit-trousers-with-darts-p02753234.html,Women,4.3
2209,WIDE-LEG PYJAMA-STYLE TROUSERS,TROUSERS,2990.0,High-waist trousers with an elasticated drawstring waistband. Front pockets. Wide-leg design.,,https://www.zara.com/in/en/wide-leg-pyjama-style-trousers-p01478223.html,Women,4.0
2210,CARROT FIT TROUSERS WITH TABS AT HEM,TROUSERS,2990.0,High-waist trousers with an elasticated waistband. Front pockets. Visible seam details on the front and back. Hems with buttoned tabs.,,https://www.zara.com/in/en/carrot-fit-trousers-with-tabs-at-hem-p04387271.html,Women,4.1
2211,BELTED CHINO TROUSERS,TROUSERS,3290.0,High-waist trousers with front darts. Front pockets and buttoned false welt pockets at the back. Front zip fly and button fastening. Embossed belt detail.,,https://www.zara.com/in/en/belted-chino-trousers-p08173398.html,Women,3.5
2212,NYLON TROUSERS WITH ZIPS,TROUSERS,3290.0,Mid-rise trousers featuring an adjustable elasticated waistband with drawstrings. Side pockets and patch pockets with flaps on the legs. Elasticated hem with side zip.,,https://www.zara.com/in/en/nylon-trousers-with-zips-p04661507.html,Women,4.4
2213,BASIC FLOWING TROUSERS,TROUSERS,2290.0,Flowing high-waist trousers with an elastic waistband.,,https://www.zara.com/in/en/basic-flowing-trousers-p05039369.html,Women,4.5
2214,NYLON BLEND PARACHUTE TROUSERS,TROUSERS,2990.0,Mid-rise trousers. Side pockets and false rear welt pockets. Pleated details on the knee. Adjustable stopper hems.,,https://www.zara.com/in/en/nylon-blend-parachute-trousers-p07901505.html,Women,3.9
2215,LINEN BLEND CARROT FIT TROUSERS,TROUSERS,2990.0,High-waist trousers made of a linen blend. Featuring an elasticated waistband with adjustable drawstring. Front and rear patch pockets.,,https://www.zara.com/in/en/linen-blend-carrot-fit-trousers-p08372362.html,Women,3.9
2216,FINELY PLEATED PALAZZO TROUSERS,TROUSERS,3990.0,High-waist trousers with an elasticated waistband. Lining. Wide-leg design.,,https://www.zara.com/in/en/finely-pleated-palazzo-trousers-p03564270.html,Women,4.2
2217,WIDE-LEG FRAYED TROUSERS,TROUSERS,3990.0,High-waist trousers with five pockets. Wide-leg design. Frayed trim details. Front zip fly and button fastening.,,https://www.zara.com/in/en/wide-leg-frayed-trousers-p08058157.html,Women,3.9
2218,SATIN CARGO TROUSERS,TROUSERS,5990.0,High-waist trousers made of 100% viscose. Front pockets and patch pockets with flaps on the sides and back. Buckled side tabs and front pleats. Adjustable hems with elastic drawstring and stopper. Front zip and metal hook fastening.,,https://www.zara.com/in/en/satin-cargo-trousers-p07941309.html,Women,4.1
2219,LINEN BLEND STRAIGHT TROUSERS,TROUSERS,3290.0,High-waist trousers made of a linen blend fabric. Adjustable elasticated waistband with drawstring. Front pockets and false welt pocket at the back. Wide-leg design.,,https://www.zara.com/in/en/linen-blend-straight-trousers-p07847939.html,Women,5.0
2220,STRAIGHT FIT TROUSERS,TROUSERS,3290.0,"High-waist trousers featuring front pockets and false welt pockets at the back. Zip, inside button and metal hook fastening at the front.",,https://www.zara.com/in/en/straight-fit-trousers-p08003736.html,Women,4.0
2221,SATIN TROUSERS WITH TOPSTITCHING,TROUSERS,3290.0,High-waist trousers with front pockets. Pronounced contrast topstitching detail. Straight legs. Frayed hem. Invisible side zip fastening.,,https://www.zara.com/in/en/satin-trousers-with-topstitching-p01058406.html,Women,3.9
2222,ANIMAL PRINT PAPERBAG TROUSERS,TROUSERS,3290.0,"High-waist trousers with front darts and a matching belt. Front pockets. Straight-leg design. Front zip fly, interior button and metal hook fastening.",,https://www.zara.com/in/en/animal-print-paperbag-trousers-p08179803.html,Women,3.8
2223,PARACHUTE TROUSERS,TROUSERS,2990.0,Mid-waist trousers with an elasticated waist. Side pockets. Adjustable hems with stopper.,,https://www.zara.com/in/en/parachute-trousers-p05520007.html,Women,4.4
2224,SATIN PARACHUTE TROUSERS,TROUSERS,2990.0,Mid-rise trousers featuring an elasticated waistband with drawstring and stopper. Side pockets and patch pockets on the front. Pleated details on the legs. Adjustable hems with an elasticated drawstring and stopper.,,https://www.zara.com/in/en/satin-parachute-trousers-p04661407.html,Women,4.0
2225,FLOWING WIDE-LEG TROUSERS,TROUSERS,2590.0,High-waist trousers with an elastic waistband. Front pockets. wide-leg design.,,https://www.zara.com/in/en/flowing-wide-leg-trousers-p09929039.html,Women,3.8
2226,LINEN BLEND PALAZZO TROUSERS,TROUSERS,4990.0,"Mid-rise wide-leg trousers made of a cotton and linen blend. Featuring an elasticated waistband with adjustable drawstrings, side pockets and textured fabric detail.",,https://www.zara.com/in/en/linen-blend-palazzo-trousers-p07721104.html,Women,4.7
2227,CARGO TROUSERS WITH STRAPS,TROUSERS,4990.0,"Mid-rise trousers made of 100% cotton. Belt loops. Belt in the same fabric with adjustable metal buckle. Front pockets, patch pockets with flaps and zips on the legs and patch pockets at the back. Adjustable contrast straps with metal buckle. Pleats on the knees. Adjustable hems with elastic drawstring and stopper. Front zip and button fastening.",,https://www.zara.com/in/en/cargo-trousers-with-straps-p02449249.html,Women,4.7
2228,LINEN PALAZZO TROUSERS,TROUSERS,4990.0,High-waist trousers made of linen. Elasticated waist with adjustable drawstrings. Front pockets. Wide-leg design.,,https://www.zara.com/in/en/linen-palazzo-trousers-p04786310.html,Women,3.8
2229,FRAYED LINEN TROUSERS,TROUSERS,4990.0,Trousers made of 100% linen. Mid-rise and belt loops. Front and back pockets. Straight-leg design. Frayed hems in the same fabric. Front zip and button fastening.,,https://www.zara.com/in/en/frayed-linen-trousers-p04043281.html,Women,3.3
2230,LINEN WIDE-LEG TROUSERS,TROUSERS,3290.0,High-waist trousers made of 100% linen. Front darts. Front pockets and back patch pockets. Wide-leg design. Front zip fly and button fastening.,,https://www.zara.com/in/en/linen-wide-leg-trousers-p08372273.html,Women,4.6
2231,LOOSE-FITTING DARTED TROUSERS,TROUSERS,3290.0,"High-waist trousers with front darts and elastic at the back. Front pockets and a wide-leg design. Front fastening with a zip fly, inside button and metal hook.",,https://www.zara.com/in/en/loose-fitting-darted-trousers-p08372420.html,Women,3.8
2232,FULL LENGTH FLARE TROUSERS,TROUSERS,3290.0,"Mid-waist trousers featuring front pockets and a rear false welt pockets. Flared hems. Front zip fly, interior button and metal hook fastening.",,https://www.zara.com/in/en/full-length-flare-trousers-p07102232.html,Women,4.5
2233,HIGH-WAIST CARROT FIT TROUSERS WITH BELT,TROUSERS,3290.0,"High-waist trousers with front darts, side in-seam pockets, matching belt with metal buckle and front zip, interior button and metal hook fastening.",,https://www.zara.com/in/en/high-waist-carrot-fit-trousers-with-belt-p03564221.html,Women,3.2
2234,BOOTCUT TROUSERS,TROUSERS,3290.0,"Mid-rise trousers featuring front pockets and false welt pocket at the back. Fitted leg and flared hems. Front zip fly, interior button and metal hook fastening.",,https://www.zara.com/in/en/bootcut-trousers-p08057640.html,Women,4.5
2235,STRIPED RUSTIC TROUSERS,TROUSERS,3290.0,High-waist trousers featuring an elastic waistband with adjustable drawstrings. Front pockets. Wide-leg design.,,https://www.zara.com/in/en/striped-rustic-trousers-p07102221.html,Women,3.6
2236,STRAIGHT-LEG TROUSERS WITH TURN-UP HEMS,TROUSERS,3290.0,"High-waist trousers with front pockets and false welt pockets at the back. Straight-leg design and turn-up hems. Front zip fly, inside button and metal hook fastening.",,https://www.zara.com/in/en/straight-leg-trousers-with-turn-up-hems-p01478331.html,Women,4.4
2237,CARGO TRF TROUSERS,TROUSERS,3290.0,Mid-rise trousers with front pockets and patch pockets on the back and leg. Belt loops. Front zip fly and metal button fastening.,,https://www.zara.com/in/en/cargo-trf-trousers-p05520238.html,Women,4.1
2238,WIDE-LEG TROUSERS WITH SATIN WAISTBAND,TROUSERS,3290.0,High-waist trousers with pleated detail and satin fabric. Wide-leg design. Invisible side zip fastening.,,https://www.zara.com/in/en/wide-leg-trousers-with-satin-waistband-p04387243.html,Women,3.7
2239,FLOWING CROPPED TROUSERS,TROUSERS,2290.0,Mid-waist trousers with an elasticated drawstring waistband. Side pockets and back patch pockets.,,https://www.zara.com/in/en/flowing-cropped-trousers-p07385455.html,Women,3.9
2240,NYLON TROUSERS WITH POCKETS,TROUSERS,2990.0,"Mid-rise trousers featuring an elasticated waistband, side pockets and patch pockets on the leg. Pleated details on the knee. Adjustable hems with stopper.",,https://www.zara.com/in/en/nylon-trousers-with-pockets-p04391500.html,Women,4.4
2241,LINEN BLEND PAREO-STYLE TROUSERS,TROUSERS,3290.0,High-waist trousers made of a linen blend. Crossover pareo-style front with a snap button. False rear welt pockets. Wide-leg design. Invisible side zip fastening.,,https://www.zara.com/in/en/linen-blend-pareo-style-trousers-p07630939.html,Women,4.1
2242,FULL LENGTH PINSTRIPE TROUSERS,TROUSERS,3290.0,"High-waist trousers featuring side pockets and false rear welt pockets. Pleated details. Front zip fly, interior button and metal hook fastening.",,https://www.zara.com/in/en/full-length-pinstripe-trousers-p04661514.html,Women,4.4
2243,STRAIGHT FIT TROUSERS,TROUSERS,3290.0,"High-waist trousers with front pockets and false rear welt pockets. Straight-leg design. Front zip fly, inside button and metal hook fastening.",,https://www.zara.com/in/en/straight-fit-trousers-p08003655.html,Women,5.0
2244,SATIN TROUSERS WITH ZIPS,TROUSERS,3990.0,"High-waist trousers with belt loops. Side pockets, patch pockets on the leg and false rear welt pockets. Gathered detailing on the knee. Adjustable hem with elastic drawstring and stopper. Front fastening with metal zip.",,https://www.zara.com/in/en/satin-trousers-with-zips-p07102505.html,Women,3.4
2245,CONTRAST LINEN BLEND TROUSERS,TROUSERS,7590.0,"Mid-rise trousers made of a linen blend. Contrast waistband. Side pockets. Zip, button and metal hook fastening at the front.",,https://www.zara.com/in/en/contrast-linen-blend-trousers-p07606586.html,Women,4.8
2246,MID-RISE CARGO TROUSERS,TROUSERS,3990.0,Mid-rise trousers with pockets on the front and patch pockets on the leg. Flap details on the back. Front zip fly and metallic button fastening.,,https://www.zara.com/in/en/mid-rise-cargo-trousers-p05520241.html,Women,4.1
2247,PRINTED PYJAMA BOTTOMS,TROUSERS,4990.0,Semi-sheer mid-rise trousers made of viscose. Adjustable drawstring waistband. Side pockets. Wide-leg design.,,https://www.zara.com/in/en/printed-pyjama-bottoms-p07682028.html,Women,3.7
2248,BELTED FULL-LENGTH TROUSERS,TROUSERS,4990.0,High-waist trousers. Side in-seam pockets and flap pockets at the back. Belt in the same fabric with metal buckle. Darted detailing on the front. Hem with contrast side buttons. Front zip and inside button fastening.,,https://www.zara.com/in/en/belted-full-length-trousers-p05427511.html,Women,3.5
2249,CARGO TROUSERS WITH LACE TRIM,TROUSERS,4990.0,Mid-rise trousers with an elasticated waistband and belt loops. Front pockets and patch pockets with flaps on the side. Pleated detailing on the front and knees. Adjustable hems with elastic drawstring and stopper. Front zip fly and top button fastening.,,https://www.zara.com/in/en/cargo-trousers-with-lace-trim-p07770607.html,Women,4.0
2250,SOFT WIDE-LEG TROUSERS,TROUSERS,2290.0,High-waist trousers with an elastic waistband. Wide-leg design. Seamless hems.,,https://www.zara.com/in/en/soft-wide-leg-trousers-p01165680.html,Women,4.5
2251,STRAIGHT FIT SATIN TROUSERS,TROUSERS,3290.0,"Mid-rise trousers with five pockets. Straight-leg design. Front zip fly, inside button and metal hook fastening.",,https://www.zara.com/in/en/straight-fit-satin-trousers-p08337899.html,Women,4.0
2252,CARROT FIT TROUSERS,TROUSERS,3290.0,High-waist trousers with front darts. Front pockets and a false welt pocket at the back. Hems with tabs and buttons. Front zip fly and button fastening.,,https://www.zara.com/in/en/carrot-fit-trousers-p08372252.html,Women,4.8
2253,TIE-DYE PRINT FLARE TROUSERS,TROUSERS,3290.0,High-waist trousers with flared hems and invisible side zip fastening.,,https://www.zara.com/in/en/tie-dye-print-flare-trousers-p07935491.html,Women,3.4
2254,LINEN WIDE-LEG TROUSERS,TROUSERS,3290.0,High-waist trousers made of 100% linen fabric. Front pockets and false welt pocket at the back. Straight-leg design. Front zip fly and top button fastening.,,https://www.zara.com/in/en/linen-wide-leg-trousers-p07901222.html,Women,4.1
2255,WRAP TROUSERS WITH WAIST DETAIL,TROUSERS,3290.0,High-waist wrap trousers with invisible side zip and button fastening at the front.,,https://www.zara.com/in/en/wrap-trousers-with-waist-detail-p02298225.html,Women,3.5
2256,PARACHUTE TROUSERS,TROUSERS,3290.0,Mid-rise trousers featuring an elasticated waistband. Side pockets and patch pockets on the leg and back. Front zip fly and metal button fastening.,,https://www.zara.com/in/en/parachute-trousers-p08197266.html,Women,4.3
2257,JOGGER TROUSERS,TROUSERS,2590.0,High-waist cropped trousers featuring an elastic waistband with drawstring. Front pockets and rear patch pockets.,,https://www.zara.com/in/en/jogger-trousers-p07860670.html,Women,4.5
2258,EMBROIDERED CARGO TROUSERS,TROUSERS,5990.0,Mid-rise trousers with an elasticated waistband and belt loops. Side pockets and patch pockets with flaps on the leg. Adjustable hems with elastic drawstrings and stopper. Zip fly and top button fastening.,,https://www.zara.com/in/en/embroidered-cargo-trousers-p07579019.html,Women,3.9
2259,PRINTED CARGO TROUSERS,TROUSERS,5990.0,"Mid-rise trousers made of 100% cotton. Featuring belt loops, side pockets and multiple patch pockets with flaps. Metal zips on the front. Wide-leg design. Fastens at the front with metal hooks, button and a zip fly.",,https://www.zara.com/in/en/printed-cargo-trousers-p02674246.html,Women,2.9
2260,HIGH-WAIST REGULAR TROUSERS,TROUSERS,2990.0,Flowing high-waist trousers with a straight-leg design. Invisible side zip fastening.,,https://www.zara.com/in/en/high-waist-regular-trousers-p02216118.html,Women,4.2
2261,WATER-REPELLENT PUFFER GILET WITH WIND PROTECTION,WAISTCOATS_GILETS,4990.0,WATER-REPELLENT - WIND PROTECTION Long puffer gilet with a high neck and an adjustable drawstring hood. Front zip pockets. Metal zip front fastening.,https://static.zara.net/photos///2023/I/0/1/p/3046/219/706/2/w/448/3046219706_6_1_1.jpg?ts=1692947385890,https://www.zara.com/in/en/water-repellent-puffer-gilet-with-wind-protection-p03046219.html,Women,4.3
2262,WATER-REPELLENT PUFFER GILET WITH WIND PROTECTION,WAISTCOATS_GILETS,3290.0,WATER-REPELLENT - WIND PROTECTION Puffer gilet with a high neck and an adjustable hood with elastic drawstrings and stoppers. Pockets with fleece lining and in-seam zips. Contrast fabric on the sides. Thermo-sealed zip-up front.View more,https://static.zara.net/photos///2023/I/0/1/p/8073/211/084/2/w/448/8073211084_6_1_1.jpg?ts=1692947467421,https://www.zara.com/in/en/water-repellent-puffer-gilet-with-wind-protection-p08073211.html,Women,4.3
2263,BELTED TUXEDO WAISTCOAT,WAISTCOATS_GILETS,5990.0,Sleeveless waistcoat with a shawl collar. Tied belt in matching fabric. Matching lining.,https://static.zara.net/photos///2023/I/0/1/p/7848/187/800/13/w/448/7848187800_1_1_1.jpg?ts=1690987261599,https://www.zara.com/in/en/belted-tuxedo-waistcoat-p07848187.html,Women,4.7
2264,FITTED BUTTONED WAISTCOAT,WAISTCOATS_GILETS,3290.0,Fitted V-neck sleeveless waistcoat. Adjustable strap at the back with buttons. Asymmetric hem with an opening. Matching lining. Button-up front.,https://static.zara.net/photos///2023/I/0/1/p/2731/287/800/2/w/448/2731287800_1_1_1.jpg?ts=1691568560139,https://www.zara.com/in/en/fitted-buttoned-waistcoat-p02731287.html,Women,3.6
2265,LONG WAISTCOAT WITH BELT,WAISTCOATS_GILETS,4990.0,Waistcoat with lapel collar and front welt pockets. Front double-breasted fastening with buttons and a matching belt.,https://static.zara.net/photos///2023/I/0/1/p/8060/640/600/2/w/448/8060640600_1_1_1.jpg?ts=1689862657562,https://www.zara.com/in/en/long-waistcoat-with-belt-p08060640.html,Women,4.4
2266,TEXTURED JACQUARD WAISTCOAT,WAISTCOATS_GILETS,1990.0,"Waistcoat with a V-neckline. Featuring textured jacquard fabric, an asymmetric hem and button fastening at the front.",https://static.zara.net/photos///2023/I/0/1/p/5039/633/707/22/w/448/5039633707_1_1_1.jpg?ts=1691650583834,https://www.zara.com/in/en/textured-jacquard-waistcoat-p05039633.html,Women,4.6
2267,PUFFER GILET,WAISTCOATS_GILETS,5990.0,Gilet with a high neck. Front patch pockets. Adjustable hem with drawstrings. Zip-up front hidden by a snap-button placket.,https://static.zara.net/photos///2023/I/0/1/p/4088/241/802/2/w/448/4088241802_1_1_1.jpg?ts=1691658771405,https://www.zara.com/in/en/puffer-gilet-p04088241.html,Women,3.3
2268,FITTED CROPPED WAISTCOAT,WAISTCOATS_GILETS,2990.0,Cropped fitted V-neck waistcoat with front button fastening.,https://static.zara.net/photos///2023/I/0/1/p/2010/724/800/2/w/448/2010724800_1_1_1.jpg?ts=1691075741622,https://www.zara.com/in/en/fitted-cropped-waistcoat-p02010724.html,Women,4.2
2269,TAILORED LINEN BLEND WAISTCOAT,WAISTCOATS_GILETS,2990.0,"V-neck waistcoat made of a linen blend. Featuring thin straps, front welt pockets and front button fastening.",https://static.zara.net/photos///2023/I/0/1/p/8384/377/172/2/w/448/8384377172_1_1_1.jpg?ts=1690965012916,https://www.zara.com/in/en/tailored-linen-blend-waistcoat-p08384377.html,Women,3.9
2270,OPEN BACK HALTER WAISTCOAT,WAISTCOATS_GILETS,3290.0,Halter V-neck waistcoat. Front flap details and an open back. Button-up front.,https://static.zara.net/photos///2023/I/0/1/p/8364/532/251/2/w/448/8364532251_1_1_1.jpg?ts=1691577077909,https://www.zara.com/in/en/open-back-halter-waistcoat-p08364532.html,Women,4.1
2271,LONG FAUX SUEDE WAISTCOAT,WAISTCOATS_GILETS,3290.0,Long waistcoat with a Johnny collar. Front welt pockets. Tied belt in the same fabric. Double-breasted front with contrast buttons.,https://static.zara.net/photos///2023/I/0/1/p/4968/224/712/2/w/448/4968224712_1_1_1.jpg?ts=1692699026509,https://www.zara.com/in/en/long-faux-suede-waistcoat-p04968224.html,Women,4.3
2272,TAILORED LINEN BLEND WAISTCOAT,WAISTCOATS_GILETS,2990.0,V-neck waistcoat made of a linen blend. Featuring false front jetted pockets and front button fastening.,https://static.zara.net/photos///2023/I/0/1/p/7747/352/800/20/w/448/7747352800_1_1_1.jpg?ts=1687511081332,https://www.zara.com/in/en/tailored-linen-blend-waistcoat-p07747352.html,Women,3.9
2273,SLEEVELESS CROPPED WAISTCOAT,WAISTCOATS_GILETS,2590.0,Cropped waistcoat with a stand-up collar. Chest welt pocket. Matching lining. Front fastening with metal zip hidden by a placket.,https://static.zara.net/photos///2023/I/0/1/p/2712/761/800/2/w/448/2712761800_1_1_1.jpg?ts=1691401326185,https://www.zara.com/in/en/sleeveless-cropped-waistcoat-p02712761.html,Women,3.8
2274,OPEN BACK WAISTCOAT,WAISTCOATS_GILETS,2590.0,Waistcoat in stretch fabric with a V-neckline. Open back with adjustable straps. Button-up front.,https://static.zara.net/photos///2023/I/0/1/p/0085/836/800/3/w/448/0085836800_1_1_1.jpg?ts=1692797305755,https://www.zara.com/in/en/open-back-waistcoat-p00085836.html,Women,4.1
2275,BEADED LINEN WAISTCOAT,WAISTCOATS_GILETS,3290.0,Waistcoat made of 100% linen fabric. V-neckline. Ties at the front with bead appliqués.,https://static.zara.net/photos///2023/I/0/1/p/7901/322/450/2/w/448/7901322450_1_1_1.jpg?ts=1688655834834,https://www.zara.com/in/en/beaded-linen-waistcoat-p07901322.html,Women,3.6
2276,LINEN BLEND CROPPED WAISTCOAT,WAISTCOATS_GILETS,2990.0,Sleeveless waistcoat made of a linen and cotton blend fabric. V-neck. Button-up front.,https://static.zara.net/photos///2023/I/0/1/p/8182/715/711/2/w/448/8182715711_1_1_1.jpg?ts=1688568633195,https://www.zara.com/in/en/linen-blend-cropped-waistcoat-p08182715.html,Women,3.6
2277,SHAWL COLLAR WAISTCOAT,WAISTCOATS_GILETS,5990.0,Waistcoat made of a viscose blend. Shawl collar. Tied belt in the same fabric. Front false welt pockets. Matching lining. Buttoned front.,https://static.zara.net/photos///2023/I/0/1/p/7760/816/508/2/w/448/7760816508_1_1_1.jpg?ts=1685693893964,https://www.zara.com/in/en/shawl-collar-waistcoat-p07760816.html,Women,4.4
2278,LINEN WAISTCOAT WITH BELT,WAISTCOATS_GILETS,7590.0,Linen waistcoat. Lapel collar. Side pockets. Tied belt in the same fabric. Matching lining.,https://static.zara.net/photos///2023/I/0/1/p/7768/023/526/2/w/448/7768023526_1_1_1.jpg?ts=1688124693532,https://www.zara.com/in/en/linen-waistcoat-with-belt-p07768023.html,Women,3.6
2279,TAILORED LINEN BLEND WAISTCOAT TOP,WAISTCOATS_GILETS,2590.0,Waistcoat top made of a linen and cotton blend. V-neck and tied detail at the neck. Open back with gathered detail. Button-up front.,https://static.zara.net/photos///2023/I/0/1/p/8197/708/500/2/w/448/8197708500_1_1_1.jpg?ts=1689264051513,https://www.zara.com/in/en/tailored-linen-blend-waistcoat-top-p08197708.html,Women,4.4
2280,TEXTURED WAISTCOAT,WAISTCOATS_GILETS,4990.0,Sleeveless waistcoat with a lapel collar. Front patch pockets. Fringed trim details. Golden button-up front.,https://static.zara.net/photos///2023/I/0/1/p/7484/045/712/2/w/448/7484045712_1_1_1.jpg?ts=1686063610125,https://www.zara.com/in/en/textured-waistcoat-p07484045.html,Women,4.3
2281,CONTRAST CHENILLE VEST,WAISTCOATS_GILETS,2590.0,"Vest with a round neckline. Featuring cutwork fabric, contrasting thread and a scalloped hem.",https://static.zara.net/photos///2023/I/0/1/p/7901/869/064/2/w/448/7901869064_1_1_1.jpg?ts=1690536807843,https://www.zara.com/in/en/contrast-chenille-vest-p07901869.html,Women,3.3
2282,COTTON GILET WITH GATHERED HEM,WAISTCOATS_GILETS,5990.0,100% cotton gilet. Round neck. Front flap pockets with snap buttons. Gathered hem. Lining. Front fastening with metal zip.,https://static.zara.net/photos///2023/I/0/1/p/7864/386/707/2/w/448/7864386707_1_1_1.jpg?ts=1691154411333,https://www.zara.com/in/en/cotton-gilet-with-gathered-hem-p07864386.html,Women,3.8
2283,GILET WITH SHIRT COLLAR AND POCKETS,WAISTCOATS_GILETS,7590.0,Collared gilet with wide armholes. Front flap pockets with snap buttons. Elasticated hem. Lining. Front fastening with metal zip and snap buttons.,https://static.zara.net/photos///2023/I/0/1/p/7996/187/800/2/w/448/7996187800_1_1_1.jpg?ts=1691154412596,https://www.zara.com/in/en/gilet-with-shirt-collar-and-pockets-p07996187.html,Women,4.6
2284,FRAYED CROPPED TEXTURED WAISTCOAT,WAISTCOATS_GILETS,3290.0,Sleeveless collared waistcoat. Front patch pockets. Frayed trims. Button-up front.,https://static.zara.net/photos///2023/I/0/1/p/7484/246/400/2/w/448/7484246400_1_1_1.jpg?ts=1690471563048,https://www.zara.com/in/en/frayed-cropped-textured-waistcoat-p07484246.html,Women,3.7
2285,OVERSIZE WAISTCOAT WITH POCKETS,WAISTCOATS_GILETS,2990.0,Loose-fitting waistcoat made of a viscose blend. Round neck in matching ribbed fabric with wide cap sleeves. Front patch pockets with flaps. Front fastening with metal snap-buttons.,https://static.zara.net/photos///2023/I/0/1/p/1165/676/250/2/w/448/1165676250_1_1_1.jpg?ts=1689590268385,https://www.zara.com/in/en/oversize-waistcoat-with-pockets-p01165676.html,Women,3.9
2286,OPENWORK VEST,WAISTCOATS_GILETS,2590.0,Sleeveless vest with a round neck. Open-knit fabric.,https://static.zara.net/photos///2023/I/0/1/p/1131/801/712/2/w/448/1131801712_1_1_1.jpg?ts=1689170510293,https://www.zara.com/in/en/openwork-vest-p01131801.html,Women,4.3
2287,PUFFER GILET,WAISTCOATS_GILETS,2990.0,V-neck padded waistcoat with front hidden button fastening.,https://static.zara.net/photos///2023/I/0/1/p/4770/457/712/2/w/448/4770457712_1_1_1.jpg?ts=1690812519098,https://www.zara.com/in/en/puffer-gilet-p04770457.html,Women,4.5
2288,Z1975 DENIM CROPPED WAISTCOAT,WAISTCOATS_GILETS,2590.0,Faded V-neck waistcoat. False welt pockets on the front. Front metal button fastening.,https://static.zara.net/photos///2023/I/0/1/p/6164/203/802/2/w/448/6164203802_1_1_1.jpg?ts=1691403592632,https://www.zara.com/in/en/z1975-denim-cropped-waistcoat-p06164203.html,Women,4.0
2289,PINSTRIPE WAISTCOAT,WAISTCOATS_GILETS,4990.0,V-neck waistcoat made of a linen and cotton blend. Side vents. Button-up front.,https://static.zara.net/photos///2023/I/0/1/p/2753/322/064/17/w/448/2753322064_1_1_1.jpg?ts=1686905550890,https://www.zara.com/in/en/pinstripe-waistcoat-p02753322.html,Women,3.8
2290,WAISTCOAT WITH REAR TAB,WAISTCOATS_GILETS,2990.0,V-neck waistcoat. Tab at the back. Button-up front.,https://static.zara.net/photos///2023/I/0/1/p/8270/670/400/2/w/448/8270670400_1_1_1.jpg?ts=1691075843327,https://www.zara.com/in/en/waistcoat-with-rear-tab-p08270670.html,Women,4.7
2291,LEATHER BELT,WORKWEARNEW,2290.0,Leather belt. Fastening with metal buckle and belt loop.,https://static.zara.net/photos///2023/I/0/1/p/6399/204/800/2/w/448/6399204800_1_1_1.jpg?ts=1691675320062,https://www.zara.com/in/en/leather-belt-p06399204.html,Women,4.9
2292,ZW STRAIGHT-LEG MID-RISE CROPPED JEANS,WORKWEARNEW,3290.0,Slim Fit - Straight Leg - Mid-riseZW ZARA WOMAN JEANSMid-rise faded jeans with belt loops. Five-pocket design. Front zip fly and metal top button fastening.View more,https://static.zara.net/photos///2023/I/0/1/p/6840/262/427/12/w/448/6840262427_1_1_1.jpg?ts=1691748354505,https://www.zara.com/in/en/zw-straight-leg-mid-rise-cropped-jeans-p06840262.html,Women,4.5
2293,LONG SATIN SKIRT - LIMITED EDITION,WORKWEARNEW,8590.0,High-waist long skirt made of 100% viscose fabric. Asymmetric hem with tail. Invisible side zip fastening.,https://static.zara.net/photos///2023/I/0/1/p/7825/827/800/3/w/448/7825827800_1_1_1.jpg?ts=1689782343849,https://www.zara.com/in/en/long-satin-skirt---limited-edition-p07825827.html,Women,4.1
2294,FULL LENGTH FLARE TROUSERS,WORKWEARNEW,3290.0,"High-waist trousers with front pockets and a back false welt pockets. Flared hems. Front zip fly, interior button and metal hook fastening.",https://static.zara.net/photos///2023/I/0/1/p/2753/245/401/2/w/448/2753245401_1_1_1.jpg?ts=1692352292803,https://www.zara.com/in/en/full-length-flare-trousers-p02753245.html,Women,3.7
2295,RIBBED TOP,WORKWEARNEW,890.0,Round neck T-shirt with short sleeves.,https://static.zara.net/photos///2023/V/0/1/p/7901/470/687/2/w/448/7901470687_1_1_1.jpg?ts=1684917864624,https://www.zara.com/in/en/ribbed-top-p04424300.html,Women,3.7
2296,STRAIGHT BLAZER,WORKWEARNEW,5990.0,Blazer featuring a lapel collar with long sleeves and padded shoulders. Front flap pockets. Single button fastening on the front.,https://static.zara.net/photos///2023/I/0/1/p/2753/635/800/4/w/448/2753635800_1_1_1.jpg?ts=1692201821710,https://www.zara.com/in/en/straight-blazer-p02753635.html,Women,4.3
2297,CONTRAST CHUNKY KNIT T-SHIRT,WORKWEARNEW,1990.0,ROUND NECK - NORMAL LENGTH - SHORT SLEEVEST-shirt with a round neck and short sleeves. Contrast fabric appliqué detail on the front.,https://static.zara.net/photos///2023/I/0/1/p/4770/452/250/2/w/448/4770452250_1_1_1.jpg?ts=1692196392954,https://www.zara.com/in/en/contrast-chunky-knit-t-shirt-p04770452.html,Women,4.3
2298,POLYAMIDE TOP WITH WIDE STRAPS,WORKWEARNEW,690.0,SLIM FIT - ROUND NECK - NORMAL LENGTH - SLEEVELESSFitted top made from a polyamide blend. Features wide straps and chest reinforcement.View more,https://static.zara.net/photos///2023/I/0/1/p/3905/931/513/2/w/448/3905931513_1_1_1.jpg?ts=1686234585137,https://www.zara.com/in/en/polyamide-top-with-wide-straps-p03905931.html,Women,4.7
2299,POLYAMIDE TOP WITH THIN STRAPS,WORKWEARNEW,490.0,SLIM FIT - ROUND NECK - NORMAL LENGTH - SLEEVELESSFitted top made of a polyamide blend. Featuring a round neck and straps.,https://static.zara.net/photos///2023/I/0/1/p/3905/832/800/16/w/448/3905832800_1_1_1.jpg?ts=1689698034884,https://www.zara.com/in/en/polyamide-top-with-thin-straps-p03905832.html,Women,4.4
2300,HIGH-WAIST WIDE-LEG TROUSERS,WORKWEARNEW,4990.0,High-waist trousers made of a viscose blend. Wide-leg design. Invisible zip fastening.,https://static.zara.net/photos///2023/I/0/1/p/7595/816/508/2/w/448/7595816508_1_1_1.jpg?ts=1685693896396,https://www.zara.com/in/en/high-waist-wide-leg-trousers-p07595816.html,Women,3.4
2301,HIGH-WAISTED STRAIGHT CUT TROUSERS,WORKWEARNEW,4990.0,"High-waist trousers with side pockets and rear welt pockets. Straight-leg design. Front zip fly, top button and metal hook fastening.",https://static.zara.net/photos///2023/I/0/1/p/7980/117/632/2/w/448/7980117632_1_1_1.jpg?ts=1691658205973,https://www.zara.com/in/en/high-waisted-straight-cut-trousers-p07980117.html,Women,4.6
2302,DOUBLE-WAIST LINEN BLEND TROUSERS,WORKWEARNEW,7590.0,High-waist trousers made of a linen blend. Double waistband in matching fabric with belt loops. Front pockets and rear welt pockets. Straight leg. Front zip and button fastening.,https://static.zara.net/photos///2023/I/0/1/p/7656/586/251/3/w/448/7656586251_1_1_1.jpg?ts=1688127028640,https://www.zara.com/in/en/double-waist-linen-blend-trousers-p07656586.html,Women,3.7
2303,LINEN-BLEND FLARED TROUSERS,WORKWEARNEW,4990.0,Mid-rise trousers made of a lyocell and linen blend. Belt loops. Front pockets. Front zip and button fastening.,https://static.zara.net/photos///2023/I/0/1/p/7993/967/802/2/w/448/7993967802_1_1_1.jpg?ts=1689761568314,https://www.zara.com/in/en/linen-blend-flared-trousers-p07993967.html,Women,3.9
2304,Not Found,WORKWEARNEW,,Not Found,,https://www.zara.com/in/en/-pT0837235711.html,Women,4.2
2305,DARTED WIDE-LEG TROUSERS,WORKWEARNEW,3990.0,"High-waist trousers with front darts. Front pockets and rear false welt pocket. Wide-leg design. Front zip fly, interior button and metal hook fastening.",https://static.zara.net/photos///2023/I/0/1/p/8365/532/251/2/w/448/8365532251_1_1_1.jpg?ts=1691577077844,https://www.zara.com/in/en/darted-wide-leg-trousers-p08365532.html,Women,5.0
2306,BASIC KNIT TOP,WORKWEARNEW,1890.0,Sleeveless round neck top.,https://static.zara.net/photos///2023/I/0/1/p/8851/018/250/13/w/448/8851018250_1_1_1.jpg?ts=1689605595007,https://www.zara.com/in/en/basic-knit-top-p08851018.html,Women,5.0
2307,FULL LENGTH TROUSERS,WORKWEARNEW,3290.0,"High-waist trousers featuring side pockets and false rear welt pockets. Pleated details. Front zip fly, interior button and metal hook fastening.",https://static.zara.net/photos///2023/I/0/1/p/4661/513/800/2/w/448/4661513800_2_1_1.jpg?ts=1691075737418,https://www.zara.com/in/en/full-length-trousers-p04661513.html,Women,4.4
2308,MIDI SKIRT WITH BELT,WORKWEARNEW,3290.0,High-waist skirt with belt loops. False belt with metal clip on the front. Invisible side zip fastening.,https://static.zara.net/photos///2023/I/0/1/p/3067/504/800/2/w/448/3067504800_1_1_1.jpg?ts=1691075812348,https://www.zara.com/in/en/midi-skirt-with-belt-p03067504.html,Women,4.0
2309,KNIT VEST T-SHIRT,WORKWEARNEW,2590.0,LOOSE FIT - ROUND NECK - NORMAL LENGTH - SHORT SLEEVEST-shirt with a round neck and short sleeves. Contrast layered fabric vest detail.,https://static.zara.net/photos///2023/I/0/1/p/5644/456/250/2/w/448/5644456250_1_1_1.jpg?ts=1692196393561,https://www.zara.com/in/en/knit-vest-t-shirt-p05644456.html,Women,4.3
2310,STRAPPY KNIT TOP,WORKWEARNEW,1890.0,Round neck top with wide straps.,https://static.zara.net/photos///2023/I/0/1/p/3519/050/800/23/w/448/3519050800_1_1_1.jpg?ts=1691483624906,https://www.zara.com/in/en/strappy-knit-top-p03519050.html,Women,4.5
2311,CROPPED TAILORED WAISTCOAT,WORKWEARNEW,2990.0,V-neck waistcoat. Featuring false welt pockets and button fastening on the front.,https://static.zara.net/photos///2023/I/0/1/p/8002/850/814/2/w/448/8002850814_6_1_1.jpg?ts=1690371992298,https://www.zara.com/in/en/cropped-tailored-waistcoat-p08002850.html,Women,4.0
2312,STRAIGHT FIT TROUSERS,WORKWEARNEW,3290.0,"High-waist trousers with front pockets and false rear pockets. Straight-leg design. Front zip fly, interior button and metal hook fastening.",https://static.zara.net/photos///2023/I/0/1/p/8003/850/814/2/w/448/8003850814_6_1_1.jpg?ts=1691659889962,https://www.zara.com/in/en/straight-fit-trousers-p08003850.html,Women,4.9
2313,LINEN PALAZZO TROUSERS,WORKWEARNEW,5990.0,High-waist trousers made of linen. Elasticated waist with adjustable drawstrings. Side pockets. Wide-leg design.,https://static.zara.net/photos///2023/I/0/1/p/7740/102/526/2/w/448/7740102526_1_1_1.jpg?ts=1688124692393,https://www.zara.com/in/en/linen-palazzo-trousers-p07740102.html,Women,4.2
2314,OVERSIZE STRIPED SHIRT,WORKWEARNEW,2590.0,Collared shirt with long sleeves. Side vents at the hem. Button-up front.,https://static.zara.net/photos///2023/I/0/1/p/4387/239/061/2/w/448/4387239061_1_1_1.jpg?ts=1692201136012,https://www.zara.com/in/en/oversize-striped-shirt-p04387239.html,Women,4.3
2315,LINEN BLEND MIDI SKIRT,WORKWEARNEW,3290.0,Mid-rise midi skirt made of a linen blend. Flared hem. Invisible zip fastening.,https://static.zara.net/photos///2023/I/0/1/p/8176/967/515/2/w/448/8176967515_1_1_1.jpg?ts=1688124232161,https://www.zara.com/in/en/linen-blend-midi-skirt-p08176967.html,Women,4.4
2316,CASUAL STRAIGHT-LEG TROUSERS,WORKWEARNEW,4990.0,"Mid-rise trousers made of a cotton blend. Belt loops. Front pockets and rear welt pockets with buttons. Straight-leg design. Front zip fly, button and metal hook fastening.",https://static.zara.net/photos///2023/I/0/1/p/7970/346/506/22/w/448/7970346506_1_1_1.jpg?ts=1691571759295,https://www.zara.com/in/en/casual-straight-leg-trousers-p07970346.html,Women,4.3
2317,FLOWING CARGO TROUSERS,WORKWEARNEW,4990.0,Mid-rise flowing trousers featuring an adjustable elastic waistband with drawstrings. Patch pockets on the front and flap pockets on the back. Contrast visible topstitching details.,https://static.zara.net/photos///2023/I/0/1/p/7827/342/800/3/w/448/7827342800_1_1_1.jpg?ts=1689782314809,https://www.zara.com/in/en/flowing-cargo-trousers-p07827342.html,Women,4.5
2318,CULOTTES WITH TOPSTITCHING DETAIL,WORKWEARNEW,3290.0,High-waist trousers made of a cotton blend fabric. Belt loops. Matching visible topstitching detail. Wide-leg design. Front zip fly and button fastening.,https://static.zara.net/photos///2023/I/0/1/p/7563/250/704/2/w/448/7563250704_2_1_1.jpg?ts=1688553942985,https://www.zara.com/in/en/culottes-with-topstitching-detail-p07563250.html,Women,3.8
2319,LINEN WRAP SKIRT,WORKWEARNEW,3290.0,Mid-rise midi skirt made of 100% linen. Contrast pronounced topstitching detail. Frayed trims. Wrap-style fastening to one side with ties in the same fabric.,https://static.zara.net/photos///2023/I/0/1/p/4043/256/802/2/w/448/4043256802_6_1_1.jpg?ts=1689760473670,https://www.zara.com/in/en/linen-wrap-skirt-p04043256.html,Women,3.8
2320,MINIMALIST WIDE-LEG SATIN TROUSERS,WORKWEARNEW,4990.0,Mid-waist trousers made of 100% viscose. Elasticated waistband and adjustable drawstrings. Side pockets. Wide-leg design.,https://static.zara.net/photos///2023/I/0/1/p/8411/966/712/2/w/448/8411966712_1_1_1.jpg?ts=1692259577343,https://www.zara.com/in/en/minimalist-wide-leg-satin-trousers-p08411966.html,Women,3.6
2321,TRF MOM FIT HIGH-WAIST JEANS,WORKWEARNEW,2990.0,HIGH-WAIST - ANKLE LENGTHFaded high-waist jeans with a five-pocket design. Front zip fly and metal top button fastening.,https://static.zara.net/photos///2023/I/0/1/p/8197/231/407/2/w/448/8197231407_1_1_1.jpg?ts=1691756600520,https://www.zara.com/in/en/trf-mom-fit-high-waist-jeans-p08197231.html,Women,4.3
