user_id,age,preferred_min_price,preferred_max_price,preferred_categories,preferred_rating
1,44,2290.0,2990.0,KNITWEAR|SHOES,3.6
2,35,490.0,2990.0,SHORTS_SKORTS|SKIRTS|WORKWEARNEW,3.9
3,26,5990.0,7490.0,SKIRTS|SHOES|JEANS,4.2
4,42,3290.0,4990.0,TOPS_BODYSUITS,4.4
5,51,3290.0,4990.0,BAGS,4.4
6,19,3290.0,4790.0,JEANS,3.7
7,30,7590.0,9090.0,SPECIAL PRICES|TROUSERS,3.9
8,36,1590.0,2990.0,BLAZERS|SPECIAL PRICES,3.8
9,44,2590.0,3290.0,KNITWEAR|TROUSERS,3.9
10,28,1590.0,4990.0,KNITWEAR|T-SHIRTS_SWEATSHIRTS,4.3
11,18,3990.0,5490.0,TOPS_BODYSUITS,4.4
12,35,3290.0,5990.0,SKIRTS|KNITWEAR,4.2
13,43,2590.0,3290.0,CO-ORD SETS,4.1
14,39,2590.0,4990.0,BAGS|SPECIAL PRICES,4.2
15,34,1590.0,3990.0,SHOES,3.8
16,26,990.0,4990.0,WORKWEARNEW,3.6
17,43,2990.0,4490.0,WAISTCOATS_GILETS,4.2
18,48,2990.0,5590.0,SHORTS_SKORTS|WAISTCOATS_GILETS,3.7
19,45,2590.0,3990.0,BASICS,4.1
20,23,2290.0,2990.0,TROUSERS,4.3
21,29,4990.0,6490.0,BEAUTY,4.3
22,22,2590.0,4990.0,WORKWEARNEW,4.7
23,47,4990.0,5590.0,LOUNGEWEARNEW|SHORTS_SKORTS|KNITWEAR,4.4
24,21,4990.0,6490.0,SPECIAL PRICES,4.6
25,40,3290.0,5990.0,SHORTS_SKORTS|BLAZERS,3.7
26,41,990.0,4990.0,ACCESSORIES_JEWELLERY|SKIRTS|LOUNGEWEARNEW,4.2
27,19,3290.0,4790.0,SHOES|BAGS,4.1
28,21,3290.0,5990.0,SHORTS_SKORTS,4.2
29,40,1990.0,2590.0,DRESSES_JUMPSUITS,3.9
30,36,2990.0,4490.0,ACCESSORIES_JEWELLERY|DRESSES_JUMPSUITS,4.4
31,36,2990.0,3990.0,DRESSES_JUMPSUITS,4.6
32,30,2290.0,3790.0,PERFUMESNEW|LOUNGEWEARNEW,4.1
33,49,1990.0,3290.0,DRESSES_JUMPSUITS,4.6
34,22,2290.0,3990.0,DRESSES_JUMPSUITS,4.3
35,45,2590.0,4090.0,CO-ORD SETS,4.4
36,26,2290.0,5990.0,SHOES,3.5
37,48,2590.0,3990.0,JEANS|PERFUMESNEW,3.9
38,53,3990.0,4990.0,SHIRTS|SHOES|DRESSES_JUMPSUITS,3.7
39,55,2290.0,5590.0,DRESSES_JUMPSUITS,4.6
40,37,2290.0,3290.0,TROUSERS|T-SHIRTS_SWEATSHIRTS,3.9
41,21,2990.0,4990.0,SHORTS_SKORTS|JACKETS,4.4
42,27,2290.0,2990.0,ACCESSORIES_JEWELLERY,3.6
43,40,3990.0,8590.0,TOPS_BODYSUITS|BEAUTY,4.5
44,47,3990.0,4990.0,DRESSES_JUMPSUITS,4.7
45,26,1990.0,3490.0,KNITWEAR|BEAUTY,3.7
46,44,1890.0,3390.0,BASICS|WAISTCOATS_GILETS,4.2
47,45,1590.0,3290.0,TROUSERS,4.4
48,53,2590.0,4090.0,KNITWEAR,4.0
49,43,3290.0,4990.0,BASICS,4.6
50,18,2590.0,3290.0,WORKWEARNEW,4.2
51,33,2890.0,5990.0,T-SHIRTS_SWEATSHIRTS|BASICS,4.7
52,35,3290.0,4990.0,BEAUTY|WAISTCOATS_GILETS,4.4
53,49,2590.0,5990.0,SHORTS_SKORTS,4.5
54,41,3290.0,5590.0,JACKETS,4.5
55,34,2990.0,3990.0,KNITWEAR|DRESSES_JUMPSUITS,4.3
56,46,2590.0,4990.0,KNITWEAR|PERFUMESNEW|CO-ORD SETS,4.5
57,40,1990.0,3990.0,TROUSERS,3.7
58,52,2590.0,3290.0,DRESSES_JUMPSUITS|WORKWEARNEW,3.7
59,22,4990.0,5990.0,SHIRTS,3.5
60,20,2590.0,3290.0,BLAZERS,4.2
61,37,3290.0,7590.0,SPECIAL PRICES|JEANS,4.6
62,27,3290.0,4990.0,WORKWEARNEW|ACCESSORIES_JEWELLERY|LOUNGEWEARNEW,4.2
63,32,3290.0,4790.0,DRESSES_JUMPSUITS,4.1
64,19,2590.0,4090.0,BASICS,4.6
65,52,2590.0,5990.0,TOPS_BODYSUITS,4.7
66,47,990.0,2990.0,SHIRTS|T-SHIRTS_SWEATSHIRTS,3.7
67,35,2990.0,4990.0,DRESSES_JUMPSUITS|PERFUMESNEW,4.0
68,36,4990.0,6490.0,WORKWEARNEW|CO-ORD SETS,4.0
69,31,3290.0,7590.0,JACKETS,3.9
70,29,2590.0,3290.0,BLAZERS,4.6
71,50,2990.0,4990.0,LOUNGEWEARNEW|SPECIAL PRICES|T-SHIRTS_SWEATSHIRTS,4.3
72,28,3290.0,3990.0,PERFUMESNEW|WORKWEARNEW,4.4
73,50,2990.0,4490.0,SHOES,3.7
74,21,2590.0,3290.0,SHOES|BASICS,4.6
75,48,2590.0,3290.0,WORKWEARNEW,4.2
76,27,2590.0,3990.0,WAISTCOATS_GILETS|T-SHIRTS_SWEATSHIRTS,4.2
77,24,990.0,2290.0,PERFUMESNEW,4.2
78,47,2890.0,4390.0,KNITWEAR|LOUNGEWEARNEW,4.5
79,22,2590.0,3290.0,SHOES|BLAZERS,3.6
80,33,2990.0,4990.0,LOUNGEWEARNEW,4.4
81,46,1890.0,5590.0,SKIRTS|JACKETS,3.8
82,23,3990.0,5490.0,PERFUMESNEW,3.7
83,39,3290.0,3990.0,SPECIAL PRICES|PERFUMESNEW|KNITWEAR,4.6
84,55,3290.0,4990.0,LOUNGEWEARNEW|SHIRTS,4.4
85,22,2590.0,4090.0,JEANS|BASICS|CO-ORD SETS,4.2
86,49,5990.0,8990.0,ACCESSORIES_JEWELLERY|PERFUMESNEW,3.9
87,52,2290.0,4990.0,KNITWEAR|DRESSES_JUMPSUITS,4.4
88,51,1890.0,3290.0,JEANS,3.8
89,43,990.0,3290.0,ACCESSORIES_JEWELLERY|BASICS,4.3
90,19,1990.0,3290.0,SHORTS_SKORTS,3.8
91,25,3290.0,4790.0,TOPS_BODYSUITS,4.6
92,19,3990.0,7590.0,ACCESSORIES_JEWELLERY|TROUSERS,4.2
93,20,2990.0,4490.0,CO-ORD SETS|WAISTCOATS_GILETS,4.5
94,19,2990.0,5590.0,BASICS|SPECIAL PRICES|TOPS_BODYSUITS,3.7
95,46,2990.0,4490.0,SKIRTS,4.3
96,28,990.0,5990.0,BEAUTY|JEANS|T-SHIRTS_SWEATSHIRTS,4.4
97,19,990.0,1590.0,SHIRTS|PERFUMESNEW|SHORTS_SKORTS,4.6
98,24,2890.0,3990.0,BEAUTY|JEANS,4.7
99,39,3290.0,3990.0,T-SHIRTS_SWEATSHIRTS|PERFUMESNEW,3.7
100,42,2990.0,4490.0,LOUNGEWEARNEW|KNITWEAR|DRESSES_JUMPSUITS,4.6
101,33,3290.0,4790.0,LOUNGEWEARNEW,4.1
102,28,3990.0,5990.0,WORKWEARNEW,3.9
103,42,1990.0,4990.0,T-SHIRTS_SWEATSHIRTS,4.0
104,40,3990.0,5490.0,TOPS_BODYSUITS,3.9
105,36,4990.0,5990.0,DRESSES_JUMPSUITS,3.8
106,42,2590.0,5990.0,JACKETS|SHIRTS,4.3
107,38,4990.0,5990.0,CO-ORD SETS,4.0
108,45,2590.0,3290.0,PERFUMESNEW|JACKETS,4.6
109,29,3290.0,5990.0,SPECIAL PRICES|T-SHIRTS_SWEATSHIRTS|LOUNGEWEARNEW,4.5
110,49,3290.0,4790.0,BASICS|ACCESSORIES_JEWELLERY,3.6
111,24,5590.0,7090.0,SHIRTS,3.9
112,50,2590.0,6990.0,ACCESSORIES_JEWELLERY|TOPS_BODYSUITS,3.9
113,22,790.0,3290.0,CO-ORD SETS,3.9
114,44,3990.0,5490.0,WAISTCOATS_GILETS|BAGS|KNITWEAR,4.3
115,18,4990.0,5590.0,WAISTCOATS_GILETS,3.8
116,49,2290.0,2990.0,KNITWEAR|BEAUTY,4.7
117,23,690.0,3290.0,BLAZERS|TOPS_BODYSUITS,4.0
118,46,2990.0,4490.0,JACKETS,4.0
119,52,3990.0,4990.0,BEAUTY|TROUSERS,3.6
120,36,2990.0,4490.0,BLAZERS,4.2
121,50,2990.0,3990.0,BAGS|ACCESSORIES_JEWELLERY,4.3
122,20,1090.0,3990.0,JEANS|SHORTS_SKORTS,3.9
123,36,2990.0,4490.0,TOPS_BODYSUITS|JACKETS,4.4
124,50,1890.0,4990.0,LOUNGEWEARNEW|JACKETS|KNITWEAR,3.9
125,33,1990.0,4990.0,T-SHIRTS_SWEATSHIRTS|PERFUMESNEW,4.6
126,25,2590.0,4990.0,BEAUTY|JEANS,3.5
127,18,1590.0,2290.0,KNITWEAR|WORKWEARNEW|SHOES,3.8
128,41,2890.0,7590.0,PERFUMESNEW|SHOES,4.1
129,54,3290.0,11990.0,SHOES|TROUSERS,4.4
130,39,2990.0,3990.0,BAGS|BASICS|PERFUMESNEW,4.3
131,46,3290.0,5990.0,BEAUTY|WAISTCOATS_GILETS|BASICS,3.9
132,47,1590.0,3290.0,DRESSES_JUMPSUITS,4.1
133,48,3290.0,4790.0,KNITWEAR|T-SHIRTS_SWEATSHIRTS|JACKETS,3.6
134,49,2590.0,3290.0,T-SHIRTS_SWEATSHIRTS|PERFUMESNEW,3.5
135,22,1990.0,8590.0,WAISTCOATS_GILETS,4.3
136,46,5990.0,7490.0,T-SHIRTS_SWEATSHIRTS|SHOES,4.5
137,41,3290.0,8990.0,TROUSERS,4.5
138,43,2990.0,5590.0,WAISTCOATS_GILETS,3.5
139,43,790.0,1990.0,SKIRTS,3.8
140,40,4990.0,6990.0,LOUNGEWEARNEW|JACKETS|T-SHIRTS_SWEATSHIRTS,4.0
141,25,1590.0,2990.0,SHIRTS,3.6
142,48,3990.0,5990.0,KNITWEAR,4.7
143,23,2990.0,4990.0,T-SHIRTS_SWEATSHIRTS,4.2
144,52,3290.0,3990.0,SPECIAL PRICES|T-SHIRTS_SWEATSHIRTS|SHORTS_SKORTS,4.1
145,20,2590.0,3990.0,BASICS,3.7
146,42,3290.0,7590.0,DRESSES_JUMPSUITS,3.9
147,46,3290.0,4990.0,TROUSERS,4.1
148,26,1990.0,4990.0,JACKETS,3.9
149,42,2290.0,2990.0,PERFUMESNEW|DRESSES_JUMPSUITS|WORKWEARNEW,3.9
150,23,3290.0,4790.0,DRESSES_JUMPSUITS,4.5
151,48,2590.0,3990.0,BAGS,4.4
152,55,3290.0,3990.0,TOPS_BODYSUITS,4.3
153,25,3290.0,5990.0,TROUSERS|SHORTS_SKORTS,4.2
154,54,3290.0,4790.0,KNITWEAR,4.1
155,54,2290.0,5990.0,BEAUTY,3.6
156,20,2990.0,4490.0,BAGS,4.0
157,22,1590.0,3290.0,DRESSES_JUMPSUITS|SPECIAL PRICES,4.0
158,25,2990.0,4490.0,TROUSERS,3.9
159,18,3290.0,5990.0,CO-ORD SETS,3.6
160,30,1590.0,3290.0,BASICS|BEAUTY|ACCESSORIES_JEWELLERY,4.0
161,30,3290.0,3990.0,KNITWEAR|TOPS_BODYSUITS,3.8
162,30,3290.0,4790.0,SKIRTS|TOPS_BODYSUITS,4.6
163,45,3290.0,4990.0,LOUNGEWEARNEW,3.7
164,52,1590.0,5990.0,JACKETS,3.5
165,22,4990.0,6490.0,T-SHIRTS_SWEATSHIRTS,4.2
166,40,1890.0,3290.0,BAGS,4.5
167,41,1890.0,4990.0,DRESSES_JUMPSUITS,3.7
168,52,3290.0,3990.0,TOPS_BODYSUITS|WAISTCOATS_GILETS,4.0
169,48,2290.0,5990.0,WORKWEARNEW|TROUSERS,3.9
170,33,2290.0,3990.0,SHOES|BASICS,3.9
171,31,2290.0,4990.0,TOPS_BODYSUITS,3.5
172,44,2890.0,4390.0,SHORTS_SKORTS,4.4
173,40,790.0,5990.0,BASICS,3.7
174,24,1890.0,2990.0,SHORTS_SKORTS,4.1
175,40,2290.0,3990.0,WAISTCOATS_GILETS|ACCESSORIES_JEWELLERY|CO-ORD SETS,3.7
176,28,2990.0,5590.0,KNITWEAR|BAGS|TOPS_BODYSUITS,3.6
177,49,3290.0,5990.0,DRESSES_JUMPSUITS|BASICS,3.5
178,27,1890.0,2990.0,BEAUTY|CO-ORD SETS,4.2
179,45,2990.0,4490.0,PERFUMESNEW|JEANS,4.2
180,37,2590.0,4090.0,WORKWEARNEW|SKIRTS,3.5
181,21,4990.0,5990.0,PERFUMESNEW|JACKETS,4.6
182,23,2590.0,3990.0,BEAUTY,4.7
183,50,2990.0,5990.0,SKIRTS,4.6
184,45,3290.0,7590.0,JACKETS,4.6
185,46,2290.0,3290.0,KNITWEAR,4.4
186,52,2590.0,5990.0,SHIRTS|TROUSERS,4.5
187,46,3290.0,4990.0,BASICS|LOUNGEWEARNEW,3.5
188,32,1990.0,2590.0,TROUSERS|JACKETS|T-SHIRTS_SWEATSHIRTS,3.9
189,40,990.0,4990.0,SHIRTS|PERFUMESNEW,4.6
190,32,4990.0,7590.0,BLAZERS|BAGS,3.7
191,30,1590.0,3290.0,DRESSES_JUMPSUITS,4.6
192,46,2890.0,5990.0,BLAZERS,4.6
193,25,3290.0,3990.0,LOUNGEWEARNEW,4.1
194,36,1590.0,2590.0,CO-ORD SETS|KNITWEAR,4.7
195,27,2890.0,4390.0,SHORTS_SKORTS|LOUNGEWEARNEW,3.9
196,55,2290.0,4990.0,DRESSES_JUMPSUITS|TROUSERS,4.7
197,39,3290.0,4990.0,KNITWEAR|BAGS|PERFUMESNEW,3.6
198,24,2590.0,3290.0,SHOES|SKIRTS,3.8
199,40,3290.0,4990.0,BASICS,4.4
200,33,2990.0,4990.0,TOPS_BODYSUITS,4.4
201,22,3290.0,4990.0,ACCESSORIES_JEWELLERY|BLAZERS,4.6
202,50,3990.0,5590.0,JEANS,3.7
203,27,3990.0,4990.0,BAGS,4.4
204,27,3290.0,5990.0,PERFUMESNEW|SPECIAL PRICES|TOPS_BODYSUITS,3.8
205,51,2990.0,4490.0,ACCESSORIES_JEWELLERY,4.4
206,38,2290.0,4990.0,LOUNGEWEARNEW|CO-ORD SETS,4.0
207,54,1290.0,5590.0,JACKETS,4.1
208,27,2290.0,4990.0,BASICS|JEANS|BEAUTY,3.5
209,30,990.0,1890.0,BEAUTY,4.2
210,25,2990.0,4490.0,WAISTCOATS_GILETS|JEANS,4.7
211,23,2990.0,3990.0,SPECIAL PRICES|T-SHIRTS_SWEATSHIRTS,4.6
212,31,1890.0,3390.0,SHIRTS,4.5
213,26,2590.0,4090.0,BAGS|SPECIAL PRICES,4.6
214,18,3290.0,4790.0,DRESSES_JUMPSUITS,4.7
215,35,4990.0,6490.0,TROUSERS,3.7
216,32,2990.0,4490.0,T-SHIRTS_SWEATSHIRTS,4.6
217,35,3290.0,5990.0,KNITWEAR,4.3
218,31,1890.0,2990.0,BAGS|LOUNGEWEARNEW,3.7
219,35,1990.0,8590.0,WAISTCOATS_GILETS|TOPS_BODYSUITS,4.6
220,43,2990.0,4490.0,WORKWEARNEW|CO-ORD SETS,3.9
221,39,990.0,8590.0,JACKETS|SHORTS_SKORTS|SPECIAL PRICES,4.4
222,42,2990.0,4990.0,TROUSERS|SKIRTS,3.9
223,22,3290.0,3990.0,LOUNGEWEARNEW,3.6
224,18,3290.0,4790.0,BASICS|SHORTS_SKORTS,3.9
225,50,3990.0,8990.0,BEAUTY,3.8
226,23,3290.0,4990.0,BEAUTY|BASICS,3.8
227,38,4990.0,5990.0,TROUSERS|WAISTCOATS_GILETS,4.3
228,30,1890.0,3990.0,SHIRTS|SPECIAL PRICES|PERFUMESNEW,4.7
229,18,1890.0,3290.0,KNITWEAR,4.0
230,50,2590.0,4090.0,JACKETS|TROUSERS|SHIRTS,3.9
231,30,2990.0,3990.0,LOUNGEWEARNEW|SHORTS_SKORTS,3.8
232,46,2290.0,3290.0,TROUSERS|WAISTCOATS_GILETS|DRESSES_JUMPSUITS,4.4
233,27,2990.0,8590.0,BASICS|LOUNGEWEARNEW,4.3
234,40,3290.0,4790.0,DRESSES_JUMPSUITS,4.0
235,50,3990.0,5990.0,SHORTS_SKORTS,3.7
236,48,4990.0,5990.0,ACCESSORIES_JEWELLERY,4.5
237,22,1790.0,3990.0,SKIRTS,4.0
238,41,4990.0,7590.0,BLAZERS|WAISTCOATS_GILETS|CO-ORD SETS,4.6
239,28,1990.0,5990.0,WAISTCOATS_GILETS|BAGS|SHIRTS,4.6
240,24,2290.0,2990.0,KNITWEAR|BASICS,4.0
241,42,2990.0,4490.0,PERFUMESNEW|CO-ORD SETS,4.7
242,55,1890.0,2890.0,BASICS|LOUNGEWEARNEW|ACCESSORIES_JEWELLERY,3.9
243,43,1590.0,8590.0,KNITWEAR|BEAUTY,3.9
244,33,2990.0,6990.0,SHORTS_SKORTS|TOPS_BODYSUITS,3.9
245,51,4990.0,5990.0,T-SHIRTS_SWEATSHIRTS|SKIRTS,3.7
246,20,2290.0,3290.0,BASICS|JACKETS|TOPS_BODYSUITS,3.6
247,47,3990.0,4990.0,BAGS,3.5
248,23,1590.0,3290.0,TOPS_BODYSUITS|SKIRTS,4.5
249,21,2890.0,4390.0,WORKWEARNEW|PERFUMESNEW,4.0
250,37,3990.0,4990.0,CO-ORD SETS|SHIRTS,4.4
251,25,3290.0,3990.0,JEANS|DRESSES_JUMPSUITS,4.4
252,24,2290.0,4990.0,SPECIAL PRICES,3.7
253,23,690.0,3290.0,BAGS|JEANS,4.3
254,51,3990.0,4990.0,WAISTCOATS_GILETS,4.7
255,28,2990.0,4990.0,BLAZERS|SHOES|KNITWEAR,4.4
256,45,2590.0,4990.0,SHIRTS|SKIRTS,3.5
257,36,590.0,3990.0,WAISTCOATS_GILETS,3.8
258,49,1990.0,3290.0,CO-ORD SETS,4.2
259,37,2990.0,7590.0,SPECIAL PRICES,3.9
260,18,3290.0,3990.0,SHOES|SHORTS_SKORTS,3.8
261,35,790.0,2590.0,T-SHIRTS_SWEATSHIRTS|SHOES|SKIRTS,4.1
262,25,690.0,4990.0,BAGS|JACKETS|KNITWEAR,4.3
263,25,2890.0,4990.0,TROUSERS,4.0
264,50,3290.0,11990.0,BAGS,3.9
265,31,1590.0,3090.0,CO-ORD SETS,3.8
266,53,1990.0,3490.0,JEANS|BLAZERS,3.6
267,41,3290.0,3990.0,BAGS,3.6
268,55,6990.0,10990.0,TROUSERS|SKIRTS|BASICS,3.6
269,54,3290.0,3990.0,BAGS,4.2
270,36,3290.0,4790.0,TROUSERS|BEAUTY,4.1
271,22,2290.0,3290.0,TROUSERS|T-SHIRTS_SWEATSHIRTS|JACKETS,3.9
272,50,5990.0,7490.0,WORKWEARNEW,4.2
273,34,3290.0,4990.0,SHORTS_SKORTS,4.3
274,35,5990.0,7590.0,SPECIAL PRICES|WORKWEARNEW|TROUSERS,4.2
275,30,4990.0,9590.0,SHORTS_SKORTS|DRESSES_JUMPSUITS,3.9
276,24,3290.0,3990.0,PERFUMESNEW,4.4
277,39,5590.0,7090.0,TOPS_BODYSUITS,4.4
278,53,2590.0,3290.0,PERFUMESNEW,4.2
279,32,2590.0,4090.0,WAISTCOATS_GILETS|BAGS,4.6
280,43,2290.0,2990.0,WAISTCOATS_GILETS|ACCESSORIES_JEWELLERY,4.2
281,50,3290.0,7590.0,JACKETS,4.1
282,30,2990.0,6990.0,KNITWEAR|ACCESSORIES_JEWELLERY,4.6
283,28,1890.0,2590.0,TOPS_BODYSUITS,3.7
284,54,3290.0,5990.0,LOUNGEWEARNEW|BEAUTY,4.7
285,32,2590.0,4090.0,T-SHIRTS_SWEATSHIRTS|WAISTCOATS_GILETS|BEAUTY,3.6
286,55,1890.0,2990.0,WORKWEARNEW|LOUNGEWEARNEW,4.2
287,33,490.0,3990.0,WAISTCOATS_GILETS,3.6
288,29,2590.0,6990.0,TOPS_BODYSUITS|BLAZERS,4.5
289,35,2290.0,3290.0,WAISTCOATS_GILETS,4.3
290,32,2290.0,3290.0,SHOES,4.2
291,37,3290.0,4790.0,SHIRTS,3.8
292,31,3290.0,4990.0,SHIRTS,3.6
293,21,3290.0,4990.0,JEANS|BEAUTY|BLAZERS,4.3
294,19,3290.0,4990.0,JACKETS|T-SHIRTS_SWEATSHIRTS|SHOES,4.1
295,29,3290.0,4990.0,WAISTCOATS_GILETS|SHORTS_SKORTS|KNITWEAR,4.6
296,49,2990.0,5990.0,DRESSES_JUMPSUITS,3.6
297,23,2590.0,4090.0,ACCESSORIES_JEWELLERY,4.1
298,20,890.0,4990.0,T-SHIRTS_SWEATSHIRTS|SKIRTS|PERFUMESNEW,4.7
299,28,3290.0,5590.0,T-SHIRTS_SWEATSHIRTS,4.7
300,44,590.0,3990.0,SHORTS_SKORTS,4.5
301,48,590.0,2990.0,SHIRTS|T-SHIRTS_SWEATSHIRTS|JACKETS,4.2
302,44,3290.0,4790.0,TROUSERS|WAISTCOATS_GILETS,4.1
303,32,2290.0,2990.0,JEANS|TOPS_BODYSUITS,3.6
304,34,4990.0,5990.0,SHIRTS,4.6
305,25,2990.0,8590.0,ACCESSORIES_JEWELLERY|BAGS,4.7
306,53,2990.0,4490.0,JEANS,4.7
307,23,1990.0,3290.0,SHIRTS,3.6
308,52,1890.0,4990.0,BEAUTY,4.1
309,41,3290.0,5990.0,SPECIAL PRICES|BLAZERS,4.5
310,34,3290.0,4990.0,JACKETS|WORKWEARNEW|BASICS,4.6
311,38,2590.0,3990.0,JACKETS,3.7
312,43,2290.0,3290.0,BLAZERS,4.0
313,24,2990.0,5590.0,SPECIAL PRICES,4.6
314,36,990.0,3290.0,TOPS_BODYSUITS,4.1
315,36,2590.0,4090.0,KNITWEAR|TROUSERS,4.1
316,40,1990.0,5990.0,WORKWEARNEW,3.8
317,35,2590.0,5990.0,SHIRTS|BAGS,4.6
318,42,5990.0,7990.0,SKIRTS|BAGS,4.4
319,50,2990.0,5990.0,LOUNGEWEARNEW,4.3
320,43,3290.0,8990.0,KNITWEAR,4.7
321,48,5990.0,7490.0,SHOES,4.1
322,46,790.0,3990.0,LOUNGEWEARNEW|WORKWEARNEW,3.7
323,46,1590.0,3290.0,JEANS,4.6
324,54,2590.0,4090.0,SHIRTS,3.7
325,38,2990.0,5990.0,JEANS,4.6
326,31,3990.0,5490.0,BEAUTY|SKIRTS,4.1
327,29,2990.0,4490.0,JEANS,3.7
328,36,3290.0,4990.0,SKIRTS|T-SHIRTS_SWEATSHIRTS,4.4
329,49,3290.0,7590.0,T-SHIRTS_SWEATSHIRTS|BASICS,3.8
330,35,2990.0,4490.0,BEAUTY,4.0
331,29,2590.0,3990.0,WAISTCOATS_GILETS,3.8
332,29,3290.0,4990.0,ACCESSORIES_JEWELLERY,3.9
333,53,1890.0,4990.0,PERFUMESNEW,4.1
334,41,3290.0,4790.0,ACCESSORIES_JEWELLERY|TROUSERS,4.6
335,18,2590.0,4090.0,LOUNGEWEARNEW|JACKETS|SPECIAL PRICES,4.1
336,38,2590.0,4990.0,JEANS|LOUNGEWEARNEW,4.5
337,48,3990.0,4990.0,SKIRTS,4.5
338,33,1290.0,3990.0,TOPS_BODYSUITS|SHOES|BASICS,3.8
339,39,2290.0,3790.0,WAISTCOATS_GILETS|SHOES,3.9
340,20,1990.0,3990.0,BLAZERS,4.6
341,43,1990.0,2990.0,BAGS,3.7
342,28,2990.0,3990.0,BLAZERS,4.6
343,48,3290.0,4990.0,DRESSES_JUMPSUITS,3.8
344,28,3290.0,4990.0,JACKETS,4.0
345,47,3290.0,4990.0,SKIRTS,4.4
346,26,2590.0,4090.0,SPECIAL PRICES,3.5
347,25,2290.0,3990.0,JACKETS|WORKWEARNEW,4.1
348,46,3290.0,4990.0,BAGS|SPECIAL PRICES,3.9
349,33,1890.0,3390.0,BEAUTY,4.1
350,33,2590.0,3290.0,SHOES|LOUNGEWEARNEW|SPECIAL PRICES,4.0
351,21,2290.0,2890.0,CO-ORD SETS|BAGS|WORKWEARNEW,4.1
352,35,3990.0,8590.0,BEAUTY,3.8
353,28,2890.0,4390.0,BLAZERS|TROUSERS,3.8
354,53,990.0,11990.0,DRESSES_JUMPSUITS,4.0
355,33,2590.0,4090.0,JEANS,3.5
356,47,3290.0,4990.0,T-SHIRTS_SWEATSHIRTS,3.8
357,19,3290.0,5590.0,T-SHIRTS_SWEATSHIRTS|SHIRTS|CO-ORD SETS,4.5
358,46,2290.0,3790.0,BASICS,3.7
359,34,3290.0,5990.0,WAISTCOATS_GILETS|BEAUTY,4.6
360,46,3290.0,5990.0,SPECIAL PRICES|WAISTCOATS_GILETS,3.8
361,37,990.0,4990.0,WORKWEARNEW,4.1
362,52,3290.0,4790.0,TOPS_BODYSUITS|JEANS,3.8
363,25,3290.0,4790.0,SHORTS_SKORTS|DRESSES_JUMPSUITS,4.5
364,31,3290.0,3990.0,SKIRTS|ACCESSORIES_JEWELLERY|T-SHIRTS_SWEATSHIRTS,4.3
365,33,1290.0,2590.0,WORKWEARNEW|BAGS,4.6
366,32,1290.0,2290.0,PERFUMESNEW,4.7
367,41,2590.0,4990.0,DRESSES_JUMPSUITS|SKIRTS|CO-ORD SETS,4.3
368,45,1890.0,3990.0,ACCESSORIES_JEWELLERY|TROUSERS,4.2
369,50,3990.0,5990.0,BAGS|KNITWEAR,3.5
370,19,3290.0,3990.0,KNITWEAR,4.4
371,46,2990.0,4990.0,PERFUMESNEW,4.6
372,47,3290.0,4990.0,SHIRTS,3.8
373,54,990.0,4990.0,JEANS,4.4
374,36,3290.0,7990.0,JACKETS|SPECIAL PRICES,4.0
375,48,1990.0,2990.0,BLAZERS|DRESSES_JUMPSUITS,3.9
376,52,3290.0,4790.0,BEAUTY|BASICS,4.6
377,26,3990.0,5990.0,TOPS_BODYSUITS,3.6
378,55,1890.0,5990.0,JEANS,3.6
379,40,2590.0,5990.0,PERFUMESNEW,4.4
380,37,3290.0,3990.0,TROUSERS|JEANS,4.4
381,35,2290.0,3990.0,SKIRTS,3.7
382,27,2890.0,4990.0,CO-ORD SETS|SPECIAL PRICES,4.5
383,50,2990.0,4490.0,WAISTCOATS_GILETS,3.6
384,44,3990.0,5990.0,BLAZERS|DRESSES_JUMPSUITS,4.6
385,29,1890.0,3290.0,WORKWEARNEW,4.2
386,23,2590.0,3990.0,SHOES|KNITWEAR,4.3
387,34,3290.0,3990.0,PERFUMESNEW|SKIRTS,4.0
388,34,2990.0,4990.0,WORKWEARNEW,4.4
389,38,2590.0,4990.0,TOPS_BODYSUITS,4.4
390,53,2290.0,4990.0,LOUNGEWEARNEW|PERFUMESNEW,4.1
391,20,4990.0,5990.0,SHOES|WORKWEARNEW,4.1
392,35,1890.0,4990.0,WAISTCOATS_GILETS|LOUNGEWEARNEW,4.7
393,21,2990.0,4490.0,BEAUTY|SHIRTS,3.5
394,45,2590.0,3990.0,JEANS,3.5
395,24,2990.0,3990.0,BEAUTY|WAISTCOATS_GILETS,4.3
396,33,2990.0,4490.0,JEANS,4.4
397,37,2290.0,3290.0,CO-ORD SETS,4.4
398,28,3290.0,4990.0,JACKETS|WORKWEARNEW,3.8
399,55,1990.0,2990.0,SHORTS_SKORTS,4.7
400,53,2590.0,4090.0,JACKETS|SHORTS_SKORTS,3.7
401,34,3290.0,3990.0,TOPS_BODYSUITS|SHORTS_SKORTS,4.7
402,30,1590.0,3990.0,TOPS_BODYSUITS|TROUSERS|SHIRTS,4.2
403,33,2290.0,3290.0,BEAUTY|PERFUMESNEW,4.4
404,22,2990.0,4490.0,KNITWEAR,3.7
405,39,2990.0,4490.0,KNITWEAR|BAGS|TROUSERS,3.5
406,42,3290.0,4990.0,BASICS,3.8
407,40,2590.0,4090.0,ACCESSORIES_JEWELLERY,3.5
408,34,1790.0,3990.0,BASICS|BEAUTY,4.0
409,51,2890.0,4390.0,KNITWEAR,3.5
410,38,2290.0,4990.0,SHOES,3.7
411,45,4990.0,5990.0,T-SHIRTS_SWEATSHIRTS,4.2
412,31,3990.0,5990.0,SHIRTS|LOUNGEWEARNEW|T-SHIRTS_SWEATSHIRTS,3.8
413,45,3290.0,4990.0,BASICS,3.5
414,41,2990.0,4490.0,PERFUMESNEW,4.4
415,36,2990.0,7990.0,SKIRTS|BLAZERS,4.2
416,26,1990.0,2990.0,BEAUTY,4.0
417,49,3990.0,4990.0,BAGS,4.6
418,18,2290.0,2990.0,SHOES,4.6
419,52,3290.0,3990.0,LOUNGEWEARNEW|ACCESSORIES_JEWELLERY|TROUSERS,4.7
420,41,1890.0,2990.0,BAGS|SPECIAL PRICES,4.2
421,23,2990.0,4990.0,SHORTS_SKORTS,4.4
422,50,3290.0,4990.0,SKIRTS,4.1
423,45,890.0,2290.0,PERFUMESNEW|DRESSES_JUMPSUITS,3.9
424,35,2290.0,3290.0,JEANS,4.6
425,32,2990.0,3990.0,BASICS|BLAZERS,4.5
426,53,2290.0,7590.0,SHIRTS,3.8
427,21,3990.0,7590.0,SHOES|WORKWEARNEW,4.3
428,36,2990.0,5990.0,DRESSES_JUMPSUITS,4.4
429,50,990.0,4990.0,PERFUMESNEW,4.1
430,42,2290.0,3290.0,ACCESSORIES_JEWELLERY|KNITWEAR,3.6
431,44,2990.0,5990.0,LOUNGEWEARNEW|DRESSES_JUMPSUITS|SHOES,3.6
432,34,3290.0,4990.0,LOUNGEWEARNEW,4.0
433,41,2290.0,3290.0,DRESSES_JUMPSUITS|CO-ORD SETS,3.9
434,27,2290.0,4990.0,BASICS|SKIRTS,4.0
435,32,2590.0,6990.0,SPECIAL PRICES,4.1
436,31,2990.0,3990.0,BEAUTY|ACCESSORIES_JEWELLERY,4.0
437,53,2890.0,4390.0,BASICS,3.5
438,47,5990.0,11990.0,CO-ORD SETS|SPECIAL PRICES,4.3
439,38,3990.0,4990.0,WAISTCOATS_GILETS|SPECIAL PRICES|TROUSERS,3.7
440,18,3290.0,4990.0,BASICS,4.0
441,55,5590.0,7090.0,JACKETS|LOUNGEWEARNEW,4.1
442,53,1590.0,3290.0,BLAZERS,3.8
443,53,2590.0,3290.0,ACCESSORIES_JEWELLERY|BAGS,4.1
444,35,3990.0,4990.0,TROUSERS|WORKWEARNEW|CO-ORD SETS,3.8
445,25,1990.0,2590.0,T-SHIRTS_SWEATSHIRTS|JACKETS|JEANS,3.9
446,25,1990.0,4990.0,JEANS,4.3
447,28,3290.0,8590.0,PERFUMESNEW,3.9
448,35,2890.0,4990.0,DRESSES_JUMPSUITS,3.9
449,31,990.0,4990.0,SHIRTS|CO-ORD SETS|BAGS,3.5
450,46,2990.0,4990.0,PERFUMESNEW|BASICS,3.7
451,44,1790.0,7590.0,WAISTCOATS_GILETS|TROUSERS,4.4
452,38,2290.0,2990.0,JACKETS|PERFUMESNEW|KNITWEAR,3.7
453,28,790.0,1890.0,ACCESSORIES_JEWELLERY|JACKETS,3.5
454,28,4990.0,5990.0,SPECIAL PRICES,3.5
455,32,2590.0,5990.0,DRESSES_JUMPSUITS,4.0
456,21,3290.0,5990.0,JACKETS,3.5
457,55,990.0,3990.0,DRESSES_JUMPSUITS,4.6
458,47,1590.0,3990.0,SPECIAL PRICES|PERFUMESNEW,4.4
459,47,2990.0,5990.0,TROUSERS|LOUNGEWEARNEW,4.5
460,21,2290.0,4990.0,BAGS,4.7
461,19,2990.0,5990.0,BASICS|ACCESSORIES_JEWELLERY,4.4
462,21,3290.0,3990.0,SPECIAL PRICES|SHOES,3.8
463,35,1990.0,2990.0,TOPS_BODYSUITS,3.8
464,51,1890.0,5990.0,TOPS_BODYSUITS,3.8
465,33,1990.0,4990.0,SPECIAL PRICES|JEANS|TOPS_BODYSUITS,3.8
466,39,2590.0,3290.0,BAGS|BEAUTY,4.0
467,47,1990.0,3490.0,WAISTCOATS_GILETS|CO-ORD SETS,4.7
468,24,1990.0,3290.0,BEAUTY|WORKWEARNEW,4.5
469,22,2290.0,2990.0,CO-ORD SETS|DRESSES_JUMPSUITS,4.2
470,49,790.0,3290.0,BAGS|CO-ORD SETS,3.6
471,22,3290.0,4790.0,CO-ORD SETS|DRESSES_JUMPSUITS,4.6
472,45,2590.0,5590.0,BEAUTY|WORKWEARNEW|CO-ORD SETS,4.0
473,55,3290.0,4990.0,SKIRTS,4.0
474,22,1890.0,2590.0,CO-ORD SETS|LOUNGEWEARNEW|SPECIAL PRICES,4.6
475,33,5990.0,7490.0,DRESSES_JUMPSUITS|JACKETS|WAISTCOATS_GILETS,3.7
476,19,950.0,1990.0,T-SHIRTS_SWEATSHIRTS|CO-ORD SETS|LOUNGEWEARNEW,4.3
477,21,2590.0,4990.0,SHIRTS,4.6
478,30,4990.0,6490.0,TROUSERS|JEANS,3.9
479,32,1890.0,3990.0,KNITWEAR|DRESSES_JUMPSUITS,3.8
480,27,2590.0,4990.0,BLAZERS,4.3
481,38,2990.0,3990.0,CO-ORD SETS,4.4
482,54,2590.0,3290.0,DRESSES_JUMPSUITS,4.1
483,44,690.0,4990.0,JACKETS|SPECIAL PRICES|TOPS_BODYSUITS,4.7
484,22,1990.0,3490.0,BASICS|ACCESSORIES_JEWELLERY,4.4
485,41,790.0,3290.0,BAGS|SKIRTS,4.2
486,19,1590.0,3290.0,SHIRTS|TOPS_BODYSUITS,4.2
487,42,2990.0,4490.0,BEAUTY,4.0
488,44,3290.0,4990.0,TROUSERS,3.7
489,47,1990.0,4990.0,LOUNGEWEARNEW,3.7
490,44,3290.0,4790.0,BLAZERS,4.2
491,19,4990.0,9590.0,SHOES,4.4
492,45,1590.0,5990.0,TROUSERS,4.6
493,34,3290.0,4990.0,LOUNGEWEARNEW|BLAZERS,3.9
494,52,790.0,3290.0,KNITWEAR|PERFUMESNEW,4.7
495,24,2590.0,5590.0,JEANS,3.9
496,47,2290.0,3790.0,DRESSES_JUMPSUITS,4.1
497,21,2890.0,8590.0,ACCESSORIES_JEWELLERY|WAISTCOATS_GILETS|SPECIAL PRICES,3.8
498,36,2990.0,4490.0,BLAZERS|BASICS|DRESSES_JUMPSUITS,4.2
499,23,2290.0,3790.0,DRESSES_JUMPSUITS,4.0
500,39,3290.0,9590.0,BLAZERS|TROUSERS,3.6
501,45,2290.0,2890.0,SKIRTS,3.8
502,49,3290.0,6990.0,ACCESSORIES_JEWELLERY|BAGS,3.6
503,50,1890.0,3290.0,TROUSERS,3.8
504,36,2990.0,4490.0,KNITWEAR|SPECIAL PRICES,4.1
505,36,1590.0,3990.0,JEANS|BEAUTY|SHIRTS,4.6
506,33,3290.0,5590.0,TROUSERS|SKIRTS,3.9
507,29,3290.0,4990.0,LOUNGEWEARNEW|CO-ORD SETS,3.8
508,51,4990.0,9590.0,ACCESSORIES_JEWELLERY,4.2
509,50,2990.0,3990.0,KNITWEAR,3.8
510,19,2290.0,3790.0,SHIRTS,4.4
511,40,2990.0,4490.0,ACCESSORIES_JEWELLERY|CO-ORD SETS|JACKETS,4.4
512,40,990.0,3290.0,SHIRTS,4.7
513,22,1890.0,4990.0,JEANS,4.2
514,51,3990.0,5490.0,BLAZERS|T-SHIRTS_SWEATSHIRTS,4.5
515,29,2890.0,4390.0,PERFUMESNEW,3.9
516,38,2590.0,3290.0,SHORTS_SKORTS|LOUNGEWEARNEW|TROUSERS,4.1
517,38,4990.0,5990.0,JEANS,3.6
518,21,2990.0,4990.0,WORKWEARNEW|BASICS|SKIRTS,4.6
519,42,2990.0,4490.0,BAGS|BASICS,4.4
520,30,1890.0,3990.0,TOPS_BODYSUITS|SKIRTS,4.3
521,46,2590.0,5990.0,BLAZERS|BAGS|SHIRTS,4.7
522,38,2990.0,3990.0,ACCESSORIES_JEWELLERY,4.1
523,40,4990.0,6490.0,WORKWEARNEW|BAGS,4.2
524,48,3290.0,5990.0,SKIRTS|SHOES,4.2
525,28,2290.0,5990.0,ACCESSORIES_JEWELLERY|SHOES,4.1
526,26,1890.0,5590.0,SHORTS_SKORTS|JACKETS|PERFUMESNEW,4.4
527,30,2290.0,3790.0,JACKETS|SHOES,4.0
528,19,5990.0,7490.0,JEANS|ACCESSORIES_JEWELLERY|SKIRTS,3.7
529,53,4990.0,5990.0,BEAUTY,4.1
530,30,3290.0,13990.0,WAISTCOATS_GILETS,4.5
531,48,2590.0,4090.0,TOPS_BODYSUITS,3.6
532,19,2990.0,4990.0,WORKWEARNEW|TOPS_BODYSUITS,4.6
533,49,3290.0,3990.0,SHIRTS|WORKWEARNEW|LOUNGEWEARNEW,4.1
534,54,2890.0,4390.0,SHOES,4.5
535,53,1290.0,2290.0,TOPS_BODYSUITS,4.6
536,33,2590.0,7590.0,SPECIAL PRICES|SHORTS_SKORTS,3.6
537,49,2590.0,4090.0,SKIRTS,3.7
538,26,1890.0,2990.0,WAISTCOATS_GILETS,3.7
539,52,2990.0,4490.0,SPECIAL PRICES|JEANS,3.7
540,41,2990.0,4490.0,TOPS_BODYSUITS|ACCESSORIES_JEWELLERY|WAISTCOATS_GILETS,4.3
541,40,2990.0,4490.0,ACCESSORIES_JEWELLERY|PERFUMESNEW,4.4
542,37,1590.0,4990.0,JACKETS,4.1
543,27,2990.0,4990.0,PERFUMESNEW,4.1
544,24,3290.0,4790.0,BAGS,3.9
545,36,2990.0,3990.0,SHIRTS,4.3
546,27,1590.0,4990.0,DRESSES_JUMPSUITS|CO-ORD SETS|SHIRTS,4.1
547,43,990.0,2490.0,T-SHIRTS_SWEATSHIRTS,4.4
548,19,3990.0,4990.0,SHOES|SHORTS_SKORTS,3.6
549,39,990.0,5990.0,WORKWEARNEW|BAGS,4.4
550,44,2990.0,5990.0,PERFUMESNEW|JACKETS,4.5
551,18,2990.0,4990.0,BEAUTY,4.5
552,18,3290.0,4790.0,SKIRTS,4.0
553,35,2290.0,3990.0,BLAZERS,4.0
554,22,3290.0,4790.0,SHOES|TROUSERS,3.9
555,54,1890.0,2990.0,KNITWEAR|JEANS|BAGS,4.0
556,19,3290.0,5590.0,LOUNGEWEARNEW|WORKWEARNEW,3.7
557,31,1590.0,2990.0,SPECIAL PRICES|CO-ORD SETS,4.6
558,28,2290.0,2890.0,LOUNGEWEARNEW|PERFUMESNEW,4.1
559,49,1590.0,4990.0,JEANS,4.6
560,39,1890.0,2590.0,JACKETS|WAISTCOATS_GILETS|TOPS_BODYSUITS,4.0
561,27,3290.0,5990.0,WORKWEARNEW|JACKETS,3.6
562,37,2990.0,4490.0,T-SHIRTS_SWEATSHIRTS|TROUSERS,4.0
563,25,3990.0,4990.0,BLAZERS|SHIRTS,4.4
564,29,3290.0,4790.0,SHIRTS|WAISTCOATS_GILETS,4.6
565,50,2990.0,4490.0,T-SHIRTS_SWEATSHIRTS|TROUSERS,4.7
566,46,4990.0,6490.0,CO-ORD SETS,4.0
567,26,3990.0,13990.0,BLAZERS|KNITWEAR|JEANS,4.5
568,27,2590.0,4990.0,WAISTCOATS_GILETS,4.1
569,39,3290.0,5990.0,JEANS|TROUSERS,4.1
570,35,3290.0,4990.0,KNITWEAR|PERFUMESNEW,4.2
571,46,2990.0,10990.0,BASICS|LOUNGEWEARNEW,3.9
572,40,2290.0,4990.0,TOPS_BODYSUITS|SHIRTS,3.8
573,27,2590.0,3990.0,JACKETS|CO-ORD SETS,4.1
574,51,2990.0,4490.0,JEANS|JACKETS|BAGS,3.7
575,51,2990.0,4990.0,PERFUMESNEW|ACCESSORIES_JEWELLERY,4.3
576,44,1890.0,5990.0,ACCESSORIES_JEWELLERY|JEANS,4.1
577,54,2890.0,4390.0,JACKETS|BLAZERS|DRESSES_JUMPSUITS,3.8
578,50,990.0,4990.0,TOPS_BODYSUITS,3.8
579,39,1590.0,4990.0,WORKWEARNEW|PERFUMESNEW,4.1
580,24,2590.0,4990.0,CO-ORD SETS|JACKETS,4.4
581,51,1890.0,4990.0,BEAUTY|DRESSES_JUMPSUITS,3.5
582,30,990.0,1990.0,BLAZERS,3.8
583,44,2290.0,3990.0,BEAUTY|SPECIAL PRICES,4.2
584,24,2290.0,3290.0,DRESSES_JUMPSUITS,4.4
585,25,2890.0,3990.0,LOUNGEWEARNEW,3.7
586,45,1590.0,2990.0,WAISTCOATS_GILETS|ACCESSORIES_JEWELLERY,4.5
587,48,3290.0,4990.0,SHIRTS,4.5
588,42,1990.0,5990.0,PERFUMESNEW|SHORTS_SKORTS,4.6
589,20,990.0,3990.0,SHIRTS,4.6
590,49,1590.0,3290.0,BAGS,4.7
591,51,3290.0,5990.0,DRESSES_JUMPSUITS,3.6
592,37,2590.0,4990.0,SHIRTS|JACKETS,3.8
593,21,4990.0,5990.0,LOUNGEWEARNEW,4.3
594,44,3990.0,5990.0,DRESSES_JUMPSUITS,4.3
595,49,2590.0,11990.0,WAISTCOATS_GILETS|SHIRTS,3.6
596,40,2590.0,3290.0,BLAZERS|WORKWEARNEW,4.3
597,47,2990.0,4490.0,PERFUMESNEW,4.7
598,22,890.0,1990.0,BAGS|SHIRTS,3.8
599,24,3290.0,4790.0,SHIRTS,3.7
600,44,3290.0,4990.0,BLAZERS,3.5
601,28,2590.0,3290.0,LOUNGEWEARNEW,4.2
602,28,2290.0,3990.0,BASICS,4.3
603,55,4990.0,5990.0,TROUSERS,4.4
604,45,2990.0,5990.0,CO-ORD SETS|BLAZERS,3.8
605,43,3290.0,4790.0,LOUNGEWEARNEW|PERFUMESNEW,4.3
606,19,2590.0,3990.0,LOUNGEWEARNEW|CO-ORD SETS,4.4
607,27,2890.0,3990.0,PERFUMESNEW,3.8
608,47,1890.0,2890.0,TOPS_BODYSUITS|CO-ORD SETS,4.0
609,48,3990.0,5990.0,DRESSES_JUMPSUITS,3.9
610,34,2590.0,3290.0,WAISTCOATS_GILETS|CO-ORD SETS,4.4
611,30,1890.0,5590.0,WAISTCOATS_GILETS|KNITWEAR,3.6
612,33,2590.0,4090.0,TOPS_BODYSUITS,4.2
613,18,1990.0,4990.0,BLAZERS|SPECIAL PRICES|ACCESSORIES_JEWELLERY,3.8
614,28,2990.0,4590.0,TROUSERS,4.0
615,21,2290.0,2990.0,ACCESSORIES_JEWELLERY|PERFUMESNEW,4.2
616,26,2990.0,4490.0,LOUNGEWEARNEW,3.5
617,55,3290.0,4990.0,BASICS|SKIRTS|JACKETS,4.2
618,55,2590.0,3990.0,PERFUMESNEW|WORKWEARNEW,3.7
619,53,4990.0,13990.0,KNITWEAR|PERFUMESNEW,3.7
620,20,1090.0,3990.0,SHORTS_SKORTS|KNITWEAR|JACKETS,4.6
621,38,2290.0,4990.0,SHIRTS|SKIRTS,4.3
622,50,3990.0,4990.0,DRESSES_JUMPSUITS|BEAUTY,3.5
623,24,1890.0,3390.0,SPECIAL PRICES|WORKWEARNEW,4.3
624,43,1990.0,4990.0,BEAUTY,4.2
625,40,2990.0,4490.0,JACKETS,3.7
626,35,2590.0,3290.0,SKIRTS|TROUSERS,3.9
627,18,2590.0,4090.0,WAISTCOATS_GILETS,4.7
628,24,690.0,4990.0,BASICS,3.8
629,48,3290.0,4790.0,BASICS,4.6
630,52,3990.0,5990.0,BEAUTY|TOPS_BODYSUITS|BASICS,4.1
631,18,4990.0,5990.0,SKIRTS,3.8
632,40,2290.0,3290.0,BASICS|SPECIAL PRICES|SHORTS_SKORTS,3.8
633,39,3290.0,4990.0,JACKETS|WORKWEARNEW,3.7
634,53,490.0,5990.0,SHORTS_SKORTS|BLAZERS,4.1
635,45,3990.0,4990.0,BLAZERS|SHORTS_SKORTS,4.6
636,41,1990.0,3990.0,T-SHIRTS_SWEATSHIRTS|DRESSES_JUMPSUITS,3.6
637,38,1890.0,3290.0,LOUNGEWEARNEW,3.7
638,29,3290.0,6990.0,SHIRTS|T-SHIRTS_SWEATSHIRTS,4.2
639,25,3290.0,4990.0,BAGS|LOUNGEWEARNEW,4.7
640,40,2290.0,2990.0,SHOES,3.8
641,40,2990.0,3990.0,WORKWEARNEW|BAGS,3.6
642,29,2990.0,4490.0,SPECIAL PRICES,4.6
643,44,2990.0,4990.0,KNITWEAR|SKIRTS,4.6
644,26,3290.0,5590.0,SHIRTS,4.0
645,29,2590.0,3990.0,LOUNGEWEARNEW|SHIRTS,3.7
646,40,1590.0,3990.0,TOPS_BODYSUITS,4.0
647,26,4990.0,5990.0,BAGS|JACKETS,4.7
648,25,1590.0,4990.0,SKIRTS|SHOES,4.3
649,47,2590.0,4090.0,CO-ORD SETS,4.0
650,42,3290.0,3990.0,WORKWEARNEW|BLAZERS,4.6
651,21,1590.0,4990.0,BLAZERS,4.3
652,41,3290.0,4790.0,SHIRTS|SHOES,3.7
653,40,2590.0,3290.0,PERFUMESNEW,4.0
654,32,3290.0,4790.0,BEAUTY,4.0
655,45,2990.0,6990.0,SHORTS_SKORTS,4.0
656,48,2890.0,4390.0,PERFUMESNEW,4.4
657,41,1990.0,3990.0,SHORTS_SKORTS|ACCESSORIES_JEWELLERY|TROUSERS,3.8
658,43,2290.0,5590.0,BLAZERS,4.4
659,35,4990.0,5990.0,PERFUMESNEW|DRESSES_JUMPSUITS,4.2
660,54,4990.0,6490.0,TOPS_BODYSUITS|JACKETS|BEAUTY,4.1
661,32,2890.0,4390.0,CO-ORD SETS,3.8
662,25,3290.0,4990.0,WAISTCOATS_GILETS,4.7
663,30,3290.0,4790.0,SHORTS_SKORTS|DRESSES_JUMPSUITS,4.3
664,29,2290.0,3290.0,ACCESSORIES_JEWELLERY,3.8
665,42,3990.0,4990.0,SHORTS_SKORTS|SHIRTS,3.7
666,24,3290.0,4990.0,T-SHIRTS_SWEATSHIRTS|CO-ORD SETS,3.9
667,25,3290.0,5990.0,T-SHIRTS_SWEATSHIRTS,3.7
668,53,2990.0,3990.0,CO-ORD SETS|BASICS,4.0
669,46,3990.0,4990.0,BASICS|SKIRTS|LOUNGEWEARNEW,4.5
670,32,2290.0,3290.0,BAGS,3.9
671,20,3290.0,4990.0,LOUNGEWEARNEW,4.5
672,50,2890.0,5990.0,SPECIAL PRICES|ACCESSORIES_JEWELLERY,3.7
673,31,1590.0,4990.0,BEAUTY,3.6
674,20,2290.0,2990.0,LOUNGEWEARNEW,3.6
675,23,3290.0,3990.0,DRESSES_JUMPSUITS|KNITWEAR|T-SHIRTS_SWEATSHIRTS,4.4
676,25,1990.0,4990.0,SKIRTS|BAGS,3.6
677,45,2290.0,3790.0,DRESSES_JUMPSUITS|WORKWEARNEW,4.7
678,31,2990.0,4490.0,ACCESSORIES_JEWELLERY|JACKETS,3.5
679,36,3290.0,4990.0,SHOES|WAISTCOATS_GILETS,3.7
680,45,2990.0,5990.0,WORKWEARNEW,4.5
681,25,3990.0,5990.0,SHIRTS,3.5
682,32,2590.0,4090.0,SKIRTS|LOUNGEWEARNEW,4.2
683,53,1890.0,5990.0,SHIRTS,4.4
684,33,2590.0,4090.0,SPECIAL PRICES|WORKWEARNEW|TROUSERS,3.5
685,21,4990.0,5990.0,BLAZERS,3.9
686,23,1890.0,4990.0,WAISTCOATS_GILETS|T-SHIRTS_SWEATSHIRTS,4.4
687,28,1990.0,5990.0,SHOES,3.9
688,46,990.0,3990.0,PERFUMESNEW,4.3
689,43,4990.0,5990.0,T-SHIRTS_SWEATSHIRTS,3.7
690,22,4990.0,5990.0,LOUNGEWEARNEW|JACKETS,4.1
691,23,1590.0,2290.0,PERFUMESNEW,4.6
692,30,3290.0,3990.0,CO-ORD SETS,4.6
693,22,4990.0,5990.0,SHORTS_SKORTS|WAISTCOATS_GILETS,4.2
694,51,2290.0,2890.0,DRESSES_JUMPSUITS,4.1
695,19,3290.0,4990.0,KNITWEAR|PERFUMESNEW|LOUNGEWEARNEW,4.5
696,39,990.0,4990.0,T-SHIRTS_SWEATSHIRTS,3.6
697,20,4990.0,6490.0,BEAUTY,4.1
698,25,3290.0,4790.0,BAGS,4.4
699,42,790.0,4990.0,BASICS|DRESSES_JUMPSUITS|WAISTCOATS_GILETS,4.4
700,38,2990.0,4490.0,TOPS_BODYSUITS|PERFUMESNEW,3.9
701,19,2990.0,4990.0,SHOES,3.8
702,42,2590.0,4990.0,BEAUTY,4.3
703,34,2590.0,4990.0,ACCESSORIES_JEWELLERY,3.9
704,36,4990.0,6490.0,SKIRTS|SHIRTS,4.7
705,19,2990.0,3990.0,WAISTCOATS_GILETS|LOUNGEWEARNEW,4.6
706,55,3290.0,3990.0,KNITWEAR,4.4
707,18,4990.0,6490.0,WAISTCOATS_GILETS,4.2
708,53,2990.0,4990.0,BASICS,4.2
709,46,1890.0,7590.0,DRESSES_JUMPSUITS|KNITWEAR,3.6
710,18,3290.0,3990.0,T-SHIRTS_SWEATSHIRTS,4.0
711,50,1290.0,3990.0,BASICS|T-SHIRTS_SWEATSHIRTS,4.0
712,53,2590.0,4990.0,TOPS_BODYSUITS|PERFUMESNEW,3.8
713,31,3990.0,7590.0,BAGS,3.9
714,37,1990.0,2990.0,PERFUMESNEW|TROUSERS,3.9
715,37,3290.0,5990.0,BEAUTY|JACKETS,4.3
716,32,5990.0,7490.0,BASICS|SHIRTS,3.5
717,30,990.0,2290.0,TROUSERS,4.1
718,36,2990.0,4490.0,SHIRTS,4.3
719,40,3990.0,4990.0,DRESSES_JUMPSUITS|TOPS_BODYSUITS,4.2
720,44,1890.0,5990.0,SKIRTS,4.3
721,51,2290.0,3290.0,JEANS,3.5
722,18,2590.0,4990.0,ACCESSORIES_JEWELLERY|JEANS|BEAUTY,4.6
723,50,2990.0,5990.0,WAISTCOATS_GILETS|DRESSES_JUMPSUITS,4.6
724,38,2990.0,4490.0,LOUNGEWEARNEW|BLAZERS,4.6
725,23,3290.0,3990.0,BEAUTY,4.3
726,20,2990.0,4490.0,SHIRTS|ACCESSORIES_JEWELLERY|CO-ORD SETS,3.6
727,49,2290.0,3290.0,LOUNGEWEARNEW|SHORTS_SKORTS,4.1
728,27,3290.0,8590.0,TOPS_BODYSUITS|ACCESSORIES_JEWELLERY|T-SHIRTS_SWEATSHIRTS,4.1
729,23,4990.0,5990.0,T-SHIRTS_SWEATSHIRTS,4.1
730,26,1290.0,4990.0,LOUNGEWEARNEW,4.2
731,50,3290.0,4990.0,BAGS|SKIRTS,3.9
732,38,3290.0,5990.0,JEANS|BASICS,3.6
733,39,3290.0,3990.0,SHOES|TROUSERS|KNITWEAR,4.7
734,39,2890.0,5990.0,SPECIAL PRICES,3.9
735,40,950.0,3290.0,KNITWEAR,3.8
736,31,1990.0,3290.0,BAGS,4.6
737,46,2990.0,4490.0,ACCESSORIES_JEWELLERY,3.9
738,18,1990.0,3290.0,ACCESSORIES_JEWELLERY|SKIRTS,3.5
739,18,1590.0,2990.0,SPECIAL PRICES|SHIRTS|DRESSES_JUMPSUITS,4.5
740,28,1990.0,4990.0,T-SHIRTS_SWEATSHIRTS|KNITWEAR,4.4
741,29,4990.0,5990.0,SHOES|BAGS,4.7
742,38,2890.0,4390.0,PERFUMESNEW,4.0
743,52,2590.0,4990.0,SHORTS_SKORTS|KNITWEAR,4.6
744,49,2590.0,3290.0,KNITWEAR|CO-ORD SETS,4.2
745,46,3290.0,4790.0,SPECIAL PRICES|BLAZERS,3.8
746,50,2290.0,3290.0,DRESSES_JUMPSUITS|SHIRTS,4.2
747,45,3290.0,5990.0,SHIRTS,4.4
748,33,2590.0,3290.0,KNITWEAR,4.2
749,45,2990.0,4990.0,SHOES,4.2
750,28,3290.0,3990.0,KNITWEAR|T-SHIRTS_SWEATSHIRTS,4.7
751,52,3290.0,4990.0,WORKWEARNEW|BASICS,4.4
752,47,2990.0,4990.0,BEAUTY|T-SHIRTS_SWEATSHIRTS,4.1
753,34,3990.0,4990.0,SPECIAL PRICES|SHOES|BASICS,3.6
754,36,2990.0,7590.0,JEANS,3.6
755,24,2990.0,4990.0,ACCESSORIES_JEWELLERY,4.3
756,23,1890.0,3990.0,SHIRTS|CO-ORD SETS,3.9
757,30,4990.0,6490.0,PERFUMESNEW|SHORTS_SKORTS|WORKWEARNEW,4.1
758,50,2590.0,4090.0,WORKWEARNEW|WAISTCOATS_GILETS,4.5
759,29,2990.0,4490.0,JACKETS|CO-ORD SETS,4.5
760,37,3290.0,5990.0,PERFUMESNEW|WAISTCOATS_GILETS,4.4
761,54,4990.0,5590.0,BAGS|TROUSERS,4.5
762,46,3290.0,11990.0,LOUNGEWEARNEW|ACCESSORIES_JEWELLERY|SHIRTS,3.7
763,30,3290.0,4990.0,TROUSERS,4.0
764,20,3990.0,4990.0,JEANS|CO-ORD SETS,4.4
765,52,3990.0,5490.0,SHOES|JEANS,4.5
766,47,2890.0,4990.0,BASICS,3.9
767,21,4990.0,7590.0,JACKETS|BAGS,3.6
768,34,3290.0,4990.0,TOPS_BODYSUITS|PERFUMESNEW|SPECIAL PRICES,3.8
769,26,2990.0,4490.0,ACCESSORIES_JEWELLERY,4.6
770,27,3290.0,6990.0,PERFUMESNEW,3.7
771,30,2990.0,7590.0,JACKETS,4.2
772,24,3290.0,3990.0,SHIRTS|TOPS_BODYSUITS|WORKWEARNEW,3.9
773,49,5990.0,7590.0,CO-ORD SETS|SHOES|LOUNGEWEARNEW,4.3
774,42,2290.0,3790.0,TROUSERS|SPECIAL PRICES,3.7
775,40,2290.0,2990.0,SPECIAL PRICES,4.0
776,26,2890.0,6990.0,DRESSES_JUMPSUITS|BAGS,4.5
777,49,2290.0,3790.0,SHOES|DRESSES_JUMPSUITS,3.7
778,31,2990.0,4490.0,SHORTS_SKORTS,4.0
779,29,2290.0,3990.0,KNITWEAR,3.8
780,30,5990.0,7490.0,PERFUMESNEW,3.6
781,51,1990.0,3290.0,TROUSERS,3.6
782,51,2290.0,5990.0,WAISTCOATS_GILETS,4.3
783,26,3290.0,4990.0,CO-ORD SETS,3.7
784,31,1890.0,2990.0,BASICS,4.2
785,48,2590.0,3990.0,ACCESSORIES_JEWELLERY,4.6
786,28,2990.0,4990.0,WAISTCOATS_GILETS,3.6
787,36,3990.0,5990.0,ACCESSORIES_JEWELLERY|BEAUTY,3.7
788,54,3990.0,5490.0,SHOES,4.2
789,40,2590.0,4990.0,SKIRTS,3.6
790,29,3290.0,4790.0,BLAZERS|SPECIAL PRICES,3.6
791,51,3990.0,5490.0,ACCESSORIES_JEWELLERY,3.8
792,23,1890.0,2590.0,WAISTCOATS_GILETS|SKIRTS,3.9
793,50,3290.0,5990.0,T-SHIRTS_SWEATSHIRTS|KNITWEAR,4.4
794,45,2990.0,5590.0,PERFUMESNEW|SKIRTS|TROUSERS,4.5
795,50,2990.0,4490.0,PERFUMESNEW|BEAUTY|KNITWEAR,4.0
796,27,2590.0,3290.0,SPECIAL PRICES|T-SHIRTS_SWEATSHIRTS,4.4
797,39,3990.0,7590.0,WAISTCOATS_GILETS|PERFUMESNEW,4.2
798,27,3290.0,3990.0,SPECIAL PRICES,4.4
799,25,3290.0,4990.0,SPECIAL PRICES|KNITWEAR,4.5
800,27,3990.0,4990.0,BAGS|ACCESSORIES_JEWELLERY,4.6
801,21,3290.0,3990.0,SHIRTS,4.1
802,31,5990.0,8590.0,BEAUTY|SPECIAL PRICES,3.8
803,24,1890.0,4990.0,ACCESSORIES_JEWELLERY,4.7
804,27,2590.0,3990.0,JEANS,3.6
805,43,4990.0,6490.0,PERFUMESNEW|T-SHIRTS_SWEATSHIRTS,4.3
806,48,3990.0,10990.0,JACKETS|WAISTCOATS_GILETS|JEANS,4.1
807,54,3290.0,5990.0,SHIRTS|BAGS,3.6
808,37,3290.0,4790.0,WAISTCOATS_GILETS|CO-ORD SETS,4.6
809,26,2290.0,2990.0,LOUNGEWEARNEW|WAISTCOATS_GILETS|BASICS,3.9
810,39,2290.0,4990.0,TOPS_BODYSUITS,4.3
811,28,1590.0,4990.0,LOUNGEWEARNEW|T-SHIRTS_SWEATSHIRTS,3.5
812,24,2290.0,3990.0,BAGS,3.5
813,41,2990.0,4490.0,KNITWEAR,4.6
814,39,3290.0,4990.0,TROUSERS|SHIRTS,3.6
815,34,4990.0,6490.0,DRESSES_JUMPSUITS,3.8
816,41,3290.0,4990.0,SPECIAL PRICES|TOPS_BODYSUITS,4.1
817,38,7590.0,9090.0,SHIRTS,3.8
818,41,2290.0,5990.0,T-SHIRTS_SWEATSHIRTS,4.1
819,29,3290.0,5990.0,SPECIAL PRICES|KNITWEAR,4.0
820,28,3290.0,4990.0,WAISTCOATS_GILETS|ACCESSORIES_JEWELLERY,4.3
821,54,1890.0,2590.0,SHORTS_SKORTS|LOUNGEWEARNEW,4.1
822,28,2290.0,2890.0,SHOES|SKIRTS,4.0
823,32,2990.0,5990.0,WAISTCOATS_GILETS,4.2
824,34,3290.0,5990.0,JEANS,4.3
825,19,4990.0,7590.0,ACCESSORIES_JEWELLERY,4.3
826,30,3990.0,4990.0,BLAZERS,4.2
827,35,2990.0,4490.0,BEAUTY,3.9
828,22,6990.0,9590.0,BEAUTY,4.7
829,54,2290.0,7590.0,BLAZERS,3.5
830,52,3990.0,5590.0,JACKETS,4.4
831,55,2290.0,3790.0,WORKWEARNEW|CO-ORD SETS,4.5
832,37,3290.0,5990.0,PERFUMESNEW|CO-ORD SETS|JEANS,4.1
833,23,3290.0,7590.0,SHOES|SPECIAL PRICES|TOPS_BODYSUITS,3.7
834,44,2890.0,6990.0,SPECIAL PRICES,4.1
835,48,3290.0,3990.0,PERFUMESNEW,4.6
836,36,2290.0,3290.0,TOPS_BODYSUITS|SHORTS_SKORTS,4.5
837,29,3990.0,4990.0,SHIRTS,4.1
838,26,5990.0,7490.0,JEANS|SHORTS_SKORTS,4.5
839,25,1990.0,2990.0,CO-ORD SETS,4.2
840,52,2590.0,4090.0,TOPS_BODYSUITS|SKIRTS,4.1
841,36,1490.0,5990.0,BLAZERS|PERFUMESNEW,3.8
842,36,2990.0,4990.0,DRESSES_JUMPSUITS,3.6
843,25,4990.0,5990.0,WAISTCOATS_GILETS,4.2
844,25,3290.0,4990.0,BLAZERS,3.6
845,53,2590.0,4990.0,BASICS|T-SHIRTS_SWEATSHIRTS|DRESSES_JUMPSUITS,4.4
846,55,2290.0,4990.0,BAGS,4.6
847,29,4990.0,6490.0,BAGS,3.7
848,21,2290.0,4990.0,WAISTCOATS_GILETS|DRESSES_JUMPSUITS,4.1
849,23,4990.0,6490.0,BLAZERS,4.6
850,25,2890.0,4390.0,WORKWEARNEW,3.6
851,23,2290.0,3290.0,WAISTCOATS_GILETS,4.1
852,40,990.0,3290.0,JACKETS|BAGS,3.8
853,26,2990.0,4490.0,BLAZERS,4.1
854,21,5990.0,7590.0,KNITWEAR|WAISTCOATS_GILETS|TROUSERS,3.9
855,21,1990.0,3290.0,CO-ORD SETS,4.0
856,45,3290.0,3990.0,BASICS,3.9
857,36,2290.0,4990.0,JEANS|DRESSES_JUMPSUITS|CO-ORD SETS,3.7
858,28,2290.0,5990.0,CO-ORD SETS,3.7
859,27,2590.0,4090.0,KNITWEAR|PERFUMESNEW|ACCESSORIES_JEWELLERY,4.0
860,26,590.0,4990.0,JACKETS,3.7
861,48,2990.0,4990.0,KNITWEAR,4.6
862,52,2590.0,4990.0,SHORTS_SKORTS|WORKWEARNEW,4.1
863,38,2990.0,4490.0,SPECIAL PRICES,3.6
864,50,3990.0,6990.0,SHORTS_SKORTS,4.0
865,23,2590.0,3290.0,TOPS_BODYSUITS|KNITWEAR,4.6
866,28,3990.0,4990.0,LOUNGEWEARNEW|CO-ORD SETS,3.9
867,38,3290.0,3990.0,WAISTCOATS_GILETS|KNITWEAR,4.0
868,54,3990.0,5590.0,TOPS_BODYSUITS|DRESSES_JUMPSUITS,4.0
869,24,3990.0,5990.0,LOUNGEWEARNEW|WORKWEARNEW,4.2
870,28,2990.0,4990.0,BASICS,4.3
871,33,1590.0,2290.0,SPECIAL PRICES|T-SHIRTS_SWEATSHIRTS|BEAUTY,3.7
872,42,4990.0,5990.0,T-SHIRTS_SWEATSHIRTS,4.2
873,32,1890.0,7590.0,WAISTCOATS_GILETS,3.8
874,53,3990.0,5990.0,DRESSES_JUMPSUITS|BASICS,4.1
875,21,3990.0,7590.0,BEAUTY|BAGS,4.4
876,30,2290.0,3990.0,BLAZERS|KNITWEAR,4.2
877,29,2290.0,3990.0,JACKETS|SKIRTS,4.3
878,21,1590.0,3290.0,DRESSES_JUMPSUITS|KNITWEAR,4.4
879,30,3290.0,3990.0,WAISTCOATS_GILETS|SHIRTS,4.5
880,28,2290.0,3990.0,PERFUMESNEW|SHIRTS,4.2
881,48,2990.0,4990.0,TROUSERS|PERFUMESNEW|DRESSES_JUMPSUITS,4.6
882,23,2590.0,5990.0,KNITWEAR,4.1
883,45,2990.0,4490.0,PERFUMESNEW|T-SHIRTS_SWEATSHIRTS,4.3
884,37,3290.0,6990.0,BEAUTY,3.5
885,48,2890.0,4390.0,BAGS|TOPS_BODYSUITS,4.0
886,36,3290.0,11990.0,ACCESSORIES_JEWELLERY|SPECIAL PRICES,3.8
887,34,2290.0,2990.0,BASICS,4.0
888,34,3290.0,5990.0,LOUNGEWEARNEW,4.1
889,20,1590.0,2290.0,ACCESSORIES_JEWELLERY|BAGS,4.0
890,28,2990.0,4990.0,SHORTS_SKORTS,4.5
891,27,2590.0,3290.0,BEAUTY,3.5
892,35,3290.0,4790.0,JEANS,4.7
893,47,2990.0,4990.0,WORKWEARNEW|DRESSES_JUMPSUITS,4.2
894,52,2990.0,4490.0,PERFUMESNEW|WORKWEARNEW,4.4
895,36,3290.0,3990.0,TROUSERS,4.6
896,20,3290.0,5990.0,SHOES|BASICS,4.1
897,38,2590.0,3290.0,KNITWEAR,4.5
898,22,2590.0,4090.0,WORKWEARNEW,4.6
899,25,3290.0,7990.0,TROUSERS,4.5
900,46,1090.0,1590.0,BASICS,4.4
901,35,2290.0,3790.0,SHORTS_SKORTS,3.7
902,22,3290.0,4990.0,JACKETS|CO-ORD SETS,4.2
903,20,2990.0,4990.0,BAGS,4.7
904,30,1990.0,3990.0,BEAUTY|KNITWEAR,3.7
905,40,3990.0,5990.0,SHIRTS,3.7
906,19,2990.0,4990.0,JEANS|CO-ORD SETS,4.4
907,32,3290.0,3990.0,SHORTS_SKORTS|BAGS,4.5
908,49,2590.0,3290.0,SHOES|SHORTS_SKORTS,4.1
909,50,4990.0,5590.0,SKIRTS|PERFUMESNEW,3.5
910,30,4990.0,5990.0,SHOES,3.7
911,50,1590.0,3290.0,LOUNGEWEARNEW,3.6
912,54,5990.0,7490.0,SHIRTS,3.8
913,44,2290.0,6990.0,KNITWEAR|TOPS_BODYSUITS|SHORTS_SKORTS,4.1
914,48,1990.0,5990.0,LOUNGEWEARNEW,4.4
915,26,3290.0,4790.0,KNITWEAR|LOUNGEWEARNEW|BASICS,3.6
916,28,790.0,3290.0,WAISTCOATS_GILETS,4.3
917,41,1290.0,3290.0,WORKWEARNEW,3.7
918,55,3290.0,3990.0,TOPS_BODYSUITS|BEAUTY|TROUSERS,4.2
919,20,1990.0,3490.0,CO-ORD SETS,4.2
920,40,2590.0,3990.0,WORKWEARNEW|JEANS,4.1
921,55,2990.0,4490.0,LOUNGEWEARNEW|T-SHIRTS_SWEATSHIRTS,3.9
922,39,1290.0,4990.0,BLAZERS,3.9
923,27,2990.0,4490.0,ACCESSORIES_JEWELLERY|WORKWEARNEW|SHOES,4.5
924,53,2290.0,2990.0,KNITWEAR,4.4
925,41,1590.0,3290.0,SKIRTS|JEANS|SHIRTS,3.6
926,20,3290.0,4790.0,TROUSERS,4.4
927,53,3290.0,4790.0,BLAZERS|WAISTCOATS_GILETS,3.6
928,18,3290.0,4790.0,ACCESSORIES_JEWELLERY|TOPS_BODYSUITS,3.5
929,22,590.0,2290.0,SHIRTS|T-SHIRTS_SWEATSHIRTS,4.2
930,54,4990.0,6490.0,PERFUMESNEW,4.4
931,20,2990.0,3990.0,SHORTS_SKORTS|LOUNGEWEARNEW|KNITWEAR,4.3
932,44,1990.0,2990.0,LOUNGEWEARNEW,4.6
933,46,3290.0,4990.0,SKIRTS,3.8
934,46,2590.0,3290.0,TROUSERS|SHORTS_SKORTS,3.6
935,34,3290.0,4790.0,SHIRTS|SPECIAL PRICES,3.8
936,24,2590.0,3990.0,JEANS,4.2
937,25,2590.0,3290.0,KNITWEAR,4.6
938,30,2990.0,4490.0,WORKWEARNEW,3.8
939,29,2590.0,5990.0,BASICS|TOPS_BODYSUITS,3.7
940,46,5590.0,7090.0,BEAUTY|SHIRTS,4.1
941,24,2290.0,5990.0,BAGS|JACKETS,4.4
942,48,2990.0,12990.0,TOPS_BODYSUITS,4.4
943,35,2890.0,4990.0,SHOES,4.2
944,32,4990.0,6490.0,KNITWEAR|JACKETS|JEANS,3.6
945,47,3290.0,3990.0,BLAZERS|BEAUTY,4.1
946,37,2290.0,3290.0,DRESSES_JUMPSUITS,3.9
947,26,1090.0,5990.0,PERFUMESNEW,4.2
948,23,1890.0,3390.0,PERFUMESNEW,3.8
949,52,2990.0,3990.0,WORKWEARNEW,4.5
950,39,2590.0,4090.0,SPECIAL PRICES,4.5
951,29,3990.0,4990.0,DRESSES_JUMPSUITS,3.5
952,52,2590.0,3290.0,BEAUTY,3.6
953,39,5990.0,11990.0,JEANS|SHORTS_SKORTS,3.5
954,43,1890.0,3290.0,PERFUMESNEW|WORKWEARNEW,4.1
955,40,2590.0,4990.0,SHORTS_SKORTS,3.6
956,30,2990.0,4990.0,SKIRTS|KNITWEAR,4.7
957,24,1090.0,5990.0,TROUSERS,4.3
958,42,2590.0,4090.0,T-SHIRTS_SWEATSHIRTS|BLAZERS|BASICS,3.5
959,27,990.0,2290.0,SHORTS_SKORTS|BASICS,4.5
960,27,4990.0,6990.0,JEANS|TROUSERS|KNITWEAR,4.5
961,22,3290.0,3990.0,JACKETS,3.8
962,55,4990.0,5990.0,WAISTCOATS_GILETS|PERFUMESNEW,3.6
963,36,3290.0,5990.0,ACCESSORIES_JEWELLERY,4.1
964,41,3990.0,5490.0,KNITWEAR|SPECIAL PRICES|BAGS,4.1
965,33,4990.0,9990.0,LOUNGEWEARNEW,3.7
966,37,990.0,8990.0,BASICS|JACKETS,4.6
967,29,2290.0,3990.0,SHOES,4.0
968,27,3290.0,4990.0,SHOES,3.6
969,50,2890.0,4390.0,WORKWEARNEW,4.4
970,26,2990.0,3990.0,ACCESSORIES_JEWELLERY|SKIRTS,4.2
971,36,3290.0,4990.0,SHOES|DRESSES_JUMPSUITS,4.1
972,50,2990.0,3990.0,ACCESSORIES_JEWELLERY,3.7
973,19,1990.0,3490.0,WAISTCOATS_GILETS,4.7
974,55,3290.0,4990.0,BEAUTY|JACKETS,3.8
975,43,3290.0,4990.0,DRESSES_JUMPSUITS|KNITWEAR,3.5
976,47,2890.0,4390.0,CO-ORD SETS|JACKETS,4.4
977,55,2290.0,5990.0,JEANS,3.8
978,24,1990.0,3990.0,TROUSERS,4.3
979,39,2290.0,3790.0,BLAZERS|ACCESSORIES_JEWELLERY,3.9
980,25,2890.0,4390.0,SKIRTS|SPECIAL PRICES|BEAUTY,4.5
981,20,1890.0,5990.0,TOPS_BODYSUITS,4.3
982,43,1990.0,5990.0,TROUSERS|TOPS_BODYSUITS,4.4
983,51,2990.0,4990.0,WAISTCOATS_GILETS|JEANS,3.8
984,26,2590.0,5990.0,SPECIAL PRICES|WAISTCOATS_GILETS,4.7
985,30,2290.0,2990.0,BLAZERS,4.0
986,42,4990.0,8590.0,JACKETS|WAISTCOATS_GILETS,4.3
987,26,990.0,4990.0,WAISTCOATS_GILETS,3.6
988,35,3290.0,4990.0,TOPS_BODYSUITS|KNITWEAR|BEAUTY,3.9
989,38,3290.0,4790.0,SHIRTS,4.0
990,42,3290.0,3990.0,CO-ORD SETS|BLAZERS,4.6
991,50,2990.0,4990.0,SHOES,3.9
992,28,3290.0,4990.0,BEAUTY,4.0
993,42,3990.0,5990.0,PERFUMESNEW,3.6
994,24,2590.0,4090.0,BAGS,3.8
995,36,1590.0,2290.0,BASICS,3.5
996,52,2590.0,4090.0,SHIRTS,3.8
997,50,4990.0,5590.0,TOPS_BODYSUITS,4.5
998,33,790.0,3290.0,SHORTS_SKORTS,4.5
999,44,3990.0,7590.0,WORKWEARNEW|BASICS|WAISTCOATS_GILETS,4.6
1000,33,2590.0,3290.0,BAGS|BEAUTY,4.5
1001,28,2990.0,4990.0,JEANS,3.7
1002,28,990.0,3290.0,WORKWEARNEW,4.3
1003,23,4990.0,9590.0,ACCESSORIES_JEWELLERY,3.6
1004,46,2590.0,4990.0,TROUSERS|WAISTCOATS_GILETS|SHORTS_SKORTS,4.7
1005,35,3290.0,5990.0,ACCESSORIES_JEWELLERY,4.5
1006,45,2590.0,5990.0,ACCESSORIES_JEWELLERY|LOUNGEWEARNEW,4.5
1007,33,3290.0,4790.0,JEANS,4.1
1008,34,2990.0,4490.0,T-SHIRTS_SWEATSHIRTS|TOPS_BODYSUITS,3.9
1009,29,2590.0,5990.0,CO-ORD SETS,3.6
1010,31,1890.0,3290.0,KNITWEAR,4.5
1011,52,2590.0,5590.0,CO-ORD SETS,4.2
1012,40,2290.0,4990.0,TOPS_BODYSUITS,4.1
1013,38,2990.0,4490.0,KNITWEAR,3.8
1014,48,4990.0,6490.0,SPECIAL PRICES|BAGS,3.8
1015,52,2590.0,4990.0,KNITWEAR|SPECIAL PRICES,3.9
1016,46,2990.0,4990.0,TROUSERS,4.3
1017,42,1990.0,5590.0,JACKETS,3.8
1018,28,3990.0,5990.0,LOUNGEWEARNEW,3.6
1019,41,1990.0,3290.0,PERFUMESNEW,4.5
1020,38,3290.0,3990.0,WAISTCOATS_GILETS,3.9
1021,33,2990.0,4990.0,WAISTCOATS_GILETS|T-SHIRTS_SWEATSHIRTS,4.7
1022,37,1890.0,3290.0,WAISTCOATS_GILETS,4.1
1023,43,2990.0,4990.0,SPECIAL PRICES|BEAUTY|LOUNGEWEARNEW,4.2
1024,42,1890.0,2890.0,SHIRTS,4.0
1025,18,3990.0,5590.0,ACCESSORIES_JEWELLERY,3.6
1026,28,3290.0,4790.0,LOUNGEWEARNEW,4.3
1027,52,2990.0,4990.0,SHORTS_SKORTS,4.2
1028,23,2890.0,3990.0,BEAUTY|TOPS_BODYSUITS|TROUSERS,4.3
1029,54,2590.0,4990.0,T-SHIRTS_SWEATSHIRTS|ACCESSORIES_JEWELLERY,3.9
1030,36,2290.0,5590.0,WORKWEARNEW,4.5
1031,19,3990.0,4990.0,KNITWEAR|PERFUMESNEW,4.1
1032,40,4990.0,6490.0,SPECIAL PRICES|WAISTCOATS_GILETS,4.0
1033,37,2990.0,4990.0,PERFUMESNEW|BEAUTY,4.6
1034,26,990.0,4990.0,ACCESSORIES_JEWELLERY,4.1
1035,28,4990.0,6490.0,SHIRTS|TOPS_BODYSUITS,4.3
1036,24,2590.0,4090.0,KNITWEAR|WAISTCOATS_GILETS,4.0
1037,29,1090.0,2890.0,TROUSERS|SPECIAL PRICES,4.3
1038,20,2590.0,4090.0,BEAUTY|JACKETS,3.5
1039,51,1590.0,2990.0,TOPS_BODYSUITS,4.0
1040,33,4990.0,6490.0,SKIRTS,3.9
1041,23,2590.0,4090.0,BASICS,4.4
1042,48,3290.0,4790.0,JEANS,3.7
1043,35,2990.0,3990.0,BASICS,4.3
1044,37,2990.0,4990.0,SHIRTS,4.6
1045,43,3990.0,5590.0,WAISTCOATS_GILETS,3.6
1046,34,4990.0,6490.0,JEANS,4.3
1047,44,2590.0,3290.0,PERFUMESNEW,4.2
1048,43,2890.0,5990.0,DRESSES_JUMPSUITS|SHIRTS,4.0
1049,40,2990.0,5990.0,SHOES,4.2
1050,50,590.0,2590.0,SKIRTS,3.6
1051,26,2990.0,4490.0,T-SHIRTS_SWEATSHIRTS|JEANS,3.8
1052,44,2990.0,3990.0,PERFUMESNEW,4.1
1053,51,2290.0,3290.0,WORKWEARNEW,4.5
1054,51,4990.0,11990.0,SHOES|DRESSES_JUMPSUITS,4.4
1055,43,1990.0,2890.0,JACKETS|TROUSERS,3.8
1056,32,2290.0,3990.0,BLAZERS,4.6
1057,46,3990.0,4990.0,BAGS,4.3
1058,28,3290.0,4990.0,BASICS|WORKWEARNEW|JEANS,4.6
1059,36,2990.0,3990.0,BEAUTY|JACKETS,4.4
1060,41,3290.0,3990.0,PERFUMESNEW,4.4
1061,23,2990.0,4490.0,LOUNGEWEARNEW,3.9
1062,50,4990.0,5590.0,WAISTCOATS_GILETS|SHOES,3.6
1063,48,3290.0,4990.0,SHOES|WORKWEARNEW,4.2
1064,26,2590.0,4090.0,SPECIAL PRICES|SHORTS_SKORTS,4.4
1065,26,2990.0,4490.0,TROUSERS,3.8
1066,24,4990.0,6490.0,LOUNGEWEARNEW|BAGS|CO-ORD SETS,3.7
1067,18,2290.0,4990.0,CO-ORD SETS|PERFUMESNEW,3.9
1068,41,1290.0,4990.0,SHIRTS,4.3
1069,51,2590.0,3290.0,BEAUTY,4.2
1070,25,2590.0,5990.0,BAGS,4.5
1071,24,3990.0,5990.0,SPECIAL PRICES|TROUSERS|BASICS,3.9
1072,25,2290.0,3290.0,SHOES,4.6
1073,50,1990.0,4990.0,KNITWEAR,4.3
1074,26,690.0,2290.0,SHORTS_SKORTS,3.7
1075,26,990.0,4990.0,WAISTCOATS_GILETS|JACKETS,4.3
1076,34,1990.0,3290.0,SHOES|BEAUTY,4.4
1077,26,4990.0,5990.0,T-SHIRTS_SWEATSHIRTS|SKIRTS,4.1
1078,25,2890.0,4390.0,WORKWEARNEW,3.8
1079,34,790.0,2590.0,LOUNGEWEARNEW|SPECIAL PRICES,4.6
1080,42,3290.0,4790.0,TROUSERS|PERFUMESNEW,4.2
1081,40,2590.0,3290.0,KNITWEAR,3.5
1082,19,2890.0,4990.0,TOPS_BODYSUITS,4.1
1083,25,790.0,3990.0,WORKWEARNEW|BLAZERS,4.6
1084,30,3990.0,7590.0,CO-ORD SETS|BASICS,4.0
1085,26,1290.0,3290.0,BEAUTY,4.5
1086,26,3290.0,4990.0,SHORTS_SKORTS,4.0
1087,28,2990.0,6990.0,SPECIAL PRICES|BASICS,4.2
1088,24,1590.0,2590.0,WAISTCOATS_GILETS|SHOES,3.7
1089,53,2590.0,5990.0,KNITWEAR,4.1
1090,37,2990.0,3990.0,JACKETS|ACCESSORIES_JEWELLERY,3.9
1091,37,2990.0,5990.0,CO-ORD SETS,4.7
1092,23,4990.0,6490.0,JEANS,3.9
1093,33,2990.0,4490.0,BEAUTY|T-SHIRTS_SWEATSHIRTS,3.6
1094,53,2890.0,4390.0,BAGS|JEANS|PERFUMESNEW,3.8
1095,31,2890.0,4390.0,ACCESSORIES_JEWELLERY,3.9
1096,49,1490.0,2990.0,ACCESSORIES_JEWELLERY|PERFUMESNEW|WORKWEARNEW,4.5
1097,41,1990.0,2990.0,T-SHIRTS_SWEATSHIRTS|DRESSES_JUMPSUITS,4.5
1098,37,2290.0,5990.0,TOPS_BODYSUITS|BEAUTY,4.5
1099,46,2290.0,3290.0,KNITWEAR,4.6
1100,40,2990.0,3990.0,ACCESSORIES_JEWELLERY,4.4
1101,41,3990.0,4990.0,JEANS,3.9
1102,38,3290.0,4990.0,CO-ORD SETS,3.6
1103,52,4990.0,5990.0,BASICS,4.7
1104,26,2990.0,3990.0,WAISTCOATS_GILETS,4.1
1105,26,1590.0,2990.0,LOUNGEWEARNEW|PERFUMESNEW|TROUSERS,4.5
1106,53,3290.0,7990.0,ACCESSORIES_JEWELLERY|SHIRTS,3.9
1107,51,1890.0,5990.0,BAGS|TROUSERS,3.8
1108,26,3290.0,4990.0,BEAUTY|BAGS,3.6
1109,40,2990.0,4490.0,KNITWEAR,4.0
1110,53,4990.0,5990.0,WORKWEARNEW,3.7
1111,45,2990.0,4490.0,SHOES,3.9
1112,45,2990.0,4490.0,CO-ORD SETS|BASICS,4.3
1113,19,690.0,2590.0,TROUSERS|BAGS,3.7
1114,38,3290.0,4790.0,ACCESSORIES_JEWELLERY,4.3
1115,43,1990.0,2590.0,SHIRTS,3.6
1116,39,590.0,3990.0,SPECIAL PRICES|DRESSES_JUMPSUITS|ACCESSORIES_JEWELLERY,4.2
1117,51,2990.0,4490.0,BASICS|SKIRTS,4.7
1118,46,2290.0,3290.0,CO-ORD SETS,4.2
1119,24,2990.0,4490.0,SKIRTS,4.1
1120,19,1590.0,5990.0,SHORTS_SKORTS,4.6
1121,35,1590.0,2890.0,SPECIAL PRICES,3.8
1122,32,3990.0,7590.0,SKIRTS|JACKETS|TROUSERS,3.5
1123,21,2990.0,4490.0,BAGS,4.2
1124,36,5990.0,7990.0,KNITWEAR,4.0
1125,25,1590.0,3290.0,BAGS,3.8
1126,33,4990.0,5990.0,WAISTCOATS_GILETS|ACCESSORIES_JEWELLERY,4.4
1127,34,3290.0,4990.0,BLAZERS|SKIRTS,4.2
1128,29,4990.0,5590.0,WORKWEARNEW,3.8
1129,25,1990.0,3290.0,SHORTS_SKORTS|TOPS_BODYSUITS,3.6
1130,27,4990.0,5590.0,BAGS|LOUNGEWEARNEW,4.5
1131,34,1590.0,3290.0,SHIRTS|TROUSERS,4.0
1132,40,2290.0,5990.0,WORKWEARNEW,3.7
1133,51,1990.0,5990.0,CO-ORD SETS|JACKETS|SPECIAL PRICES,4.6
1134,49,890.0,4990.0,KNITWEAR|WORKWEARNEW,4.5
1135,39,2290.0,3990.0,WORKWEARNEW,4.4
1136,54,3290.0,6990.0,SHIRTS,3.9
1137,47,4990.0,5990.0,WAISTCOATS_GILETS|JACKETS|BEAUTY,4.2
1138,30,2590.0,5990.0,PERFUMESNEW,4.0
1139,55,2290.0,3290.0,JACKETS|SHORTS_SKORTS|WAISTCOATS_GILETS,3.8
1140,39,3290.0,5990.0,TOPS_BODYSUITS,4.2
1141,42,1590.0,2590.0,JACKETS|PERFUMESNEW,4.7
1142,28,3290.0,4990.0,WORKWEARNEW,4.0
1143,42,3990.0,5990.0,WORKWEARNEW,3.9
1144,52,1590.0,2990.0,PERFUMESNEW,4.0
1145,42,2290.0,9990.0,LOUNGEWEARNEW,4.5
1146,23,1890.0,4990.0,JACKETS,4.2
1147,46,3290.0,5990.0,SKIRTS|BEAUTY|KNITWEAR,3.8
1148,47,2290.0,2990.0,JEANS,4.3
1149,30,2990.0,4990.0,TOPS_BODYSUITS|CO-ORD SETS,3.6
1150,45,2890.0,4390.0,SHIRTS|TOPS_BODYSUITS|SHORTS_SKORTS,4.4
1151,46,2990.0,4490.0,BLAZERS|SPECIAL PRICES,4.3
1152,40,2590.0,3290.0,TROUSERS|SPECIAL PRICES,4.0
1153,42,3290.0,4990.0,DRESSES_JUMPSUITS,3.6
1154,51,990.0,5590.0,T-SHIRTS_SWEATSHIRTS,4.6
1155,49,1990.0,4990.0,JEANS,3.9
1156,19,3290.0,6990.0,LOUNGEWEARNEW,4.2
1157,45,3990.0,4990.0,SHORTS_SKORTS|LOUNGEWEARNEW,3.8
1158,47,2990.0,4490.0,BLAZERS|WORKWEARNEW,3.7
1159,21,3290.0,5990.0,BAGS,3.7
1160,32,3290.0,4990.0,WAISTCOATS_GILETS|DRESSES_JUMPSUITS,4.7
1161,29,3290.0,8590.0,BASICS|KNITWEAR,3.9
1162,25,3290.0,4990.0,BASICS|ACCESSORIES_JEWELLERY,4.0
1163,45,2990.0,3990.0,BASICS,3.9
1164,49,3290.0,4990.0,SPECIAL PRICES,3.8
1165,45,3290.0,5990.0,SHORTS_SKORTS|JACKETS,4.1
1166,23,3290.0,4990.0,BASICS,3.9
1167,47,3290.0,4990.0,WORKWEARNEW,3.5
1168,53,3290.0,5590.0,SHOES|BASICS|WAISTCOATS_GILETS,4.2
1169,43,3290.0,3990.0,ACCESSORIES_JEWELLERY,4.0
1170,25,2990.0,5990.0,CO-ORD SETS|BASICS,4.6
1171,48,590.0,4990.0,BAGS,4.5
1172,49,3990.0,7590.0,WORKWEARNEW|CO-ORD SETS,3.9
1173,39,2590.0,4090.0,KNITWEAR|SHOES,4.4
1174,38,990.0,1890.0,WORKWEARNEW,3.7
1175,44,2290.0,3290.0,BLAZERS|KNITWEAR,3.6
1176,20,4990.0,5990.0,SPECIAL PRICES,4.5
1177,21,2590.0,3290.0,KNITWEAR|BEAUTY,4.3
1178,25,3290.0,6990.0,SHOES,4.3
1179,35,3990.0,5490.0,WAISTCOATS_GILETS,4.2
1180,31,2990.0,3990.0,ACCESSORIES_JEWELLERY|BAGS|SKIRTS,4.6
1181,46,2590.0,3990.0,WORKWEARNEW|TOPS_BODYSUITS|SKIRTS,3.9
1182,50,3290.0,4990.0,TOPS_BODYSUITS|CO-ORD SETS,3.8
1183,24,2990.0,3990.0,CO-ORD SETS|WAISTCOATS_GILETS|DRESSES_JUMPSUITS,4.1
1184,51,2990.0,4990.0,LOUNGEWEARNEW,3.9
1185,47,3290.0,7590.0,LOUNGEWEARNEW,4.2
1186,35,2990.0,3990.0,SHORTS_SKORTS,3.9
1187,24,3290.0,5990.0,BLAZERS,3.7
1188,34,1890.0,2990.0,SHOES,3.8
1189,28,990.0,4990.0,KNITWEAR,4.6
1190,54,4990.0,5990.0,BEAUTY,4.5
1191,37,2990.0,4490.0,LOUNGEWEARNEW,3.9
1192,41,3290.0,4990.0,SPECIAL PRICES|JACKETS,3.9
1193,38,3290.0,4790.0,BASICS,4.2
1194,54,2290.0,3990.0,ACCESSORIES_JEWELLERY|SHIRTS,4.2
1195,20,3290.0,5990.0,BASICS|LOUNGEWEARNEW,3.9
1196,51,3290.0,11990.0,CO-ORD SETS,3.9
1197,23,2990.0,5590.0,JACKETS,4.6
1198,24,2290.0,3990.0,SHOES,4.6
1199,23,3290.0,4790.0,SHOES,3.7
1200,50,2990.0,3990.0,T-SHIRTS_SWEATSHIRTS|BEAUTY|BAGS,3.9
1201,43,1290.0,2590.0,BASICS,4.5
1202,30,950.0,5590.0,KNITWEAR|SKIRTS,4.4
1203,29,1890.0,2890.0,WAISTCOATS_GILETS|KNITWEAR,4.1
1204,40,2990.0,3990.0,JEANS|KNITWEAR,3.5
1205,33,990.0,2590.0,CO-ORD SETS|SHOES,4.2
1206,52,1990.0,5990.0,PERFUMESNEW|WAISTCOATS_GILETS,4.6
1207,40,1890.0,3290.0,SHIRTS|KNITWEAR,4.0
1208,28,2290.0,4990.0,BAGS|SHIRTS,4.3
1209,49,2990.0,3990.0,BLAZERS|TOPS_BODYSUITS,4.2
1210,29,2990.0,4490.0,SHOES,4.3
1211,45,2590.0,4990.0,TROUSERS|ACCESSORIES_JEWELLERY,4.4
1212,34,3290.0,4990.0,SHORTS_SKORTS,3.7
1213,22,2890.0,4990.0,BEAUTY,4.3
1214,19,3290.0,4990.0,BASICS,4.2
1215,47,2990.0,4490.0,BASICS,4.0
1216,21,2590.0,4090.0,T-SHIRTS_SWEATSHIRTS|CO-ORD SETS,4.0
1217,34,1790.0,3290.0,WORKWEARNEW,4.2
1218,25,3990.0,4990.0,JEANS,4.6
1219,33,3990.0,5990.0,BEAUTY|BASICS,3.5
1220,44,3290.0,3990.0,WORKWEARNEW|BASICS,3.8
1221,51,990.0,1990.0,JACKETS|SHOES|SKIRTS,3.9
1222,24,2290.0,3790.0,BLAZERS|PERFUMESNEW,4.2
1223,32,2290.0,4990.0,JEANS|WORKWEARNEW,3.7
1224,20,1590.0,3290.0,T-SHIRTS_SWEATSHIRTS|KNITWEAR,3.7
1225,22,3290.0,4790.0,TROUSERS|BASICS,4.1
1226,52,1290.0,2290.0,SKIRTS|ACCESSORIES_JEWELLERY|BEAUTY,4.5
1227,21,1890.0,4990.0,JACKETS,3.6
1228,52,4990.0,6490.0,PERFUMESNEW|SHOES,4.5
1229,47,990.0,3290.0,SHOES,4.2
1230,49,2990.0,4990.0,SHORTS_SKORTS|WORKWEARNEW|TROUSERS,4.7
1231,47,2290.0,3290.0,WORKWEARNEW,3.6
1232,48,490.0,3290.0,SHORTS_SKORTS,4.6
1233,29,2590.0,3990.0,JACKETS|WAISTCOATS_GILETS,3.8
1234,54,2990.0,4990.0,BASICS|SHORTS_SKORTS|SPECIAL PRICES,4.2
1235,45,4990.0,6490.0,WAISTCOATS_GILETS|BAGS,4.3
1236,20,2290.0,2990.0,TROUSERS|DRESSES_JUMPSUITS,3.7
1237,32,1590.0,3990.0,WAISTCOATS_GILETS|JEANS|BAGS,4.4
1238,23,2590.0,4990.0,BAGS|BLAZERS,4.1
1239,21,2290.0,4990.0,ACCESSORIES_JEWELLERY,4.6
1240,33,3290.0,7590.0,JACKETS|WAISTCOATS_GILETS,3.9
1241,48,5990.0,7490.0,SHOES|JACKETS,4.6
1242,26,1990.0,3290.0,WORKWEARNEW,3.5
1243,21,2990.0,3990.0,SHIRTS|SHORTS_SKORTS,4.7
1244,46,3990.0,4990.0,BEAUTY|KNITWEAR|BASICS,4.6
1245,49,2890.0,4990.0,SPECIAL PRICES|T-SHIRTS_SWEATSHIRTS,4.3
1246,47,1590.0,2290.0,BEAUTY,4.3
1247,33,3290.0,4990.0,SHIRTS|TROUSERS,4.0
1248,37,990.0,1890.0,SHORTS_SKORTS|SPECIAL PRICES,4.4
1249,46,3290.0,4990.0,TOPS_BODYSUITS|SPECIAL PRICES,4.1
1250,45,2990.0,4490.0,SHORTS_SKORTS,4.1
1251,31,4990.0,5590.0,DRESSES_JUMPSUITS|CO-ORD SETS,4.0
1252,24,2590.0,4090.0,TOPS_BODYSUITS|DRESSES_JUMPSUITS,3.9
1253,27,3290.0,4790.0,LOUNGEWEARNEW,4.1
1254,30,3990.0,4990.0,JEANS|SHORTS_SKORTS,4.3
1255,37,1590.0,4990.0,BLAZERS|BASICS,4.1
1256,30,3290.0,7590.0,CO-ORD SETS,3.8
1257,53,1890.0,3290.0,LOUNGEWEARNEW|BEAUTY,3.8
1258,55,2990.0,4490.0,WORKWEARNEW,4.5
1259,19,2290.0,4990.0,WORKWEARNEW,4.5
1260,27,2990.0,4990.0,PERFUMESNEW|SHOES,4.2
1261,45,3290.0,9590.0,DRESSES_JUMPSUITS,4.3
1262,45,3290.0,3990.0,JEANS,3.7
1263,28,1590.0,2590.0,SHOES,3.6
1264,36,2590.0,9590.0,BAGS,4.2
1265,28,2590.0,4990.0,ACCESSORIES_JEWELLERY,3.9
1266,54,3290.0,4990.0,LOUNGEWEARNEW,4.1
1267,24,3290.0,5990.0,JEANS,4.5
1268,40,2990.0,4490.0,BASICS,4.1
1269,22,3290.0,4990.0,PERFUMESNEW|ACCESSORIES_JEWELLERY,4.5
1270,19,2990.0,3990.0,BAGS|WAISTCOATS_GILETS,3.7
1271,42,2590.0,4990.0,LOUNGEWEARNEW|T-SHIRTS_SWEATSHIRTS,4.2
1272,54,5990.0,7490.0,SPECIAL PRICES,3.6
1273,40,1590.0,5590.0,PERFUMESNEW|CO-ORD SETS,4.5
1274,35,1890.0,5590.0,TROUSERS|SPECIAL PRICES,3.5
1275,24,3990.0,5990.0,DRESSES_JUMPSUITS|T-SHIRTS_SWEATSHIRTS,4.5
1276,55,1890.0,3390.0,TROUSERS|SHOES,3.8
1277,28,1990.0,3990.0,SHOES,4.2
1278,42,3290.0,3990.0,SHIRTS,4.5
1279,49,4990.0,5990.0,SHOES|WORKWEARNEW,3.5
1280,43,1890.0,3290.0,BEAUTY,3.9
1281,35,2290.0,5990.0,JACKETS|TROUSERS,3.6
1282,38,2890.0,4390.0,BLAZERS,3.6
1283,23,1590.0,2890.0,DRESSES_JUMPSUITS|WORKWEARNEW,4.1
1284,27,4990.0,9590.0,WORKWEARNEW,4.4
1285,48,1490.0,3290.0,JACKETS,4.0
1286,55,2990.0,4490.0,SPECIAL PRICES,4.7
1287,31,1990.0,3990.0,SHORTS_SKORTS,3.7
1288,49,4990.0,6490.0,PERFUMESNEW|TROUSERS,3.9
1289,32,1990.0,2590.0,SHORTS_SKORTS|JEANS,4.6
1290,54,2990.0,4490.0,BASICS|SHOES,4.6
1291,49,2590.0,4090.0,BAGS|JEANS,4.5
1292,39,690.0,2990.0,WORKWEARNEW|LOUNGEWEARNEW,3.7
1293,42,1290.0,2990.0,BEAUTY,4.5
1294,44,2590.0,3290.0,TOPS_BODYSUITS|BASICS,3.5
1295,23,490.0,1890.0,PERFUMESNEW|BASICS,4.5
1296,51,2290.0,2990.0,WAISTCOATS_GILETS|SHORTS_SKORTS,3.7
1297,22,2290.0,8590.0,BASICS|T-SHIRTS_SWEATSHIRTS|WORKWEARNEW,4.6
1298,35,1990.0,8590.0,KNITWEAR,3.6
1299,51,3290.0,7590.0,WAISTCOATS_GILETS,4.6
1300,34,3990.0,4990.0,SPECIAL PRICES,4.0
1301,55,5990.0,6990.0,SPECIAL PRICES,4.1
1302,21,2990.0,3990.0,TOPS_BODYSUITS,3.8
1303,50,2290.0,2990.0,KNITWEAR|SKIRTS,3.8
1304,23,1590.0,2990.0,JEANS,4.2
1305,33,2990.0,4490.0,BASICS|TROUSERS,3.7
1306,51,3990.0,5590.0,TOPS_BODYSUITS,4.1
1307,23,2290.0,3990.0,ACCESSORIES_JEWELLERY,4.6
1308,24,1890.0,5990.0,KNITWEAR,4.5
1309,20,490.0,3290.0,SHORTS_SKORTS|SHOES,4.5
1310,39,1590.0,11990.0,BEAUTY,3.6
1311,36,2590.0,5990.0,SKIRTS,3.8
1312,20,2990.0,4490.0,ACCESSORIES_JEWELLERY,3.6
1313,32,2590.0,3290.0,SHOES|BASICS,3.6
1314,39,2990.0,4990.0,SHORTS_SKORTS|ACCESSORIES_JEWELLERY,3.7
1315,54,1890.0,3290.0,CO-ORD SETS|TOPS_BODYSUITS,4.7
1316,40,2990.0,7590.0,ACCESSORIES_JEWELLERY,3.6
1317,54,4990.0,5990.0,LOUNGEWEARNEW,4.0
1318,50,1890.0,5990.0,KNITWEAR|JEANS,3.5
1319,44,2990.0,4990.0,PERFUMESNEW,3.9
1320,27,2590.0,7590.0,CO-ORD SETS,3.5
1321,42,5590.0,7090.0,BASICS|ACCESSORIES_JEWELLERY,4.4
1322,27,2990.0,5990.0,DRESSES_JUMPSUITS,4.6
1323,34,2290.0,4990.0,TROUSERS,3.7
1324,42,4990.0,5990.0,T-SHIRTS_SWEATSHIRTS,4.2
1325,52,3290.0,5990.0,JEANS|T-SHIRTS_SWEATSHIRTS,4.4
1326,28,2990.0,4490.0,SKIRTS|DRESSES_JUMPSUITS,4.0
1327,19,3290.0,4990.0,SHIRTS,3.5
1328,39,2590.0,4990.0,BEAUTY|ACCESSORIES_JEWELLERY|SHORTS_SKORTS,4.6
1329,31,2290.0,4990.0,SHOES|WORKWEARNEW,4.3
1330,34,3990.0,5990.0,JACKETS|SHIRTS|JEANS,4.7
1331,34,3990.0,4990.0,SHIRTS|JACKETS,3.5
1332,25,3290.0,4790.0,JEANS|T-SHIRTS_SWEATSHIRTS,4.4
1333,41,3990.0,4990.0,BASICS|CO-ORD SETS,4.5
1334,36,2290.0,2990.0,TROUSERS,3.6
1335,23,1790.0,3290.0,LOUNGEWEARNEW,4.1
1336,25,2590.0,4990.0,KNITWEAR|BAGS|LOUNGEWEARNEW,3.7
1337,19,2590.0,5990.0,WORKWEARNEW|JEANS,4.5
1338,32,2290.0,2890.0,LOUNGEWEARNEW,4.2
1339,38,2990.0,7590.0,DRESSES_JUMPSUITS,4.3
1340,34,4990.0,5990.0,PERFUMESNEW,3.8
1341,22,3290.0,4790.0,ACCESSORIES_JEWELLERY|BEAUTY,4.1
1342,34,1990.0,4990.0,CO-ORD SETS,4.6
1343,31,2990.0,3990.0,WAISTCOATS_GILETS|TOPS_BODYSUITS,3.6
1344,49,3290.0,4790.0,TOPS_BODYSUITS,4.2
1345,48,1590.0,2290.0,BEAUTY|ACCESSORIES_JEWELLERY,3.7
1346,54,2290.0,3790.0,CO-ORD SETS,4.2
1347,25,2990.0,4990.0,BEAUTY,4.0
1348,52,2590.0,4090.0,DRESSES_JUMPSUITS,4.3
1349,27,3290.0,3990.0,WAISTCOATS_GILETS,4.6
1350,44,1590.0,5990.0,SHORTS_SKORTS,4.0
1351,19,2890.0,7590.0,BAGS|BEAUTY,3.5
1352,18,1090.0,2890.0,BAGS|BLAZERS,3.5
1353,46,2990.0,3990.0,SHOES|BLAZERS,3.6
1354,21,4990.0,5590.0,SHORTS_SKORTS|CO-ORD SETS,4.5
1355,30,3990.0,4990.0,PERFUMESNEW|SPECIAL PRICES,4.6
1356,55,2290.0,2990.0,TOPS_BODYSUITS|WAISTCOATS_GILETS,3.7
1357,28,2990.0,4990.0,DRESSES_JUMPSUITS|T-SHIRTS_SWEATSHIRTS,4.7
1358,37,2590.0,3290.0,WAISTCOATS_GILETS,3.7
1359,50,2990.0,4490.0,BAGS|T-SHIRTS_SWEATSHIRTS,3.9
1360,54,1590.0,2990.0,BEAUTY|TOPS_BODYSUITS,3.7
1361,44,3290.0,3990.0,PERFUMESNEW|ACCESSORIES_JEWELLERY,4.1
1362,50,5990.0,17990.0,CO-ORD SETS|WAISTCOATS_GILETS,3.6
1363,40,2590.0,4990.0,JACKETS|BLAZERS,4.0
1364,54,2990.0,5990.0,KNITWEAR,4.1
1365,34,3290.0,4790.0,T-SHIRTS_SWEATSHIRTS|SPECIAL PRICES,3.9
1366,51,1990.0,3290.0,SHIRTS,4.6
1367,54,2990.0,3990.0,WORKWEARNEW|KNITWEAR|DRESSES_JUMPSUITS,4.4
1368,52,2290.0,3790.0,SKIRTS|WORKWEARNEW,4.4
1369,36,2990.0,4990.0,T-SHIRTS_SWEATSHIRTS,3.9
1370,42,3290.0,3990.0,BASICS|TOPS_BODYSUITS|LOUNGEWEARNEW,4.1
1371,31,2290.0,3290.0,WAISTCOATS_GILETS,4.0
1372,44,3290.0,5990.0,JEANS,4.6
1373,44,3290.0,5990.0,DRESSES_JUMPSUITS,3.8
1374,51,2590.0,4990.0,JACKETS,3.8
1375,43,2990.0,3990.0,SKIRTS|LOUNGEWEARNEW,4.4
1376,28,2990.0,4490.0,BLAZERS,3.7
1377,30,2590.0,4090.0,KNITWEAR|BLAZERS|JACKETS,3.7
1378,23,3290.0,4990.0,SPECIAL PRICES|BAGS,4.2
1379,18,2590.0,4990.0,BEAUTY|TOPS_BODYSUITS,4.1
1380,54,4990.0,5990.0,BASICS,3.8
1381,46,2290.0,3290.0,BLAZERS|BASICS,4.0
1382,25,3290.0,4990.0,PERFUMESNEW|WAISTCOATS_GILETS|LOUNGEWEARNEW,4.6
1383,43,3290.0,4790.0,BASICS|JACKETS,4.4
1384,22,1990.0,3290.0,WAISTCOATS_GILETS,4.0
1385,34,1890.0,4990.0,TROUSERS|BEAUTY,3.6
1386,29,2290.0,3290.0,SHORTS_SKORTS|LOUNGEWEARNEW|SHIRTS,4.5
1387,49,2590.0,8590.0,SKIRTS|LOUNGEWEARNEW,4.5
1388,44,4990.0,5590.0,ACCESSORIES_JEWELLERY,4.1
1389,28,2290.0,4990.0,SPECIAL PRICES|JACKETS,4.1
1390,46,2590.0,3290.0,CO-ORD SETS,4.1
1391,26,3290.0,4990.0,PERFUMESNEW|SPECIAL PRICES,4.4
1392,50,1890.0,7590.0,CO-ORD SETS|SHORTS_SKORTS,3.8
1393,33,2990.0,5990.0,SHIRTS|WAISTCOATS_GILETS,4.2
1394,48,1590.0,3090.0,PERFUMESNEW|SHIRTS|SHOES,4.0
1395,46,2990.0,3990.0,KNITWEAR,4.1
1396,27,1990.0,2990.0,SKIRTS|WAISTCOATS_GILETS|ACCESSORIES_JEWELLERY,4.3
1397,27,3290.0,4990.0,CO-ORD SETS,4.3
1398,18,2590.0,3290.0,BEAUTY|SHIRTS,4.0
1399,52,1890.0,4990.0,JEANS|BEAUTY,3.9
1400,19,2890.0,4990.0,PERFUMESNEW|TROUSERS,4.6
1401,39,490.0,990.0,SHORTS_SKORTS,4.4
1402,46,3990.0,4990.0,T-SHIRTS_SWEATSHIRTS,3.7
1403,26,3290.0,3990.0,SHOES|SPECIAL PRICES,3.9
1404,31,2290.0,3790.0,JACKETS|KNITWEAR|BLAZERS,4.7
1405,37,1590.0,5990.0,CO-ORD SETS,3.6
1406,44,2290.0,4990.0,KNITWEAR,3.6
1407,22,2590.0,5990.0,PERFUMESNEW,4.2
1408,27,1990.0,3990.0,SPECIAL PRICES|TROUSERS,4.6
1409,19,2990.0,4490.0,CO-ORD SETS|SHORTS_SKORTS,4.2
1410,27,3290.0,4790.0,DRESSES_JUMPSUITS|TROUSERS,4.5
1411,32,2290.0,2990.0,T-SHIRTS_SWEATSHIRTS,4.5
1412,26,3290.0,4990.0,SHIRTS,4.0
1413,53,1890.0,2990.0,BASICS,4.0
1414,41,2290.0,4990.0,SKIRTS|SHIRTS,4.6
1415,41,2990.0,3990.0,ACCESSORIES_JEWELLERY|PERFUMESNEW,4.0
1416,54,3990.0,4990.0,BLAZERS|KNITWEAR,4.7
1417,24,2890.0,4390.0,TROUSERS|SHOES,4.1
1418,54,1590.0,2990.0,SHIRTS,4.5
1419,34,2990.0,4990.0,SHORTS_SKORTS|CO-ORD SETS,4.5
1420,21,3990.0,4990.0,T-SHIRTS_SWEATSHIRTS|JACKETS|SKIRTS,4.0
1421,28,2590.0,3290.0,TOPS_BODYSUITS,3.7
1422,26,1990.0,5990.0,BAGS|BASICS,3.6
1423,27,3290.0,3990.0,LOUNGEWEARNEW,4.1
1424,22,2590.0,7990.0,BEAUTY,4.0
1425,28,4990.0,5990.0,ACCESSORIES_JEWELLERY|CO-ORD SETS|TOPS_BODYSUITS,3.5
1426,52,3990.0,5990.0,SHOES,4.3
1427,43,2990.0,4490.0,BLAZERS|JACKETS,3.6
1428,22,3290.0,5590.0,WAISTCOATS_GILETS|SHIRTS|BLAZERS,4.3
1429,49,990.0,2890.0,BAGS|JEANS,3.7
1430,21,2290.0,2990.0,SPECIAL PRICES,3.6
1431,29,1890.0,3290.0,WAISTCOATS_GILETS,4.3
1432,32,2590.0,4090.0,PERFUMESNEW|SHIRTS|SHORTS_SKORTS,4.2
1433,51,3290.0,5590.0,CO-ORD SETS|LOUNGEWEARNEW|SPECIAL PRICES,3.7
1434,48,3290.0,3990.0,TROUSERS|CO-ORD SETS,4.1
1435,31,990.0,3290.0,TROUSERS,3.9
1436,23,3290.0,4790.0,LOUNGEWEARNEW|KNITWEAR,4.0
1437,51,3290.0,4790.0,SHIRTS|BASICS|ACCESSORIES_JEWELLERY,4.2
1438,53,990.0,3290.0,BLAZERS|PERFUMESNEW,4.6
1439,20,2890.0,4990.0,KNITWEAR|LOUNGEWEARNEW,4.6
1440,31,2290.0,3790.0,LOUNGEWEARNEW|JACKETS,3.6
1441,41,3290.0,4990.0,SHIRTS|WORKWEARNEW,4.7
1442,36,1990.0,4990.0,JACKETS,3.7
1443,23,5990.0,8590.0,SHOES|SHIRTS,4.5
1444,41,1590.0,2990.0,BAGS,4.5
1445,35,2590.0,4090.0,JEANS|TOPS_BODYSUITS,4.0
1446,22,4990.0,6490.0,JEANS,4.0
1447,28,990.0,2590.0,JACKETS,4.4
1448,50,3290.0,4990.0,SHOES|T-SHIRTS_SWEATSHIRTS,4.5
1449,18,5990.0,7490.0,SHOES,4.2
1450,31,1590.0,7590.0,JACKETS|JEANS,3.6
1451,21,2990.0,3990.0,WORKWEARNEW,4.2
1452,18,2290.0,2990.0,LOUNGEWEARNEW|SPECIAL PRICES,3.8
1453,21,2590.0,3990.0,WAISTCOATS_GILETS|SHIRTS,4.5
1454,40,1990.0,3290.0,TROUSERS|JEANS|CO-ORD SETS,4.6
1455,49,990.0,2990.0,SHOES|DRESSES_JUMPSUITS,4.1
1456,40,2590.0,3990.0,JEANS|CO-ORD SETS,4.1
1457,38,2590.0,3290.0,BAGS|PERFUMESNEW|LOUNGEWEARNEW,3.9
1458,41,2590.0,4990.0,JEANS|CO-ORD SETS,3.6
1459,45,4990.0,5990.0,PERFUMESNEW|BAGS,4.4
1460,45,2890.0,4390.0,JACKETS|JEANS,4.2
1461,25,1990.0,2890.0,BLAZERS|SHIRTS,4.2
1462,43,4990.0,7590.0,LOUNGEWEARNEW,4.1
1463,47,2590.0,4990.0,ACCESSORIES_JEWELLERY,4.1
1464,28,3290.0,4790.0,SHOES|JEANS|TOPS_BODYSUITS,3.9
1465,25,4990.0,6490.0,SKIRTS,4.3
1466,54,1590.0,2590.0,BASICS,4.3
1467,39,2990.0,4990.0,WORKWEARNEW|LOUNGEWEARNEW|DRESSES_JUMPSUITS,3.5
1468,41,1990.0,4990.0,SHORTS_SKORTS|SHOES|BAGS,3.8
1469,42,1590.0,3290.0,JEANS|WAISTCOATS_GILETS|CO-ORD SETS,4.7
1470,30,3290.0,8990.0,WAISTCOATS_GILETS|SHORTS_SKORTS|PERFUMESNEW,4.2
1471,33,3290.0,4990.0,SHOES,3.7
1472,33,2890.0,5990.0,DRESSES_JUMPSUITS|TOPS_BODYSUITS|WAISTCOATS_GILETS,3.7
1473,30,3290.0,11990.0,T-SHIRTS_SWEATSHIRTS,3.8
1474,52,3290.0,3990.0,JACKETS,3.6
1475,31,990.0,3290.0,LOUNGEWEARNEW,4.1
1476,39,2590.0,4090.0,LOUNGEWEARNEW,4.3
1477,26,2990.0,3990.0,KNITWEAR|DRESSES_JUMPSUITS,4.1
1478,43,3990.0,5990.0,TROUSERS,3.6
1479,33,3290.0,4990.0,TROUSERS,4.5
1480,41,3290.0,5590.0,SHORTS_SKORTS|TROUSERS|WAISTCOATS_GILETS,4.3
1481,25,2290.0,3990.0,KNITWEAR|JACKETS,3.7
1482,18,2290.0,2990.0,TOPS_BODYSUITS,4.2
1483,30,2990.0,4990.0,JEANS|T-SHIRTS_SWEATSHIRTS|JACKETS,4.1
1484,55,3290.0,5990.0,CO-ORD SETS|SPECIAL PRICES,3.9
1485,46,2590.0,3290.0,BLAZERS|SHOES,4.4
1486,40,3290.0,4790.0,BAGS|TOPS_BODYSUITS|JACKETS,4.4
1487,30,2590.0,4090.0,KNITWEAR|SHIRTS,3.7
1488,29,2590.0,4990.0,PERFUMESNEW,4.7
1489,39,2990.0,7990.0,KNITWEAR,4.3
1490,39,2290.0,3290.0,SKIRTS|ACCESSORIES_JEWELLERY,3.6
1491,36,3290.0,4990.0,CO-ORD SETS,4.2
1492,45,3990.0,5990.0,WAISTCOATS_GILETS|JEANS,4.4
1493,54,690.0,4990.0,T-SHIRTS_SWEATSHIRTS|TROUSERS,3.6
1494,28,3290.0,5990.0,SKIRTS|JEANS,4.2
1495,31,2990.0,3990.0,CO-ORD SETS,3.7
1496,39,1890.0,4990.0,KNITWEAR|JEANS,4.1
1497,39,1290.0,4990.0,PERFUMESNEW,4.4
1498,54,3290.0,4790.0,SKIRTS,4.2
1499,25,2990.0,4490.0,SKIRTS,4.4
1500,28,3290.0,4790.0,WORKWEARNEW|SHOES,4.4
1501,40,5990.0,7590.0,WORKWEARNEW,3.6
1502,22,1890.0,3390.0,SHIRTS,3.8
1503,45,2590.0,3990.0,LOUNGEWEARNEW|CO-ORD SETS|T-SHIRTS_SWEATSHIRTS,4.0
1504,40,2290.0,3790.0,SKIRTS|LOUNGEWEARNEW|JEANS,4.1
1505,18,2290.0,4990.0,KNITWEAR|SHORTS_SKORTS|TOPS_BODYSUITS,4.1
1506,18,1990.0,3490.0,WAISTCOATS_GILETS,4.4
1507,32,2590.0,7590.0,TOPS_BODYSUITS,3.5
1508,55,3290.0,3990.0,ACCESSORIES_JEWELLERY,4.7
1509,21,790.0,3290.0,WAISTCOATS_GILETS,4.1
1510,52,2290.0,7590.0,BAGS|CO-ORD SETS,3.5
1511,22,3290.0,4790.0,CO-ORD SETS,3.7
1512,51,3290.0,5990.0,BEAUTY|BASICS,4.6
1513,26,2990.0,4490.0,BLAZERS|ACCESSORIES_JEWELLERY,4.7
1514,29,3290.0,8590.0,JEANS|JACKETS|BEAUTY,4.7
1515,34,2290.0,7590.0,PERFUMESNEW,3.7
1516,23,1990.0,3290.0,DRESSES_JUMPSUITS,4.2
1517,18,3990.0,5490.0,KNITWEAR,3.8
1518,48,950.0,4990.0,JEANS,4.4
1519,26,2890.0,4390.0,JEANS|JACKETS|ACCESSORIES_JEWELLERY,3.9
1520,26,2890.0,5990.0,T-SHIRTS_SWEATSHIRTS|CO-ORD SETS,4.7
1521,48,2890.0,5990.0,DRESSES_JUMPSUITS,4.5
1522,46,1990.0,3290.0,TOPS_BODYSUITS|BLAZERS,4.4
1523,30,2990.0,4990.0,BASICS,4.1
1524,43,2590.0,7990.0,TOPS_BODYSUITS|PERFUMESNEW,3.8
1525,18,2890.0,4390.0,JACKETS|CO-ORD SETS,3.9
1526,20,2990.0,4490.0,TOPS_BODYSUITS,3.8
1527,39,2990.0,4490.0,WAISTCOATS_GILETS,3.9
1528,40,2590.0,4090.0,WAISTCOATS_GILETS,4.3
1529,32,1890.0,3390.0,SPECIAL PRICES|T-SHIRTS_SWEATSHIRTS,4.3
1530,33,2890.0,4390.0,DRESSES_JUMPSUITS,3.5
1531,30,4990.0,6490.0,BLAZERS|TOPS_BODYSUITS|PERFUMESNEW,4.1
1532,22,2990.0,4490.0,WORKWEARNEW|JEANS|DRESSES_JUMPSUITS,4.0
1533,23,2290.0,3290.0,LOUNGEWEARNEW,3.8
1534,45,2990.0,4990.0,SPECIAL PRICES|BEAUTY,4.4
1535,45,1990.0,3290.0,T-SHIRTS_SWEATSHIRTS,3.9
1536,39,790.0,3290.0,SPECIAL PRICES|JACKETS,4.4
1537,50,3990.0,5490.0,SHIRTS|SPECIAL PRICES|WAISTCOATS_GILETS,4.6
1538,40,2590.0,7590.0,BASICS,4.0
1539,33,1890.0,3390.0,T-SHIRTS_SWEATSHIRTS|JEANS,4.4
1540,18,1890.0,4990.0,LOUNGEWEARNEW,4.1
1541,31,2290.0,4990.0,SPECIAL PRICES|BEAUTY,3.5
1542,53,2990.0,5990.0,TROUSERS,3.9
1543,44,3990.0,4990.0,TOPS_BODYSUITS,3.9
1544,27,2990.0,4990.0,ACCESSORIES_JEWELLERY,3.9
1545,38,3990.0,5990.0,SHIRTS,3.8
1546,54,3290.0,3990.0,LOUNGEWEARNEW|BAGS,3.7
1547,31,3990.0,4990.0,SHORTS_SKORTS|CO-ORD SETS|T-SHIRTS_SWEATSHIRTS,3.5
1548,19,990.0,3290.0,T-SHIRTS_SWEATSHIRTS|WORKWEARNEW|SHIRTS,3.7
1549,43,2590.0,3290.0,SHIRTS|PERFUMESNEW,4.2
1550,45,490.0,3290.0,TOPS_BODYSUITS|BAGS,3.8
1551,25,4990.0,5990.0,CO-ORD SETS,4.1
1552,21,2990.0,4490.0,PERFUMESNEW,3.5
1553,55,2890.0,7590.0,TOPS_BODYSUITS,3.9
1554,32,3290.0,3990.0,SPECIAL PRICES,4.2
1555,36,2990.0,6990.0,WAISTCOATS_GILETS|JEANS,4.5
1556,49,3290.0,5990.0,DRESSES_JUMPSUITS|BASICS,4.1
1557,40,2590.0,6990.0,ACCESSORIES_JEWELLERY|TOPS_BODYSUITS|BASICS,4.1
1558,38,1990.0,3290.0,TOPS_BODYSUITS|DRESSES_JUMPSUITS,3.6
1559,45,1990.0,3490.0,JEANS,3.6
1560,39,2290.0,3990.0,WAISTCOATS_GILETS|KNITWEAR|T-SHIRTS_SWEATSHIRTS,3.6
1561,52,4990.0,5990.0,JACKETS,3.9
1562,44,2990.0,4490.0,JACKETS|TROUSERS|PERFUMESNEW,4.4
1563,41,1890.0,2990.0,JACKETS,4.4
1564,23,3990.0,5990.0,BAGS|WORKWEARNEW,4.6
1565,25,2990.0,5990.0,SPECIAL PRICES|WAISTCOATS_GILETS|DRESSES_JUMPSUITS,3.9
1566,23,2990.0,4490.0,BASICS,4.3
1567,42,2290.0,3990.0,ACCESSORIES_JEWELLERY|SHORTS_SKORTS|SHIRTS,4.0
1568,38,4990.0,5990.0,BASICS|TROUSERS,4.0
1569,22,3290.0,3990.0,T-SHIRTS_SWEATSHIRTS,4.0
1570,33,2290.0,3790.0,SHIRTS,4.2
1571,51,2990.0,4490.0,SHIRTS,4.7
1572,19,1590.0,3990.0,JACKETS|SHORTS_SKORTS,4.0
1573,34,3990.0,5590.0,PERFUMESNEW|SPECIAL PRICES|SKIRTS,3.8
1574,51,2590.0,3290.0,SHIRTS,3.9
1575,42,2290.0,4990.0,PERFUMESNEW|JEANS,4.1
1576,38,1290.0,2290.0,SHORTS_SKORTS,3.8
1577,30,2290.0,3290.0,JACKETS|BAGS|BLAZERS,4.1
1578,19,1590.0,3290.0,JACKETS,3.7
1579,44,3290.0,4990.0,SHOES|BASICS|SHIRTS,3.7
1580,36,2990.0,4490.0,JACKETS,4.4
1581,24,1990.0,5990.0,T-SHIRTS_SWEATSHIRTS|KNITWEAR|JACKETS,4.4
1582,38,2990.0,3990.0,TROUSERS|LOUNGEWEARNEW|TOPS_BODYSUITS,4.5
1583,54,4990.0,6490.0,BEAUTY|SHOES,4.0
1584,32,990.0,3290.0,PERFUMESNEW,4.6
1585,48,2990.0,4490.0,PERFUMESNEW,4.2
1586,26,1990.0,3290.0,LOUNGEWEARNEW,3.8
1587,46,3290.0,3990.0,BASICS,4.5
1588,47,2990.0,4990.0,SHORTS_SKORTS|JEANS|KNITWEAR,4.1
1589,37,3290.0,5990.0,BEAUTY,4.2
1590,39,3990.0,4990.0,ACCESSORIES_JEWELLERY,4.2
1591,46,4990.0,5590.0,T-SHIRTS_SWEATSHIRTS,3.6
1592,25,2590.0,4990.0,SHORTS_SKORTS|SHOES,4.6
1593,25,2590.0,5990.0,BASICS|BLAZERS,3.8
1594,55,2290.0,2990.0,SPECIAL PRICES|BEAUTY,3.7
1595,42,2890.0,4390.0,WAISTCOATS_GILETS|WORKWEARNEW,4.4
1596,34,1590.0,5990.0,TROUSERS,3.6
1597,52,2990.0,4990.0,BASICS,4.6
1598,19,3990.0,5990.0,T-SHIRTS_SWEATSHIRTS|SKIRTS,4.3
1599,36,4990.0,5990.0,JACKETS|JEANS,3.8
1600,40,4990.0,5990.0,CO-ORD SETS,4.6
1601,22,4990.0,6490.0,LOUNGEWEARNEW|SPECIAL PRICES,4.3
1602,52,2290.0,3790.0,BEAUTY|SHIRTS,4.6
1603,24,1590.0,2990.0,SKIRTS,4.4
1604,31,3290.0,4990.0,JACKETS|BEAUTY,4.1
1605,36,1590.0,3290.0,KNITWEAR,3.8
1606,37,990.0,2290.0,JEANS,4.6
1607,48,1890.0,2990.0,SPECIAL PRICES|BEAUTY,3.8
1608,18,590.0,4990.0,LOUNGEWEARNEW,4.6
1609,46,990.0,2590.0,SPECIAL PRICES|BAGS|CO-ORD SETS,3.9
1610,37,990.0,2890.0,SHORTS_SKORTS|PERFUMESNEW,4.4
1611,38,2990.0,7590.0,JEANS,4.4
1612,40,590.0,1890.0,SPECIAL PRICES|SHOES|T-SHIRTS_SWEATSHIRTS,4.2
1613,45,2990.0,4990.0,SHORTS_SKORTS,4.1
1614,20,1590.0,2590.0,KNITWEAR|WAISTCOATS_GILETS|SHORTS_SKORTS,3.9
1615,26,790.0,5590.0,BEAUTY|TROUSERS,4.4
1616,22,2990.0,4490.0,SKIRTS|JEANS,3.6
1617,30,1590.0,3290.0,SKIRTS,4.7
1618,28,590.0,4990.0,TOPS_BODYSUITS|JACKETS,4.6
1619,55,2590.0,4990.0,BLAZERS,4.2
1620,20,2990.0,3990.0,LOUNGEWEARNEW,3.6
1621,43,1890.0,4990.0,DRESSES_JUMPSUITS,3.9
1622,52,3290.0,4990.0,SHOES,3.9
1623,51,3290.0,4790.0,SHOES,4.6
1624,34,2290.0,4990.0,BASICS,3.9
1625,55,2590.0,4990.0,SHORTS_SKORTS|TOPS_BODYSUITS|ACCESSORIES_JEWELLERY,4.3
1626,55,1590.0,2990.0,BLAZERS|SHIRTS|BAGS,4.6
1627,31,1590.0,5990.0,SKIRTS,3.8
1628,39,4990.0,6990.0,PERFUMESNEW|BEAUTY,4.0
1629,41,4990.0,5990.0,SHOES,4.0
1630,49,2290.0,3790.0,SHOES,4.5
1631,44,2590.0,4990.0,TROUSERS|WORKWEARNEW,4.0
1632,37,1590.0,2990.0,WORKWEARNEW|ACCESSORIES_JEWELLERY,4.2
1633,30,1990.0,5990.0,WAISTCOATS_GILETS|ACCESSORIES_JEWELLERY|SKIRTS,4.6
1634,33,3290.0,5990.0,SPECIAL PRICES|BAGS,4.0
1635,45,3290.0,5590.0,JACKETS|DRESSES_JUMPSUITS,4.5
1636,22,4990.0,5990.0,JACKETS,3.7
1637,54,2290.0,3790.0,JACKETS,4.6
1638,37,2590.0,3290.0,JEANS,4.3
1639,36,2290.0,2990.0,JACKETS|WAISTCOATS_GILETS|SHIRTS,4.6
1640,52,1590.0,7990.0,JEANS|LOUNGEWEARNEW,3.9
1641,20,1990.0,4990.0,WORKWEARNEW|SKIRTS,4.0
1642,49,2990.0,4990.0,WORKWEARNEW,3.8
1643,46,2590.0,4990.0,ACCESSORIES_JEWELLERY|WAISTCOATS_GILETS,4.5
1644,34,3290.0,12990.0,WORKWEARNEW|BEAUTY,4.7
1645,35,1490.0,4990.0,WAISTCOATS_GILETS|SHORTS_SKORTS,4.4
1646,37,1990.0,3290.0,KNITWEAR,4.7
1647,33,2290.0,3790.0,T-SHIRTS_SWEATSHIRTS,4.1
1648,52,3290.0,4990.0,CO-ORD SETS|WORKWEARNEW,4.7
1649,18,3990.0,5490.0,SHOES|SHIRTS|SHORTS_SKORTS,4.5
1650,32,3990.0,5590.0,JACKETS|SHORTS_SKORTS,3.5
1651,26,3990.0,4990.0,PERFUMESNEW,3.8
1652,22,2990.0,3990.0,DRESSES_JUMPSUITS|WORKWEARNEW,4.2
1653,38,490.0,2290.0,ACCESSORIES_JEWELLERY,4.3
1654,24,1990.0,2990.0,SPECIAL PRICES,4.1
1655,34,1990.0,2990.0,JACKETS,4.4
1656,28,2290.0,3290.0,CO-ORD SETS,3.6
1657,34,2990.0,3990.0,BLAZERS|TOPS_BODYSUITS,3.7
1658,32,2990.0,4490.0,CO-ORD SETS|SHIRTS|BAGS,3.6
1659,23,1790.0,4990.0,WAISTCOATS_GILETS,4.3
1660,27,2990.0,5590.0,BEAUTY,4.5
1661,34,990.0,3290.0,SHIRTS,3.6
1662,35,3290.0,4790.0,PERFUMESNEW,4.5
1663,42,2990.0,5990.0,SKIRTS|BLAZERS|SPECIAL PRICES,3.8
1664,52,2990.0,3990.0,KNITWEAR|TOPS_BODYSUITS,4.5
1665,22,1890.0,2990.0,BAGS,3.5
1666,31,2590.0,4090.0,KNITWEAR,4.6
1667,42,3290.0,4990.0,SHORTS_SKORTS,3.5
1668,44,2590.0,4090.0,JEANS|BASICS,3.6
1669,54,2590.0,3290.0,T-SHIRTS_SWEATSHIRTS,4.3
1670,51,3990.0,5490.0,KNITWEAR,3.7
1671,37,2590.0,4090.0,SPECIAL PRICES|BAGS,3.8
1672,44,2990.0,4990.0,TOPS_BODYSUITS,4.5
1673,37,2290.0,4990.0,CO-ORD SETS|WAISTCOATS_GILETS,3.7
1674,45,4990.0,8590.0,TOPS_BODYSUITS,3.8
1675,48,1990.0,3290.0,BASICS|JACKETS|ACCESSORIES_JEWELLERY,3.9
1676,47,2990.0,4490.0,BASICS|BLAZERS,3.9
1677,44,990.0,2990.0,T-SHIRTS_SWEATSHIRTS|ACCESSORIES_JEWELLERY|TROUSERS,3.8
1678,43,2290.0,3790.0,JACKETS|PERFUMESNEW,4.7
1679,30,1890.0,3390.0,SHORTS_SKORTS|WORKWEARNEW,3.8
1680,48,3290.0,5990.0,BLAZERS|SHIRTS|WAISTCOATS_GILETS,3.7
1681,40,2990.0,5590.0,SHORTS_SKORTS|JACKETS|JEANS,3.9
1682,46,3290.0,4990.0,CO-ORD SETS,3.9
1683,22,990.0,3290.0,CO-ORD SETS|SKIRTS|JEANS,3.8
1684,44,1990.0,5590.0,DRESSES_JUMPSUITS|TROUSERS,4.2
1685,27,1590.0,3290.0,BEAUTY|SHIRTS,4.5
1686,49,3290.0,3990.0,DRESSES_JUMPSUITS,4.4
1687,36,590.0,1990.0,TOPS_BODYSUITS|ACCESSORIES_JEWELLERY,4.4
1688,40,2590.0,4990.0,DRESSES_JUMPSUITS|ACCESSORIES_JEWELLERY,4.3
1689,27,3290.0,4790.0,WORKWEARNEW,3.6
1690,47,2590.0,3290.0,BASICS|WAISTCOATS_GILETS,4.7
1691,44,4990.0,5990.0,CO-ORD SETS|LOUNGEWEARNEW|BASICS,3.6
1692,26,4990.0,6490.0,T-SHIRTS_SWEATSHIRTS,4.3
1693,21,2590.0,3290.0,PERFUMESNEW|BAGS,3.7
1694,40,2990.0,5990.0,T-SHIRTS_SWEATSHIRTS,3.6
1695,53,3290.0,3990.0,T-SHIRTS_SWEATSHIRTS|JACKETS|DRESSES_JUMPSUITS,4.3
1696,37,1590.0,2990.0,JACKETS|JEANS|BEAUTY,3.9
1697,52,2590.0,3290.0,SKIRTS|BEAUTY|BASICS,4.7
1698,42,2590.0,4090.0,BAGS|LOUNGEWEARNEW|T-SHIRTS_SWEATSHIRTS,4.0
1699,25,2890.0,4390.0,SHIRTS|TROUSERS,3.7
1700,44,1590.0,3990.0,BLAZERS,3.9
1701,41,3290.0,3990.0,SPECIAL PRICES|BAGS,3.9
1702,26,3290.0,3990.0,T-SHIRTS_SWEATSHIRTS,4.2
1703,44,3290.0,4990.0,SPECIAL PRICES,4.1
1704,33,1590.0,2990.0,BASICS|CO-ORD SETS,3.8
1705,20,990.0,1590.0,SKIRTS|TROUSERS|SHOES,4.5
1706,21,2990.0,3990.0,WORKWEARNEW|JACKETS,4.6
1707,44,3290.0,4790.0,DRESSES_JUMPSUITS,4.4
1708,37,3290.0,4790.0,BEAUTY,4.5
1709,42,1890.0,5590.0,JEANS,3.7
1710,52,3290.0,5990.0,ACCESSORIES_JEWELLERY|SHORTS_SKORTS,4.5
1711,52,3290.0,4790.0,JEANS|WORKWEARNEW|TOPS_BODYSUITS,4.6
1712,53,2590.0,3290.0,WORKWEARNEW|SPECIAL PRICES|SHIRTS,4.3
1713,50,2590.0,5590.0,PERFUMESNEW|BEAUTY|T-SHIRTS_SWEATSHIRTS,3.6
1714,36,4990.0,5990.0,JACKETS,3.8
1715,18,2990.0,5590.0,TROUSERS|PERFUMESNEW|ACCESSORIES_JEWELLERY,4.4
1716,49,3290.0,5990.0,SHIRTS|JEANS,4.2
1717,18,2290.0,4990.0,SKIRTS|PERFUMESNEW|BAGS,3.8
1718,41,2990.0,4990.0,SKIRTS|BEAUTY,3.7
1719,33,2290.0,3790.0,DRESSES_JUMPSUITS,3.8
1720,54,3290.0,5590.0,SKIRTS|JEANS,4.2
1721,30,2890.0,4390.0,JEANS|SHORTS_SKORTS,3.5
1722,49,2890.0,4990.0,SKIRTS|ACCESSORIES_JEWELLERY|KNITWEAR,3.7
1723,35,2990.0,4990.0,SHOES,4.6
1724,55,3290.0,4790.0,SHORTS_SKORTS,4.2
1725,52,2990.0,3990.0,JEANS|TOPS_BODYSUITS,4.3
1726,44,990.0,3290.0,WORKWEARNEW|ACCESSORIES_JEWELLERY|SHIRTS,4.6
1727,46,3290.0,5990.0,CO-ORD SETS|BEAUTY,4.6
1728,33,590.0,4990.0,ACCESSORIES_JEWELLERY,3.7
1729,35,4990.0,5590.0,ACCESSORIES_JEWELLERY|BLAZERS|JEANS,4.7
1730,55,3290.0,3990.0,SKIRTS|ACCESSORIES_JEWELLERY,4.7
1731,20,990.0,3990.0,SKIRTS,4.2
1732,53,690.0,5990.0,PERFUMESNEW,3.7
1733,20,4990.0,6490.0,BASICS|BLAZERS,3.8
1734,38,2990.0,4490.0,ACCESSORIES_JEWELLERY|JEANS|WORKWEARNEW,4.0
1735,45,2290.0,3290.0,BLAZERS|SPECIAL PRICES|SKIRTS,4.3
1736,49,2990.0,4490.0,SPECIAL PRICES,4.2
1737,53,1590.0,3290.0,PERFUMESNEW|DRESSES_JUMPSUITS,4.4
1738,40,2290.0,4990.0,SPECIAL PRICES,3.9
1739,32,2890.0,4990.0,JACKETS,4.2
1740,31,1590.0,3290.0,TOPS_BODYSUITS|BLAZERS,4.0
1741,42,2590.0,3990.0,BLAZERS|SHOES,4.6
1742,33,3290.0,4790.0,BEAUTY|TOPS_BODYSUITS,4.2
1743,30,3990.0,5990.0,KNITWEAR,3.8
1744,30,3290.0,4990.0,JACKETS,4.2
1745,49,4990.0,5990.0,TROUSERS|CO-ORD SETS,3.6
1746,51,2990.0,4490.0,BLAZERS|PERFUMESNEW,4.2
1747,31,3990.0,5990.0,SHOES|TOPS_BODYSUITS|CO-ORD SETS,4.0
1748,32,4990.0,5990.0,CO-ORD SETS|BLAZERS,4.3
1749,32,2290.0,3990.0,PERFUMESNEW|WORKWEARNEW,4.7
1750,20,2990.0,3990.0,SHOES|BLAZERS,4.6
1751,32,2990.0,4490.0,CO-ORD SETS|SHIRTS,3.8
1752,33,990.0,2990.0,PERFUMESNEW|TOPS_BODYSUITS,4.6
1753,41,3290.0,4990.0,SHORTS_SKORTS,4.5
1754,53,2290.0,3790.0,TOPS_BODYSUITS|WAISTCOATS_GILETS,4.6
1755,35,2990.0,4490.0,SKIRTS|SHOES,3.7
1756,27,2590.0,4090.0,BEAUTY,4.2
1757,33,2890.0,4990.0,WORKWEARNEW,3.9
1758,54,2990.0,5990.0,DRESSES_JUMPSUITS|WORKWEARNEW,4.3
1759,50,1990.0,4990.0,CO-ORD SETS|BLAZERS,4.2
1760,29,2590.0,3990.0,T-SHIRTS_SWEATSHIRTS,4.4
1761,28,2590.0,4990.0,BASICS,3.7
1762,42,3990.0,5590.0,WORKWEARNEW|BEAUTY,3.8
1763,41,2290.0,3290.0,SHOES,4.6
1764,37,2990.0,4490.0,WORKWEARNEW,4.3
1765,54,1990.0,2590.0,TROUSERS,4.7
1766,24,2990.0,3990.0,ACCESSORIES_JEWELLERY,3.7
1767,19,1590.0,4990.0,LOUNGEWEARNEW,4.0
1768,49,2590.0,4090.0,T-SHIRTS_SWEATSHIRTS,4.3
1769,27,790.0,3990.0,PERFUMESNEW,4.4
1770,49,2890.0,4390.0,JEANS|LOUNGEWEARNEW,4.6
1771,25,2990.0,4490.0,SHIRTS|WORKWEARNEW,4.4
1772,23,5990.0,8590.0,TOPS_BODYSUITS,4.7
1773,34,2590.0,4990.0,TOPS_BODYSUITS|CO-ORD SETS,4.4
1774,32,2290.0,4990.0,PERFUMESNEW|SKIRTS|DRESSES_JUMPSUITS,4.1
1775,33,2290.0,5990.0,SHOES,4.6
1776,46,5590.0,7590.0,SPECIAL PRICES,4.6
1777,33,3290.0,4790.0,ACCESSORIES_JEWELLERY|SKIRTS,4.3
1778,31,2290.0,4990.0,WAISTCOATS_GILETS,4.3
1779,35,2290.0,3290.0,WAISTCOATS_GILETS,4.4
1780,43,2990.0,3990.0,KNITWEAR,3.9
1781,29,3290.0,4990.0,TOPS_BODYSUITS|DRESSES_JUMPSUITS|SPECIAL PRICES,3.7
1782,29,3290.0,5990.0,WAISTCOATS_GILETS|JACKETS,4.0
1783,20,1890.0,3290.0,ACCESSORIES_JEWELLERY,4.6
1784,48,2590.0,3290.0,BLAZERS|SKIRTS|TOPS_BODYSUITS,4.1
1785,21,3290.0,4990.0,BAGS,4.2
1786,49,3290.0,4990.0,DRESSES_JUMPSUITS,3.6
1787,24,5990.0,7490.0,JEANS,4.2
1788,37,2290.0,3790.0,TROUSERS|JACKETS,4.3
1789,19,1590.0,2990.0,BLAZERS,4.6
1790,48,1890.0,3290.0,WORKWEARNEW|SPECIAL PRICES|SHORTS_SKORTS,4.3
1791,24,890.0,1990.0,KNITWEAR,3.7
1792,55,890.0,3290.0,WORKWEARNEW|KNITWEAR|LOUNGEWEARNEW,3.6
1793,34,5590.0,11990.0,JACKETS|PERFUMESNEW,4.2
1794,42,3990.0,5990.0,TROUSERS,4.2
1795,34,3990.0,4990.0,TOPS_BODYSUITS|BLAZERS,4.1
1796,24,790.0,3990.0,CO-ORD SETS|BASICS,4.0
1797,43,2990.0,4490.0,DRESSES_JUMPSUITS|WORKWEARNEW|SHIRTS,4.0
1798,20,2990.0,4990.0,BAGS,4.1
1799,48,2590.0,4990.0,SKIRTS|SPECIAL PRICES,4.1
1800,49,990.0,3290.0,SHORTS_SKORTS,4.6
1801,51,3290.0,4990.0,BLAZERS|DRESSES_JUMPSUITS,4.3
1802,29,3290.0,4790.0,PERFUMESNEW|BASICS,3.6
1803,30,3290.0,11990.0,SHOES|WAISTCOATS_GILETS,3.6
1804,42,1990.0,2590.0,ACCESSORIES_JEWELLERY,4.7
1805,48,2290.0,3290.0,DRESSES_JUMPSUITS,3.8
1806,51,1590.0,4990.0,SHIRTS|BEAUTY|PERFUMESNEW,4.3
1807,48,2990.0,3990.0,T-SHIRTS_SWEATSHIRTS|SHOES,4.6
1808,29,2990.0,4990.0,SKIRTS,3.9
1809,18,3290.0,6990.0,WAISTCOATS_GILETS,4.0
1810,53,3990.0,4990.0,BASICS|DRESSES_JUMPSUITS,3.6
1811,25,1890.0,2990.0,CO-ORD SETS,3.6
1812,52,1990.0,3490.0,CO-ORD SETS|PERFUMESNEW|TOPS_BODYSUITS,4.3
1813,37,2290.0,3290.0,TOPS_BODYSUITS|JACKETS,4.0
1814,35,2590.0,3290.0,SHORTS_SKORTS|PERFUMESNEW,4.5
1815,28,990.0,8590.0,T-SHIRTS_SWEATSHIRTS,3.8
1816,48,3290.0,5590.0,WORKWEARNEW|KNITWEAR,3.5
1817,38,2590.0,5990.0,SHIRTS,4.4
1818,48,1890.0,2990.0,LOUNGEWEARNEW|WAISTCOATS_GILETS,4.4
1819,33,490.0,1890.0,PERFUMESNEW,4.6
1820,52,1990.0,6990.0,PERFUMESNEW|SHOES,4.2
1821,47,1590.0,2990.0,WAISTCOATS_GILETS,3.7
1822,39,2290.0,5990.0,SHORTS_SKORTS|JEANS,3.8
1823,37,2990.0,5990.0,TOPS_BODYSUITS|JACKETS|LOUNGEWEARNEW,4.7
1824,53,1990.0,2990.0,ACCESSORIES_JEWELLERY,3.7
1825,31,1290.0,3990.0,BASICS|ACCESSORIES_JEWELLERY,4.7
1826,49,1890.0,3290.0,JACKETS,4.5
1827,42,790.0,3290.0,TROUSERS|SPECIAL PRICES,3.5
1828,46,1590.0,2990.0,WORKWEARNEW,3.8
1829,22,2590.0,3290.0,CO-ORD SETS,3.8
1830,29,1990.0,5990.0,SHIRTS,4.7
1831,46,2990.0,4490.0,PERFUMESNEW,4.2
1832,42,2590.0,3290.0,SHORTS_SKORTS|SKIRTS,4.5
1833,43,3990.0,4990.0,BLAZERS|T-SHIRTS_SWEATSHIRTS,4.4
1834,29,790.0,4990.0,WAISTCOATS_GILETS,3.8
1835,52,4990.0,11990.0,SHIRTS|BEAUTY|CO-ORD SETS,4.0
1836,53,3290.0,4790.0,T-SHIRTS_SWEATSHIRTS|BLAZERS,4.5
1837,37,4990.0,6490.0,KNITWEAR,3.5
1838,23,1590.0,2990.0,DRESSES_JUMPSUITS,4.2
1839,18,1890.0,4990.0,DRESSES_JUMPSUITS,4.5
1840,34,3290.0,4990.0,LOUNGEWEARNEW,4.1
1841,51,3290.0,3990.0,ACCESSORIES_JEWELLERY|PERFUMESNEW,4.0
1842,43,2590.0,4090.0,JACKETS,4.3
1843,38,2990.0,7590.0,BAGS,3.6
1844,43,3290.0,5990.0,JACKETS,4.0
1845,27,3290.0,3990.0,ACCESSORIES_JEWELLERY,3.7
1846,42,3290.0,4790.0,BLAZERS,3.6
1847,39,2590.0,4090.0,WORKWEARNEW,4.3
1848,53,2290.0,2890.0,TROUSERS,4.2
1849,31,2990.0,4490.0,SHORTS_SKORTS,3.6
1850,33,2290.0,4990.0,SHOES,4.5
1851,42,2590.0,3990.0,PERFUMESNEW|DRESSES_JUMPSUITS,3.6
1852,38,990.0,3990.0,SHOES|CO-ORD SETS,3.5
1853,20,3290.0,5990.0,PERFUMESNEW,3.9
1854,44,4990.0,5590.0,WORKWEARNEW,3.8
1855,54,790.0,3290.0,SHORTS_SKORTS|ACCESSORIES_JEWELLERY,4.7
1856,25,4990.0,6490.0,BLAZERS,3.7
1857,28,3290.0,5990.0,ACCESSORIES_JEWELLERY|SHIRTS,3.8
1858,35,2990.0,4490.0,TROUSERS|TOPS_BODYSUITS|DRESSES_JUMPSUITS,4.3
1859,31,1590.0,3090.0,TROUSERS|CO-ORD SETS,4.7
1860,45,590.0,5990.0,JEANS,4.4
1861,23,2290.0,2990.0,T-SHIRTS_SWEATSHIRTS|WORKWEARNEW,4.2
1862,22,3290.0,4790.0,TROUSERS|DRESSES_JUMPSUITS,4.4
1863,49,1590.0,2590.0,BEAUTY,4.1
1864,19,990.0,2590.0,BLAZERS,4.5
1865,24,2990.0,4490.0,BEAUTY|BLAZERS,3.6
1866,25,2990.0,4490.0,BLAZERS,3.9
1867,19,790.0,2990.0,BASICS|KNITWEAR,3.5
1868,22,3290.0,3990.0,SHOES,4.4
1869,25,1590.0,9590.0,JEANS|ACCESSORIES_JEWELLERY,3.6
1870,36,2890.0,3990.0,ACCESSORIES_JEWELLERY|WAISTCOATS_GILETS,4.4
1871,55,2990.0,4990.0,PERFUMESNEW|SHORTS_SKORTS,3.9
1872,26,3290.0,4990.0,WAISTCOATS_GILETS,4.1
1873,47,4990.0,6490.0,SPECIAL PRICES,3.8
1874,42,3290.0,4790.0,JACKETS|SKIRTS,3.5
1875,39,4990.0,6490.0,SHORTS_SKORTS|BEAUTY,4.0
1876,38,2590.0,3990.0,TOPS_BODYSUITS|SPECIAL PRICES,4.4
1877,49,4990.0,6490.0,T-SHIRTS_SWEATSHIRTS,3.7
1878,24,2590.0,4990.0,BLAZERS,4.0
1879,21,690.0,1990.0,WAISTCOATS_GILETS,3.8
1880,48,2590.0,3290.0,T-SHIRTS_SWEATSHIRTS|JEANS,4.7
1881,54,3990.0,7990.0,SHOES|BAGS,4.3
1882,35,3990.0,11990.0,SHORTS_SKORTS|BAGS,4.5
1883,54,3290.0,8590.0,DRESSES_JUMPSUITS|ACCESSORIES_JEWELLERY|BLAZERS,3.8
1884,43,990.0,2590.0,CO-ORD SETS|BASICS,3.9
1885,30,3990.0,4990.0,TROUSERS|SPECIAL PRICES,4.4
1886,40,690.0,7590.0,SHOES|JACKETS,3.7
1887,28,3290.0,4990.0,BEAUTY,3.7
1888,38,2890.0,4990.0,JEANS,3.5
1889,49,2590.0,4090.0,CO-ORD SETS|WAISTCOATS_GILETS,4.7
1890,29,2590.0,3290.0,ACCESSORIES_JEWELLERY|WORKWEARNEW,4.5
1891,32,1890.0,3390.0,BLAZERS|T-SHIRTS_SWEATSHIRTS,4.0
1892,51,1890.0,3290.0,SKIRTS|SPECIAL PRICES,4.4
1893,39,1890.0,3290.0,BEAUTY|LOUNGEWEARNEW|SKIRTS,3.6
1894,42,2590.0,3290.0,JEANS|T-SHIRTS_SWEATSHIRTS,4.4
1895,24,1590.0,2990.0,SHIRTS,3.7
1896,47,790.0,5990.0,TROUSERS,4.2
1897,55,3290.0,3990.0,BLAZERS|SHOES,4.0
1898,40,4990.0,5990.0,CO-ORD SETS,4.2
1899,54,1590.0,3290.0,DRESSES_JUMPSUITS,3.8
1900,32,4990.0,5990.0,SHIRTS,4.5
1901,21,3290.0,5990.0,ACCESSORIES_JEWELLERY|BAGS,4.0
1902,38,2590.0,4990.0,LOUNGEWEARNEW,4.5
1903,18,5990.0,8590.0,ACCESSORIES_JEWELLERY,3.9
1904,45,3990.0,4990.0,SHORTS_SKORTS|SHOES|ACCESSORIES_JEWELLERY,4.6
1905,23,3290.0,3990.0,ACCESSORIES_JEWELLERY|BASICS,3.6
1906,47,5590.0,7090.0,T-SHIRTS_SWEATSHIRTS|WORKWEARNEW,4.3
1907,22,4990.0,6490.0,CO-ORD SETS|BLAZERS,3.8
1908,24,2990.0,4490.0,WORKWEARNEW,3.7
1909,27,2290.0,4990.0,SKIRTS|BEAUTY|SPECIAL PRICES,4.0
1910,32,3290.0,4990.0,TOPS_BODYSUITS|KNITWEAR,4.1
1911,28,3290.0,5990.0,SKIRTS|JEANS,4.1
1912,46,2290.0,3790.0,BLAZERS,4.0
1913,34,2290.0,4990.0,ACCESSORIES_JEWELLERY|CO-ORD SETS,4.1
1914,31,3290.0,4990.0,SKIRTS|WORKWEARNEW,4.2
1915,54,3290.0,4990.0,ACCESSORIES_JEWELLERY,4.5
1916,53,4990.0,6490.0,WORKWEARNEW|BLAZERS|TOPS_BODYSUITS,3.7
1917,47,2290.0,5590.0,DRESSES_JUMPSUITS,4.4
1918,35,4990.0,7990.0,TROUSERS|BAGS,3.7
1919,30,2990.0,3990.0,ACCESSORIES_JEWELLERY,4.7
1920,42,2590.0,3990.0,JEANS|SKIRTS,3.5
1921,44,4990.0,6490.0,JEANS|CO-ORD SETS,4.2
1922,37,1890.0,3990.0,BEAUTY,3.9
1923,49,3290.0,4990.0,SKIRTS|PERFUMESNEW|LOUNGEWEARNEW,3.6
1924,19,2590.0,4090.0,SPECIAL PRICES,4.6
1925,39,2990.0,3990.0,DRESSES_JUMPSUITS|SHOES,4.3
1926,28,3290.0,4990.0,LOUNGEWEARNEW|SHOES,4.7
1927,51,2290.0,4990.0,BASICS,3.7
1928,34,1990.0,3990.0,T-SHIRTS_SWEATSHIRTS,4.6
1929,42,5990.0,6990.0,LOUNGEWEARNEW|DRESSES_JUMPSUITS,4.5
1930,19,4990.0,6490.0,ACCESSORIES_JEWELLERY,3.5
1931,44,2590.0,3290.0,T-SHIRTS_SWEATSHIRTS|BASICS,3.5
1932,51,3290.0,4790.0,TOPS_BODYSUITS,3.9
1933,45,3990.0,4990.0,BLAZERS|BEAUTY|T-SHIRTS_SWEATSHIRTS,4.5
1934,52,2590.0,3990.0,CO-ORD SETS,4.1
1935,49,2290.0,6990.0,PERFUMESNEW|BLAZERS,3.5
1936,52,3290.0,4990.0,JACKETS,4.0
1937,39,2590.0,5990.0,BASICS|KNITWEAR|DRESSES_JUMPSUITS,3.9
1938,23,3990.0,9590.0,TROUSERS,3.9
1939,28,1990.0,5990.0,DRESSES_JUMPSUITS|ACCESSORIES_JEWELLERY,4.0
1940,52,2290.0,2990.0,JEANS|LOUNGEWEARNEW|SHOES,4.4
1941,55,3290.0,4990.0,JACKETS|WAISTCOATS_GILETS,3.5
1942,36,1890.0,4990.0,TROUSERS|TOPS_BODYSUITS,4.4
1943,31,790.0,2590.0,JEANS,4.2
1944,30,2890.0,3990.0,BASICS|JACKETS,4.3
1945,49,890.0,3990.0,BLAZERS|SPECIAL PRICES,4.3
1946,35,2890.0,4990.0,WAISTCOATS_GILETS,3.9
1947,18,1890.0,4990.0,TROUSERS,3.6
1948,38,990.0,4990.0,SHOES,4.0
1949,26,3290.0,5590.0,PERFUMESNEW|ACCESSORIES_JEWELLERY,3.8
1950,39,5990.0,7490.0,LOUNGEWEARNEW|T-SHIRTS_SWEATSHIRTS,4.7
1951,36,3290.0,3990.0,WORKWEARNEW,4.4
1952,35,2590.0,4990.0,SPECIAL PRICES|TROUSERS,4.5
1953,31,1590.0,3290.0,SHORTS_SKORTS,4.1
1954,23,2990.0,4490.0,KNITWEAR|BAGS,4.2
1955,54,2590.0,3990.0,T-SHIRTS_SWEATSHIRTS|TOPS_BODYSUITS,4.5
1956,54,2590.0,5990.0,BEAUTY,3.8
1957,21,1590.0,2990.0,DRESSES_JUMPSUITS|JEANS,4.4
1958,18,1890.0,3390.0,BASICS,4.3
1959,23,2590.0,3990.0,T-SHIRTS_SWEATSHIRTS|SHOES,4.0
1960,45,2590.0,3290.0,SHORTS_SKORTS|BLAZERS|BAGS,3.8
1961,31,1290.0,5990.0,JEANS|BAGS,3.9
1962,52,1990.0,3290.0,BLAZERS|WORKWEARNEW,4.1
1963,33,3290.0,4990.0,DRESSES_JUMPSUITS,3.9
1964,33,4990.0,6490.0,WORKWEARNEW|ACCESSORIES_JEWELLERY|SHORTS_SKORTS,4.2
1965,29,3990.0,4990.0,TROUSERS,3.7
1966,52,2590.0,5590.0,ACCESSORIES_JEWELLERY|JEANS,4.7
1967,19,2890.0,4990.0,ACCESSORIES_JEWELLERY|LOUNGEWEARNEW,4.0
1968,55,4990.0,5990.0,SHOES,4.4
1969,43,2890.0,4390.0,T-SHIRTS_SWEATSHIRTS|KNITWEAR|SKIRTS,4.1
1970,27,3290.0,4790.0,WAISTCOATS_GILETS,4.1
1971,27,2590.0,3290.0,JEANS,3.9
1972,34,3290.0,3990.0,KNITWEAR|BEAUTY,3.9
1973,41,2590.0,4990.0,T-SHIRTS_SWEATSHIRTS,4.0
1974,53,990.0,3990.0,CO-ORD SETS,4.0
1975,18,4590.0,6090.0,KNITWEAR,4.4
1976,55,2290.0,4990.0,TROUSERS|WAISTCOATS_GILETS|ACCESSORIES_JEWELLERY,3.9
1977,19,2590.0,4990.0,ACCESSORIES_JEWELLERY,4.5
1978,20,2290.0,4990.0,SPECIAL PRICES|ACCESSORIES_JEWELLERY|T-SHIRTS_SWEATSHIRTS,4.5
1979,29,2590.0,3290.0,SPECIAL PRICES|WAISTCOATS_GILETS,3.9
1980,29,1990.0,3290.0,BASICS|T-SHIRTS_SWEATSHIRTS,4.1
1981,32,3290.0,4990.0,SPECIAL PRICES,4.2
1982,49,3290.0,4790.0,JEANS|TROUSERS,3.8
1983,47,1890.0,3290.0,SHIRTS,4.5
1984,52,4990.0,5990.0,JACKETS,4.0
1985,22,2990.0,5590.0,JEANS,4.3
1986,50,5990.0,7590.0,BEAUTY|JACKETS|WORKWEARNEW,4.6
1987,41,2290.0,8990.0,CO-ORD SETS|BAGS|SKIRTS,4.2
1988,19,2990.0,3990.0,SHORTS_SKORTS,3.9
1989,24,3290.0,4790.0,TROUSERS|PERFUMESNEW|CO-ORD SETS,4.1
1990,39,3290.0,4790.0,SHOES,4.0
1991,50,4990.0,5990.0,WAISTCOATS_GILETS,4.3
1992,32,2290.0,2990.0,BLAZERS,3.6
1993,31,2290.0,3290.0,SHOES|PERFUMESNEW|BASICS,3.8
1994,50,3990.0,4990.0,KNITWEAR|ACCESSORIES_JEWELLERY,4.6
1995,26,2590.0,4090.0,WAISTCOATS_GILETS,4.2
1996,24,3290.0,3990.0,WAISTCOATS_GILETS,4.6
1997,46,890.0,2590.0,JACKETS|SPECIAL PRICES|WAISTCOATS_GILETS,3.8
1998,35,2990.0,4490.0,JACKETS,4.1
1999,40,1590.0,4990.0,WAISTCOATS_GILETS|BAGS,4.2
2000,41,990.0,17990.0,WORKWEARNEW,4.3
2001,39,990.0,2990.0,JEANS|KNITWEAR,3.9
2002,49,1990.0,3490.0,TOPS_BODYSUITS,3.7
2003,49,3290.0,3990.0,SHIRTS|ACCESSORIES_JEWELLERY,4.3
2004,37,2590.0,3290.0,BAGS,3.9
2005,55,3990.0,5990.0,SKIRTS|CO-ORD SETS,4.3
2006,34,2290.0,5990.0,SPECIAL PRICES|BAGS,4.3
2007,44,4990.0,8590.0,SPECIAL PRICES|ACCESSORIES_JEWELLERY,4.5
2008,21,1990.0,3290.0,SPECIAL PRICES|ACCESSORIES_JEWELLERY,4.3
2009,24,2290.0,3290.0,TOPS_BODYSUITS|SHIRTS|LOUNGEWEARNEW,3.9
2010,33,2990.0,5990.0,TOPS_BODYSUITS,4.1
2011,49,1590.0,4990.0,ACCESSORIES_JEWELLERY|SPECIAL PRICES|LOUNGEWEARNEW,3.8
2012,50,3290.0,4990.0,JACKETS,4.2
2013,43,3290.0,5990.0,BEAUTY,4.2
2014,43,2990.0,4490.0,SPECIAL PRICES|ACCESSORIES_JEWELLERY|WORKWEARNEW,4.1
2015,36,1990.0,3990.0,SKIRTS|SPECIAL PRICES,3.7
2016,31,4990.0,6490.0,TOPS_BODYSUITS|SHORTS_SKORTS,3.8
2017,45,3990.0,5590.0,KNITWEAR|T-SHIRTS_SWEATSHIRTS|TOPS_BODYSUITS,4.1
2018,25,1890.0,5990.0,WAISTCOATS_GILETS|LOUNGEWEARNEW|BAGS,4.2
2019,44,2990.0,4490.0,BEAUTY|PERFUMESNEW,4.5
2020,35,690.0,2590.0,SKIRTS|BLAZERS,4.4
2021,37,2890.0,4390.0,TOPS_BODYSUITS|DRESSES_JUMPSUITS,3.7
2022,29,3290.0,5990.0,BEAUTY|WAISTCOATS_GILETS,4.4
2023,38,2990.0,4490.0,BEAUTY,3.8
2024,27,2990.0,5990.0,BLAZERS,4.5
2025,25,1090.0,4990.0,PERFUMESNEW|BAGS,3.7
2026,18,2290.0,2990.0,WORKWEARNEW|JEANS,3.8
2027,26,3290.0,3990.0,JEANS,3.7
2028,43,2990.0,4490.0,TROUSERS|SHIRTS,3.6
2029,31,2290.0,3790.0,T-SHIRTS_SWEATSHIRTS,4.7
2030,45,2590.0,3290.0,TOPS_BODYSUITS|SPECIAL PRICES,4.7
2031,42,3290.0,5990.0,WAISTCOATS_GILETS,4.4
2032,37,2890.0,4390.0,WORKWEARNEW,4.6
2033,40,2590.0,4090.0,JEANS|SHIRTS|KNITWEAR,3.6
2034,22,1990.0,3290.0,T-SHIRTS_SWEATSHIRTS,4.7
2035,42,3290.0,3990.0,KNITWEAR,4.3
2036,41,2590.0,4990.0,WAISTCOATS_GILETS,4.2
2037,20,2290.0,7990.0,LOUNGEWEARNEW,4.2
2038,48,2290.0,3790.0,BASICS,3.7
2039,23,2990.0,4490.0,JEANS|SPECIAL PRICES|TOPS_BODYSUITS,4.6
2040,21,2990.0,3990.0,T-SHIRTS_SWEATSHIRTS|ACCESSORIES_JEWELLERY,4.2
2041,27,4990.0,5990.0,ACCESSORIES_JEWELLERY|BAGS,4.1
2042,52,3290.0,4990.0,WORKWEARNEW|LOUNGEWEARNEW,3.9
2043,55,2590.0,3290.0,BLAZERS|CO-ORD SETS|WORKWEARNEW,4.6
2044,40,990.0,4990.0,LOUNGEWEARNEW,3.8
2045,23,1990.0,3290.0,SKIRTS|TOPS_BODYSUITS,4.6
2046,21,990.0,5990.0,BEAUTY,3.7
2047,42,3290.0,11990.0,SKIRTS,4.1
2048,20,2290.0,3290.0,SHORTS_SKORTS|SHOES,4.3
2049,48,2590.0,3290.0,SHIRTS|WAISTCOATS_GILETS,3.6
2050,33,3290.0,4990.0,BASICS|SHOES,4.4
2051,23,790.0,1990.0,BAGS,4.3
2052,45,3290.0,4790.0,SHOES,3.6
2053,48,1990.0,2990.0,PERFUMESNEW,4.5
2054,47,690.0,2290.0,BLAZERS,3.7
2055,42,2290.0,4990.0,BASICS|KNITWEAR,4.1
2056,45,3290.0,3990.0,BLAZERS|BEAUTY,4.1
2057,32,2990.0,7590.0,BLAZERS|SKIRTS,3.7
2058,31,5590.0,7090.0,JEANS|BEAUTY|LOUNGEWEARNEW,4.6
2059,19,3290.0,5990.0,SHOES|TOPS_BODYSUITS,4.0
2060,40,2890.0,5990.0,SKIRTS,4.4
2061,54,4990.0,6490.0,SPECIAL PRICES,4.4
2062,31,1590.0,4990.0,BEAUTY|SKIRTS,4.6
2063,26,2990.0,4990.0,WAISTCOATS_GILETS|T-SHIRTS_SWEATSHIRTS,3.9
2064,48,2990.0,4490.0,DRESSES_JUMPSUITS|ACCESSORIES_JEWELLERY,4.2
2065,23,2990.0,3990.0,TOPS_BODYSUITS,4.6
2066,36,3290.0,4790.0,TROUSERS,4.0
2067,50,1590.0,4990.0,WORKWEARNEW|BLAZERS,4.5
2068,50,1590.0,4990.0,PERFUMESNEW,4.5
2069,53,1890.0,6990.0,LOUNGEWEARNEW,4.0
2070,28,950.0,3290.0,JACKETS,4.5
2071,54,2290.0,3290.0,TOPS_BODYSUITS,4.7
2072,53,3290.0,4990.0,TOPS_BODYSUITS|SHIRTS|SPECIAL PRICES,4.1
2073,40,2290.0,4990.0,SHIRTS,4.3
2074,39,2590.0,4990.0,BASICS,3.5
2075,50,3290.0,3990.0,SHOES|DRESSES_JUMPSUITS|TOPS_BODYSUITS,4.5
2076,35,1890.0,4990.0,ACCESSORIES_JEWELLERY,3.7
2077,32,2990.0,3990.0,SHORTS_SKORTS|BAGS,4.1
2078,26,3990.0,4990.0,BAGS,3.6
2079,28,2590.0,4090.0,BLAZERS,3.9
2080,53,1890.0,2890.0,KNITWEAR,4.4
2081,50,3290.0,4990.0,SHIRTS|T-SHIRTS_SWEATSHIRTS,4.5
2082,28,2990.0,4990.0,SHORTS_SKORTS,3.6
2083,55,2590.0,4990.0,ACCESSORIES_JEWELLERY|BAGS,4.1
2084,48,1790.0,2990.0,DRESSES_JUMPSUITS,3.8
2085,53,1990.0,4990.0,JACKETS,3.9
2086,24,1890.0,3990.0,T-SHIRTS_SWEATSHIRTS,3.6
2087,41,3290.0,4990.0,ACCESSORIES_JEWELLERY|SHOES,4.3
2088,42,690.0,2290.0,JEANS|KNITWEAR,4.5
2089,49,1990.0,4990.0,CO-ORD SETS|SHORTS_SKORTS,3.7
2090,40,490.0,1590.0,JEANS|WAISTCOATS_GILETS|TOPS_BODYSUITS,4.0
2091,27,3290.0,4990.0,BAGS|PERFUMESNEW,4.6
2092,29,2590.0,5990.0,ACCESSORIES_JEWELLERY,4.0
2093,44,3290.0,4990.0,WAISTCOATS_GILETS|CO-ORD SETS,3.6
2094,45,2590.0,3990.0,SHIRTS,4.2
2095,42,1890.0,3990.0,BASICS|BEAUTY,4.3
2096,43,2290.0,4990.0,JEANS|BEAUTY,3.8
2097,32,1590.0,2590.0,SHORTS_SKORTS|BAGS,3.8
2098,19,1590.0,2990.0,BLAZERS|TOPS_BODYSUITS|SHIRTS,3.7
2099,20,3990.0,5990.0,ACCESSORIES_JEWELLERY|SPECIAL PRICES,4.0
2100,44,1990.0,3290.0,PERFUMESNEW,4.4
2101,44,3290.0,5990.0,BLAZERS,3.6
2102,29,3290.0,4790.0,JACKETS,4.0
2103,24,3990.0,4990.0,BAGS|SHOES,3.5
2104,51,3990.0,5490.0,SHOES,4.5
2105,19,3290.0,8590.0,SKIRTS|SHORTS_SKORTS|PERFUMESNEW,4.6
2106,48,2990.0,3990.0,T-SHIRTS_SWEATSHIRTS|LOUNGEWEARNEW,3.8
2107,18,2990.0,4490.0,SKIRTS|WAISTCOATS_GILETS,3.7
2108,40,2990.0,5990.0,BAGS|TOPS_BODYSUITS,3.8
2109,25,3290.0,4790.0,WORKWEARNEW,4.2
2110,19,2290.0,17990.0,JEANS|LOUNGEWEARNEW,3.8
2111,22,5990.0,7490.0,SHIRTS|JACKETS,3.6
2112,37,1890.0,3290.0,SHOES|CO-ORD SETS,3.7
2113,20,2990.0,4990.0,BAGS|DRESSES_JUMPSUITS,4.0
2114,24,2290.0,2990.0,DRESSES_JUMPSUITS,4.6
2115,42,2590.0,3290.0,WAISTCOATS_GILETS,3.8
2116,49,3290.0,3990.0,JACKETS,4.5
2117,27,2590.0,3290.0,DRESSES_JUMPSUITS,3.6
2118,50,990.0,2990.0,JACKETS|KNITWEAR,4.4
2119,39,2590.0,7590.0,ACCESSORIES_JEWELLERY|SPECIAL PRICES,4.1
2120,38,490.0,4990.0,SHORTS_SKORTS,4.5
2121,52,2990.0,5990.0,T-SHIRTS_SWEATSHIRTS|WAISTCOATS_GILETS,3.8
2122,37,1990.0,4990.0,SHOES,4.2
2123,30,2290.0,3790.0,ACCESSORIES_JEWELLERY|SHIRTS,4.5
2124,51,2590.0,4090.0,SHIRTS,3.8
2125,39,3290.0,4990.0,LOUNGEWEARNEW,4.0
2126,25,690.0,4990.0,T-SHIRTS_SWEATSHIRTS,4.1
2127,54,2590.0,8590.0,ACCESSORIES_JEWELLERY|SKIRTS,4.3
2128,37,4990.0,9990.0,BLAZERS,3.6
2129,51,3290.0,4990.0,LOUNGEWEARNEW|JEANS,3.8
2130,47,3290.0,4990.0,ACCESSORIES_JEWELLERY,4.3
2131,29,3290.0,5590.0,BLAZERS|SPECIAL PRICES|SHIRTS,3.5
2132,38,2590.0,3990.0,CO-ORD SETS|SHOES,3.5
2133,36,2290.0,2990.0,TOPS_BODYSUITS|DRESSES_JUMPSUITS|T-SHIRTS_SWEATSHIRTS,4.4
2134,30,4990.0,5590.0,BAGS,4.1
2135,18,1990.0,2990.0,BEAUTY|PERFUMESNEW,3.5
2136,24,2590.0,5990.0,SHORTS_SKORTS,4.1
2137,30,1990.0,3290.0,SHORTS_SKORTS|BASICS,4.3
2138,49,2890.0,3990.0,PERFUMESNEW,3.6
2139,18,3290.0,4790.0,KNITWEAR,4.7
2140,49,1290.0,2590.0,WAISTCOATS_GILETS|SHOES,4.5
2141,29,2590.0,4990.0,SHIRTS,3.9
2142,31,3290.0,4990.0,LOUNGEWEARNEW,4.0
2143,32,2590.0,5990.0,SPECIAL PRICES,4.1
2144,19,1990.0,5990.0,BLAZERS|SKIRTS,3.9
2145,55,4990.0,6490.0,JEANS,3.7
2146,37,2890.0,4390.0,KNITWEAR,3.6
2147,21,2590.0,4090.0,JACKETS,4.3
2148,24,2590.0,4090.0,LOUNGEWEARNEW|CO-ORD SETS,3.8
2149,26,990.0,5990.0,BAGS,3.7
2150,39,1890.0,3390.0,WAISTCOATS_GILETS|BEAUTY|TOPS_BODYSUITS,4.4
2151,53,2990.0,4990.0,TOPS_BODYSUITS|BASICS,4.6
2152,18,2290.0,3290.0,PERFUMESNEW|SHORTS_SKORTS,4.1
2153,35,2990.0,4490.0,SHORTS_SKORTS|JACKETS,4.3
2154,44,1590.0,3290.0,WORKWEARNEW,3.5
2155,33,2990.0,5990.0,JACKETS,4.5
2156,32,1990.0,3990.0,SHORTS_SKORTS,4.4
2157,20,3990.0,5990.0,SKIRTS|BASICS|TOPS_BODYSUITS,4.2
2158,22,4990.0,5990.0,JEANS|BAGS|CO-ORD SETS,4.1
2159,46,2990.0,4490.0,JEANS|DRESSES_JUMPSUITS|WORKWEARNEW,4.2
2160,45,990.0,3990.0,ACCESSORIES_JEWELLERY,4.1
2161,54,2290.0,2990.0,SHORTS_SKORTS,4.3
2162,24,2290.0,5590.0,PERFUMESNEW|SKIRTS,4.1
2163,42,3290.0,9590.0,BASICS|SPECIAL PRICES,4.5
2164,23,2590.0,3290.0,SKIRTS|ACCESSORIES_JEWELLERY,3.8
2165,42,2890.0,4990.0,SKIRTS|SPECIAL PRICES|KNITWEAR,3.8
2166,50,3290.0,4790.0,BEAUTY,3.9
2167,30,3290.0,4990.0,KNITWEAR,4.5
2168,53,2590.0,4990.0,ACCESSORIES_JEWELLERY,4.2
2169,26,2990.0,4490.0,DRESSES_JUMPSUITS|KNITWEAR,3.6
2170,29,3290.0,4990.0,JEANS,3.5
2171,22,3990.0,4990.0,SHOES|DRESSES_JUMPSUITS|BASICS,4.1
2172,45,2290.0,3990.0,SHIRTS|DRESSES_JUMPSUITS,4.3
2173,18,1990.0,3490.0,WORKWEARNEW,4.5
2174,37,2990.0,5990.0,TROUSERS,4.6
2175,33,1890.0,4990.0,BAGS,4.3
2176,30,1890.0,4990.0,TROUSERS|SPECIAL PRICES,3.9
2177,48,4990.0,5990.0,DRESSES_JUMPSUITS,3.9
2178,32,2990.0,4490.0,BEAUTY|BASICS,4.1
2179,52,2290.0,2990.0,T-SHIRTS_SWEATSHIRTS,4.5
2180,51,1990.0,7590.0,BASICS|JEANS|BEAUTY,3.7
2181,21,3290.0,4990.0,SPECIAL PRICES,4.4
2182,51,950.0,2590.0,SHOES,4.2
2183,19,1990.0,3290.0,DRESSES_JUMPSUITS,3.6
2184,26,2990.0,3990.0,JACKETS|WAISTCOATS_GILETS,4.6
2185,35,3290.0,3990.0,SHOES,3.5
2186,48,3290.0,5990.0,JACKETS|BASICS|KNITWEAR,4.3
2187,44,3290.0,4990.0,BLAZERS|KNITWEAR,4.2
2188,31,1890.0,3290.0,JEANS|BLAZERS,3.5
2189,39,2590.0,4090.0,TROUSERS,4.3
2190,20,1890.0,3290.0,ACCESSORIES_JEWELLERY|SKIRTS,4.3
2191,44,2890.0,4390.0,CO-ORD SETS|SKIRTS,4.4
2192,20,3290.0,4990.0,T-SHIRTS_SWEATSHIRTS|SPECIAL PRICES,3.9
2193,28,2590.0,4990.0,SPECIAL PRICES|TOPS_BODYSUITS,4.4
2194,24,3290.0,4790.0,SHOES,3.9
2195,18,2590.0,4990.0,WORKWEARNEW,3.8
2196,47,3290.0,3990.0,BLAZERS,3.6
2197,53,1590.0,2990.0,T-SHIRTS_SWEATSHIRTS,4.4
2198,29,2990.0,3990.0,TROUSERS|WORKWEARNEW|SHORTS_SKORTS,4.6
2199,52,3290.0,8990.0,KNITWEAR,4.5
2200,34,4990.0,5990.0,ACCESSORIES_JEWELLERY|BAGS|BASICS,4.1
2201,26,1590.0,6990.0,PERFUMESNEW,4.3
2202,23,3290.0,5590.0,DRESSES_JUMPSUITS|SPECIAL PRICES|SHIRTS,4.4
2203,43,3290.0,7590.0,KNITWEAR|BAGS,4.5
2204,25,690.0,3990.0,SKIRTS,3.7
2205,29,1290.0,4990.0,BEAUTY|DRESSES_JUMPSUITS|TOPS_BODYSUITS,4.4
2206,43,1890.0,3290.0,TOPS_BODYSUITS|JACKETS,4.4
2207,55,2290.0,3290.0,DRESSES_JUMPSUITS,3.8
2208,51,2990.0,4490.0,JEANS|SHOES,4.2
2209,23,3290.0,4790.0,BASICS|JEANS,3.5
2210,45,2590.0,3290.0,SHOES|SHIRTS,4.5
2211,55,2990.0,3990.0,BASICS,4.0
2212,40,4990.0,5990.0,SPECIAL PRICES|PERFUMESNEW,3.8
2213,25,2290.0,3290.0,SKIRTS,3.9
2214,18,1290.0,3290.0,SKIRTS|JEANS|BAGS,3.7
2215,45,3990.0,8590.0,SHIRTS|LOUNGEWEARNEW|SHORTS_SKORTS,4.4
2216,49,3290.0,4990.0,ACCESSORIES_JEWELLERY|SKIRTS|WORKWEARNEW,4.2
2217,28,2590.0,7590.0,JACKETS|SHOES,4.1
2218,43,3290.0,4790.0,SPECIAL PRICES|TOPS_BODYSUITS,4.1
2219,49,2890.0,4990.0,BASICS|SHORTS_SKORTS,4.1
2220,20,2990.0,4490.0,T-SHIRTS_SWEATSHIRTS,3.8
2221,55,1890.0,3290.0,KNITWEAR|JACKETS,3.8
2222,27,2290.0,9590.0,SHIRTS,4.4
2223,37,3990.0,5490.0,SHIRTS|SKIRTS,3.5
2224,49,1990.0,2990.0,LOUNGEWEARNEW|SHOES,4.4
2225,40,2990.0,5990.0,BASICS,3.7
2226,53,2990.0,4490.0,PERFUMESNEW,4.2
2227,20,2990.0,4490.0,SHORTS_SKORTS|WORKWEARNEW,4.0
2228,37,3290.0,4990.0,SHORTS_SKORTS|SPECIAL PRICES|SHIRTS,4.2
2229,47,2590.0,5590.0,BASICS,4.3
2230,18,2290.0,3990.0,LOUNGEWEARNEW|CO-ORD SETS,3.7
2231,35,2990.0,4490.0,DRESSES_JUMPSUITS|WORKWEARNEW,3.6
2232,24,2290.0,2890.0,JACKETS,3.7
2233,41,5590.0,7090.0,SHIRTS,4.1
2234,34,3290.0,4990.0,SHOES,4.2
2235,28,2590.0,4090.0,TOPS_BODYSUITS,4.1
2236,26,2290.0,5990.0,PERFUMESNEW,4.6
2237,55,2290.0,4990.0,BAGS|JEANS|TOPS_BODYSUITS,4.2
2238,21,2590.0,4090.0,SHORTS_SKORTS|ACCESSORIES_JEWELLERY,3.6
2239,52,2590.0,3290.0,PERFUMESNEW,4.4
2240,47,3290.0,4790.0,BASICS,4.1
2241,41,4990.0,6490.0,WAISTCOATS_GILETS,4.7
2242,27,2890.0,4390.0,BASICS|ACCESSORIES_JEWELLERY,4.5
2243,35,2590.0,5990.0,WAISTCOATS_GILETS,3.8
2244,47,1590.0,2990.0,JEANS,4.5
2245,36,1990.0,4990.0,TROUSERS,4.0
2246,55,1990.0,3990.0,TROUSERS,3.6
2247,42,3290.0,5990.0,T-SHIRTS_SWEATSHIRTS|SHORTS_SKORTS,3.7
2248,42,1890.0,5990.0,DRESSES_JUMPSUITS,3.8
2249,52,3290.0,3990.0,CO-ORD SETS|WAISTCOATS_GILETS,4.5
2250,43,2890.0,4990.0,CO-ORD SETS,4.4
2251,24,990.0,2590.0,SKIRTS,4.2
2252,21,1890.0,2590.0,SPECIAL PRICES|LOUNGEWEARNEW,3.5
2253,24,2890.0,3990.0,SHIRTS|ACCESSORIES_JEWELLERY,4.0
2254,40,3290.0,4990.0,BEAUTY|SKIRTS|KNITWEAR,4.6
2255,52,990.0,4990.0,BEAUTY|SKIRTS|SHIRTS,4.0
2256,44,2990.0,4490.0,BASICS|SHOES|T-SHIRTS_SWEATSHIRTS,3.6
2257,23,3290.0,3990.0,JEANS,3.9
2258,54,3290.0,4990.0,T-SHIRTS_SWEATSHIRTS|BLAZERS,4.6
2259,27,2890.0,4390.0,T-SHIRTS_SWEATSHIRTS|BEAUTY,4.5
2260,38,2990.0,4490.0,JEANS|BAGS,4.6
2261,19,2590.0,3290.0,BLAZERS,4.4
2262,50,3290.0,3990.0,SHIRTS|JEANS|BLAZERS,3.9
2263,41,3290.0,7590.0,BLAZERS|T-SHIRTS_SWEATSHIRTS,4.0
2264,30,1990.0,2990.0,SKIRTS,4.6
2265,33,3990.0,7590.0,LOUNGEWEARNEW|PERFUMESNEW,4.5
2266,27,1590.0,4990.0,T-SHIRTS_SWEATSHIRTS|JEANS,3.6
2267,35,2990.0,3990.0,KNITWEAR|TOPS_BODYSUITS,4.0
2268,23,2990.0,4490.0,SHOES|BASICS,4.2
2269,41,2990.0,4990.0,BLAZERS,4.0
2270,35,3290.0,4790.0,BAGS|LOUNGEWEARNEW,3.6
2271,48,4990.0,6490.0,SKIRTS|BLAZERS|KNITWEAR,4.0
2272,53,2990.0,4990.0,LOUNGEWEARNEW,4.6
2273,51,3290.0,3990.0,SHIRTS|BLAZERS,3.7
2274,43,4990.0,6490.0,JEANS|ACCESSORIES_JEWELLERY,4.7
2275,52,790.0,3290.0,TROUSERS|LOUNGEWEARNEW,4.2
2276,20,4990.0,6490.0,BEAUTY|SKIRTS,4.5
2277,55,4990.0,6990.0,SHOES|BEAUTY,4.3
2278,51,2590.0,4990.0,KNITWEAR|BAGS,4.2
2279,49,2590.0,4090.0,SKIRTS,4.4
2280,49,3290.0,4790.0,BLAZERS|SHOES|PERFUMESNEW,3.8
2281,34,2490.0,5990.0,PERFUMESNEW,4.5
2282,28,3990.0,4990.0,SHOES,4.3
2283,23,2590.0,4990.0,LOUNGEWEARNEW|SKIRTS,4.3
2284,29,2990.0,4990.0,KNITWEAR|SPECIAL PRICES|BLAZERS,3.5
2285,25,3290.0,7990.0,SHORTS_SKORTS,4.5
2286,54,3290.0,7590.0,BAGS,4.2
2287,34,3290.0,3990.0,ACCESSORIES_JEWELLERY|SPECIAL PRICES,4.1
2288,44,2990.0,5990.0,LOUNGEWEARNEW|T-SHIRTS_SWEATSHIRTS,4.1
2289,55,4990.0,6490.0,SHORTS_SKORTS|TROUSERS,4.5
2290,47,2590.0,4990.0,ACCESSORIES_JEWELLERY|BAGS,3.6
2291,50,3290.0,4990.0,SHOES|ACCESSORIES_JEWELLERY,4.4
2292,43,2990.0,4990.0,DRESSES_JUMPSUITS,3.7
2293,42,1090.0,2990.0,SHIRTS|WORKWEARNEW,4.3
2294,24,2990.0,5590.0,KNITWEAR|TOPS_BODYSUITS,4.2
2295,47,3290.0,4790.0,BASICS,3.5
2296,19,2290.0,2890.0,BEAUTY|ACCESSORIES_JEWELLERY,3.7
2297,47,2590.0,3290.0,WAISTCOATS_GILETS|SHOES|ACCESSORIES_JEWELLERY,4.6
2298,55,2890.0,4390.0,ACCESSORIES_JEWELLERY|PERFUMESNEW,3.8
2299,45,1590.0,4990.0,JEANS|JACKETS,4.0
2300,47,3290.0,5990.0,SHIRTS|SPECIAL PRICES|TOPS_BODYSUITS,4.1
2301,24,4990.0,5990.0,DRESSES_JUMPSUITS|TOPS_BODYSUITS,3.9
2302,24,2290.0,3990.0,WORKWEARNEW,4.3
2303,53,3290.0,10990.0,PERFUMESNEW|TOPS_BODYSUITS,4.6
2304,26,2990.0,8590.0,WORKWEARNEW,4.5
2305,34,1990.0,3290.0,BASICS|DRESSES_JUMPSUITS,4.5
2306,34,4990.0,6490.0,ACCESSORIES_JEWELLERY|BLAZERS,4.2
2307,51,3990.0,4990.0,BAGS,4.1
2308,41,3990.0,5990.0,BLAZERS|LOUNGEWEARNEW,3.8
2309,51,3290.0,5990.0,WAISTCOATS_GILETS,4.4
2310,24,1590.0,2590.0,BAGS,4.6
2311,23,4990.0,5990.0,WAISTCOATS_GILETS|PERFUMESNEW,4.2
2312,53,3290.0,3990.0,BLAZERS,4.5
2313,40,2890.0,5590.0,T-SHIRTS_SWEATSHIRTS,3.6
2314,29,3990.0,4990.0,SHIRTS|PERFUMESNEW,3.8
2315,44,2290.0,4990.0,SHOES|KNITWEAR|JEANS,3.6
2316,45,1590.0,3990.0,SHORTS_SKORTS,3.8
2317,21,2990.0,4490.0,WORKWEARNEW,3.7
2318,42,3290.0,5990.0,SPECIAL PRICES,4.3
2319,46,1590.0,4990.0,TROUSERS|SHOES,3.6
2320,30,2590.0,3290.0,BLAZERS,3.6
2321,22,2290.0,4990.0,BASICS,4.4
2322,48,3990.0,4990.0,SHOES|JEANS,3.8
2323,37,5990.0,7490.0,JEANS|SHORTS_SKORTS|SHOES,4.0
2324,45,1790.0,3290.0,BASICS,4.6
2325,44,2590.0,3290.0,CO-ORD SETS,4.3
2326,29,2990.0,6990.0,JEANS|PERFUMESNEW,3.7
2327,19,1590.0,2590.0,CO-ORD SETS|SHORTS_SKORTS,4.3
2328,27,4990.0,5990.0,TROUSERS|KNITWEAR|LOUNGEWEARNEW,4.7
2329,30,2990.0,5990.0,BAGS|CO-ORD SETS,4.4
2330,47,3290.0,4990.0,CO-ORD SETS,4.5
2331,32,3290.0,3990.0,T-SHIRTS_SWEATSHIRTS|BAGS|BLAZERS,3.6
2332,51,2990.0,5990.0,ACCESSORIES_JEWELLERY,4.1
2333,46,4990.0,8590.0,WORKWEARNEW|SPECIAL PRICES,3.5
2334,29,2290.0,3290.0,WAISTCOATS_GILETS,4.0
2335,43,3290.0,4790.0,CO-ORD SETS|WAISTCOATS_GILETS,3.5
2336,40,4990.0,5990.0,WAISTCOATS_GILETS|TROUSERS,4.3
2337,34,3290.0,5990.0,WAISTCOATS_GILETS|TROUSERS,4.2
2338,42,1990.0,2990.0,ACCESSORIES_JEWELLERY|BASICS,4.4
2339,24,2290.0,3790.0,SPECIAL PRICES,4.2
2340,47,2990.0,4490.0,T-SHIRTS_SWEATSHIRTS|CO-ORD SETS|TOPS_BODYSUITS,4.4
2341,47,2590.0,3290.0,TOPS_BODYSUITS|JEANS,4.2
2342,43,5990.0,7990.0,BEAUTY,4.6
2343,54,2290.0,5990.0,LOUNGEWEARNEW|PERFUMESNEW,4.7
2344,32,1590.0,2290.0,WORKWEARNEW|LOUNGEWEARNEW,4.6
2345,53,2290.0,3990.0,PERFUMESNEW,4.7
2346,26,3290.0,4990.0,BEAUTY|SHIRTS|PERFUMESNEW,3.7
2347,37,3290.0,5990.0,DRESSES_JUMPSUITS|T-SHIRTS_SWEATSHIRTS|SHORTS_SKORTS,4.6
2348,51,3290.0,4990.0,WORKWEARNEW|JEANS,4.6
2349,28,2590.0,5990.0,KNITWEAR,4.0
2350,39,2290.0,3290.0,KNITWEAR,3.9
2351,23,5990.0,7590.0,JACKETS,4.4
2352,55,1890.0,3290.0,JACKETS,3.8
2353,24,1890.0,2990.0,LOUNGEWEARNEW|SHIRTS|T-SHIRTS_SWEATSHIRTS,4.5
2354,38,2590.0,4090.0,JACKETS|PERFUMESNEW,4.6
2355,54,4990.0,6490.0,SHIRTS|ACCESSORIES_JEWELLERY,4.4
2356,42,1590.0,5590.0,KNITWEAR,3.9
2357,28,2890.0,4390.0,SHIRTS|PERFUMESNEW|WORKWEARNEW,4.7
2358,23,3990.0,8590.0,SHORTS_SKORTS|PERFUMESNEW,4.3
2359,54,2990.0,4490.0,KNITWEAR,4.4
2360,18,2990.0,4490.0,SHORTS_SKORTS,4.5
2361,28,2590.0,4990.0,WAISTCOATS_GILETS|BASICS,4.7
2362,37,2590.0,3290.0,TOPS_BODYSUITS|BASICS,4.0
2363,30,2290.0,4990.0,TOPS_BODYSUITS|JEANS,4.4
2364,48,1990.0,2590.0,WAISTCOATS_GILETS,4.6
2365,27,3290.0,9590.0,BASICS,3.7
2366,33,2990.0,17990.0,CO-ORD SETS,3.9
2367,53,2990.0,3990.0,BLAZERS|BEAUTY,3.6
2368,26,3290.0,4990.0,CO-ORD SETS,3.8
2369,52,2290.0,5990.0,BAGS,4.0
2370,54,3290.0,4990.0,SHOES,3.6
2371,21,3290.0,3990.0,DRESSES_JUMPSUITS|JEANS|SHOES,4.1
2372,42,3290.0,3990.0,SHORTS_SKORTS,4.3
2373,29,2890.0,4990.0,SHORTS_SKORTS,4.7
2374,40,3990.0,4990.0,LOUNGEWEARNEW|SHIRTS,4.2
2375,32,2990.0,4990.0,WAISTCOATS_GILETS,3.6
2376,23,2590.0,3290.0,DRESSES_JUMPSUITS|BAGS,4.0
2377,50,1590.0,3090.0,LOUNGEWEARNEW|BAGS|TROUSERS,3.7
2378,31,4990.0,5990.0,CO-ORD SETS|KNITWEAR,4.0
2379,42,5990.0,7490.0,SHORTS_SKORTS|BASICS,4.1
2380,34,1590.0,3290.0,WAISTCOATS_GILETS,4.3
2381,54,3290.0,5990.0,BAGS|PERFUMESNEW|JACKETS,3.9
2382,21,4990.0,6490.0,ACCESSORIES_JEWELLERY,4.4
2383,24,2590.0,3290.0,DRESSES_JUMPSUITS,4.7
2384,52,2990.0,4490.0,BLAZERS|WAISTCOATS_GILETS,4.1
2385,29,3290.0,8990.0,SPECIAL PRICES,4.4
2386,43,2990.0,4490.0,SKIRTS,3.6
2387,44,3290.0,4990.0,CO-ORD SETS,3.7
2388,46,3290.0,5590.0,JACKETS,3.7
2389,51,2290.0,3290.0,TOPS_BODYSUITS,3.7
2390,45,3290.0,4990.0,SPECIAL PRICES,3.8
2391,51,1590.0,3090.0,PERFUMESNEW|TOPS_BODYSUITS|T-SHIRTS_SWEATSHIRTS,4.4
2392,48,2290.0,4990.0,BAGS|SHOES,4.6
2393,44,2590.0,3290.0,JACKETS|PERFUMESNEW,4.6
2394,41,2590.0,3290.0,BLAZERS|CO-ORD SETS,4.5
2395,53,4990.0,6490.0,JACKETS,4.1
2396,33,990.0,3290.0,SHIRTS,3.6
2397,41,2590.0,5990.0,SHOES|DRESSES_JUMPSUITS,3.5
2398,21,2590.0,4090.0,LOUNGEWEARNEW,4.4
2399,24,2990.0,4490.0,TOPS_BODYSUITS,3.6
2400,42,2990.0,4490.0,ACCESSORIES_JEWELLERY,4.5
2401,47,990.0,6990.0,CO-ORD SETS,3.9
2402,21,2290.0,2990.0,DRESSES_JUMPSUITS,4.6
2403,47,3290.0,7990.0,LOUNGEWEARNEW,3.9
2404,21,3990.0,4990.0,T-SHIRTS_SWEATSHIRTS|BAGS,3.8
2405,43,3990.0,4990.0,TOPS_BODYSUITS,4.4
2406,20,3290.0,4790.0,DRESSES_JUMPSUITS,4.5
2407,46,2590.0,3290.0,BEAUTY|SHOES,4.4
2408,20,3990.0,4990.0,BASICS,4.1
2409,27,2990.0,4990.0,TOPS_BODYSUITS|TROUSERS,4.1
2410,35,2890.0,4390.0,WAISTCOATS_GILETS,4.4
2411,36,2590.0,3990.0,T-SHIRTS_SWEATSHIRTS,3.6
2412,36,3290.0,4790.0,TROUSERS,3.8
2413,28,1890.0,3290.0,TROUSERS|SHORTS_SKORTS,3.6
2414,43,2990.0,3990.0,TOPS_BODYSUITS,3.6
2415,30,2890.0,4390.0,JACKETS,4.7
2416,31,1890.0,3290.0,JACKETS,3.7
2417,29,3290.0,7590.0,CO-ORD SETS,3.6
2418,50,2590.0,3290.0,KNITWEAR|PERFUMESNEW,3.8
2419,49,2590.0,5590.0,WAISTCOATS_GILETS|SKIRTS|TROUSERS,3.9
2420,36,2590.0,3290.0,SHORTS_SKORTS,4.5
2421,42,1990.0,5990.0,SHORTS_SKORTS|TROUSERS,4.1
2422,39,2290.0,5590.0,WAISTCOATS_GILETS|PERFUMESNEW|T-SHIRTS_SWEATSHIRTS,3.8
2423,40,1590.0,2590.0,BLAZERS|ACCESSORIES_JEWELLERY|PERFUMESNEW,4.2
2424,26,2990.0,5990.0,TROUSERS,3.9
2425,27,2890.0,4390.0,BLAZERS,3.9
2426,50,3290.0,3990.0,TROUSERS,3.7
2427,19,2990.0,4490.0,BASICS,4.5
2428,33,3290.0,4990.0,TOPS_BODYSUITS|SHIRTS|WAISTCOATS_GILETS,3.6
2429,36,2290.0,3790.0,BASICS,4.1
2430,24,1890.0,4990.0,LOUNGEWEARNEW,3.9
2431,37,3290.0,4790.0,CO-ORD SETS,4.4
2432,54,2590.0,3990.0,SHIRTS,3.6
2433,23,1990.0,2990.0,T-SHIRTS_SWEATSHIRTS,4.1
2434,53,3290.0,4990.0,TOPS_BODYSUITS,3.7
2435,35,2290.0,5990.0,TROUSERS,4.6
2436,53,2990.0,8590.0,LOUNGEWEARNEW,3.7
2437,24,2990.0,3990.0,KNITWEAR|SHOES,4.0
2438,20,2590.0,4990.0,CO-ORD SETS,3.6
2439,42,3290.0,5990.0,WORKWEARNEW|BASICS|DRESSES_JUMPSUITS,3.7
2440,27,3990.0,5590.0,PERFUMESNEW|JACKETS,3.7
2441,30,2890.0,4390.0,BEAUTY|SHORTS_SKORTS,4.0
2442,43,2990.0,4990.0,T-SHIRTS_SWEATSHIRTS|KNITWEAR,4.5
2443,47,2990.0,4490.0,BEAUTY|KNITWEAR,4.2
2444,41,2290.0,3290.0,DRESSES_JUMPSUITS,4.0
2445,25,2590.0,4090.0,JEANS|PERFUMESNEW,3.7
2446,39,3990.0,4990.0,BAGS,4.6
2447,48,2590.0,4090.0,SHOES|SPECIAL PRICES,4.6
2448,22,1890.0,3290.0,TROUSERS|BASICS,3.6
2449,20,3290.0,4990.0,DRESSES_JUMPSUITS|TOPS_BODYSUITS,4.6
2450,45,1590.0,3290.0,BEAUTY,4.5
2451,27,3990.0,4990.0,PERFUMESNEW|SHORTS_SKORTS,4.4
2452,28,1890.0,4990.0,JACKETS|DRESSES_JUMPSUITS,3.6
2453,47,990.0,3990.0,LOUNGEWEARNEW,3.8
2454,54,2590.0,4090.0,PERFUMESNEW|KNITWEAR,3.9
2455,18,2890.0,4390.0,SHOES,3.8
2456,18,1890.0,2590.0,BAGS,4.1
2457,29,1090.0,3290.0,TROUSERS,4.5
2458,49,2990.0,4990.0,TOPS_BODYSUITS|KNITWEAR,4.4
2459,19,4990.0,6490.0,SKIRTS,3.6
2460,23,1990.0,3990.0,JEANS,4.5
2461,41,3290.0,3990.0,SPECIAL PRICES|TOPS_BODYSUITS,3.6
2462,54,2990.0,4490.0,SHORTS_SKORTS|DRESSES_JUMPSUITS,4.5
2463,21,990.0,5990.0,ACCESSORIES_JEWELLERY,3.5
2464,44,3290.0,5590.0,WORKWEARNEW,3.9
2465,38,4990.0,8590.0,LOUNGEWEARNEW,4.0
2466,41,3290.0,3990.0,SHORTS_SKORTS|PERFUMESNEW,4.6
2467,18,3290.0,8590.0,DRESSES_JUMPSUITS,4.5
2468,55,3290.0,3990.0,TOPS_BODYSUITS,4.2
2469,31,3290.0,3990.0,WORKWEARNEW,4.7
2470,39,3290.0,4790.0,KNITWEAR,4.0
2471,18,3290.0,4990.0,WORKWEARNEW,4.6
2472,47,1990.0,3290.0,BAGS|T-SHIRTS_SWEATSHIRTS,4.2
2473,45,1990.0,3290.0,BAGS|SPECIAL PRICES,3.6
2474,24,2990.0,4490.0,PERFUMESNEW,4.4
2475,34,2590.0,3290.0,TROUSERS|TOPS_BODYSUITS,4.5
2476,40,3290.0,4990.0,T-SHIRTS_SWEATSHIRTS,3.9
2477,23,3290.0,4990.0,CO-ORD SETS,4.5
2478,34,2990.0,5990.0,TROUSERS|BASICS,3.7
2479,38,2990.0,4490.0,WAISTCOATS_GILETS|CO-ORD SETS|SKIRTS,4.0
2480,34,3290.0,4990.0,JEANS,4.0
2481,49,2290.0,4990.0,BEAUTY|KNITWEAR,4.7
2482,48,2290.0,3290.0,BLAZERS,3.6
2483,43,1590.0,3290.0,TROUSERS,4.2
2484,32,5590.0,7090.0,WAISTCOATS_GILETS|SPECIAL PRICES,4.5
2485,25,3990.0,5990.0,WORKWEARNEW|SPECIAL PRICES|SHIRTS,4.0
2486,43,2590.0,3990.0,JACKETS,4.0
2487,36,4990.0,6490.0,WAISTCOATS_GILETS,4.4
2488,22,2990.0,4490.0,BEAUTY,3.8
2489,32,2590.0,3290.0,BEAUTY|T-SHIRTS_SWEATSHIRTS|SHIRTS,3.6
2490,37,3290.0,4990.0,SHORTS_SKORTS,3.8
2491,30,2590.0,5990.0,TOPS_BODYSUITS|BAGS,3.7
2492,47,890.0,2990.0,SHOES,3.9
2493,29,4990.0,7990.0,SHORTS_SKORTS|TROUSERS,3.8
2494,37,1590.0,3290.0,BEAUTY|DRESSES_JUMPSUITS|JEANS,3.8
2495,37,2890.0,4390.0,ACCESSORIES_JEWELLERY,4.4
2496,45,3290.0,3990.0,WAISTCOATS_GILETS|BLAZERS,3.6
2497,40,2590.0,5990.0,BLAZERS,3.7
2498,49,2590.0,4990.0,JACKETS|JEANS,4.0
2499,26,1990.0,4990.0,SHIRTS|TROUSERS,4.2
2500,23,3290.0,4790.0,PERFUMESNEW,4.7
2501,32,2990.0,4990.0,KNITWEAR|ACCESSORIES_JEWELLERY,4.4
2502,35,490.0,3290.0,SPECIAL PRICES|SKIRTS,4.3
2503,36,2590.0,4090.0,BEAUTY,4.4
2504,29,3990.0,4990.0,PERFUMESNEW,4.6
2505,35,4990.0,6490.0,T-SHIRTS_SWEATSHIRTS|JEANS,4.5
2506,28,4990.0,5990.0,BASICS|T-SHIRTS_SWEATSHIRTS|JACKETS,4.2
2507,25,4990.0,5990.0,BLAZERS|SHORTS_SKORTS,3.8
2508,45,2990.0,4490.0,PERFUMESNEW,4.1
2509,47,2990.0,5590.0,DRESSES_JUMPSUITS|T-SHIRTS_SWEATSHIRTS,3.7
2510,37,4990.0,6490.0,ACCESSORIES_JEWELLERY|BASICS,3.6
2511,20,1090.0,2990.0,SHORTS_SKORTS|SPECIAL PRICES,3.6
2512,51,2590.0,4990.0,SPECIAL PRICES,3.9
2513,21,3290.0,5990.0,BEAUTY|SHIRTS,4.2
2514,19,1590.0,3990.0,DRESSES_JUMPSUITS|CO-ORD SETS,4.0
2515,50,3290.0,4990.0,SKIRTS|KNITWEAR,4.0
2516,49,2290.0,3290.0,PERFUMESNEW|BASICS|BLAZERS,4.5
2517,40,2590.0,5990.0,BLAZERS,4.0
2518,28,2990.0,4990.0,TOPS_BODYSUITS|JEANS|DRESSES_JUMPSUITS,3.7
2519,50,2590.0,3290.0,SHOES,3.6
2520,43,3290.0,5990.0,SHIRTS|WAISTCOATS_GILETS,4.7
2521,40,2990.0,4990.0,DRESSES_JUMPSUITS,4.0
2522,53,2290.0,5990.0,KNITWEAR|BAGS,3.6
2523,26,1590.0,2290.0,ACCESSORIES_JEWELLERY|SPECIAL PRICES,4.0
2524,26,2990.0,5990.0,KNITWEAR|JACKETS,3.5
2525,31,3990.0,5990.0,SKIRTS,4.6
2526,39,2590.0,3290.0,ACCESSORIES_JEWELLERY,4.3
2527,30,2990.0,4490.0,ACCESSORIES_JEWELLERY|JACKETS,4.4
2528,41,1890.0,3290.0,KNITWEAR,4.3
2529,46,3290.0,5990.0,BAGS,4.1
2530,29,5590.0,7090.0,SKIRTS,4.4
2531,46,2290.0,8990.0,TOPS_BODYSUITS,4.3
2532,25,2290.0,3290.0,SHOES|SHORTS_SKORTS,4.5
2533,36,1590.0,4990.0,KNITWEAR|T-SHIRTS_SWEATSHIRTS|TROUSERS,4.4
2534,35,990.0,3290.0,BLAZERS|CO-ORD SETS,4.4
2535,42,3290.0,5990.0,CO-ORD SETS,4.3
2536,24,2590.0,3290.0,TROUSERS,3.8
2537,25,890.0,2890.0,ACCESSORIES_JEWELLERY,4.2
2538,50,1290.0,2290.0,LOUNGEWEARNEW,4.1
2539,50,2290.0,3990.0,T-SHIRTS_SWEATSHIRTS|SHOES|BAGS,4.3
2540,47,2590.0,3990.0,JEANS|KNITWEAR,4.1
2541,22,1890.0,3290.0,JEANS,3.8
2542,27,1990.0,5990.0,SKIRTS,3.9
2543,41,3290.0,5590.0,JEANS,4.1
2544,31,2890.0,5590.0,TROUSERS|WAISTCOATS_GILETS|ACCESSORIES_JEWELLERY,4.2
2545,24,2990.0,4490.0,SPECIAL PRICES,3.8
2546,44,2590.0,4090.0,BLAZERS,3.5
2547,19,3990.0,4990.0,LOUNGEWEARNEW|JEANS,3.6
2548,40,2990.0,4490.0,KNITWEAR|SHOES,4.6
2549,55,3990.0,4990.0,TROUSERS,3.6
2550,23,1290.0,3990.0,ACCESSORIES_JEWELLERY|BASICS,4.2
2551,31,2290.0,3790.0,WAISTCOATS_GILETS|ACCESSORIES_JEWELLERY,3.8
2552,21,2990.0,3990.0,T-SHIRTS_SWEATSHIRTS,4.0
2553,45,2990.0,4990.0,DRESSES_JUMPSUITS|WORKWEARNEW,4.2
2554,51,1790.0,3290.0,JEANS|ACCESSORIES_JEWELLERY,4.5
2555,48,2990.0,5990.0,BEAUTY|CO-ORD SETS|JACKETS,4.3
2556,45,2990.0,4490.0,PERFUMESNEW|KNITWEAR|SHORTS_SKORTS,4.4
2557,32,3290.0,3990.0,WORKWEARNEW,4.4
2558,40,3290.0,5990.0,TOPS_BODYSUITS|BAGS,3.7
2559,52,2590.0,4090.0,TROUSERS|T-SHIRTS_SWEATSHIRTS,4.7
2560,38,5990.0,7990.0,SPECIAL PRICES,4.0
2561,25,3290.0,4990.0,KNITWEAR,4.3
2562,37,1890.0,5990.0,T-SHIRTS_SWEATSHIRTS,4.0
2563,50,3290.0,7590.0,KNITWEAR|JACKETS|TOPS_BODYSUITS,4.3
2564,25,3290.0,4990.0,WORKWEARNEW|BASICS,4.1
2565,27,3290.0,5990.0,ACCESSORIES_JEWELLERY,3.8
2566,29,2590.0,3290.0,WAISTCOATS_GILETS,4.1
2567,26,3990.0,5990.0,T-SHIRTS_SWEATSHIRTS,4.6
2568,27,1990.0,4990.0,BAGS,3.6
2569,37,2590.0,4090.0,SPECIAL PRICES|CO-ORD SETS,3.8
2570,29,2290.0,3990.0,BLAZERS|ACCESSORIES_JEWELLERY,3.6
2571,43,2290.0,3790.0,SHOES,4.6
2572,31,3290.0,4790.0,PERFUMESNEW,3.7
2573,49,4990.0,5990.0,PERFUMESNEW|BAGS,4.2
2574,55,2890.0,4390.0,SHIRTS|JACKETS,3.7
2575,52,2290.0,3990.0,PERFUMESNEW,4.4
2576,51,1890.0,2990.0,WORKWEARNEW|SHORTS_SKORTS,3.6
2577,55,1590.0,7590.0,KNITWEAR,4.6
2578,35,3990.0,4990.0,TROUSERS|BLAZERS,3.9
2579,41,1890.0,2990.0,SHORTS_SKORTS,4.6
2580,25,1090.0,3290.0,PERFUMESNEW|JACKETS,4.3
2581,50,2290.0,5990.0,BEAUTY|BASICS,4.1
2582,20,2290.0,4990.0,SHORTS_SKORTS|SKIRTS,4.5
2583,40,2990.0,5990.0,BAGS|SHOES|DRESSES_JUMPSUITS,4.0
2584,23,950.0,3290.0,SKIRTS|SHIRTS,3.6
2585,39,2990.0,3990.0,WAISTCOATS_GILETS,3.9
2586,46,1590.0,3290.0,LOUNGEWEARNEW|TROUSERS|JEANS,4.3
2587,24,1990.0,4990.0,JACKETS|BASICS,4.7
2588,44,2990.0,4490.0,WAISTCOATS_GILETS,3.7
2589,39,1590.0,3090.0,TOPS_BODYSUITS,4.7
2590,22,1990.0,4990.0,DRESSES_JUMPSUITS,4.0
2591,51,2990.0,4490.0,TOPS_BODYSUITS|BLAZERS|CO-ORD SETS,4.4
2592,41,2890.0,4990.0,BEAUTY|SHORTS_SKORTS,4.1
2593,32,5590.0,7090.0,SHOES,4.1
2594,22,2990.0,4990.0,SHOES,4.5
2595,33,1590.0,5990.0,SKIRTS|BEAUTY,4.2
2596,21,1590.0,2990.0,SHORTS_SKORTS|WAISTCOATS_GILETS,3.9
2597,34,4990.0,5990.0,T-SHIRTS_SWEATSHIRTS,4.4
2598,29,2590.0,4090.0,WORKWEARNEW,4.0
2599,32,1290.0,4990.0,SKIRTS|BAGS,4.4
2600,55,2290.0,2990.0,SKIRTS,4.5
2601,21,2990.0,4490.0,BEAUTY,4.5
2602,48,3290.0,4790.0,BEAUTY|BAGS,4.5
2603,49,1590.0,2990.0,LOUNGEWEARNEW|SKIRTS,4.4
2604,50,2590.0,3290.0,SHIRTS,3.7
2605,33,1590.0,5990.0,SHIRTS,4.4
2606,19,2590.0,3290.0,BLAZERS,4.6
2607,21,2990.0,4490.0,KNITWEAR|PERFUMESNEW,4.5
2608,18,1590.0,2990.0,BASICS|LOUNGEWEARNEW,4.3
2609,20,3290.0,5990.0,T-SHIRTS_SWEATSHIRTS,3.6
2610,41,2990.0,5990.0,T-SHIRTS_SWEATSHIRTS|WORKWEARNEW,4.1
2611,54,3990.0,4990.0,DRESSES_JUMPSUITS|BAGS,3.9
2612,30,490.0,5990.0,ACCESSORIES_JEWELLERY,4.0
2613,53,3290.0,5990.0,BASICS,4.3
2614,24,1590.0,8590.0,JEANS|WAISTCOATS_GILETS,3.7
2615,23,3290.0,3990.0,LOUNGEWEARNEW,3.6
2616,23,3290.0,4790.0,KNITWEAR,3.7
2617,46,2990.0,4490.0,SHIRTS,4.5
2618,37,1590.0,3990.0,SHOES|JACKETS,4.3
2619,30,3290.0,4990.0,ACCESSORIES_JEWELLERY,3.7
2620,50,2290.0,3290.0,BAGS|KNITWEAR,4.1
2621,31,2590.0,3290.0,SPECIAL PRICES,4.7
2622,44,3290.0,4990.0,SKIRTS|JEANS,4.4
2623,18,3290.0,4990.0,PERFUMESNEW,4.1
2624,24,1290.0,2990.0,SHIRTS|BEAUTY|WAISTCOATS_GILETS,3.6
2625,54,2890.0,4390.0,SPECIAL PRICES|TOPS_BODYSUITS|JACKETS,4.4
2626,49,2590.0,4090.0,BLAZERS|PERFUMESNEW,4.5
2627,38,2990.0,5990.0,DRESSES_JUMPSUITS|PERFUMESNEW,4.0
2628,46,1290.0,3990.0,TROUSERS,3.5
2629,44,1890.0,3990.0,KNITWEAR,3.5
2630,33,3290.0,4990.0,SKIRTS,4.1
2631,21,4990.0,5990.0,BLAZERS|JEANS,4.1
2632,23,990.0,2290.0,JACKETS,4.5
2633,23,2990.0,8590.0,WAISTCOATS_GILETS,4.4
2634,43,3990.0,4990.0,JACKETS,4.1
2635,54,3290.0,4790.0,T-SHIRTS_SWEATSHIRTS|ACCESSORIES_JEWELLERY,3.8
2636,47,2990.0,5990.0,BLAZERS|BEAUTY,4.6
2637,45,2990.0,4490.0,JEANS,3.8
2638,55,4990.0,6490.0,SHORTS_SKORTS|BEAUTY,3.5
2639,23,2990.0,4990.0,KNITWEAR,4.0
2640,30,4990.0,7590.0,KNITWEAR|SHIRTS|SKIRTS,4.5
2641,36,2290.0,2990.0,JACKETS|SHOES,3.7
2642,50,3290.0,8590.0,PERFUMESNEW|SHORTS_SKORTS,4.1
2643,33,4990.0,6490.0,SHOES|TOPS_BODYSUITS,3.6
2644,24,2590.0,5990.0,TOPS_BODYSUITS,4.2
2645,39,4990.0,5990.0,PERFUMESNEW,3.8
2646,21,3290.0,4990.0,SKIRTS|JACKETS,4.1
2647,45,2990.0,4490.0,TROUSERS,4.2
2648,21,2590.0,3990.0,TOPS_BODYSUITS,4.6
2649,23,3290.0,4990.0,PERFUMESNEW|KNITWEAR,4.6
2650,37,2990.0,4990.0,SPECIAL PRICES,4.1
2651,53,2590.0,5990.0,JEANS|BLAZERS,3.8
2652,24,2590.0,3290.0,WAISTCOATS_GILETS|BLAZERS|DRESSES_JUMPSUITS,4.2
2653,38,3990.0,4990.0,BLAZERS|TOPS_BODYSUITS|JACKETS,3.8
2654,24,1590.0,4990.0,BLAZERS|WORKWEARNEW|SKIRTS,3.7
2655,47,2290.0,4990.0,SHIRTS,3.8
2656,30,1990.0,5590.0,KNITWEAR|ACCESSORIES_JEWELLERY,4.2
2657,40,2290.0,3790.0,JEANS,4.4
2658,47,2290.0,3290.0,JACKETS|SHIRTS,3.6
2659,26,1990.0,4990.0,BLAZERS,3.9
2660,43,1090.0,2990.0,SKIRTS,4.5
2661,45,2590.0,4090.0,DRESSES_JUMPSUITS|JEANS,4.1
2662,40,990.0,2990.0,WAISTCOATS_GILETS,4.3
2663,41,1890.0,2590.0,SKIRTS|WAISTCOATS_GILETS,4.7
2664,29,4990.0,5990.0,T-SHIRTS_SWEATSHIRTS|TROUSERS|ACCESSORIES_JEWELLERY,3.9
2665,19,2290.0,3990.0,BASICS|ACCESSORIES_JEWELLERY,4.3
2666,50,1890.0,3290.0,SHOES|CO-ORD SETS|WAISTCOATS_GILETS,3.6
2667,18,2890.0,4990.0,TROUSERS|BAGS|SKIRTS,4.2
2668,42,2590.0,3290.0,T-SHIRTS_SWEATSHIRTS,4.0
2669,24,4990.0,6490.0,BASICS,4.3
2670,28,4990.0,6490.0,PERFUMESNEW|T-SHIRTS_SWEATSHIRTS,4.5
2671,51,2290.0,2990.0,JEANS|SKIRTS,3.8
2672,23,1590.0,3990.0,DRESSES_JUMPSUITS,4.5
2673,21,950.0,3290.0,TOPS_BODYSUITS,4.5
2674,27,2990.0,4490.0,DRESSES_JUMPSUITS|JACKETS,3.8
2675,19,3990.0,4990.0,PERFUMESNEW|BLAZERS,4.2
2676,54,1890.0,3990.0,SHORTS_SKORTS|JACKETS,4.1
2677,40,2890.0,4990.0,TOPS_BODYSUITS|SHOES|TROUSERS,4.3
2678,51,3290.0,4990.0,SHORTS_SKORTS,3.8
2679,36,2990.0,4490.0,WORKWEARNEW,4.5
2680,32,5590.0,7090.0,WAISTCOATS_GILETS|BASICS,3.8
2681,21,2990.0,4990.0,WAISTCOATS_GILETS,3.8
2682,37,3290.0,4990.0,JACKETS|SHIRTS|BASICS,4.5
2683,27,4990.0,5590.0,TROUSERS|ACCESSORIES_JEWELLERY,4.3
2684,30,2590.0,7590.0,LOUNGEWEARNEW|SPECIAL PRICES,3.6
2685,38,3290.0,4990.0,WORKWEARNEW,4.6
2686,23,2290.0,2990.0,DRESSES_JUMPSUITS,4.4
2687,24,2990.0,4490.0,SPECIAL PRICES,3.7
2688,29,3290.0,4790.0,JEANS|BLAZERS,4.6
2689,50,3290.0,4990.0,BASICS,4.3
2690,21,1890.0,4990.0,BEAUTY,4.2
2691,50,3290.0,5590.0,KNITWEAR,3.7
2692,38,2990.0,4990.0,SHORTS_SKORTS,4.0
2693,33,2590.0,4090.0,PERFUMESNEW|SHIRTS,3.6
2694,27,1790.0,5990.0,SKIRTS,3.8
2695,53,2890.0,3990.0,TROUSERS,3.9
2696,31,2890.0,4390.0,BAGS,4.7
2697,41,3990.0,5490.0,ACCESSORIES_JEWELLERY|SHORTS_SKORTS,3.8
2698,55,3290.0,8590.0,KNITWEAR|JEANS,3.8
2699,40,2590.0,4990.0,BEAUTY|WAISTCOATS_GILETS,4.4
2700,35,1590.0,2990.0,JACKETS|BAGS,4.1
2701,47,2990.0,4490.0,ACCESSORIES_JEWELLERY|SHORTS_SKORTS,3.9
2702,34,3290.0,4990.0,SKIRTS|SPECIAL PRICES,4.3
2703,52,2990.0,3990.0,DRESSES_JUMPSUITS,4.6
2704,46,2290.0,4990.0,ACCESSORIES_JEWELLERY,4.3
2705,25,2990.0,4490.0,BEAUTY|DRESSES_JUMPSUITS|BLAZERS,3.7
2706,39,2890.0,9990.0,T-SHIRTS_SWEATSHIRTS|BEAUTY,4.1
2707,45,1990.0,7590.0,PERFUMESNEW,4.4
2708,40,3990.0,4990.0,SHIRTS|DRESSES_JUMPSUITS,4.1
2709,46,3290.0,4790.0,TOPS_BODYSUITS,3.9
2710,21,3290.0,5990.0,SPECIAL PRICES|WAISTCOATS_GILETS,4.3
2711,37,3290.0,5590.0,SKIRTS,4.1
2712,28,1790.0,3290.0,SHIRTS|PERFUMESNEW,4.0
2713,34,4990.0,7590.0,BASICS|SHORTS_SKORTS|SHIRTS,3.7
2714,28,2290.0,2990.0,BASICS|JACKETS,4.1
2715,54,3290.0,4990.0,BASICS,3.8
2716,25,2990.0,4590.0,SHORTS_SKORTS|PERFUMESNEW|DRESSES_JUMPSUITS,4.0
2717,33,3290.0,5990.0,SHOES,4.6
2718,23,2290.0,3990.0,PERFUMESNEW,4.2
2719,21,2290.0,2990.0,BAGS,4.3
2720,55,3290.0,4790.0,PERFUMESNEW,3.9
2721,22,2290.0,3990.0,WORKWEARNEW,4.1
2722,42,4990.0,5990.0,DRESSES_JUMPSUITS|ACCESSORIES_JEWELLERY,3.9
2723,37,2990.0,4490.0,WAISTCOATS_GILETS|CO-ORD SETS,4.5
2724,38,2890.0,4390.0,JACKETS|SPECIAL PRICES,4.1
2725,32,2990.0,4490.0,SKIRTS|CO-ORD SETS,4.5
2726,31,1890.0,7590.0,KNITWEAR,3.8
2727,37,2990.0,4990.0,LOUNGEWEARNEW|CO-ORD SETS,3.7
2728,45,3290.0,4990.0,ACCESSORIES_JEWELLERY,4.0
2729,21,2990.0,4990.0,TOPS_BODYSUITS,3.5
2730,43,2990.0,4490.0,WAISTCOATS_GILETS|WORKWEARNEW|BASICS,4.0
2731,27,1990.0,3990.0,DRESSES_JUMPSUITS|WAISTCOATS_GILETS,4.5
2732,53,3990.0,4990.0,TROUSERS|WORKWEARNEW,3.9
2733,25,3290.0,3990.0,SPECIAL PRICES|TROUSERS,4.2
2734,31,3990.0,4990.0,T-SHIRTS_SWEATSHIRTS|BAGS,4.0
2735,22,1890.0,3990.0,CO-ORD SETS,4.2
2736,48,2290.0,3790.0,LOUNGEWEARNEW,3.8
2737,33,1090.0,5590.0,PERFUMESNEW,4.5
2738,35,4990.0,5990.0,SPECIAL PRICES|KNITWEAR,3.7
2739,40,3290.0,3990.0,SHOES,3.7
2740,19,1990.0,2590.0,CO-ORD SETS|BASICS,4.1
2741,18,4990.0,5990.0,TROUSERS,4.1
2742,40,3290.0,4790.0,BASICS|LOUNGEWEARNEW,4.1
2743,47,2990.0,4990.0,JACKETS|SHIRTS,4.4
2744,23,3290.0,4790.0,CO-ORD SETS,4.1
2745,42,3990.0,5490.0,TROUSERS,4.5
2746,42,2590.0,5990.0,LOUNGEWEARNEW,4.6
2747,42,2990.0,4490.0,PERFUMESNEW|BASICS,3.8
2748,45,1890.0,5590.0,BLAZERS|TROUSERS|PERFUMESNEW,4.3
2749,25,3290.0,4990.0,TROUSERS,3.9
2750,25,2590.0,4990.0,SPECIAL PRICES|T-SHIRTS_SWEATSHIRTS|SKIRTS,3.8
2751,42,2990.0,4990.0,SHOES,4.5
2752,32,5990.0,11990.0,TROUSERS|BEAUTY|JACKETS,4.1
2753,28,4990.0,5990.0,DRESSES_JUMPSUITS,3.7
2754,39,2290.0,5990.0,SPECIAL PRICES|SHIRTS|DRESSES_JUMPSUITS,4.0
2755,34,2990.0,4490.0,BLAZERS|PERFUMESNEW|SHORTS_SKORTS,4.5
2756,45,1290.0,2590.0,SPECIAL PRICES,4.7
2757,53,3290.0,4790.0,BLAZERS,4.3
2758,47,2590.0,3290.0,CO-ORD SETS,4.2
2759,24,3990.0,4990.0,TOPS_BODYSUITS|TROUSERS,4.2
2760,24,4990.0,5990.0,CO-ORD SETS|BAGS|SPECIAL PRICES,4.6
2761,47,1990.0,5990.0,SPECIAL PRICES,3.9
2762,24,4990.0,5990.0,TOPS_BODYSUITS,4.3
2763,44,3290.0,5990.0,LOUNGEWEARNEW,3.9
2764,26,3290.0,4990.0,TROUSERS|SHIRTS|BAGS,4.6
2765,28,2590.0,5990.0,WORKWEARNEW|SKIRTS,3.6
2766,40,3290.0,7590.0,SHIRTS|T-SHIRTS_SWEATSHIRTS,4.4
2767,45,1990.0,3990.0,ACCESSORIES_JEWELLERY,4.4
2768,44,2590.0,5590.0,BEAUTY|SKIRTS|BASICS,3.9
2769,28,3290.0,4990.0,DRESSES_JUMPSUITS,3.8
2770,49,890.0,1890.0,BEAUTY|SHOES|BLAZERS,3.8
2771,24,2590.0,3290.0,SHIRTS|WAISTCOATS_GILETS,3.7
2772,20,1890.0,3290.0,JEANS|TROUSERS|BASICS,4.2
2773,46,2990.0,4990.0,SHIRTS|JEANS,4.7
2774,30,3290.0,4790.0,JACKETS,4.4
2775,34,1590.0,3290.0,CO-ORD SETS,4.2
2776,28,4990.0,7590.0,CO-ORD SETS|PERFUMESNEW,4.1
2777,32,2590.0,3290.0,KNITWEAR,3.7
2778,52,1890.0,5990.0,TOPS_BODYSUITS,3.9
2779,54,5590.0,7990.0,JEANS,4.5
2780,48,1090.0,2290.0,TROUSERS,4.4
2781,25,1890.0,2990.0,SHOES|SPECIAL PRICES,3.6
2782,33,3290.0,4990.0,SKIRTS,4.5
2783,43,2990.0,4990.0,SPECIAL PRICES|ACCESSORIES_JEWELLERY,4.1
2784,26,2290.0,3790.0,BASICS,3.6
2785,44,4990.0,5590.0,TOPS_BODYSUITS|SHOES,4.6
2786,26,3290.0,4790.0,BLAZERS,4.1
2787,25,5590.0,7090.0,KNITWEAR,4.5
2788,31,1590.0,3290.0,TOPS_BODYSUITS,4.5
2789,47,3290.0,5990.0,JEANS|BLAZERS,4.1
2790,40,2990.0,4490.0,TOPS_BODYSUITS,4.0
2791,41,3290.0,5990.0,SHIRTS|JEANS,4.7
2792,24,3290.0,4790.0,TOPS_BODYSUITS,4.3
2793,25,3990.0,4990.0,SHORTS_SKORTS,4.6
2794,22,790.0,2590.0,TOPS_BODYSUITS,3.6
2795,35,1790.0,7590.0,PERFUMESNEW,3.8
2796,31,2290.0,4990.0,JEANS,3.6
2797,44,1590.0,4990.0,SHORTS_SKORTS,4.6
2798,55,1990.0,7590.0,T-SHIRTS_SWEATSHIRTS|BASICS,4.1
2799,54,3290.0,5590.0,TROUSERS,4.4
2800,20,2990.0,3990.0,ACCESSORIES_JEWELLERY|SHOES,3.7
2801,28,790.0,4990.0,BEAUTY|BLAZERS,3.8
2802,33,2290.0,3790.0,BLAZERS,4.2
2803,40,3290.0,4790.0,WAISTCOATS_GILETS,4.7
2804,47,1590.0,2290.0,ACCESSORIES_JEWELLERY,4.5
2805,43,1590.0,2990.0,BEAUTY,3.7
2806,50,2990.0,4490.0,CO-ORD SETS|TROUSERS,4.1
2807,34,1890.0,3290.0,TROUSERS|SKIRTS,4.0
2808,36,2990.0,4990.0,SPECIAL PRICES,4.4
2809,50,1790.0,4990.0,BAGS,4.5
2810,36,2990.0,4490.0,KNITWEAR,4.4
2811,20,2990.0,4490.0,LOUNGEWEARNEW,3.7
2812,24,1590.0,3290.0,BLAZERS|JEANS,4.0
2813,50,3990.0,5490.0,BEAUTY|JACKETS,3.9
2814,21,3990.0,4990.0,SHOES|BASICS,3.6
2815,49,4990.0,5990.0,PERFUMESNEW,4.2
2816,38,4990.0,6490.0,JACKETS|TROUSERS|PERFUMESNEW,4.0
2817,42,2290.0,2990.0,WORKWEARNEW|TROUSERS|SPECIAL PRICES,4.2
2818,48,3290.0,4790.0,PERFUMESNEW,3.9
2819,22,1990.0,2590.0,BEAUTY|BASICS,3.8
2820,44,2590.0,3290.0,SHORTS_SKORTS,3.5
2821,33,2990.0,4490.0,SKIRTS,3.5
2822,46,3290.0,4790.0,SKIRTS|BEAUTY|WAISTCOATS_GILETS,4.4
2823,52,2990.0,11990.0,CO-ORD SETS,4.5
2824,51,4990.0,5990.0,KNITWEAR,3.5
2825,49,3990.0,4990.0,SKIRTS,3.7
2826,25,4990.0,5990.0,BAGS,3.9
2827,24,1890.0,4990.0,SHORTS_SKORTS|CO-ORD SETS,4.5
2828,37,1890.0,3290.0,BASICS|PERFUMESNEW,3.9
2829,35,2590.0,4090.0,WORKWEARNEW,4.6
2830,40,4990.0,6490.0,SHORTS_SKORTS,3.8
2831,20,2290.0,3990.0,SPECIAL PRICES,4.4
2832,24,3290.0,4790.0,CO-ORD SETS,3.9
2833,51,2990.0,4990.0,T-SHIRTS_SWEATSHIRTS,4.5
2834,49,1990.0,4990.0,DRESSES_JUMPSUITS,3.5
2835,33,2590.0,3290.0,SKIRTS|CO-ORD SETS,4.0
2836,31,2290.0,2890.0,PERFUMESNEW|ACCESSORIES_JEWELLERY|SKIRTS,4.1
2837,25,2590.0,3990.0,BEAUTY,4.6
2838,39,2290.0,3290.0,JACKETS|SHOES,4.3
2839,31,1990.0,3490.0,BLAZERS|WORKWEARNEW,4.3
2840,35,3990.0,5990.0,BEAUTY|ACCESSORIES_JEWELLERY,4.2
2841,25,2290.0,2890.0,SHORTS_SKORTS|KNITWEAR,3.6
2842,22,2590.0,3990.0,WORKWEARNEW|CO-ORD SETS,3.9
2843,54,2590.0,5990.0,SPECIAL PRICES|BEAUTY|BAGS,3.8
2844,33,1990.0,4990.0,PERFUMESNEW|BASICS|CO-ORD SETS,3.8
2845,44,5990.0,7590.0,ACCESSORIES_JEWELLERY|BAGS,3.6
2846,30,2990.0,4490.0,SHOES|JACKETS|BEAUTY,3.7
2847,34,3290.0,4990.0,TOPS_BODYSUITS|SHOES,4.4
2848,51,3290.0,4790.0,SHOES,3.8
2849,55,2290.0,5990.0,TOPS_BODYSUITS|WAISTCOATS_GILETS,3.9
2850,55,2990.0,4990.0,WORKWEARNEW|DRESSES_JUMPSUITS,3.8
2851,39,2990.0,7590.0,WAISTCOATS_GILETS|SHOES|BLAZERS,4.7
2852,25,3290.0,3990.0,PERFUMESNEW|SHIRTS,3.5
2853,26,4990.0,6490.0,T-SHIRTS_SWEATSHIRTS,4.1
2854,54,790.0,2290.0,SHORTS_SKORTS|SPECIAL PRICES,4.6
2855,24,990.0,2290.0,BLAZERS|SHOES,3.7
2856,43,3290.0,4990.0,SPECIAL PRICES,3.5
2857,30,3990.0,4990.0,BEAUTY|LOUNGEWEARNEW,3.9
2858,18,3290.0,3990.0,ACCESSORIES_JEWELLERY|SHIRTS,4.4
2859,27,2290.0,3290.0,BASICS|BLAZERS|SHOES,3.6
2860,35,4990.0,6490.0,SHORTS_SKORTS|CO-ORD SETS,3.9
2861,50,2990.0,5990.0,KNITWEAR|JEANS,4.3
2862,21,3290.0,4990.0,TOPS_BODYSUITS,3.6
2863,50,2290.0,8590.0,SPECIAL PRICES,4.5
2864,46,2590.0,3290.0,BLAZERS|SHOES,4.6
2865,39,3290.0,11990.0,WORKWEARNEW|SPECIAL PRICES,3.8
2866,21,3990.0,8590.0,KNITWEAR,3.7
2867,54,4990.0,6490.0,BAGS,4.0
2868,29,3990.0,8590.0,TROUSERS,4.3
2869,19,2990.0,4490.0,SHOES|ACCESSORIES_JEWELLERY,4.3
2870,48,4990.0,6490.0,TOPS_BODYSUITS|TROUSERS|SHOES,4.5
2871,26,2990.0,7590.0,JACKETS,3.5
2872,50,3290.0,4790.0,CO-ORD SETS|KNITWEAR,4.1
2873,22,2590.0,4090.0,SHORTS_SKORTS|SPECIAL PRICES|BLAZERS,3.6
2874,26,1990.0,3490.0,LOUNGEWEARNEW|ACCESSORIES_JEWELLERY|BASICS,3.8
2875,20,1990.0,3290.0,JACKETS|BASICS,4.1
2876,22,1790.0,3290.0,JACKETS,3.7
2877,28,2990.0,4990.0,CO-ORD SETS|DRESSES_JUMPSUITS,3.8
2878,33,2290.0,2990.0,BASICS,3.8
2879,55,2290.0,3990.0,SHIRTS|JEANS,4.1
2880,36,3290.0,5990.0,JACKETS|BASICS,3.7
2881,43,2990.0,3990.0,KNITWEAR|TOPS_BODYSUITS|WAISTCOATS_GILETS,4.5
2882,30,4990.0,6490.0,SHOES|JACKETS,3.6
2883,49,1590.0,3290.0,BASICS|BLAZERS,4.0
2884,22,2290.0,2990.0,ACCESSORIES_JEWELLERY,4.6
2885,42,1590.0,4990.0,BASICS,3.9
2886,23,1890.0,4990.0,DRESSES_JUMPSUITS|BLAZERS,4.5
2887,36,2290.0,3990.0,LOUNGEWEARNEW|ACCESSORIES_JEWELLERY,4.2
2888,20,2590.0,3290.0,DRESSES_JUMPSUITS,3.8
2889,42,3290.0,4790.0,PERFUMESNEW|BEAUTY,4.4
2890,34,890.0,4990.0,WAISTCOATS_GILETS,4.2
2891,54,3290.0,4790.0,JACKETS|SHORTS_SKORTS,3.9
2892,23,2990.0,5590.0,T-SHIRTS_SWEATSHIRTS,4.0
2893,55,1890.0,2990.0,JACKETS|WAISTCOATS_GILETS|BASICS,3.7
2894,41,4990.0,7590.0,LOUNGEWEARNEW|TOPS_BODYSUITS,4.0
2895,21,4990.0,6490.0,PERFUMESNEW,4.3
2896,26,2290.0,3790.0,SHIRTS|DRESSES_JUMPSUITS,3.7
2897,28,2890.0,4990.0,BASICS|BEAUTY,4.5
2898,46,3290.0,8590.0,T-SHIRTS_SWEATSHIRTS,4.1
2899,30,4990.0,6490.0,BASICS,3.6
2900,41,1890.0,3290.0,WORKWEARNEW,4.5
2901,21,2990.0,5990.0,PERFUMESNEW|BLAZERS,4.4
2902,40,1790.0,3290.0,BASICS,4.4
2903,52,4990.0,5990.0,JEANS,4.2
2904,27,2990.0,4490.0,SPECIAL PRICES|BEAUTY,4.6
2905,24,2990.0,4990.0,TOPS_BODYSUITS,3.8
2906,55,2590.0,6990.0,SHORTS_SKORTS,3.9
2907,23,2590.0,4090.0,CO-ORD SETS,4.4
2908,53,2990.0,3990.0,DRESSES_JUMPSUITS,3.6
2909,45,3290.0,4790.0,BEAUTY|WORKWEARNEW,3.5
2910,32,3290.0,6990.0,DRESSES_JUMPSUITS,4.3
2911,32,3990.0,6990.0,KNITWEAR|JACKETS,4.5
2912,54,1990.0,3290.0,BAGS,4.3
2913,55,1990.0,4990.0,TOPS_BODYSUITS|WORKWEARNEW,4.5
2914,28,4990.0,5590.0,BEAUTY,4.3
2915,35,3290.0,4990.0,SHORTS_SKORTS|PERFUMESNEW,4.4
2916,42,1890.0,3390.0,BLAZERS|PERFUMESNEW,4.3
2917,35,3990.0,6990.0,SHIRTS,3.9
2918,41,2990.0,4490.0,KNITWEAR|JACKETS,3.6
2919,25,4990.0,13990.0,BLAZERS,4.3
2920,33,2290.0,4990.0,SHORTS_SKORTS,3.9
2921,51,4990.0,7590.0,CO-ORD SETS|BLAZERS|LOUNGEWEARNEW,3.7
2922,18,3290.0,7590.0,JEANS,4.3
2923,55,3290.0,4990.0,SHIRTS|WORKWEARNEW,3.6
2924,51,3290.0,4990.0,TOPS_BODYSUITS|SKIRTS,4.0
2925,53,2590.0,3290.0,CO-ORD SETS,3.6
2926,27,1990.0,4990.0,BLAZERS|LOUNGEWEARNEW,4.5
2927,46,890.0,3990.0,BAGS,4.0
2928,48,3290.0,8590.0,BAGS,4.2
2929,48,2990.0,5990.0,TOPS_BODYSUITS|BASICS,3.8
2930,30,2590.0,4990.0,BAGS,3.7
2931,41,2290.0,3790.0,WORKWEARNEW|DRESSES_JUMPSUITS|LOUNGEWEARNEW,4.2
2932,39,3290.0,3990.0,BEAUTY|JEANS|WORKWEARNEW,4.6
2933,53,2990.0,5590.0,ACCESSORIES_JEWELLERY|SKIRTS,3.7
2934,55,2990.0,4490.0,DRESSES_JUMPSUITS,4.1
2935,20,2990.0,4490.0,CO-ORD SETS,3.7
2936,45,1890.0,3990.0,BASICS,3.9
2937,30,2590.0,3990.0,WORKWEARNEW,4.0
2938,44,1990.0,2990.0,TROUSERS,3.6
2939,30,1790.0,4990.0,WORKWEARNEW,3.7
2940,20,3990.0,4990.0,PERFUMESNEW,4.5
2941,37,1290.0,2590.0,SHIRTS,3.6
2942,53,4990.0,5990.0,JACKETS|BAGS,3.7
2943,55,1290.0,3290.0,TOPS_BODYSUITS,4.0
2944,27,3290.0,4790.0,BEAUTY|CO-ORD SETS,4.2
2945,27,1590.0,3090.0,SHORTS_SKORTS,4.3
2946,35,2990.0,4990.0,TOPS_BODYSUITS|BASICS,4.3
2947,41,2290.0,3990.0,BAGS,4.0
2948,49,3290.0,4990.0,SHOES,4.5
2949,42,990.0,2990.0,JEANS|JACKETS,4.2
2950,39,2990.0,5990.0,LOUNGEWEARNEW|SHOES,4.6
2951,41,1990.0,4990.0,T-SHIRTS_SWEATSHIRTS|KNITWEAR|SHOES,4.1
2952,53,4990.0,5990.0,BAGS|PERFUMESNEW|SKIRTS,4.0
2953,35,2990.0,5990.0,BAGS,4.1
2954,42,2990.0,3990.0,JEANS,4.2
2955,31,2990.0,4990.0,BASICS|JEANS,4.6
2956,37,1490.0,6990.0,DRESSES_JUMPSUITS,4.6
2957,50,2990.0,4490.0,CO-ORD SETS,3.7
2958,45,2590.0,3290.0,JEANS|BLAZERS,3.5
2959,26,2990.0,4490.0,LOUNGEWEARNEW|SKIRTS,3.7
2960,27,2990.0,4490.0,TROUSERS|KNITWEAR,4.3
2961,19,3290.0,4990.0,SHOES,4.0
2962,30,1290.0,1790.0,DRESSES_JUMPSUITS,4.4
2963,40,1890.0,2990.0,ACCESSORIES_JEWELLERY,3.5
2964,41,2890.0,4390.0,LOUNGEWEARNEW,4.7
2965,44,2290.0,3290.0,SKIRTS,4.3
2966,49,4990.0,6490.0,SPECIAL PRICES|WORKWEARNEW,3.8
2967,29,2990.0,4490.0,WORKWEARNEW|BLAZERS,4.5
2968,31,590.0,3290.0,T-SHIRTS_SWEATSHIRTS,4.3
2969,26,1590.0,7590.0,BAGS,3.6
2970,46,2990.0,4490.0,T-SHIRTS_SWEATSHIRTS,4.4
2971,37,590.0,3990.0,JEANS|SKIRTS,3.6
2972,46,1990.0,3290.0,SKIRTS|ACCESSORIES_JEWELLERY,3.6
2973,27,3990.0,4990.0,BLAZERS|WAISTCOATS_GILETS,4.1
2974,25,4990.0,5990.0,SHIRTS|CO-ORD SETS,4.2
2975,35,2990.0,8990.0,WORKWEARNEW|TROUSERS|DRESSES_JUMPSUITS,4.5
2976,23,2990.0,4990.0,TOPS_BODYSUITS,3.6
2977,52,5590.0,7090.0,JACKETS|TOPS_BODYSUITS,3.9
2978,52,990.0,3290.0,LOUNGEWEARNEW,4.1
2979,28,3290.0,4990.0,SHIRTS,4.4
2980,25,2590.0,4090.0,BLAZERS,4.1
2981,39,990.0,2990.0,PERFUMESNEW,4.7
2982,51,1890.0,2990.0,TROUSERS|SHORTS_SKORTS|DRESSES_JUMPSUITS,4.6
2983,32,2890.0,3990.0,BEAUTY|BLAZERS,3.9
2984,30,1990.0,3290.0,LOUNGEWEARNEW,4.3
2985,53,1590.0,2290.0,PERFUMESNEW|WORKWEARNEW,4.0
2986,31,2890.0,4390.0,WORKWEARNEW,4.3
2987,21,3290.0,8590.0,BEAUTY,4.7
2988,30,2990.0,4490.0,BAGS|SKIRTS,4.6
2989,55,2990.0,4490.0,PERFUMESNEW|KNITWEAR,4.3
2990,44,3290.0,4990.0,WAISTCOATS_GILETS|JEANS,4.2
2991,36,1990.0,4990.0,SHIRTS|TROUSERS,4.4
2992,30,4990.0,6490.0,LOUNGEWEARNEW,4.3
2993,25,3290.0,6990.0,SKIRTS|KNITWEAR|SPECIAL PRICES,3.6
2994,54,1890.0,2990.0,SPECIAL PRICES|T-SHIRTS_SWEATSHIRTS,4.0
2995,55,2990.0,4490.0,BEAUTY|SPECIAL PRICES|WORKWEARNEW,4.3
2996,46,2590.0,5590.0,BLAZERS,3.7
2997,49,1090.0,3290.0,BLAZERS|PERFUMESNEW|SHOES,4.6
2998,26,3290.0,4990.0,LOUNGEWEARNEW,4.5
2999,34,990.0,3290.0,DRESSES_JUMPSUITS|BASICS,3.7
3000,54,3290.0,3990.0,CO-ORD SETS|BEAUTY,4.6
3001,44,3990.0,5590.0,CO-ORD SETS|BEAUTY,4.7
3002,55,1890.0,4990.0,LOUNGEWEARNEW,4.5
3003,18,2990.0,4490.0,BASICS,4.2
3004,27,5590.0,7090.0,WORKWEARNEW,3.8
3005,39,4990.0,7590.0,CO-ORD SETS|ACCESSORIES_JEWELLERY,4.4
3006,49,2590.0,4090.0,CO-ORD SETS|WAISTCOATS_GILETS,4.5
3007,35,990.0,7590.0,JEANS|TOPS_BODYSUITS|WAISTCOATS_GILETS,4.4
3008,29,2590.0,4990.0,SHORTS_SKORTS|SHIRTS|SPECIAL PRICES,3.9
3009,45,3290.0,5590.0,SKIRTS|SPECIAL PRICES,4.0
3010,45,2290.0,3290.0,JEANS|WAISTCOATS_GILETS,4.4
3011,27,2990.0,5990.0,JEANS|BASICS,4.1
3012,29,2590.0,3290.0,SHOES|SKIRTS,4.5
3013,49,2590.0,4090.0,BASICS,4.4
3014,53,3990.0,4990.0,T-SHIRTS_SWEATSHIRTS|JACKETS|TROUSERS,4.0
3015,49,3290.0,4790.0,T-SHIRTS_SWEATSHIRTS,4.6
3016,37,1890.0,4990.0,JEANS|BASICS,4.0
3017,23,5590.0,13990.0,WAISTCOATS_GILETS,3.7
3018,40,3990.0,5990.0,PERFUMESNEW|JEANS,4.7
3019,45,3290.0,4790.0,BLAZERS|SHORTS_SKORTS,4.3
3020,33,3290.0,4790.0,ACCESSORIES_JEWELLERY|SHIRTS,3.8
3021,40,2590.0,4990.0,SKIRTS,4.1
3022,32,1890.0,4990.0,SKIRTS,4.3
3023,21,1890.0,3290.0,SPECIAL PRICES,4.1
3024,39,3290.0,4990.0,DRESSES_JUMPSUITS,4.6
3025,48,4990.0,5990.0,PERFUMESNEW|ACCESSORIES_JEWELLERY,3.8
3026,52,3990.0,5490.0,PERFUMESNEW|WORKWEARNEW|LOUNGEWEARNEW,4.7
3027,32,3290.0,5990.0,BEAUTY|DRESSES_JUMPSUITS|WORKWEARNEW,4.3
3028,33,3990.0,4590.0,PERFUMESNEW|BLAZERS|KNITWEAR,3.6
3029,36,1590.0,2990.0,ACCESSORIES_JEWELLERY|LOUNGEWEARNEW|TOPS_BODYSUITS,3.8
3030,42,2590.0,3290.0,JACKETS,4.6
3031,52,2590.0,4990.0,ACCESSORIES_JEWELLERY,3.8
3032,45,2990.0,4990.0,BASICS|WAISTCOATS_GILETS|CO-ORD SETS,4.1
3033,48,2290.0,3990.0,WORKWEARNEW|KNITWEAR,4.1
3034,48,2290.0,2990.0,WAISTCOATS_GILETS,4.2
3035,42,3990.0,5990.0,JEANS|BASICS,4.5
3036,52,3290.0,4990.0,KNITWEAR,3.6
3037,46,1290.0,5990.0,T-SHIRTS_SWEATSHIRTS,4.5
3038,41,3290.0,4990.0,WORKWEARNEW|WAISTCOATS_GILETS,4.5
3039,38,2590.0,8590.0,TOPS_BODYSUITS|BASICS,4.4
3040,28,2990.0,5990.0,T-SHIRTS_SWEATSHIRTS|SPECIAL PRICES,4.2
3041,38,2990.0,4490.0,CO-ORD SETS|WAISTCOATS_GILETS,4.5
3042,49,2890.0,5990.0,BAGS|KNITWEAR,4.2
3043,23,2290.0,3790.0,BEAUTY,3.9
3044,49,1890.0,3990.0,T-SHIRTS_SWEATSHIRTS,3.6
3045,52,990.0,3290.0,SKIRTS|JACKETS,4.4
3046,53,3990.0,8590.0,CO-ORD SETS,4.2
3047,45,3990.0,4990.0,SHOES|WAISTCOATS_GILETS,4.6
3048,54,3990.0,5990.0,TOPS_BODYSUITS,3.6
3049,37,1990.0,6990.0,CO-ORD SETS,3.6
3050,30,3290.0,5590.0,SHOES,4.6
3051,34,2290.0,3990.0,TOPS_BODYSUITS|SPECIAL PRICES,3.9
3052,18,4990.0,5990.0,BLAZERS|ACCESSORIES_JEWELLERY|WAISTCOATS_GILETS,3.9
3053,26,790.0,2590.0,BLAZERS|JACKETS,4.5
3054,34,1990.0,2590.0,DRESSES_JUMPSUITS,4.6
3055,20,1590.0,3990.0,JACKETS|SHOES,3.6
3056,41,3290.0,3990.0,TROUSERS|CO-ORD SETS,4.2
3057,35,1590.0,3090.0,DRESSES_JUMPSUITS,4.4
3058,18,1890.0,4990.0,WORKWEARNEW,4.6
3059,49,2990.0,4990.0,SPECIAL PRICES|T-SHIRTS_SWEATSHIRTS|ACCESSORIES_JEWELLERY,4.1
3060,44,3290.0,8590.0,LOUNGEWEARNEW|BLAZERS,4.2
3061,38,2990.0,5590.0,TOPS_BODYSUITS|BLAZERS,4.6
3062,33,3290.0,4990.0,TROUSERS|PERFUMESNEW,4.4
3063,34,3290.0,4790.0,SHIRTS|BEAUTY,4.0
3064,44,4990.0,7990.0,SKIRTS,4.1
3065,21,1990.0,2990.0,JEANS,3.9
3066,33,1890.0,4990.0,KNITWEAR,4.2
3067,31,2590.0,4990.0,WAISTCOATS_GILETS|JEANS|BAGS,3.6
3068,41,2990.0,4990.0,LOUNGEWEARNEW|WORKWEARNEW,3.8
3069,34,2890.0,4390.0,KNITWEAR|T-SHIRTS_SWEATSHIRTS|LOUNGEWEARNEW,3.9
3070,48,3990.0,4990.0,SKIRTS,4.1
3071,41,4990.0,5990.0,DRESSES_JUMPSUITS|JEANS|BAGS,4.1
3072,30,3290.0,4990.0,TROUSERS|SKIRTS,4.1
3073,54,3990.0,5990.0,DRESSES_JUMPSUITS|BASICS,3.7
3074,20,2290.0,3990.0,BAGS,3.5
3075,34,3290.0,3990.0,KNITWEAR,4.5
3076,40,3290.0,3990.0,WAISTCOATS_GILETS,3.9
3077,30,3990.0,4990.0,BEAUTY,4.0
3078,55,1990.0,2990.0,DRESSES_JUMPSUITS,4.5
3079,39,1090.0,2990.0,BASICS,3.6
3080,22,2290.0,3290.0,PERFUMESNEW|SPECIAL PRICES|SHIRTS,4.0
3081,54,3990.0,9590.0,WAISTCOATS_GILETS,4.2
3082,51,990.0,3290.0,PERFUMESNEW,4.6
3083,53,2990.0,4990.0,SHOES|TOPS_BODYSUITS|TROUSERS,3.6
3084,28,2590.0,3290.0,PERFUMESNEW,4.2
3085,44,2890.0,7590.0,BAGS|WAISTCOATS_GILETS|LOUNGEWEARNEW,3.6
3086,38,3290.0,3990.0,JACKETS,4.0
3087,43,1990.0,2990.0,TOPS_BODYSUITS,4.0
3088,46,2290.0,3790.0,SHOES,3.8
3089,45,1990.0,4990.0,SHORTS_SKORTS|BASICS,3.7
3090,46,1590.0,3990.0,TOPS_BODYSUITS,4.6
3091,44,3290.0,4790.0,SKIRTS|TOPS_BODYSUITS|DRESSES_JUMPSUITS,3.9
3092,47,2590.0,3990.0,ACCESSORIES_JEWELLERY,3.6
3093,33,2590.0,3290.0,TOPS_BODYSUITS|SPECIAL PRICES,3.8
3094,26,2590.0,5990.0,SKIRTS|SHORTS_SKORTS|PERFUMESNEW,4.0
3095,33,790.0,2890.0,LOUNGEWEARNEW,4.3
3096,48,3290.0,4990.0,SKIRTS,4.6
3097,23,4990.0,5990.0,WORKWEARNEW,4.3
3098,26,4990.0,6990.0,WAISTCOATS_GILETS,4.3
3099,41,3290.0,4790.0,TOPS_BODYSUITS,3.9
3100,45,2990.0,4490.0,SKIRTS|SHIRTS,4.5
3101,26,3290.0,4790.0,PERFUMESNEW|JEANS|BAGS,3.8
3102,31,2990.0,7590.0,TROUSERS,4.3
3103,47,2290.0,4990.0,SHORTS_SKORTS|WAISTCOATS_GILETS,4.3
3104,29,2290.0,3990.0,SHORTS_SKORTS,4.6
3105,23,1590.0,2290.0,WAISTCOATS_GILETS,3.5
3106,35,2290.0,3290.0,BAGS,4.5
3107,47,2890.0,7590.0,SKIRTS,4.3
3108,24,3290.0,5590.0,WORKWEARNEW|SHORTS_SKORTS|CO-ORD SETS,4.5
3109,47,2290.0,7590.0,T-SHIRTS_SWEATSHIRTS,4.3
3110,55,3290.0,5990.0,TOPS_BODYSUITS|TROUSERS|BLAZERS,3.8
3111,53,2990.0,7990.0,WAISTCOATS_GILETS|BAGS,4.1
3112,20,2890.0,7590.0,BEAUTY|SHOES|TOPS_BODYSUITS,4.3
3113,42,3290.0,4990.0,WAISTCOATS_GILETS|DRESSES_JUMPSUITS|ACCESSORIES_JEWELLERY,4.2
3114,21,1990.0,2990.0,SHOES|DRESSES_JUMPSUITS,4.2
3115,25,2990.0,4990.0,DRESSES_JUMPSUITS,4.5
3116,26,4990.0,5990.0,LOUNGEWEARNEW|SHOES|WORKWEARNEW,3.7
3117,40,4990.0,6490.0,CO-ORD SETS,3.8
3118,54,1990.0,2990.0,BASICS|JACKETS|SHIRTS,4.4
3119,51,1290.0,2290.0,CO-ORD SETS|WORKWEARNEW,3.6
3120,21,1590.0,3990.0,SKIRTS|PERFUMESNEW,3.5
3121,34,1590.0,2290.0,SPECIAL PRICES,4.5
3122,49,1590.0,5990.0,SHORTS_SKORTS|WORKWEARNEW,3.7
3123,53,2290.0,4990.0,PERFUMESNEW,4.7
3124,43,2290.0,3290.0,SPECIAL PRICES|JEANS,3.7
3125,55,2990.0,4490.0,WORKWEARNEW,3.9
3126,36,3990.0,4990.0,BEAUTY,3.8
3127,28,490.0,1990.0,TOPS_BODYSUITS|BAGS,4.4
3128,42,3290.0,4790.0,DRESSES_JUMPSUITS,4.4
3129,28,3290.0,5990.0,JACKETS,4.3
3130,47,2590.0,4090.0,WAISTCOATS_GILETS|SHORTS_SKORTS,4.6
3131,25,2990.0,4490.0,BAGS,3.8
3132,51,3990.0,4990.0,SHIRTS|SPECIAL PRICES,4.2
3133,38,3990.0,5590.0,TROUSERS|TOPS_BODYSUITS|SPECIAL PRICES,4.4
3134,28,3290.0,4990.0,JACKETS|ACCESSORIES_JEWELLERY|SKIRTS,4.5
3135,45,2290.0,2990.0,JACKETS,4.0
3136,37,1990.0,5990.0,BEAUTY,4.7
3137,46,2990.0,4490.0,WORKWEARNEW|TOPS_BODYSUITS,4.2
3138,19,3290.0,3990.0,SHORTS_SKORTS|LOUNGEWEARNEW,4.5
3139,46,2890.0,4390.0,TROUSERS|BEAUTY,4.2
3140,42,2290.0,2990.0,KNITWEAR,4.4
3141,53,3990.0,4990.0,SKIRTS|KNITWEAR,3.8
3142,40,3290.0,4990.0,JACKETS|TROUSERS,3.6
3143,21,2590.0,4990.0,TOPS_BODYSUITS,3.6
3144,42,2290.0,2990.0,TROUSERS|CO-ORD SETS|DRESSES_JUMPSUITS,4.1
3145,36,1590.0,2990.0,PERFUMESNEW|BEAUTY,3.6
3146,35,2290.0,2990.0,BASICS|TROUSERS,3.7
3147,21,2990.0,8590.0,DRESSES_JUMPSUITS|LOUNGEWEARNEW,4.2
3148,50,1890.0,3290.0,WAISTCOATS_GILETS|BASICS,4.4
3149,26,2590.0,4090.0,LOUNGEWEARNEW|KNITWEAR|SKIRTS,4.2
3150,21,1890.0,5990.0,TROUSERS|BEAUTY,4.4
3151,44,4990.0,5990.0,TROUSERS,3.7
3152,54,3290.0,4990.0,LOUNGEWEARNEW|TROUSERS,4.3
3153,19,1090.0,5990.0,BAGS|ACCESSORIES_JEWELLERY,3.9
3154,44,2590.0,3290.0,KNITWEAR,3.7
3155,43,3990.0,4990.0,DRESSES_JUMPSUITS|WAISTCOATS_GILETS,3.6
3156,30,990.0,4990.0,WAISTCOATS_GILETS|SPECIAL PRICES,4.6
3157,41,2590.0,8990.0,CO-ORD SETS,3.7
3158,54,2890.0,4590.0,PERFUMESNEW|TOPS_BODYSUITS,4.1
3159,46,3990.0,4990.0,SPECIAL PRICES|BLAZERS,4.3
3160,37,4990.0,5990.0,BAGS,3.9
3161,47,3290.0,3990.0,SHOES|KNITWEAR,4.2
3162,54,4990.0,5990.0,WORKWEARNEW|SPECIAL PRICES|T-SHIRTS_SWEATSHIRTS,4.6
3163,31,3290.0,4990.0,BEAUTY,4.6
3164,19,1590.0,2590.0,BAGS|SPECIAL PRICES|LOUNGEWEARNEW,4.0
3165,39,2990.0,11990.0,TROUSERS,3.8
3166,20,2890.0,4390.0,TROUSERS,4.1
3167,28,3290.0,4990.0,SPECIAL PRICES,4.4
3168,21,1990.0,2990.0,ACCESSORIES_JEWELLERY|DRESSES_JUMPSUITS,4.4
3169,18,2990.0,4490.0,DRESSES_JUMPSUITS,4.2
3170,22,3290.0,4990.0,SHORTS_SKORTS|SHIRTS,4.0
3171,47,1590.0,3090.0,BAGS|ACCESSORIES_JEWELLERY|TOPS_BODYSUITS,4.4
3172,36,2990.0,6990.0,TROUSERS|KNITWEAR|T-SHIRTS_SWEATSHIRTS,3.6
3173,43,1890.0,3290.0,SHOES|WAISTCOATS_GILETS,3.8
3174,45,1790.0,5590.0,SKIRTS,4.1
3175,18,3990.0,4990.0,T-SHIRTS_SWEATSHIRTS,4.6
3176,18,1890.0,2990.0,SHOES,3.6
3177,37,2990.0,5590.0,SPECIAL PRICES|PERFUMESNEW,3.9
3178,32,1890.0,2990.0,LOUNGEWEARNEW,4.6
3179,21,2890.0,4390.0,JACKETS|SPECIAL PRICES,4.0
3180,26,2290.0,3990.0,T-SHIRTS_SWEATSHIRTS|SPECIAL PRICES|JEANS,4.6
3181,30,2290.0,3790.0,ACCESSORIES_JEWELLERY,4.1
3182,33,1990.0,5990.0,JEANS,3.9
3183,25,2290.0,3290.0,ACCESSORIES_JEWELLERY|SHOES,4.0
3184,40,2990.0,4990.0,KNITWEAR,4.4
3185,41,2590.0,3290.0,DRESSES_JUMPSUITS|SPECIAL PRICES,4.2
3186,36,2990.0,3990.0,T-SHIRTS_SWEATSHIRTS,3.8
3187,23,2290.0,8590.0,BEAUTY|DRESSES_JUMPSUITS,3.7
3188,38,1990.0,3290.0,SKIRTS,3.9
3189,39,3290.0,4990.0,WAISTCOATS_GILETS|SHIRTS,4.0
3190,21,2290.0,3290.0,CO-ORD SETS|WAISTCOATS_GILETS,4.4
3191,21,2590.0,4990.0,JACKETS,3.6
3192,49,4990.0,6490.0,SKIRTS|JEANS,4.5
3193,24,3290.0,4790.0,WORKWEARNEW|TROUSERS,4.5
3194,20,3990.0,4990.0,JEANS,3.6
3195,49,390.0,2590.0,JACKETS,4.0
3196,31,1890.0,4990.0,TROUSERS,4.3
3197,42,690.0,2990.0,BASICS|DRESSES_JUMPSUITS,3.8
3198,33,1090.0,3290.0,BASICS,3.5
3199,27,3290.0,5990.0,SHORTS_SKORTS,4.5
3200,32,3290.0,3990.0,T-SHIRTS_SWEATSHIRTS|LOUNGEWEARNEW,3.8
3201,35,2590.0,4990.0,ACCESSORIES_JEWELLERY,4.5
3202,25,4990.0,6490.0,KNITWEAR|SHOES,4.5
3203,19,2990.0,4490.0,SHOES,4.1
3204,26,1590.0,5990.0,SPECIAL PRICES,4.2
3205,34,3290.0,4790.0,SHOES|T-SHIRTS_SWEATSHIRTS|BAGS,3.5
3206,46,3290.0,3990.0,T-SHIRTS_SWEATSHIRTS|JACKETS,4.3
3207,32,2290.0,2990.0,BAGS|JACKETS,3.7
3208,28,2590.0,4990.0,LOUNGEWEARNEW,3.8
3209,55,2590.0,5990.0,TROUSERS,4.1
3210,48,3290.0,4790.0,T-SHIRTS_SWEATSHIRTS|WAISTCOATS_GILETS,4.7
3211,49,4990.0,5990.0,LOUNGEWEARNEW|SKIRTS,3.6
3212,51,2990.0,5990.0,TOPS_BODYSUITS|JACKETS,4.2
3213,53,3290.0,8990.0,KNITWEAR,4.3
3214,36,1990.0,4990.0,T-SHIRTS_SWEATSHIRTS|SHORTS_SKORTS|SKIRTS,4.5
3215,47,3290.0,3990.0,PERFUMESNEW|BEAUTY|ACCESSORIES_JEWELLERY,4.5
3216,50,3290.0,4790.0,WAISTCOATS_GILETS|BASICS,3.9
3217,48,790.0,4990.0,BASICS,4.1
3218,54,2990.0,3990.0,TROUSERS,4.0
3219,29,2590.0,4990.0,T-SHIRTS_SWEATSHIRTS,4.5
3220,32,2290.0,3290.0,TROUSERS|KNITWEAR,4.5
3221,50,2290.0,3990.0,SKIRTS,4.6
3222,44,3290.0,5990.0,CO-ORD SETS|SHORTS_SKORTS,3.8
3223,51,2290.0,3790.0,SHORTS_SKORTS|BLAZERS,4.1
3224,50,2990.0,5590.0,WORKWEARNEW,3.5
3225,33,5990.0,7490.0,SHORTS_SKORTS|WORKWEARNEW|BAGS,4.5
3226,40,2890.0,4390.0,BAGS,4.6
3227,43,4990.0,5990.0,SKIRTS,4.7
3228,39,1590.0,5590.0,BLAZERS|TOPS_BODYSUITS,4.5
3229,22,2290.0,3290.0,BASICS|SPECIAL PRICES|JACKETS,3.9
3230,42,3290.0,5990.0,T-SHIRTS_SWEATSHIRTS|PERFUMESNEW|SHOES,4.5
3231,18,3290.0,7590.0,KNITWEAR|BAGS,4.6
3232,39,2990.0,3990.0,TOPS_BODYSUITS,4.3
3233,21,2990.0,4490.0,SHORTS_SKORTS|SKIRTS,3.9
3234,30,2590.0,4090.0,JACKETS|WAISTCOATS_GILETS,4.5
3235,24,3290.0,3990.0,JEANS,4.1
3236,26,2590.0,5590.0,BASICS,4.5
3237,41,2890.0,4390.0,BEAUTY|WORKWEARNEW,4.5
3238,32,3290.0,3990.0,BLAZERS,4.4
3239,42,1590.0,5990.0,SKIRTS,4.1
3240,50,2990.0,4490.0,TROUSERS,3.7
3241,52,690.0,2590.0,WAISTCOATS_GILETS,3.5
3242,34,2290.0,3290.0,ACCESSORIES_JEWELLERY|BAGS,4.0
3243,23,1890.0,3290.0,BASICS,4.5
3244,25,2590.0,4090.0,WORKWEARNEW|SHIRTS,3.7
3245,20,2290.0,3290.0,JEANS,4.5
3246,20,1890.0,3290.0,WORKWEARNEW|SHIRTS,3.8
3247,53,2590.0,3290.0,JEANS|KNITWEAR,3.6
3248,22,2290.0,4990.0,LOUNGEWEARNEW,4.6
3249,55,1590.0,4990.0,DRESSES_JUMPSUITS|WAISTCOATS_GILETS|LOUNGEWEARNEW,4.5
3250,48,990.0,6990.0,SHIRTS,3.9
3251,23,1990.0,5990.0,CO-ORD SETS,3.6
3252,31,3290.0,3990.0,BASICS,4.1
3253,42,1590.0,3090.0,CO-ORD SETS,3.6
3254,32,2590.0,3290.0,CO-ORD SETS|JEANS,4.5
3255,28,2990.0,3990.0,TOPS_BODYSUITS,3.6
3256,48,4990.0,5990.0,WORKWEARNEW|BLAZERS,4.4
3257,19,3290.0,4990.0,JACKETS|WORKWEARNEW,4.5
3258,20,2990.0,3990.0,WAISTCOATS_GILETS,3.9
3259,40,3290.0,4990.0,WORKWEARNEW,4.4
3260,21,1990.0,2990.0,BAGS|KNITWEAR|BASICS,3.9
3261,43,2590.0,3990.0,T-SHIRTS_SWEATSHIRTS|SHOES,4.3
3262,27,3290.0,4790.0,DRESSES_JUMPSUITS|LOUNGEWEARNEW|SKIRTS,4.2
3263,34,1890.0,3290.0,WORKWEARNEW|DRESSES_JUMPSUITS,4.4
3264,25,2890.0,4390.0,SHOES,4.3
3265,29,3290.0,5990.0,PERFUMESNEW|WAISTCOATS_GILETS,3.9
3266,42,3990.0,4990.0,BASICS|WAISTCOATS_GILETS,4.6
3267,19,2290.0,3990.0,LOUNGEWEARNEW,4.6
3268,28,4990.0,6490.0,SHOES|CO-ORD SETS,4.2
3269,51,2590.0,5990.0,BAGS|ACCESSORIES_JEWELLERY,4.7
3270,22,1890.0,3990.0,DRESSES_JUMPSUITS|TOPS_BODYSUITS,4.4
3271,27,2990.0,4490.0,TROUSERS,3.7
3272,25,4990.0,6490.0,LOUNGEWEARNEW,3.7
3273,53,3290.0,5990.0,DRESSES_JUMPSUITS,4.1
3274,18,3290.0,4790.0,LOUNGEWEARNEW,3.9
3275,21,990.0,3990.0,WORKWEARNEW,3.9
3276,41,2990.0,4490.0,WORKWEARNEW|BAGS,4.6
3277,50,3290.0,9990.0,BEAUTY,4.7
3278,48,2990.0,4490.0,SPECIAL PRICES|BASICS,3.8
3279,23,2990.0,5990.0,LOUNGEWEARNEW,4.4
3280,21,2290.0,3990.0,WORKWEARNEW,4.4
3281,22,3290.0,4790.0,BAGS|TROUSERS,3.7
3282,22,3290.0,8590.0,BEAUTY,3.7
3283,43,2990.0,4990.0,CO-ORD SETS|SHORTS_SKORTS,4.0
3284,40,3290.0,5990.0,SHORTS_SKORTS|SHOES,4.5
3285,33,2290.0,5990.0,JEANS,4.2
3286,21,3290.0,3990.0,DRESSES_JUMPSUITS|BAGS,4.4
3287,53,3290.0,3990.0,JACKETS|KNITWEAR,3.9
3288,39,2290.0,3990.0,TOPS_BODYSUITS,3.8
3289,39,1990.0,3290.0,SKIRTS|KNITWEAR,3.8
3290,25,1990.0,3490.0,CO-ORD SETS,4.6
3291,38,2990.0,5990.0,BLAZERS|BAGS,3.7
3292,34,2590.0,5990.0,WORKWEARNEW|LOUNGEWEARNEW,4.1
3293,39,3290.0,4790.0,BAGS,4.6
3294,18,4990.0,6490.0,BAGS|BASICS,3.9
3295,36,2990.0,4990.0,SPECIAL PRICES|DRESSES_JUMPSUITS,4.3
3296,39,2990.0,4490.0,ACCESSORIES_JEWELLERY|SHORTS_SKORTS|CO-ORD SETS,3.9
3297,20,3290.0,4990.0,BASICS,4.6
3298,30,3290.0,11990.0,TOPS_BODYSUITS,4.6
3299,50,2990.0,4490.0,CO-ORD SETS,3.8
3300,49,990.0,1590.0,CO-ORD SETS,3.6
3301,41,3290.0,5590.0,BLAZERS|ACCESSORIES_JEWELLERY,3.6
3302,39,2890.0,4390.0,WORKWEARNEW|CO-ORD SETS,3.8
3303,28,3290.0,4990.0,DRESSES_JUMPSUITS|T-SHIRTS_SWEATSHIRTS|BAGS,3.9
3304,44,690.0,3290.0,BAGS,4.2
3305,23,2990.0,4490.0,CO-ORD SETS|SKIRTS|PERFUMESNEW,4.6
3306,27,3990.0,5590.0,T-SHIRTS_SWEATSHIRTS|BAGS,3.7
3307,30,2990.0,4490.0,T-SHIRTS_SWEATSHIRTS,3.5
3308,18,3290.0,4990.0,KNITWEAR|BLAZERS,4.1
3309,45,2590.0,4990.0,BASICS,3.5
3310,53,2590.0,3290.0,CO-ORD SETS|T-SHIRTS_SWEATSHIRTS,4.5
3311,31,4990.0,6490.0,BASICS,4.1
3312,44,950.0,3290.0,TOPS_BODYSUITS|SHIRTS|TROUSERS,3.8
3313,53,3990.0,4990.0,TOPS_BODYSUITS|LOUNGEWEARNEW|JACKETS,3.8
3314,51,4990.0,7590.0,SHIRTS,3.6
3315,47,3290.0,3990.0,SPECIAL PRICES,3.9
3316,43,1990.0,3290.0,TROUSERS,4.2
3317,20,3290.0,4790.0,BAGS|BLAZERS,4.6
3318,24,490.0,4990.0,BEAUTY,3.8
3319,51,1090.0,2590.0,SHORTS_SKORTS,4.1
3320,22,4990.0,5990.0,BASICS|JACKETS,3.9
3321,40,990.0,2590.0,DRESSES_JUMPSUITS,3.7
3322,22,2590.0,8590.0,SHIRTS,4.2
3323,44,1990.0,3290.0,CO-ORD SETS,3.6
3324,45,2590.0,4090.0,BEAUTY|JEANS|T-SHIRTS_SWEATSHIRTS,3.9
3325,40,2990.0,7590.0,SKIRTS,4.6
3326,24,2590.0,5990.0,ACCESSORIES_JEWELLERY,4.5
3327,21,3290.0,7590.0,BLAZERS|SHORTS_SKORTS|PERFUMESNEW,4.2
3328,39,2590.0,3990.0,JACKETS|SKIRTS|T-SHIRTS_SWEATSHIRTS,4.2
3329,21,1990.0,2990.0,SHIRTS,4.2
3330,42,590.0,2990.0,BASICS,4.3
3331,37,3290.0,4790.0,BAGS,3.8
3332,47,890.0,4990.0,WORKWEARNEW|TROUSERS|BASICS,3.6
3333,53,990.0,4990.0,ACCESSORIES_JEWELLERY|SKIRTS,3.9
3334,48,3290.0,3990.0,CO-ORD SETS|SHOES,3.8
3335,44,2590.0,4990.0,WAISTCOATS_GILETS|JACKETS,4.3
3336,42,790.0,2590.0,KNITWEAR,4.3
3337,20,3290.0,4990.0,TROUSERS|SHOES,4.7
3338,41,1290.0,1990.0,JEANS,4.6
3339,37,2590.0,4990.0,SKIRTS|TOPS_BODYSUITS,3.9
3340,54,2290.0,4990.0,SHORTS_SKORTS,3.8
3341,55,2990.0,4490.0,PERFUMESNEW|LOUNGEWEARNEW,3.6
3342,26,2590.0,3290.0,CO-ORD SETS|LOUNGEWEARNEW,4.3
3343,41,990.0,5990.0,BAGS,3.6
3344,48,3290.0,4990.0,PERFUMESNEW,4.1
3345,36,3290.0,4790.0,SKIRTS,4.3
3346,31,1590.0,2890.0,T-SHIRTS_SWEATSHIRTS,4.3
3347,43,3990.0,5490.0,JACKETS|DRESSES_JUMPSUITS,3.5
3348,37,3290.0,4990.0,TOPS_BODYSUITS|KNITWEAR,3.8
3349,37,5990.0,7490.0,PERFUMESNEW|BEAUTY,3.5
3350,25,3290.0,6990.0,CO-ORD SETS|SPECIAL PRICES,3.8
3351,33,1990.0,4990.0,JACKETS,3.9
3352,35,2990.0,4490.0,CO-ORD SETS|ACCESSORIES_JEWELLERY,4.2
3353,37,2990.0,4490.0,LOUNGEWEARNEW|JACKETS,3.7
3354,27,3290.0,4990.0,SKIRTS|SHORTS_SKORTS|SPECIAL PRICES,4.0
3355,33,1590.0,7590.0,BASICS,3.9
3356,23,2590.0,4990.0,LOUNGEWEARNEW,4.1
3357,41,2890.0,4390.0,DRESSES_JUMPSUITS|SHOES,4.4
3358,26,1890.0,2590.0,DRESSES_JUMPSUITS|WAISTCOATS_GILETS|SPECIAL PRICES,4.4
3359,40,790.0,7590.0,T-SHIRTS_SWEATSHIRTS|PERFUMESNEW,4.6
3360,44,2990.0,5990.0,WORKWEARNEW|BEAUTY,4.7
3361,49,5590.0,7090.0,TROUSERS,3.6
3362,24,2990.0,5990.0,PERFUMESNEW|CO-ORD SETS,4.5
3363,45,2990.0,3990.0,KNITWEAR,4.3
3364,48,1590.0,2290.0,PERFUMESNEW,3.7
3365,29,2590.0,4990.0,WORKWEARNEW,3.8
3366,47,2590.0,3990.0,TROUSERS|BAGS|SHOES,4.6
3367,41,1990.0,3990.0,TROUSERS|WORKWEARNEW,3.6
3368,41,3290.0,4790.0,TROUSERS|T-SHIRTS_SWEATSHIRTS|DRESSES_JUMPSUITS,3.6
3369,18,2990.0,4490.0,BAGS|WORKWEARNEW,4.7
3370,45,3290.0,4790.0,SHORTS_SKORTS,4.2
3371,49,2590.0,4990.0,BEAUTY,4.1
3372,50,2290.0,4990.0,TOPS_BODYSUITS|BAGS,4.4
3373,53,2290.0,3290.0,SPECIAL PRICES|BLAZERS|CO-ORD SETS,4.7
3374,24,2590.0,4990.0,CO-ORD SETS,4.3
3375,54,1890.0,3990.0,TROUSERS|T-SHIRTS_SWEATSHIRTS,3.6
3376,46,2590.0,3290.0,SHOES|SHIRTS,4.2
3377,38,8590.0,11990.0,SHORTS_SKORTS,4.3
3378,47,1590.0,3090.0,WORKWEARNEW|JACKETS,4.1
3379,28,1590.0,3290.0,SHOES|LOUNGEWEARNEW,3.6
3380,55,2290.0,4990.0,CO-ORD SETS|SPECIAL PRICES,4.0
3381,18,3990.0,5490.0,PERFUMESNEW|JEANS,4.5
3382,18,2590.0,3290.0,BASICS|SKIRTS,4.3
3383,50,3990.0,5990.0,LOUNGEWEARNEW,3.6
3384,40,1590.0,3990.0,BASICS|BLAZERS|SHIRTS,4.1
3385,18,3290.0,5590.0,BEAUTY,4.7
3386,47,4990.0,6490.0,SPECIAL PRICES,4.4
3387,44,4990.0,5990.0,BASICS|TROUSERS|SHORTS_SKORTS,3.6
3388,45,2590.0,3990.0,ACCESSORIES_JEWELLERY|BASICS,4.2
3389,45,1890.0,8590.0,PERFUMESNEW,4.5
3390,25,2290.0,4990.0,ACCESSORIES_JEWELLERY|BAGS,4.3
3391,21,2990.0,5990.0,SKIRTS|JACKETS,4.4
3392,45,990.0,5990.0,DRESSES_JUMPSUITS|KNITWEAR,4.4
3393,41,2290.0,3790.0,LOUNGEWEARNEW,3.9
3394,45,2590.0,5590.0,LOUNGEWEARNEW|KNITWEAR,3.6
3395,40,2290.0,4990.0,BAGS|JACKETS,3.5
3396,54,2990.0,4990.0,BASICS|BLAZERS,4.3
3397,21,5990.0,7490.0,SHOES|SPECIAL PRICES,4.6
3398,25,3290.0,3990.0,SHORTS_SKORTS,4.7
3399,34,2590.0,3290.0,JACKETS|WAISTCOATS_GILETS|SHOES,4.7
3400,55,5990.0,7590.0,SKIRTS|BEAUTY|TOPS_BODYSUITS,3.9
3401,21,3290.0,5990.0,BASICS|JEANS|TROUSERS,4.1
3402,52,2890.0,4390.0,SHORTS_SKORTS,3.8
3403,42,2890.0,4390.0,SPECIAL PRICES|SKIRTS|BASICS,4.6
3404,34,2290.0,2990.0,SHOES|TROUSERS|WORKWEARNEW,3.8
3405,53,1090.0,3290.0,SHORTS_SKORTS|PERFUMESNEW,3.6
3406,30,2990.0,5990.0,T-SHIRTS_SWEATSHIRTS|WORKWEARNEW|BASICS,4.3
3407,24,3290.0,3990.0,TOPS_BODYSUITS|BEAUTY,3.6
3408,49,3290.0,3990.0,ACCESSORIES_JEWELLERY|BEAUTY,4.6
3409,24,1590.0,2590.0,LOUNGEWEARNEW|ACCESSORIES_JEWELLERY,4.0
3410,42,2890.0,4390.0,TROUSERS,3.8
3411,49,1990.0,3290.0,WAISTCOATS_GILETS|CO-ORD SETS,3.8
3412,18,990.0,3290.0,BEAUTY,4.4
3413,41,1290.0,4990.0,DRESSES_JUMPSUITS,4.5
3414,24,4990.0,5590.0,SKIRTS|TROUSERS,4.3
3415,29,3290.0,5990.0,KNITWEAR|BAGS,3.5
3416,33,3990.0,5990.0,SHIRTS|BEAUTY|TROUSERS,4.3
3417,26,2990.0,5990.0,SPECIAL PRICES,3.8
3418,27,3290.0,4990.0,T-SHIRTS_SWEATSHIRTS,4.4
3419,26,2590.0,4090.0,BAGS|BEAUTY,4.0
3420,22,3290.0,3990.0,BEAUTY|CO-ORD SETS|SKIRTS,4.4
3421,31,3290.0,5990.0,SHOES|WORKWEARNEW,4.5
3422,41,1890.0,3990.0,CO-ORD SETS|T-SHIRTS_SWEATSHIRTS,3.9
3423,38,3290.0,5990.0,BAGS|SKIRTS,4.3
3424,55,2890.0,4390.0,TROUSERS|ACCESSORIES_JEWELLERY,3.5
3425,21,2990.0,4990.0,CO-ORD SETS,3.8
3426,39,2990.0,4490.0,TROUSERS,3.6
3427,22,3990.0,4990.0,TROUSERS|BLAZERS,4.2
3428,30,3290.0,5990.0,TROUSERS|SHIRTS,4.4
3429,31,3290.0,3990.0,SKIRTS,3.8
3430,54,2590.0,3290.0,SPECIAL PRICES,4.4
3431,45,2590.0,5990.0,WORKWEARNEW,3.9
3432,26,3290.0,4990.0,SHOES,4.1
3433,44,1990.0,2990.0,SKIRTS,4.3
3434,42,3290.0,3990.0,BEAUTY|SHORTS_SKORTS|WAISTCOATS_GILETS,4.7
3435,36,2990.0,4490.0,CO-ORD SETS|SPECIAL PRICES|WORKWEARNEW,4.6
3436,27,2590.0,3290.0,TROUSERS|BASICS,4.5
3437,37,3290.0,4990.0,DRESSES_JUMPSUITS,3.6
3438,48,3990.0,7590.0,WAISTCOATS_GILETS|SPECIAL PRICES|LOUNGEWEARNEW,4.3
3439,47,1290.0,2590.0,JACKETS|CO-ORD SETS,4.4
3440,44,1990.0,5990.0,SHORTS_SKORTS,4.0
3441,34,3290.0,3990.0,DRESSES_JUMPSUITS|TOPS_BODYSUITS|KNITWEAR,4.1
3442,32,690.0,4990.0,SPECIAL PRICES,3.9
3443,19,3290.0,5990.0,BEAUTY|JEANS|BLAZERS,3.5
3444,30,3990.0,5990.0,BLAZERS,4.3
3445,21,3990.0,4990.0,BASICS|BAGS,3.6
3446,44,3290.0,4790.0,BAGS,4.5
3447,18,2990.0,3990.0,PERFUMESNEW|TROUSERS,4.3
3448,55,2590.0,4090.0,SHORTS_SKORTS,3.7
3449,29,990.0,3990.0,LOUNGEWEARNEW,4.0
3450,54,3290.0,4990.0,PERFUMESNEW,4.3
3451,41,2990.0,4990.0,DRESSES_JUMPSUITS|BAGS,3.8
3452,51,690.0,4990.0,BASICS,4.6
3453,53,4990.0,6990.0,BEAUTY|PERFUMESNEW,3.5
3454,55,3290.0,4990.0,ACCESSORIES_JEWELLERY,4.6
3455,19,2990.0,4990.0,PERFUMESNEW|DRESSES_JUMPSUITS,3.7
3456,29,1290.0,4990.0,SPECIAL PRICES|T-SHIRTS_SWEATSHIRTS,4.0
3457,30,3290.0,5990.0,KNITWEAR|ACCESSORIES_JEWELLERY,3.7
3458,51,2890.0,4390.0,WAISTCOATS_GILETS,3.8
3459,38,2990.0,3990.0,DRESSES_JUMPSUITS,3.9
3460,45,1890.0,4990.0,SPECIAL PRICES,3.8
3461,27,2590.0,5990.0,ACCESSORIES_JEWELLERY,3.6
3462,32,3290.0,4990.0,PERFUMESNEW,4.1
3463,51,3990.0,4990.0,BAGS|TOPS_BODYSUITS,4.6
3464,23,790.0,3290.0,BEAUTY|ACCESSORIES_JEWELLERY|SHOES,3.6
3465,48,1490.0,5990.0,JEANS,3.8
3466,20,3290.0,4990.0,T-SHIRTS_SWEATSHIRTS|SPECIAL PRICES|TROUSERS,4.6
3467,28,990.0,2590.0,SKIRTS|BASICS,4.6
3468,19,990.0,3290.0,ACCESSORIES_JEWELLERY|LOUNGEWEARNEW|SKIRTS,3.7
3469,24,2990.0,4990.0,SHOES|T-SHIRTS_SWEATSHIRTS,3.8
3470,47,890.0,3290.0,WORKWEARNEW,4.1
3471,25,3990.0,5990.0,SHIRTS|DRESSES_JUMPSUITS,3.9
3472,29,1290.0,1890.0,SHIRTS,4.4
3473,30,3290.0,7590.0,DRESSES_JUMPSUITS|PERFUMESNEW,4.3
3474,37,2590.0,4990.0,SKIRTS,3.8
3475,43,4990.0,6490.0,PERFUMESNEW,4.3
3476,39,2990.0,4490.0,SHOES,3.8
3477,34,3290.0,4990.0,PERFUMESNEW|SHOES,4.0
3478,23,2990.0,4490.0,TOPS_BODYSUITS|PERFUMESNEW|JACKETS,4.5
3479,55,790.0,5990.0,SHIRTS,3.6
3480,54,2990.0,9590.0,LOUNGEWEARNEW|KNITWEAR,4.2
3481,30,2890.0,4390.0,TOPS_BODYSUITS|BASICS|PERFUMESNEW,4.1
3482,48,3290.0,5990.0,SHIRTS,3.7
3483,24,990.0,4990.0,LOUNGEWEARNEW|SHORTS_SKORTS,3.7
3484,48,3990.0,5490.0,JACKETS|BAGS,3.6
3485,28,2990.0,4990.0,BASICS|WAISTCOATS_GILETS|T-SHIRTS_SWEATSHIRTS,4.3
3486,49,2890.0,10990.0,WORKWEARNEW,4.7
3487,22,4990.0,5590.0,KNITWEAR|ACCESSORIES_JEWELLERY|BAGS,3.7
3488,48,3290.0,4990.0,SHORTS_SKORTS|BEAUTY|SHIRTS,3.9
3489,35,3290.0,5990.0,SKIRTS|WORKWEARNEW,4.1
3490,30,2990.0,4490.0,JACKETS,3.8
3491,34,1990.0,2990.0,WORKWEARNEW,4.0
3492,26,3290.0,3990.0,TOPS_BODYSUITS,4.0
3493,34,590.0,3290.0,KNITWEAR,4.0
3494,54,2990.0,3990.0,SPECIAL PRICES|BEAUTY|SKIRTS,4.6
3495,54,1890.0,4990.0,JEANS|SPECIAL PRICES,3.6
3496,30,2290.0,4990.0,WORKWEARNEW|SHOES|SHORTS_SKORTS,4.5
3497,23,1990.0,2990.0,BLAZERS|WORKWEARNEW,4.1
3498,21,2290.0,4990.0,SHOES|KNITWEAR,3.8
3499,46,1890.0,5990.0,CO-ORD SETS|WAISTCOATS_GILETS,3.9
3500,37,1890.0,5990.0,DRESSES_JUMPSUITS,3.6
3501,18,3290.0,4790.0,SHORTS_SKORTS|SHOES,4.2
3502,49,3290.0,5590.0,BLAZERS,4.7
3503,36,1590.0,2290.0,BAGS,3.8
3504,30,5590.0,7090.0,PERFUMESNEW|SHOES|SHORTS_SKORTS,4.1
3505,35,3290.0,5590.0,BLAZERS|WAISTCOATS_GILETS|LOUNGEWEARNEW,3.9
3506,37,2990.0,3990.0,WORKWEARNEW,4.0
3507,42,2990.0,7590.0,JEANS,4.6
3508,24,2990.0,6990.0,SHORTS_SKORTS|JEANS,3.9
3509,55,3990.0,4990.0,ACCESSORIES_JEWELLERY,3.9
3510,25,1990.0,3290.0,BAGS|BASICS|WAISTCOATS_GILETS,3.9
3511,52,1590.0,3290.0,SHIRTS|LOUNGEWEARNEW,4.1
3512,40,3290.0,4790.0,BAGS|CO-ORD SETS|ACCESSORIES_JEWELLERY,4.2
3513,49,2990.0,4490.0,SHOES|TROUSERS,4.2
3514,32,990.0,3290.0,ACCESSORIES_JEWELLERY|DRESSES_JUMPSUITS,4.4
3515,43,2890.0,4390.0,BEAUTY|BLAZERS,4.6
3516,43,3990.0,7590.0,SHORTS_SKORTS|SHOES,4.0
3517,45,2990.0,5990.0,KNITWEAR,4.2
3518,30,890.0,4990.0,T-SHIRTS_SWEATSHIRTS|SKIRTS,3.6
3519,46,1990.0,2590.0,BASICS,3.8
3520,44,5990.0,6990.0,TROUSERS|SHORTS_SKORTS,4.1
3521,52,2590.0,3990.0,TROUSERS|SHIRTS|LOUNGEWEARNEW,3.8
3522,35,2290.0,2990.0,BLAZERS|SHOES,3.6
3523,47,3290.0,4990.0,KNITWEAR,4.4
3524,21,2590.0,3290.0,WAISTCOATS_GILETS,4.4
3525,30,2990.0,5990.0,TROUSERS|SKIRTS,3.8
3526,46,3990.0,4990.0,BASICS|BEAUTY|SPECIAL PRICES,4.3
3527,47,2990.0,17990.0,WORKWEARNEW|JACKETS|SHORTS_SKORTS,3.8
3528,36,2590.0,3990.0,LOUNGEWEARNEW|SPECIAL PRICES|TROUSERS,4.4
3529,49,2590.0,3290.0,SKIRTS,4.2
3530,53,3290.0,3990.0,BLAZERS,4.2
3531,19,2890.0,4990.0,WORKWEARNEW|PERFUMESNEW|LOUNGEWEARNEW,4.2
3532,45,3990.0,4990.0,BASICS|KNITWEAR,4.5
3533,22,690.0,3290.0,KNITWEAR|CO-ORD SETS|JACKETS,4.4
3534,28,3290.0,6990.0,WAISTCOATS_GILETS,3.8
3535,24,790.0,2990.0,SHIRTS|BASICS,3.9
3536,40,2590.0,4090.0,BASICS|PERFUMESNEW,4.1
3537,24,4990.0,5990.0,BAGS|SHORTS_SKORTS,4.5
3538,37,3290.0,3990.0,SHORTS_SKORTS,3.7
3539,19,1890.0,2890.0,SKIRTS,4.2
3540,52,4990.0,5990.0,WAISTCOATS_GILETS,3.9
3541,51,3290.0,4990.0,TOPS_BODYSUITS,4.0
3542,36,2990.0,4490.0,TOPS_BODYSUITS,3.9
3543,36,3290.0,4790.0,BEAUTY|JACKETS|TROUSERS,3.8
3544,46,2290.0,2990.0,CO-ORD SETS|PERFUMESNEW,4.7
3545,38,3290.0,5990.0,LOUNGEWEARNEW|BAGS,3.8
3546,31,2890.0,5990.0,BLAZERS,3.6
3547,24,2990.0,4990.0,JACKETS|WORKWEARNEW,4.1
3548,44,1890.0,4990.0,PERFUMESNEW|SHOES|BAGS,3.7
3549,35,2590.0,3290.0,WORKWEARNEW|DRESSES_JUMPSUITS|JEANS,3.5
3550,48,1990.0,2590.0,TROUSERS|CO-ORD SETS,4.7
3551,55,1890.0,2490.0,DRESSES_JUMPSUITS,4.5
3552,29,3990.0,4990.0,SPECIAL PRICES|TROUSERS,3.8
3553,24,3290.0,5990.0,JEANS|WORKWEARNEW,4.5
3554,22,2890.0,4990.0,SHOES|JACKETS,3.6
3555,28,2290.0,4990.0,BASICS|ACCESSORIES_JEWELLERY,3.5
3556,43,1990.0,3290.0,ACCESSORIES_JEWELLERY|PERFUMESNEW|JACKETS,3.9
3557,41,3290.0,4790.0,JACKETS|SHOES,4.4
3558,43,2590.0,3990.0,LOUNGEWEARNEW|BLAZERS,3.5
3559,22,2290.0,3290.0,SHOES|CO-ORD SETS,3.5
3560,18,3290.0,5990.0,BAGS,3.7
3561,48,1890.0,2990.0,JEANS|BAGS,3.7
3562,31,2290.0,3290.0,SPECIAL PRICES,4.1
3563,44,1990.0,3290.0,SHORTS_SKORTS|BASICS,3.8
3564,47,2590.0,4090.0,WAISTCOATS_GILETS|WORKWEARNEW,4.5
3565,33,1990.0,3490.0,TOPS_BODYSUITS|BAGS,3.7
3566,55,3990.0,5990.0,KNITWEAR|CO-ORD SETS,3.8
3567,46,2590.0,3290.0,SHORTS_SKORTS|BASICS,4.3
3568,52,2590.0,3990.0,PERFUMESNEW|SHORTS_SKORTS,3.6
3569,52,2290.0,3290.0,WORKWEARNEW,4.5
3570,32,2990.0,7590.0,ACCESSORIES_JEWELLERY,3.8
3571,33,990.0,3290.0,LOUNGEWEARNEW|JACKETS,4.5
3572,24,4990.0,6990.0,BAGS|LOUNGEWEARNEW|CO-ORD SETS,4.5
3573,34,2290.0,3290.0,BAGS|BEAUTY,3.7
3574,53,1590.0,4990.0,T-SHIRTS_SWEATSHIRTS,4.0
3575,42,2290.0,3790.0,WAISTCOATS_GILETS,3.9
3576,35,2990.0,4990.0,JACKETS,4.3
3577,35,3290.0,4990.0,JACKETS|BEAUTY,4.2
3578,38,3290.0,4990.0,PERFUMESNEW,3.8
3579,42,890.0,5990.0,JEANS|BEAUTY,4.0
3580,34,2590.0,3990.0,SHORTS_SKORTS,4.6
3581,49,3290.0,4990.0,LOUNGEWEARNEW,3.6
3582,32,3290.0,4990.0,SHORTS_SKORTS|CO-ORD SETS,4.6
3583,49,2990.0,4490.0,DRESSES_JUMPSUITS|WORKWEARNEW,4.4
3584,20,1090.0,5990.0,JEANS|TROUSERS,4.2
3585,42,2990.0,3990.0,CO-ORD SETS,4.2
3586,31,3290.0,3990.0,SHIRTS,4.3
3587,37,3290.0,4990.0,CO-ORD SETS|LOUNGEWEARNEW,4.1
3588,19,2290.0,3290.0,TOPS_BODYSUITS|SHORTS_SKORTS|KNITWEAR,4.6
3589,23,2590.0,4090.0,BAGS|BASICS|SPECIAL PRICES,4.7
3590,52,1990.0,8590.0,WAISTCOATS_GILETS|PERFUMESNEW|JACKETS,4.3
3591,19,2290.0,4990.0,SHOES,4.2
3592,39,1890.0,3990.0,WORKWEARNEW|ACCESSORIES_JEWELLERY|SHIRTS,3.9
3593,27,2990.0,4490.0,SKIRTS,4.3
3594,44,1890.0,4990.0,ACCESSORIES_JEWELLERY|KNITWEAR,4.2
3595,36,3990.0,5990.0,KNITWEAR|CO-ORD SETS,4.0
3596,45,2290.0,2990.0,TROUSERS,3.7
3597,31,4990.0,5990.0,SHIRTS|SHOES|CO-ORD SETS,4.6
3598,42,2990.0,4490.0,BAGS|SPECIAL PRICES|T-SHIRTS_SWEATSHIRTS,4.6
3599,43,2290.0,3290.0,TROUSERS,3.9
3600,38,3990.0,4990.0,TOPS_BODYSUITS|SHORTS_SKORTS|JACKETS,4.4
3601,42,2990.0,6990.0,BEAUTY,3.8
3602,50,1290.0,2590.0,BASICS|LOUNGEWEARNEW,4.1
3603,51,3990.0,4990.0,BASICS|JEANS,3.9
3604,42,3290.0,4990.0,SPECIAL PRICES,4.5
3605,21,3990.0,5490.0,SHORTS_SKORTS,3.7
3606,38,2290.0,3290.0,ACCESSORIES_JEWELLERY,3.6
3607,27,990.0,4990.0,SKIRTS|T-SHIRTS_SWEATSHIRTS,4.4
3608,48,2590.0,5990.0,T-SHIRTS_SWEATSHIRTS,4.6
3609,51,3290.0,4990.0,SHORTS_SKORTS,4.1
3610,20,2990.0,4990.0,CO-ORD SETS,4.3
3611,44,3290.0,4990.0,BLAZERS|SHORTS_SKORTS|WAISTCOATS_GILETS,3.6
3612,41,1990.0,3490.0,BLAZERS|BAGS,3.8
3613,28,1290.0,3290.0,SPECIAL PRICES,4.1
3614,52,2990.0,5990.0,SHIRTS,3.6
3615,31,2990.0,5990.0,SPECIAL PRICES|BEAUTY,3.7
3616,48,4990.0,6490.0,BEAUTY,4.7
3617,38,1590.0,2590.0,BASICS|KNITWEAR|T-SHIRTS_SWEATSHIRTS,4.5
3618,34,4990.0,6490.0,JACKETS,4.6
3619,32,5990.0,7590.0,SKIRTS|SHOES,4.0
3620,28,1590.0,4990.0,TOPS_BODYSUITS|SPECIAL PRICES,3.7
3621,24,1590.0,3090.0,JACKETS,4.3
3622,55,3290.0,7990.0,JEANS|SPECIAL PRICES,4.7
3623,23,3990.0,4990.0,WAISTCOATS_GILETS,4.6
3624,38,3290.0,4990.0,CO-ORD SETS,4.2
3625,50,2890.0,4390.0,T-SHIRTS_SWEATSHIRTS|TROUSERS,3.6
3626,53,890.0,2990.0,SHIRTS|PERFUMESNEW|BAGS,4.5
3627,51,2990.0,3990.0,JEANS|ACCESSORIES_JEWELLERY|DRESSES_JUMPSUITS,4.5
3628,24,1890.0,2990.0,LOUNGEWEARNEW|KNITWEAR|T-SHIRTS_SWEATSHIRTS,4.1
3629,43,2290.0,2890.0,BEAUTY|ACCESSORIES_JEWELLERY,3.9
3630,32,4990.0,11990.0,SHIRTS|SHORTS_SKORTS|BAGS,3.5
3631,51,4990.0,6490.0,SPECIAL PRICES|WAISTCOATS_GILETS,3.6
3632,52,2290.0,2890.0,BEAUTY|WORKWEARNEW|SHIRTS,4.6
3633,20,2990.0,5990.0,WORKWEARNEW|BLAZERS,4.2
3634,39,790.0,5990.0,BLAZERS|BASICS,4.4
3635,43,2290.0,3290.0,T-SHIRTS_SWEATSHIRTS,4.3
3636,53,1590.0,11990.0,WAISTCOATS_GILETS,4.4
3637,40,2590.0,4090.0,LOUNGEWEARNEW,3.7
3638,37,2890.0,4390.0,BAGS,3.7
3639,29,3290.0,5990.0,LOUNGEWEARNEW|SKIRTS,3.6
3640,41,1890.0,5990.0,T-SHIRTS_SWEATSHIRTS,4.5
3641,36,2590.0,4990.0,SPECIAL PRICES,4.3
3642,19,3290.0,4990.0,DRESSES_JUMPSUITS,3.6
3643,52,1590.0,3090.0,SHORTS_SKORTS|BASICS,3.8
3644,19,2890.0,4390.0,LOUNGEWEARNEW|TOPS_BODYSUITS,4.2
3645,54,2290.0,3290.0,JACKETS|JEANS,3.7
3646,35,3990.0,5990.0,T-SHIRTS_SWEATSHIRTS,4.5
3647,44,1590.0,4990.0,SHIRTS,4.7
3648,32,3290.0,13990.0,TROUSERS,3.5
3649,28,2990.0,3990.0,WAISTCOATS_GILETS|DRESSES_JUMPSUITS,4.1
3650,53,2890.0,4390.0,SHIRTS,4.0
3651,23,2290.0,4990.0,SPECIAL PRICES,4.5
3652,29,1990.0,2990.0,TROUSERS|CO-ORD SETS,3.9
3653,55,2590.0,3290.0,JACKETS,3.8
3654,33,2990.0,4990.0,KNITWEAR,4.2
3655,49,4990.0,6990.0,WAISTCOATS_GILETS,3.8
3656,53,2590.0,7590.0,JACKETS|WORKWEARNEW,4.6
3657,28,590.0,4990.0,WAISTCOATS_GILETS,4.1
3658,45,590.0,2990.0,BASICS|BLAZERS,3.6
3659,50,2290.0,3290.0,SKIRTS|T-SHIRTS_SWEATSHIRTS|BASICS,4.7
3660,50,1590.0,2290.0,CO-ORD SETS,4.7
3661,51,2890.0,4390.0,SPECIAL PRICES,3.5
3662,38,1990.0,3490.0,LOUNGEWEARNEW,4.4
3663,28,3290.0,4990.0,PERFUMESNEW,4.5
3664,54,1890.0,2990.0,BLAZERS,4.4
3665,40,2590.0,4990.0,PERFUMESNEW,4.7
3666,30,2990.0,3990.0,BEAUTY,4.3
3667,53,3290.0,4790.0,SHIRTS,3.7
3668,43,2590.0,3990.0,BASICS|TOPS_BODYSUITS|SPECIAL PRICES,3.7
3669,19,2590.0,4990.0,WAISTCOATS_GILETS|BEAUTY,4.1
3670,53,2590.0,3290.0,T-SHIRTS_SWEATSHIRTS,4.5
3671,22,3290.0,4990.0,DRESSES_JUMPSUITS,4.5
3672,31,2590.0,3990.0,SHOES,4.7
3673,54,1890.0,2990.0,SHIRTS|DRESSES_JUMPSUITS,4.2
3674,20,2290.0,3990.0,SHOES|ACCESSORIES_JEWELLERY,4.4
3675,45,2590.0,3290.0,SHIRTS|BASICS,3.7
3676,27,3290.0,4990.0,LOUNGEWEARNEW|SKIRTS,3.9
3677,46,1990.0,7590.0,PERFUMESNEW,4.5
3678,29,2290.0,3790.0,SPECIAL PRICES,4.5
3679,38,2290.0,3290.0,SHIRTS,3.9
3680,37,2990.0,5990.0,BASICS|DRESSES_JUMPSUITS|KNITWEAR,3.8
3681,50,3990.0,5990.0,SHOES,4.2
3682,52,990.0,4990.0,WAISTCOATS_GILETS,4.6
3683,23,3290.0,4790.0,BLAZERS,3.8
3684,45,1890.0,5990.0,TOPS_BODYSUITS|JEANS|CO-ORD SETS,4.4
3685,25,2290.0,4990.0,PERFUMESNEW|WORKWEARNEW,4.1
3686,21,2590.0,7990.0,ACCESSORIES_JEWELLERY,4.0
3687,27,4990.0,5990.0,DRESSES_JUMPSUITS|JACKETS,4.4
3688,38,2290.0,4990.0,JEANS,4.6
3689,50,1890.0,3990.0,BLAZERS|JEANS,4.4
3690,37,1990.0,4990.0,SHIRTS|BAGS,3.9
3691,41,3290.0,5990.0,BLAZERS,3.6
3692,21,2290.0,3290.0,TROUSERS|TOPS_BODYSUITS,3.7
3693,42,2890.0,3990.0,ACCESSORIES_JEWELLERY,4.5
3694,36,1890.0,4990.0,SHORTS_SKORTS|BLAZERS|WORKWEARNEW,3.9
3695,41,2290.0,3290.0,CO-ORD SETS,3.9
3696,46,2290.0,4990.0,BLAZERS,4.2
3697,47,3290.0,4790.0,CO-ORD SETS,4.4
3698,34,3290.0,5590.0,BEAUTY,4.3
3699,53,2290.0,2990.0,LOUNGEWEARNEW,3.9
3700,20,2290.0,3790.0,SHIRTS,4.6
3701,39,2290.0,2990.0,T-SHIRTS_SWEATSHIRTS|ACCESSORIES_JEWELLERY|WORKWEARNEW,4.3
3702,41,2290.0,2990.0,BASICS,3.7
3703,34,2590.0,3290.0,BLAZERS|SKIRTS|BAGS,4.0
3704,28,590.0,2090.0,SPECIAL PRICES,4.0
3705,52,2990.0,4490.0,LOUNGEWEARNEW|SHOES,3.9
3706,25,5990.0,6990.0,TOPS_BODYSUITS|JEANS|SHORTS_SKORTS,3.7
3707,26,3290.0,4990.0,LOUNGEWEARNEW|ACCESSORIES_JEWELLERY|JEANS,4.0
3708,21,3290.0,5990.0,TROUSERS|ACCESSORIES_JEWELLERY|CO-ORD SETS,3.8
3709,20,2290.0,5990.0,BEAUTY|TOPS_BODYSUITS,3.7
3710,26,2990.0,4490.0,KNITWEAR,4.5
3711,53,2290.0,3990.0,JACKETS,4.3
3712,32,2590.0,3290.0,BEAUTY|SPECIAL PRICES,3.8
3713,42,2590.0,4090.0,BASICS|ACCESSORIES_JEWELLERY,4.0
3714,28,990.0,5990.0,TOPS_BODYSUITS,4.2
3715,55,1090.0,3290.0,BLAZERS|BASICS,4.2
3716,53,3290.0,4790.0,BLAZERS|SHOES,3.5
3717,47,1890.0,3290.0,WORKWEARNEW,3.6
3718,35,3990.0,4990.0,ACCESSORIES_JEWELLERY|WORKWEARNEW|WAISTCOATS_GILETS,4.0
3719,45,1290.0,4990.0,TOPS_BODYSUITS|LOUNGEWEARNEW,4.6
3720,52,3290.0,4990.0,SPECIAL PRICES|SHORTS_SKORTS,4.1
3721,46,1590.0,4990.0,SPECIAL PRICES|TOPS_BODYSUITS|DRESSES_JUMPSUITS,4.3
3722,31,4990.0,5990.0,WORKWEARNEW|SKIRTS,4.2
3723,52,2590.0,3290.0,BLAZERS,3.5
3724,50,4990.0,13990.0,T-SHIRTS_SWEATSHIRTS|TOPS_BODYSUITS,4.4
3725,41,1890.0,5990.0,CO-ORD SETS|TROUSERS,3.8
3726,45,2590.0,4090.0,SHORTS_SKORTS,4.4
3727,34,1890.0,2990.0,SHOES|ACCESSORIES_JEWELLERY|PERFUMESNEW,3.6
3728,39,3290.0,4790.0,JEANS|BAGS,4.3
3729,51,990.0,4990.0,SPECIAL PRICES,4.6
3730,30,2590.0,3990.0,ACCESSORIES_JEWELLERY|BEAUTY,3.7
3731,30,2990.0,3990.0,TOPS_BODYSUITS,3.8
3732,23,3990.0,5490.0,LOUNGEWEARNEW|KNITWEAR,4.6
3733,41,2990.0,4490.0,SPECIAL PRICES,4.3
3734,28,2990.0,3990.0,KNITWEAR|SHOES,4.2
3735,18,5990.0,16990.0,SKIRTS,4.6
3736,53,3290.0,7590.0,SHIRTS,4.4
3737,48,3990.0,5990.0,TROUSERS|SHORTS_SKORTS,3.8
3738,23,2590.0,4990.0,JEANS|T-SHIRTS_SWEATSHIRTS|BLAZERS,3.9
3739,29,2990.0,4490.0,JACKETS|BLAZERS,4.3
3740,46,2590.0,3290.0,SPECIAL PRICES|LOUNGEWEARNEW,4.2
3741,20,2990.0,4490.0,PERFUMESNEW|SHOES,3.7
3742,38,990.0,3990.0,WAISTCOATS_GILETS|SHOES,3.8
3743,45,2890.0,4390.0,SPECIAL PRICES|SHORTS_SKORTS,4.4
3744,27,1990.0,7590.0,KNITWEAR,4.6
3745,35,2990.0,3990.0,BASICS|CO-ORD SETS,4.7
3746,30,1290.0,2990.0,WAISTCOATS_GILETS,4.3
3747,21,3290.0,4990.0,CO-ORD SETS|ACCESSORIES_JEWELLERY,4.5
3748,31,1990.0,3290.0,KNITWEAR,4.2
3749,18,1890.0,2990.0,SHORTS_SKORTS,3.9
3750,41,3290.0,3990.0,LOUNGEWEARNEW|TOPS_BODYSUITS,4.0
3751,34,3290.0,4990.0,SHOES|JEANS|TOPS_BODYSUITS,3.9
3752,27,3290.0,5990.0,SPECIAL PRICES|ACCESSORIES_JEWELLERY,3.7
3753,38,3290.0,5590.0,DRESSES_JUMPSUITS|SKIRTS,4.4
3754,41,3990.0,5490.0,TOPS_BODYSUITS|BEAUTY|BAGS,3.7
3755,38,2990.0,5990.0,BLAZERS,3.7
3756,31,1890.0,7590.0,KNITWEAR,4.0
3757,51,1590.0,4990.0,SHORTS_SKORTS,4.6
3758,21,2990.0,4490.0,BLAZERS,4.5
3759,27,4990.0,5990.0,BAGS|LOUNGEWEARNEW|SHIRTS,4.1
3760,35,2590.0,4090.0,WORKWEARNEW,3.7
3761,38,990.0,2290.0,SKIRTS|T-SHIRTS_SWEATSHIRTS,4.5
3762,33,1290.0,3290.0,KNITWEAR,3.7
3763,55,3290.0,5990.0,ACCESSORIES_JEWELLERY|T-SHIRTS_SWEATSHIRTS|JEANS,4.5
3764,23,2290.0,3790.0,SHIRTS,4.4
3765,52,1990.0,2890.0,BAGS|BASICS,3.9
3766,23,2590.0,4090.0,TOPS_BODYSUITS,4.1
3767,22,3290.0,4790.0,CO-ORD SETS|SHOES,3.6
3768,44,790.0,2290.0,BAGS|TOPS_BODYSUITS,4.0
3769,27,2990.0,4490.0,ACCESSORIES_JEWELLERY,4.2
3770,52,2290.0,3790.0,DRESSES_JUMPSUITS,3.8
3771,48,4990.0,6490.0,BEAUTY|BLAZERS|BAGS,4.3
3772,54,1990.0,3290.0,BAGS|WORKWEARNEW|SHORTS_SKORTS,4.4
3773,52,2990.0,3990.0,TOPS_BODYSUITS|WORKWEARNEW,4.7
3774,54,3290.0,5990.0,BLAZERS|SHOES,4.5
3775,51,1590.0,2990.0,WAISTCOATS_GILETS|CO-ORD SETS,3.7
3776,30,2590.0,3290.0,KNITWEAR,4.0
3777,21,1890.0,2990.0,BAGS|WORKWEARNEW,4.5
3778,40,2590.0,5990.0,KNITWEAR,4.0
3779,31,1890.0,3990.0,BLAZERS,3.7
3780,26,3290.0,3990.0,SHORTS_SKORTS,3.8
3781,37,7590.0,8590.0,WORKWEARNEW,4.3
3782,28,3290.0,3990.0,LOUNGEWEARNEW|KNITWEAR,4.4
3783,40,2990.0,4490.0,LOUNGEWEARNEW,4.3
3784,34,3290.0,4990.0,WAISTCOATS_GILETS|BEAUTY,4.6
3785,27,1890.0,5990.0,KNITWEAR|BAGS,4.5
3786,18,2590.0,3990.0,BLAZERS,4.7
3787,31,1890.0,2990.0,SPECIAL PRICES|LOUNGEWEARNEW,4.5
3788,54,1990.0,3990.0,LOUNGEWEARNEW|SHIRTS,3.7
3789,33,3290.0,4990.0,BAGS,4.2
3790,45,2890.0,3990.0,DRESSES_JUMPSUITS,4.6
3791,41,3990.0,5490.0,BLAZERS|WORKWEARNEW,4.3
3792,31,4990.0,6490.0,BAGS|SHIRTS,4.3
3793,29,2990.0,4990.0,WAISTCOATS_GILETS,3.8
3794,55,2990.0,4490.0,BLAZERS|DRESSES_JUMPSUITS,4.0
3795,47,2290.0,4990.0,JEANS,3.7
3796,35,3290.0,5990.0,BEAUTY|WAISTCOATS_GILETS|KNITWEAR,4.1
3797,24,2990.0,4490.0,BAGS,4.6
3798,46,2290.0,3290.0,BAGS|SHOES,4.1
3799,30,3290.0,5990.0,DRESSES_JUMPSUITS,4.6
3800,47,4990.0,6490.0,LOUNGEWEARNEW,3.9
3801,37,1590.0,2590.0,CO-ORD SETS|ACCESSORIES_JEWELLERY|TROUSERS,4.6
3802,30,2990.0,4990.0,SHIRTS,4.0
3803,52,1890.0,2990.0,WAISTCOATS_GILETS|DRESSES_JUMPSUITS,4.0
3804,28,2590.0,4090.0,SPECIAL PRICES|CO-ORD SETS,4.2
3805,30,2590.0,5990.0,BLAZERS,3.8
3806,26,3290.0,4990.0,SPECIAL PRICES|CO-ORD SETS|BEAUTY,4.0
3807,22,2990.0,3990.0,LOUNGEWEARNEW,4.5
3808,23,2590.0,4990.0,PERFUMESNEW,4.3
3809,19,2990.0,4490.0,WAISTCOATS_GILETS|BLAZERS,4.4
3810,46,2990.0,4990.0,SHIRTS|TOPS_BODYSUITS,3.7
3811,47,3290.0,3990.0,BEAUTY|BASICS|WORKWEARNEW,4.5
3812,40,2990.0,4490.0,PERFUMESNEW|SHORTS_SKORTS|KNITWEAR,4.2
3813,32,3290.0,6990.0,TROUSERS,4.3
3814,50,4990.0,6490.0,SHIRTS,4.2
3815,33,2990.0,4990.0,BAGS|BLAZERS|WAISTCOATS_GILETS,4.3
3816,23,2990.0,4990.0,DRESSES_JUMPSUITS,4.3
3817,36,2990.0,4490.0,PERFUMESNEW|ACCESSORIES_JEWELLERY,4.4
3818,47,3290.0,4990.0,BAGS,4.1
3819,20,2990.0,4490.0,JEANS|SHORTS_SKORTS,3.6
3820,26,3290.0,4790.0,LOUNGEWEARNEW|SPECIAL PRICES,3.8
3821,42,2590.0,3990.0,DRESSES_JUMPSUITS|BASICS,3.6
3822,18,3990.0,6990.0,CO-ORD SETS|TROUSERS,4.1
3823,44,1590.0,3290.0,SHIRTS|SHOES|TROUSERS,4.4
3824,21,1290.0,4990.0,SHORTS_SKORTS|WORKWEARNEW|TROUSERS,3.6
3825,23,2990.0,4490.0,SHOES,4.1
3826,38,2590.0,3290.0,PERFUMESNEW,3.5
3827,48,3990.0,8590.0,CO-ORD SETS,4.3
3828,33,5990.0,7490.0,ACCESSORIES_JEWELLERY|JEANS,4.7
3829,53,2590.0,3290.0,T-SHIRTS_SWEATSHIRTS,4.6
3830,34,3990.0,5490.0,BEAUTY,4.1
3831,47,4990.0,6490.0,JACKETS|WORKWEARNEW,3.5
3832,53,3290.0,4790.0,SHORTS_SKORTS|SKIRTS,4.4
3833,35,3290.0,3990.0,CO-ORD SETS|SKIRTS,4.0
3834,31,1090.0,1990.0,JEANS|CO-ORD SETS,3.8
3835,33,2290.0,3290.0,WORKWEARNEW|SKIRTS|TROUSERS,4.0
3836,33,3290.0,4990.0,SHOES|BAGS|SPECIAL PRICES,3.6
3837,42,2590.0,8590.0,T-SHIRTS_SWEATSHIRTS|JEANS|BLAZERS,4.0
3838,18,590.0,4990.0,PERFUMESNEW|TROUSERS,3.8
3839,38,1590.0,4990.0,TOPS_BODYSUITS|DRESSES_JUMPSUITS,3.8
3840,34,3290.0,4790.0,LOUNGEWEARNEW|WAISTCOATS_GILETS|SPECIAL PRICES,4.7
3841,53,2990.0,4490.0,DRESSES_JUMPSUITS,4.4
3842,32,2290.0,7590.0,PERFUMESNEW|BEAUTY,4.6
3843,52,2590.0,3990.0,WORKWEARNEW,4.2
3844,48,1590.0,5590.0,LOUNGEWEARNEW,4.2
3845,52,2990.0,4490.0,LOUNGEWEARNEW,4.6
3846,21,1990.0,4990.0,WORKWEARNEW|SHORTS_SKORTS,4.7
3847,42,2590.0,3290.0,WAISTCOATS_GILETS|TROUSERS,3.9
3848,44,1990.0,4990.0,TOPS_BODYSUITS,4.5
3849,43,3290.0,4990.0,TOPS_BODYSUITS,3.8
3850,42,3290.0,4790.0,CO-ORD SETS,4.2
3851,55,2590.0,5990.0,DRESSES_JUMPSUITS|PERFUMESNEW|JACKETS,3.9
3852,21,4990.0,6490.0,SPECIAL PRICES|SHIRTS|PERFUMESNEW,3.6
3853,20,1990.0,2990.0,TOPS_BODYSUITS|CO-ORD SETS,3.6
3854,42,3990.0,4990.0,WAISTCOATS_GILETS|LOUNGEWEARNEW,4.2
3855,50,2990.0,4490.0,KNITWEAR|T-SHIRTS_SWEATSHIRTS|PERFUMESNEW,4.6
3856,43,590.0,1990.0,ACCESSORIES_JEWELLERY|BEAUTY,3.8
3857,18,2590.0,4090.0,BLAZERS|KNITWEAR|WORKWEARNEW,4.2
3858,21,3990.0,5990.0,JACKETS|TROUSERS,4.6
3859,22,990.0,5990.0,JACKETS|CO-ORD SETS,3.6
3860,53,1090.0,3990.0,BLAZERS|SHOES,3.8
3861,21,3990.0,5990.0,ACCESSORIES_JEWELLERY|PERFUMESNEW|SHIRTS,4.0
3862,50,1990.0,3290.0,SPECIAL PRICES|T-SHIRTS_SWEATSHIRTS|BLAZERS,4.0
3863,37,2590.0,3290.0,SKIRTS|SHOES,4.6
3864,54,2890.0,4390.0,TROUSERS,3.9
3865,48,5990.0,7590.0,KNITWEAR,4.0
3866,51,3290.0,8590.0,TOPS_BODYSUITS|BLAZERS,4.2
3867,26,3290.0,5990.0,SHIRTS|SHORTS_SKORTS|BAGS,4.6
3868,46,2990.0,4990.0,T-SHIRTS_SWEATSHIRTS,4.3
3869,33,4990.0,6490.0,TROUSERS,3.7
3870,47,2590.0,4990.0,BASICS,4.0
3871,23,2290.0,2990.0,WAISTCOATS_GILETS,4.0
3872,22,3290.0,3990.0,WORKWEARNEW,4.0
3873,53,2990.0,4990.0,SHOES|TOPS_BODYSUITS,4.3
3874,20,3290.0,3990.0,BASICS,3.8
3875,44,4990.0,7590.0,DRESSES_JUMPSUITS,4.3
3876,26,990.0,2590.0,BASICS,4.1
3877,55,3290.0,4790.0,DRESSES_JUMPSUITS|PERFUMESNEW,4.1
3878,31,990.0,2990.0,ACCESSORIES_JEWELLERY|BLAZERS,4.7
3879,55,3290.0,5990.0,JACKETS,4.1
3880,36,2590.0,4090.0,KNITWEAR,4.6
3881,28,3290.0,6990.0,PERFUMESNEW,4.5
3882,45,2990.0,4990.0,TOPS_BODYSUITS|BLAZERS,3.7
3883,36,3290.0,4990.0,SHORTS_SKORTS,3.9
3884,33,3290.0,4790.0,SKIRTS|BLAZERS,4.4
3885,28,4990.0,6490.0,LOUNGEWEARNEW|WORKWEARNEW,3.5
3886,45,3290.0,4990.0,SKIRTS|TROUSERS|LOUNGEWEARNEW,4.4
3887,19,1590.0,3090.0,BEAUTY|SKIRTS|TROUSERS,4.0
3888,29,3290.0,4990.0,TOPS_BODYSUITS|ACCESSORIES_JEWELLERY,4.1
3889,31,2990.0,4990.0,SHORTS_SKORTS|ACCESSORIES_JEWELLERY,4.2
3890,21,1890.0,3390.0,BLAZERS|TOPS_BODYSUITS,3.8
3891,33,2290.0,4990.0,KNITWEAR,3.5
3892,21,2590.0,4090.0,WORKWEARNEW,4.5
3893,21,2990.0,8590.0,TOPS_BODYSUITS,3.5
3894,52,2990.0,7590.0,ACCESSORIES_JEWELLERY,3.6
3895,47,1990.0,8590.0,ACCESSORIES_JEWELLERY,3.7
3896,51,490.0,7590.0,LOUNGEWEARNEW,4.3
3897,26,3290.0,5590.0,KNITWEAR,4.3
3898,35,1590.0,4990.0,SKIRTS|BEAUTY,4.5
3899,18,2590.0,3290.0,T-SHIRTS_SWEATSHIRTS,4.4
3900,47,990.0,4990.0,BEAUTY,4.4
3901,42,3290.0,4790.0,SKIRTS|SHIRTS,3.9
3902,19,3290.0,5990.0,LOUNGEWEARNEW,4.1
3903,44,1890.0,3290.0,SHOES|BEAUTY,4.2
3904,38,2290.0,4990.0,SKIRTS|DRESSES_JUMPSUITS|BAGS,3.7
3905,29,2590.0,3290.0,SHIRTS|BAGS|DRESSES_JUMPSUITS,4.4
3906,35,1790.0,4990.0,SHOES|SPECIAL PRICES,4.0
3907,24,2990.0,4990.0,SPECIAL PRICES|JEANS,4.3
3908,23,490.0,9590.0,CO-ORD SETS,4.0
3909,30,2590.0,3990.0,KNITWEAR,4.4
3910,21,2290.0,5590.0,LOUNGEWEARNEW,3.9
3911,35,3290.0,3990.0,JACKETS|LOUNGEWEARNEW|T-SHIRTS_SWEATSHIRTS,4.5
3912,36,2990.0,4990.0,TOPS_BODYSUITS,3.9
3913,28,2990.0,8590.0,BASICS|JACKETS|LOUNGEWEARNEW,3.9
3914,22,2990.0,4990.0,BAGS|BLAZERS,3.7
3915,41,4990.0,13990.0,JACKETS|SPECIAL PRICES,3.8
3916,28,3290.0,4790.0,T-SHIRTS_SWEATSHIRTS,3.9
3917,44,1990.0,2990.0,BEAUTY|BLAZERS,3.5
3918,40,1990.0,4990.0,JACKETS|TROUSERS|SKIRTS,4.5
3919,42,2290.0,3290.0,JEANS,4.0
3920,21,4990.0,5590.0,DRESSES_JUMPSUITS|SHIRTS,4.4
3921,27,4990.0,5990.0,CO-ORD SETS,4.1
3922,48,2990.0,4490.0,BASICS,4.1
3923,25,2990.0,7990.0,ACCESSORIES_JEWELLERY,4.2
3924,45,2990.0,3990.0,SHORTS_SKORTS|CO-ORD SETS,3.6
3925,47,3290.0,5590.0,ACCESSORIES_JEWELLERY,4.2
3926,18,3290.0,4990.0,TROUSERS,3.5
3927,22,4990.0,6490.0,T-SHIRTS_SWEATSHIRTS,4.2
3928,23,1890.0,3290.0,ACCESSORIES_JEWELLERY|SPECIAL PRICES,4.0
3929,43,3990.0,5490.0,LOUNGEWEARNEW|DRESSES_JUMPSUITS|JACKETS,3.8
3930,43,4990.0,5990.0,JEANS|TOPS_BODYSUITS|SHIRTS,4.0
3931,29,3290.0,4790.0,TOPS_BODYSUITS|SHORTS_SKORTS|KNITWEAR,4.2
3932,29,2590.0,4990.0,LOUNGEWEARNEW|CO-ORD SETS,4.5
3933,26,2990.0,4490.0,BASICS|BAGS,4.6
3934,36,2290.0,3790.0,WORKWEARNEW,4.0
3935,21,990.0,4990.0,KNITWEAR|SHOES|TROUSERS,3.6
3936,32,3990.0,4990.0,PERFUMESNEW,4.0
3937,48,4990.0,6990.0,CO-ORD SETS,4.2
3938,28,2990.0,3990.0,ACCESSORIES_JEWELLERY|SHIRTS|BASICS,4.3
3939,19,2290.0,2990.0,BASICS|BEAUTY,4.3
3940,21,3290.0,3990.0,BAGS,4.6
3941,40,1590.0,4990.0,JEANS|JACKETS|LOUNGEWEARNEW,4.2
3942,25,1990.0,5990.0,TOPS_BODYSUITS|WORKWEARNEW,4.6
3943,55,3290.0,4790.0,SHORTS_SKORTS,3.8
3944,49,1990.0,2990.0,T-SHIRTS_SWEATSHIRTS,3.6
3945,31,3990.0,5990.0,BAGS|WAISTCOATS_GILETS,3.7
3946,53,2590.0,4090.0,JEANS|SHOES|SHORTS_SKORTS,4.4
3947,37,2990.0,4490.0,SHIRTS,3.8
3948,35,3990.0,4990.0,LOUNGEWEARNEW,4.4
3949,50,2890.0,3990.0,CO-ORD SETS|T-SHIRTS_SWEATSHIRTS,4.0
3950,50,2590.0,4090.0,JEANS,4.1
3951,39,1890.0,2990.0,KNITWEAR|CO-ORD SETS,4.4
3952,32,3290.0,3990.0,PERFUMESNEW,4.0
3953,51,1590.0,3990.0,T-SHIRTS_SWEATSHIRTS|WAISTCOATS_GILETS,3.8
3954,52,3990.0,4990.0,BAGS|BEAUTY,3.5
3955,42,1890.0,2890.0,DRESSES_JUMPSUITS|PERFUMESNEW|BAGS,4.6
3956,45,2890.0,5990.0,JACKETS|DRESSES_JUMPSUITS,3.6
3957,30,2990.0,4490.0,ACCESSORIES_JEWELLERY|SHORTS_SKORTS,4.0
3958,26,2990.0,5990.0,LOUNGEWEARNEW|JEANS|SHIRTS,4.0
3959,42,3290.0,3990.0,SKIRTS|JEANS,3.9
3960,53,2590.0,3990.0,SHORTS_SKORTS,3.7
3961,29,4990.0,5990.0,JEANS|ACCESSORIES_JEWELLERY,4.3
3962,52,3290.0,4790.0,ACCESSORIES_JEWELLERY,3.6
3963,48,3290.0,4990.0,DRESSES_JUMPSUITS|SPECIAL PRICES|BAGS,4.3
3964,44,3990.0,5990.0,WAISTCOATS_GILETS,4.4
3965,22,3290.0,4790.0,TOPS_BODYSUITS|BAGS,4.5
3966,43,3290.0,5990.0,BLAZERS,3.9
3967,50,1590.0,3290.0,T-SHIRTS_SWEATSHIRTS,4.5
3968,46,2590.0,3990.0,CO-ORD SETS|JEANS,4.0
3969,40,2290.0,3790.0,DRESSES_JUMPSUITS|TROUSERS,4.2
3970,36,2590.0,3990.0,CO-ORD SETS|TOPS_BODYSUITS,4.4
3971,39,1590.0,2990.0,JEANS|KNITWEAR,4.1
3972,30,2990.0,5590.0,TROUSERS|BAGS,3.8
3973,33,2590.0,3290.0,BEAUTY|CO-ORD SETS,3.9
3974,21,1990.0,3290.0,SHOES,3.5
3975,34,3990.0,5490.0,JACKETS,3.8
3976,24,1590.0,2890.0,CO-ORD SETS,3.9
3977,53,3290.0,4990.0,SHOES,3.8
3978,36,2990.0,3990.0,T-SHIRTS_SWEATSHIRTS,3.6
3979,53,2990.0,4490.0,SKIRTS|PERFUMESNEW,4.2
3980,39,1990.0,2590.0,LOUNGEWEARNEW|KNITWEAR,3.9
3981,37,1890.0,3290.0,JACKETS,4.5
3982,18,3990.0,5990.0,PERFUMESNEW,4.2
3983,34,2990.0,7590.0,BASICS,3.8
3984,26,1890.0,5590.0,SHIRTS,4.4
3985,47,2290.0,4990.0,ACCESSORIES_JEWELLERY|BASICS,4.5
3986,24,1890.0,2990.0,BAGS|SHIRTS,3.6
3987,32,2590.0,4990.0,DRESSES_JUMPSUITS|SHORTS_SKORTS,3.9
3988,47,2990.0,4490.0,BASICS|ACCESSORIES_JEWELLERY|DRESSES_JUMPSUITS,4.5
3989,41,1290.0,3290.0,WAISTCOATS_GILETS,4.5
3990,37,2290.0,3290.0,BLAZERS,4.2
3991,43,2590.0,3290.0,DRESSES_JUMPSUITS,3.9
3992,40,3290.0,5990.0,TOPS_BODYSUITS|DRESSES_JUMPSUITS,4.2
3993,54,3290.0,3990.0,BAGS|SHOES|BEAUTY,3.5
3994,42,3290.0,5990.0,TOPS_BODYSUITS|BEAUTY,4.6
3995,52,2990.0,4490.0,ACCESSORIES_JEWELLERY|WAISTCOATS_GILETS,3.8
3996,37,3290.0,5990.0,BASICS,3.6
3997,43,3290.0,5590.0,SHORTS_SKORTS,4.1
3998,43,2990.0,4490.0,SHIRTS|T-SHIRTS_SWEATSHIRTS,3.9
3999,44,1890.0,4990.0,JACKETS,4.6
4000,34,1990.0,3290.0,LOUNGEWEARNEW,4.2
4001,48,1990.0,6990.0,JEANS,4.1
4002,40,2990.0,4490.0,BEAUTY|ACCESSORIES_JEWELLERY,4.6
4003,24,3990.0,4990.0,BEAUTY|PERFUMESNEW,4.6
4004,21,2990.0,5990.0,JEANS|TOPS_BODYSUITS,4.3
4005,43,4990.0,5590.0,BLAZERS|WAISTCOATS_GILETS,4.6
4006,53,1990.0,2990.0,BEAUTY,4.6
4007,44,3290.0,4990.0,KNITWEAR,3.9
4008,19,2590.0,3990.0,SKIRTS,4.0
4009,31,1890.0,4990.0,KNITWEAR|T-SHIRTS_SWEATSHIRTS|WORKWEARNEW,3.6
4010,50,4990.0,5990.0,TOPS_BODYSUITS,4.6
4011,42,2590.0,3290.0,WAISTCOATS_GILETS,4.1
4012,26,3290.0,4990.0,LOUNGEWEARNEW,4.1
4013,29,2290.0,3290.0,LOUNGEWEARNEW,4.0
4014,43,3990.0,4990.0,BLAZERS|JEANS,4.5
4015,38,2990.0,4990.0,KNITWEAR|TOPS_BODYSUITS,4.2
4016,28,3290.0,4990.0,WAISTCOATS_GILETS,3.5
4017,54,2590.0,4090.0,LOUNGEWEARNEW,3.7
4018,23,3990.0,4990.0,TOPS_BODYSUITS,4.3
4019,50,2990.0,4490.0,ACCESSORIES_JEWELLERY,4.1
4020,55,2990.0,4490.0,SHOES|SHORTS_SKORTS|DRESSES_JUMPSUITS,3.7
4021,32,2290.0,3990.0,BLAZERS,3.8
4022,31,2990.0,4990.0,BLAZERS,4.0
4023,49,2290.0,2890.0,T-SHIRTS_SWEATSHIRTS|TROUSERS,4.2
4024,21,1290.0,2790.0,SPECIAL PRICES|SHORTS_SKORTS,4.2
4025,48,1090.0,4990.0,SKIRTS|BEAUTY|T-SHIRTS_SWEATSHIRTS,3.8
4026,25,2990.0,4990.0,TOPS_BODYSUITS|ACCESSORIES_JEWELLERY,4.2
4027,34,2990.0,3990.0,JEANS|T-SHIRTS_SWEATSHIRTS,4.6
4028,25,3290.0,10990.0,T-SHIRTS_SWEATSHIRTS|PERFUMESNEW,4.4
4029,20,1890.0,4990.0,ACCESSORIES_JEWELLERY,4.1
4030,22,3290.0,4790.0,TROUSERS|KNITWEAR,3.9
4031,52,990.0,3290.0,LOUNGEWEARNEW,4.6
4032,35,3290.0,4990.0,BASICS,4.3
4033,39,3290.0,4790.0,T-SHIRTS_SWEATSHIRTS|SKIRTS,4.7
4034,45,2590.0,3990.0,PERFUMESNEW,3.7
4035,23,890.0,3290.0,T-SHIRTS_SWEATSHIRTS|TROUSERS|CO-ORD SETS,4.3
4036,33,1590.0,2890.0,LOUNGEWEARNEW,3.5
4037,38,2990.0,3990.0,PERFUMESNEW|SKIRTS,3.6
4038,36,3990.0,8590.0,ACCESSORIES_JEWELLERY,3.9
4039,31,1590.0,5590.0,BLAZERS|JEANS,4.4
4040,47,2990.0,4490.0,BEAUTY|SHOES,3.6
4041,52,2290.0,3790.0,T-SHIRTS_SWEATSHIRTS|JACKETS,4.0
4042,40,5990.0,7490.0,SHIRTS|TROUSERS,4.3
4043,50,3990.0,5990.0,TOPS_BODYSUITS,4.0
4044,24,3290.0,9590.0,SKIRTS|BAGS,4.1
4045,55,2590.0,4990.0,T-SHIRTS_SWEATSHIRTS,4.5
4046,43,3290.0,4990.0,BASICS|DRESSES_JUMPSUITS,3.5
4047,21,2290.0,3990.0,BASICS,4.6
4048,25,3290.0,5590.0,SKIRTS,4.6
4049,51,2990.0,4990.0,SPECIAL PRICES|CO-ORD SETS,4.2
4050,43,4990.0,6490.0,WORKWEARNEW|SPECIAL PRICES,3.6
4051,22,3290.0,11990.0,CO-ORD SETS|BASICS|SHIRTS,3.9
4052,43,2990.0,4490.0,BLAZERS|JEANS,3.8
4053,33,990.0,3990.0,T-SHIRTS_SWEATSHIRTS|JEANS,4.6
4054,47,2890.0,4390.0,TOPS_BODYSUITS,4.0
4055,31,3290.0,5590.0,SHIRTS,3.7
4056,25,2590.0,3990.0,BAGS,4.1
4057,24,990.0,2290.0,TOPS_BODYSUITS|T-SHIRTS_SWEATSHIRTS|SKIRTS,4.0
4058,22,2890.0,5990.0,KNITWEAR,4.2
4059,50,3290.0,5990.0,SKIRTS,3.6
4060,18,3290.0,4790.0,KNITWEAR|JACKETS,3.5
4061,31,4990.0,5990.0,LOUNGEWEARNEW|WAISTCOATS_GILETS,4.1
4062,38,2290.0,4990.0,TOPS_BODYSUITS,4.2
4063,36,1990.0,3490.0,WAISTCOATS_GILETS|KNITWEAR,4.0
4064,55,690.0,2190.0,SHOES|JEANS,4.6
4065,47,2590.0,4090.0,BASICS,4.6
4066,21,1990.0,4990.0,PERFUMESNEW|ACCESSORIES_JEWELLERY,4.3
4067,36,2590.0,5590.0,KNITWEAR|SHORTS_SKORTS,4.2
4068,26,3290.0,4990.0,ACCESSORIES_JEWELLERY,4.5
4069,49,2990.0,4990.0,JACKETS|SHORTS_SKORTS,4.1
4070,18,2990.0,4490.0,TOPS_BODYSUITS,4.5
4071,49,2890.0,4990.0,JEANS|SPECIAL PRICES,4.7
4072,40,2290.0,4990.0,CO-ORD SETS|SHOES,4.4
4073,35,890.0,5990.0,JACKETS|DRESSES_JUMPSUITS,3.8
4074,30,3290.0,4990.0,SHIRTS|KNITWEAR,4.2
4075,41,2590.0,5990.0,SPECIAL PRICES,4.3
4076,39,1790.0,3290.0,TOPS_BODYSUITS,3.9
4077,34,5990.0,7590.0,TROUSERS,4.5
4078,44,2590.0,4990.0,WORKWEARNEW|TROUSERS,4.2
4079,36,3290.0,4990.0,T-SHIRTS_SWEATSHIRTS|TROUSERS,4.6
4080,34,2590.0,4090.0,WAISTCOATS_GILETS|T-SHIRTS_SWEATSHIRTS|SPECIAL PRICES,4.4
4081,40,3290.0,4990.0,WAISTCOATS_GILETS,3.8
4082,31,2990.0,4490.0,CO-ORD SETS|DRESSES_JUMPSUITS,4.2
4083,50,5990.0,7490.0,CO-ORD SETS|DRESSES_JUMPSUITS,4.2
4084,24,4990.0,5990.0,LOUNGEWEARNEW,4.1
4085,28,1590.0,3290.0,BAGS|LOUNGEWEARNEW,3.6
4086,42,2590.0,4090.0,LOUNGEWEARNEW,3.6
4087,38,3290.0,4790.0,KNITWEAR,4.5
4088,31,2290.0,4990.0,LOUNGEWEARNEW,4.3
4089,43,3290.0,5990.0,BASICS|LOUNGEWEARNEW,3.9
4090,25,3290.0,3990.0,TROUSERS|DRESSES_JUMPSUITS,4.7
4091,49,590.0,2890.0,SPECIAL PRICES,3.7
4092,44,2990.0,8590.0,SHOES,4.0
4093,27,2990.0,7590.0,SPECIAL PRICES|T-SHIRTS_SWEATSHIRTS,4.5
4094,44,2990.0,4990.0,SHORTS_SKORTS|T-SHIRTS_SWEATSHIRTS|JEANS,4.6
4095,44,2290.0,3790.0,BAGS,4.6
4096,23,2590.0,4090.0,SHIRTS|TOPS_BODYSUITS,3.9
4097,55,2990.0,4490.0,SHOES|BASICS,4.6
4098,36,3290.0,4990.0,PERFUMESNEW|T-SHIRTS_SWEATSHIRTS,4.1
4099,44,3290.0,16990.0,TOPS_BODYSUITS|DRESSES_JUMPSUITS,4.1
4100,37,2990.0,4490.0,LOUNGEWEARNEW|BASICS,4.4
4101,52,1890.0,8590.0,WAISTCOATS_GILETS|CO-ORD SETS,3.8
4102,26,2890.0,5990.0,TROUSERS|BEAUTY,4.2
4103,51,3990.0,4990.0,BLAZERS|BAGS,4.3
4104,53,990.0,1990.0,TOPS_BODYSUITS|WORKWEARNEW|SPECIAL PRICES,4.1
4105,53,1990.0,2990.0,BASICS,4.1
4106,46,2590.0,3290.0,WORKWEARNEW,3.9
4107,41,4990.0,6490.0,BEAUTY|PERFUMESNEW,4.0
4108,29,3990.0,5990.0,ACCESSORIES_JEWELLERY|BEAUTY,4.7
4109,36,3290.0,4990.0,CO-ORD SETS|BAGS,4.1
4110,30,3290.0,4790.0,JACKETS|TROUSERS|SPECIAL PRICES,3.8
4111,40,1590.0,3990.0,TROUSERS,3.9
4112,46,1590.0,3290.0,BAGS|BASICS,3.6
4113,51,1890.0,2990.0,BAGS|SPECIAL PRICES,4.6
4114,27,1890.0,2990.0,SHORTS_SKORTS,4.0
4115,44,1590.0,2990.0,TOPS_BODYSUITS|SKIRTS,4.4
4116,38,1990.0,3290.0,CO-ORD SETS|BASICS,4.4
4117,27,1590.0,4990.0,KNITWEAR,4.2
4118,18,4990.0,6490.0,SHIRTS,3.9
4119,37,2990.0,4490.0,SHOES|WAISTCOATS_GILETS,4.2
4120,53,1990.0,2990.0,JACKETS|SHIRTS,4.6
4121,19,2590.0,4090.0,DRESSES_JUMPSUITS,3.6
4122,26,3290.0,4790.0,DRESSES_JUMPSUITS,3.7
4123,33,2590.0,4090.0,T-SHIRTS_SWEATSHIRTS,4.2
4124,46,3290.0,5990.0,LOUNGEWEARNEW|SHOES,3.8
4125,44,2990.0,4490.0,T-SHIRTS_SWEATSHIRTS,4.1
4126,19,3290.0,4990.0,JACKETS,4.5
4127,28,2990.0,8590.0,CO-ORD SETS|BAGS,3.8
4128,45,2990.0,4490.0,JEANS|BEAUTY,4.6
4129,25,3990.0,5990.0,T-SHIRTS_SWEATSHIRTS|TROUSERS|SKIRTS,3.7
4130,49,2590.0,3290.0,DRESSES_JUMPSUITS|SHORTS_SKORTS,4.4
4131,37,3990.0,5990.0,KNITWEAR|BAGS,3.7
4132,34,3290.0,6990.0,SHOES|DRESSES_JUMPSUITS,4.2
4133,18,2990.0,4490.0,BLAZERS,4.6
4134,55,2990.0,4490.0,BLAZERS,4.4
4135,47,2290.0,4990.0,SKIRTS|BASICS,3.7
4136,46,2290.0,3290.0,WAISTCOATS_GILETS|TROUSERS,4.3
4137,42,2990.0,5990.0,JEANS|BLAZERS,4.0
4138,48,3990.0,5990.0,BEAUTY|BAGS,3.8
4139,25,1890.0,3290.0,TROUSERS,4.7
4140,19,3290.0,4790.0,JACKETS,4.4
4141,41,3290.0,4790.0,SHORTS_SKORTS|TOPS_BODYSUITS,3.8
4142,27,2290.0,2990.0,WORKWEARNEW,4.6
4143,46,4990.0,7590.0,DRESSES_JUMPSUITS|SPECIAL PRICES|SHOES,4.3
4144,32,1890.0,4990.0,SPECIAL PRICES,4.6
4145,50,1590.0,3990.0,CO-ORD SETS|T-SHIRTS_SWEATSHIRTS,4.0
4146,43,1990.0,3290.0,BEAUTY|ACCESSORIES_JEWELLERY,4.0
4147,29,2990.0,3990.0,BAGS,3.7
4148,44,2290.0,3990.0,BEAUTY|KNITWEAR,4.0
4149,34,990.0,3290.0,BAGS,4.3
4150,50,2590.0,4090.0,TOPS_BODYSUITS|CO-ORD SETS|SPECIAL PRICES,4.5
4151,50,1090.0,2590.0,ACCESSORIES_JEWELLERY,4.5
4152,37,2290.0,5590.0,ACCESSORIES_JEWELLERY,3.8
4153,30,3990.0,4990.0,ACCESSORIES_JEWELLERY|LOUNGEWEARNEW,4.5
4154,36,1590.0,2990.0,SHOES|T-SHIRTS_SWEATSHIRTS|WORKWEARNEW,3.6
4155,55,4990.0,6490.0,SKIRTS|SHOES,3.9
4156,46,2990.0,4990.0,CO-ORD SETS|SHIRTS|LOUNGEWEARNEW,4.3
4157,19,2590.0,4090.0,BLAZERS|BEAUTY,3.7
4158,22,3290.0,5990.0,WAISTCOATS_GILETS,4.2
4159,54,3990.0,4990.0,BAGS,4.7
4160,24,3290.0,4990.0,JEANS|BAGS,4.2
4161,29,2590.0,4990.0,JEANS|JACKETS|PERFUMESNEW,3.6
4162,21,2890.0,5590.0,LOUNGEWEARNEW|BASICS,4.7
4163,43,1990.0,3290.0,LOUNGEWEARNEW,3.9
4164,34,2590.0,3290.0,BEAUTY,3.6
4165,44,2990.0,4490.0,DRESSES_JUMPSUITS,4.1
4166,47,4990.0,6490.0,T-SHIRTS_SWEATSHIRTS,3.6
4167,43,3290.0,3990.0,SHIRTS|TOPS_BODYSUITS|BEAUTY,4.3
4168,35,2290.0,5990.0,KNITWEAR,4.5
4169,54,2990.0,4490.0,T-SHIRTS_SWEATSHIRTS,4.1
4170,26,2590.0,3290.0,BAGS,4.6
4171,53,2590.0,7590.0,BASICS|SHORTS_SKORTS|BAGS,4.1
4172,42,2290.0,5990.0,BLAZERS|SHOES,3.9
4173,50,2990.0,4990.0,WAISTCOATS_GILETS,3.8
4174,23,1990.0,3290.0,TROUSERS,4.7
4175,54,1990.0,2990.0,TOPS_BODYSUITS,3.5
4176,25,2890.0,6990.0,WORKWEARNEW|T-SHIRTS_SWEATSHIRTS,4.3
4177,48,3290.0,4990.0,SHORTS_SKORTS|BASICS,4.2
4178,47,2990.0,3990.0,BEAUTY|WAISTCOATS_GILETS,3.8
4179,19,2890.0,4390.0,JEANS,4.4
4180,51,2990.0,4490.0,SHIRTS|PERFUMESNEW,4.2
4181,46,2590.0,4990.0,SHIRTS|SHORTS_SKORTS,3.6
4182,26,3290.0,4990.0,BEAUTY|SHIRTS,3.5
4183,47,1890.0,4990.0,SPECIAL PRICES|PERFUMESNEW|DRESSES_JUMPSUITS,3.5
4184,55,2290.0,3290.0,BASICS|BEAUTY,3.7
4185,50,3290.0,3990.0,PERFUMESNEW|TOPS_BODYSUITS|T-SHIRTS_SWEATSHIRTS,4.2
4186,20,2590.0,4990.0,WAISTCOATS_GILETS|BASICS|BLAZERS,3.8
4187,25,790.0,5990.0,JACKETS,3.8
4188,23,990.0,1990.0,JACKETS,3.8
4189,19,3290.0,4790.0,SHIRTS,4.7
4190,39,2290.0,5990.0,PERFUMESNEW,4.5
4191,36,2990.0,4990.0,PERFUMESNEW|CO-ORD SETS,4.0
4192,39,2890.0,4390.0,DRESSES_JUMPSUITS|KNITWEAR|WAISTCOATS_GILETS,4.6
4193,49,2990.0,4990.0,SHORTS_SKORTS|BLAZERS|PERFUMESNEW,4.1
4194,28,3290.0,4990.0,SHORTS_SKORTS,4.6
4195,44,3290.0,3990.0,BLAZERS,4.3
4196,18,2290.0,4990.0,TOPS_BODYSUITS|SHOES,3.6
4197,47,2990.0,4490.0,WAISTCOATS_GILETS|SHIRTS,4.4
4198,49,3290.0,4990.0,KNITWEAR|CO-ORD SETS|BEAUTY,4.3
4199,34,3290.0,5590.0,JACKETS|BLAZERS|T-SHIRTS_SWEATSHIRTS,3.8
4200,43,3290.0,5990.0,JACKETS,4.6
4201,18,4990.0,6490.0,BLAZERS,4.0
4202,52,2990.0,5990.0,SPECIAL PRICES,4.1
4203,31,3290.0,5990.0,T-SHIRTS_SWEATSHIRTS|SKIRTS,3.6
4204,36,1590.0,2990.0,SKIRTS,4.0
4205,53,8590.0,10990.0,SHOES,3.9
4206,29,1290.0,5990.0,ACCESSORIES_JEWELLERY|SHIRTS,4.6
4207,24,1090.0,2290.0,TOPS_BODYSUITS,4.2
4208,24,3290.0,5990.0,SHOES|BLAZERS,4.6
4209,20,2290.0,4990.0,DRESSES_JUMPSUITS|BLAZERS,4.1
4210,34,2990.0,4990.0,TOPS_BODYSUITS,4.3
4211,28,3990.0,4990.0,DRESSES_JUMPSUITS|BAGS|SHORTS_SKORTS,4.3
4212,41,2890.0,4390.0,SHIRTS,3.7
4213,32,2290.0,3990.0,SHOES|SHORTS_SKORTS,4.2
4214,49,5590.0,7090.0,CO-ORD SETS|T-SHIRTS_SWEATSHIRTS,3.9
4215,27,1990.0,5590.0,BEAUTY,3.6
4216,52,2890.0,5990.0,SHORTS_SKORTS,4.7
4217,48,3290.0,4790.0,WORKWEARNEW,3.9
4218,39,2290.0,4990.0,KNITWEAR,4.3
4219,45,1990.0,4990.0,WORKWEARNEW,4.2
4220,54,3290.0,3990.0,SHOES,4.3
4221,30,2590.0,4090.0,WAISTCOATS_GILETS|SHORTS_SKORTS,3.8
4222,22,2990.0,5990.0,TOPS_BODYSUITS,3.7
4223,42,3290.0,4990.0,BAGS,3.9
4224,19,2890.0,4990.0,TROUSERS,4.4
4225,33,2990.0,4490.0,BEAUTY,4.3
4226,44,2290.0,4990.0,CO-ORD SETS,4.2
4227,50,1990.0,3290.0,SPECIAL PRICES|SHIRTS,4.0
4228,18,4990.0,5990.0,JACKETS|SPECIAL PRICES|JEANS,3.7
4229,41,2590.0,4990.0,SHIRTS,3.5
4230,29,4990.0,5990.0,TOPS_BODYSUITS,3.6
4231,44,2590.0,4990.0,JEANS,3.9
4232,31,3290.0,4790.0,KNITWEAR,4.0
4233,42,4990.0,11990.0,SHIRTS|SPECIAL PRICES|SKIRTS,4.6
4234,24,2990.0,3990.0,BASICS,4.3
4235,27,690.0,1790.0,JEANS,4.2
4236,20,3290.0,4790.0,CO-ORD SETS|SHOES,4.3
4237,22,3290.0,3990.0,SHIRTS,4.1
4238,41,1890.0,7590.0,SKIRTS,3.6
4239,32,2890.0,5990.0,SPECIAL PRICES|BLAZERS,4.4
4240,49,1890.0,3290.0,PERFUMESNEW|TROUSERS|BASICS,3.8
4241,32,2990.0,4990.0,WORKWEARNEW|BEAUTY,4.5
4242,29,2590.0,3290.0,CO-ORD SETS|WAISTCOATS_GILETS,4.5
4243,37,3290.0,11990.0,WAISTCOATS_GILETS|TOPS_BODYSUITS,3.9
4244,55,5990.0,7990.0,SPECIAL PRICES,4.1
4245,45,4990.0,6490.0,JACKETS|SKIRTS|WORKWEARNEW,4.4
4246,50,3290.0,3990.0,TOPS_BODYSUITS|BAGS,3.7
4247,46,2890.0,3990.0,SHOES,4.6
4248,37,1590.0,3990.0,DRESSES_JUMPSUITS,4.6
4249,26,3290.0,3990.0,PERFUMESNEW|T-SHIRTS_SWEATSHIRTS|TOPS_BODYSUITS,4.6
4250,47,1890.0,3990.0,JEANS|CO-ORD SETS,3.8
4251,54,3290.0,3990.0,CO-ORD SETS,4.3
4252,22,2990.0,4990.0,PERFUMESNEW,3.9
4253,30,5590.0,7090.0,BLAZERS,3.6
4254,28,2590.0,3990.0,SPECIAL PRICES,3.7
4255,35,2990.0,4490.0,SHOES|SPECIAL PRICES,4.4
4256,20,1990.0,3490.0,BASICS|SHORTS_SKORTS,3.8
4257,54,3290.0,4790.0,DRESSES_JUMPSUITS,3.8
4258,25,2290.0,7590.0,WORKWEARNEW|KNITWEAR,4.7
4259,34,1590.0,3290.0,BEAUTY,3.8
4260,19,3290.0,4990.0,BLAZERS|SHOES,4.6
4261,20,3290.0,3990.0,WAISTCOATS_GILETS,4.5
4262,41,4990.0,5990.0,SHOES|LOUNGEWEARNEW,4.2
4263,55,1290.0,4990.0,TROUSERS|SHOES,4.1
4264,45,4990.0,5990.0,BASICS,4.7
4265,31,1590.0,3290.0,KNITWEAR,4.0
4266,19,2990.0,4990.0,WORKWEARNEW|SHORTS_SKORTS|JACKETS,4.3
4267,52,1890.0,4990.0,BAGS|SKIRTS,4.5
4268,45,3990.0,4990.0,LOUNGEWEARNEW|BASICS,4.6
4269,19,2290.0,5990.0,JEANS,4.5
4270,54,3990.0,4990.0,BEAUTY|ACCESSORIES_JEWELLERY,3.8
4271,44,1990.0,3290.0,SHORTS_SKORTS|SKIRTS,3.8
4272,24,2990.0,3990.0,T-SHIRTS_SWEATSHIRTS|SPECIAL PRICES|KNITWEAR,3.9
4273,30,2290.0,4990.0,SPECIAL PRICES|JACKETS,3.7
4274,42,1590.0,2590.0,SHORTS_SKORTS|SKIRTS,4.0
4275,34,2590.0,4090.0,SHORTS_SKORTS|SKIRTS,4.1
4276,25,2290.0,3790.0,WORKWEARNEW,4.5
4277,43,2590.0,5990.0,BASICS|PERFUMESNEW,3.7
4278,27,990.0,1590.0,BLAZERS|WORKWEARNEW,4.2
4279,40,2290.0,2990.0,LOUNGEWEARNEW,4.4
4280,50,2990.0,4490.0,KNITWEAR,3.9
4281,35,3290.0,4990.0,ACCESSORIES_JEWELLERY|BLAZERS,4.0
4282,50,2590.0,7590.0,ACCESSORIES_JEWELLERY|SHOES,3.8
4283,30,3290.0,6990.0,CO-ORD SETS,3.9
4284,28,2990.0,4490.0,WORKWEARNEW,3.7
4285,45,2590.0,4990.0,SPECIAL PRICES|DRESSES_JUMPSUITS,4.1
4286,23,2590.0,3990.0,TROUSERS,3.9
4287,31,3290.0,4990.0,DRESSES_JUMPSUITS|BASICS|SHOES,4.2
4288,41,3290.0,5990.0,TOPS_BODYSUITS|BEAUTY,3.9
4289,50,3290.0,4790.0,BLAZERS|TOPS_BODYSUITS,3.5
4290,49,3290.0,4790.0,PERFUMESNEW|WAISTCOATS_GILETS|BASICS,3.6
4291,35,2290.0,3790.0,TROUSERS,4.2
4292,19,3290.0,4990.0,LOUNGEWEARNEW|SHORTS_SKORTS,3.8
4293,55,3290.0,4990.0,LOUNGEWEARNEW|JACKETS|SKIRTS,3.8
4294,45,1990.0,4990.0,SHOES|ACCESSORIES_JEWELLERY,4.3
4295,39,2990.0,5990.0,CO-ORD SETS|ACCESSORIES_JEWELLERY,4.7
4296,30,3990.0,5990.0,JEANS,4.4
4297,24,1590.0,3090.0,LOUNGEWEARNEW|JACKETS,3.6
4298,31,1890.0,4990.0,T-SHIRTS_SWEATSHIRTS|DRESSES_JUMPSUITS,3.6
4299,39,2590.0,4090.0,DRESSES_JUMPSUITS|CO-ORD SETS|SKIRTS,4.1
4300,52,1590.0,4990.0,SHOES|SKIRTS,3.9
4301,44,3990.0,5990.0,TOPS_BODYSUITS,4.0
4302,33,2290.0,2990.0,KNITWEAR,3.7
4303,46,1990.0,3290.0,JACKETS|KNITWEAR|LOUNGEWEARNEW,4.6
4304,19,2590.0,7590.0,BEAUTY,3.6
4305,49,2590.0,4090.0,TROUSERS,3.8
4306,20,2290.0,3290.0,BLAZERS|ACCESSORIES_JEWELLERY,4.2
4307,39,1990.0,2590.0,WAISTCOATS_GILETS|CO-ORD SETS,4.5
4308,42,3290.0,5990.0,TOPS_BODYSUITS,4.1
4309,36,2290.0,3790.0,WAISTCOATS_GILETS,4.0
4310,22,2290.0,3290.0,T-SHIRTS_SWEATSHIRTS|SHOES|WORKWEARNEW,4.4
4311,32,3290.0,3990.0,JEANS,3.6
4312,37,3990.0,4990.0,ACCESSORIES_JEWELLERY,4.4
4313,39,790.0,3290.0,LOUNGEWEARNEW,4.0
4314,33,2890.0,4990.0,WORKWEARNEW|TOPS_BODYSUITS,4.2
4315,46,4990.0,6490.0,SHORTS_SKORTS|TROUSERS|WORKWEARNEW,3.7
4316,22,990.0,3290.0,SHIRTS|TROUSERS,4.5
4317,43,5990.0,7490.0,TOPS_BODYSUITS,4.1
4318,43,2990.0,4490.0,SPECIAL PRICES,4.2
4319,20,1590.0,4990.0,BLAZERS|SKIRTS,4.1
4320,52,3290.0,5990.0,DRESSES_JUMPSUITS|LOUNGEWEARNEW,4.5
4321,39,3990.0,4990.0,T-SHIRTS_SWEATSHIRTS|WAISTCOATS_GILETS,3.8
4322,18,2990.0,6990.0,WORKWEARNEW|WAISTCOATS_GILETS,4.6
4323,45,2890.0,4390.0,BAGS|JEANS,4.5
4324,51,3290.0,4990.0,SHIRTS|ACCESSORIES_JEWELLERY|PERFUMESNEW,4.6
4325,29,3290.0,9990.0,T-SHIRTS_SWEATSHIRTS|JEANS,4.0
4326,42,2990.0,4490.0,SPECIAL PRICES,4.2
4327,35,990.0,1890.0,TOPS_BODYSUITS,4.7
4328,21,2590.0,3290.0,ACCESSORIES_JEWELLERY|PERFUMESNEW|T-SHIRTS_SWEATSHIRTS,4.3
4329,38,3290.0,5590.0,BAGS|SKIRTS,3.6
4330,53,3290.0,4990.0,TOPS_BODYSUITS,3.9
4331,22,1990.0,8590.0,SHORTS_SKORTS,4.4
4332,53,3290.0,4990.0,KNITWEAR,4.4
4333,50,2590.0,3990.0,DRESSES_JUMPSUITS,4.3
4334,30,1490.0,3290.0,BAGS|SPECIAL PRICES|JEANS,4.4
4335,47,3290.0,4990.0,ACCESSORIES_JEWELLERY|BASICS,3.7
4336,22,2590.0,4990.0,BLAZERS,4.5
4337,44,2290.0,2990.0,BAGS,3.6
4338,48,2990.0,4990.0,SHORTS_SKORTS|JACKETS,4.5
4339,41,2590.0,7990.0,JACKETS,4.0
4340,27,1990.0,3290.0,SKIRTS,3.9
4341,44,2890.0,4390.0,WAISTCOATS_GILETS|BAGS|JACKETS,4.1
4342,27,1990.0,3990.0,SHOES|JEANS|SHORTS_SKORTS,4.6
4343,28,2290.0,7990.0,TOPS_BODYSUITS,4.1
4344,33,2990.0,4490.0,PERFUMESNEW,4.6
4345,28,2590.0,4090.0,PERFUMESNEW|ACCESSORIES_JEWELLERY,4.5
4346,49,2990.0,4990.0,SPECIAL PRICES|KNITWEAR,3.6
4347,21,2990.0,4490.0,T-SHIRTS_SWEATSHIRTS|SHIRTS,3.8
4348,22,3290.0,4990.0,DRESSES_JUMPSUITS,4.3
4349,20,1890.0,3290.0,TROUSERS|BEAUTY,4.0
4350,50,3290.0,4790.0,TOPS_BODYSUITS|TROUSERS,4.6
4351,20,3290.0,3990.0,WORKWEARNEW|BEAUTY,4.5
4352,20,1890.0,2590.0,DRESSES_JUMPSUITS|JACKETS,3.6
4353,28,3290.0,4790.0,SHIRTS,4.5
4354,52,1590.0,3290.0,T-SHIRTS_SWEATSHIRTS,3.7
4355,22,2590.0,7590.0,SHOES,3.6
4356,26,590.0,7590.0,SHORTS_SKORTS|CO-ORD SETS|JEANS,4.1
4357,47,2290.0,4990.0,TROUSERS|DRESSES_JUMPSUITS,4.2
4358,23,2290.0,4990.0,PERFUMESNEW|SHOES,4.5
4359,19,3990.0,6990.0,WAISTCOATS_GILETS|SKIRTS,4.0
4360,23,4990.0,7990.0,PERFUMESNEW|SHIRTS,4.2
4361,22,1890.0,2590.0,WAISTCOATS_GILETS|SHORTS_SKORTS|SHIRTS,4.1
4362,19,1790.0,5590.0,BLAZERS,3.8
4363,40,2290.0,2990.0,ACCESSORIES_JEWELLERY,4.3
4364,22,1990.0,4990.0,DRESSES_JUMPSUITS|JEANS,4.1
4365,52,1890.0,2590.0,CO-ORD SETS|PERFUMESNEW|WAISTCOATS_GILETS,3.9
4366,27,2590.0,12990.0,TOPS_BODYSUITS|PERFUMESNEW|SHIRTS,4.5
4367,41,1890.0,2990.0,T-SHIRTS_SWEATSHIRTS|TROUSERS,3.5
4368,41,2290.0,3790.0,TOPS_BODYSUITS,4.6
4369,50,2590.0,3290.0,BAGS,4.4
4370,51,1990.0,4990.0,KNITWEAR,4.4
4371,25,2290.0,3990.0,ACCESSORIES_JEWELLERY,4.0
4372,50,2290.0,2990.0,BASICS,3.9
4373,31,2990.0,4990.0,SHOES|LOUNGEWEARNEW,3.7
4374,47,4990.0,9590.0,WAISTCOATS_GILETS|T-SHIRTS_SWEATSHIRTS,4.5
4375,33,1290.0,2990.0,KNITWEAR|SHIRTS,3.6
4376,54,2590.0,4990.0,SKIRTS|PERFUMESNEW,3.6
4377,52,2290.0,8590.0,ACCESSORIES_JEWELLERY|WORKWEARNEW,4.5
4378,36,3290.0,5590.0,WAISTCOATS_GILETS|TROUSERS,4.3
4379,21,2890.0,4390.0,SKIRTS,4.0
4380,25,2290.0,5990.0,ACCESSORIES_JEWELLERY|WAISTCOATS_GILETS,4.2
4381,31,1890.0,8590.0,BEAUTY|JEANS,4.6
4382,52,2290.0,3790.0,BEAUTY,4.4
4383,54,3290.0,4790.0,PERFUMESNEW,3.6
4384,47,1990.0,3290.0,ACCESSORIES_JEWELLERY,4.4
4385,49,4990.0,6490.0,BEAUTY,3.9
4386,41,990.0,2590.0,TOPS_BODYSUITS,3.9
4387,54,2590.0,4990.0,BLAZERS|CO-ORD SETS|KNITWEAR,4.3
4388,36,4990.0,6490.0,T-SHIRTS_SWEATSHIRTS|SHIRTS|BEAUTY,4.4
4389,55,1290.0,5590.0,BEAUTY|ACCESSORIES_JEWELLERY,4.2
4390,30,3290.0,4790.0,BLAZERS,4.0
4391,35,2290.0,2990.0,JEANS,4.1
4392,32,1590.0,2290.0,JEANS,4.6
4393,40,3290.0,4990.0,PERFUMESNEW|BASICS,4.1
4394,37,2890.0,4990.0,LOUNGEWEARNEW|WORKWEARNEW,4.1
4395,19,3290.0,4990.0,BEAUTY|TROUSERS,4.4
4396,49,890.0,4990.0,JACKETS|SHOES,4.1
4397,40,950.0,4990.0,WORKWEARNEW|T-SHIRTS_SWEATSHIRTS|LOUNGEWEARNEW,4.3
4398,47,2890.0,3990.0,LOUNGEWEARNEW|TOPS_BODYSUITS|BLAZERS,3.9
4399,43,2990.0,4490.0,TOPS_BODYSUITS,3.6
4400,36,2890.0,4490.0,KNITWEAR,3.7
4401,24,2590.0,4090.0,PERFUMESNEW,3.7
4402,34,1590.0,2590.0,WAISTCOATS_GILETS|ACCESSORIES_JEWELLERY,3.9
4403,39,4990.0,6490.0,JACKETS|WORKWEARNEW,4.6
4404,42,2990.0,3990.0,PERFUMESNEW|T-SHIRTS_SWEATSHIRTS,4.6
4405,36,2590.0,3990.0,WORKWEARNEW,4.2
4406,53,2290.0,2990.0,WAISTCOATS_GILETS|CO-ORD SETS,4.2
4407,26,2990.0,4990.0,WORKWEARNEW|DRESSES_JUMPSUITS|BASICS,4.1
4408,41,3290.0,3990.0,T-SHIRTS_SWEATSHIRTS|ACCESSORIES_JEWELLERY|TOPS_BODYSUITS,4.2
4409,20,1590.0,5990.0,SHORTS_SKORTS|PERFUMESNEW,4.7
4410,38,3290.0,4990.0,ACCESSORIES_JEWELLERY|WAISTCOATS_GILETS,3.9
4411,21,3290.0,3990.0,DRESSES_JUMPSUITS|SHOES|SKIRTS,3.7
4412,41,1990.0,4990.0,TOPS_BODYSUITS|BASICS,4.1
4413,46,2290.0,5990.0,BAGS|CO-ORD SETS,4.1
4414,32,2590.0,3990.0,SKIRTS,4.6
4415,47,2990.0,4490.0,PERFUMESNEW|T-SHIRTS_SWEATSHIRTS,3.9
4416,30,3290.0,4990.0,WAISTCOATS_GILETS,3.9
4417,50,2290.0,3290.0,CO-ORD SETS|WAISTCOATS_GILETS,4.7
4418,18,2990.0,4490.0,SHORTS_SKORTS|LOUNGEWEARNEW|DRESSES_JUMPSUITS,4.7
4419,43,3290.0,5990.0,SHOES,4.6
4420,40,3290.0,4990.0,KNITWEAR|SHOES,4.4
4421,30,2290.0,4990.0,TROUSERS|T-SHIRTS_SWEATSHIRTS,4.7
4422,37,2290.0,2990.0,BEAUTY,4.6
4423,50,2990.0,4990.0,BLAZERS,4.3
4424,53,3290.0,5990.0,JEANS|SPECIAL PRICES,4.3
4425,42,590.0,1990.0,T-SHIRTS_SWEATSHIRTS|TOPS_BODYSUITS|WAISTCOATS_GILETS,4.5
4426,43,2590.0,4090.0,BASICS|T-SHIRTS_SWEATSHIRTS,4.5
4427,44,2590.0,4990.0,ACCESSORIES_JEWELLERY,4.4
4428,47,2990.0,4990.0,CO-ORD SETS,4.7
4429,35,3290.0,4790.0,SHIRTS,3.8
4430,42,2990.0,3990.0,DRESSES_JUMPSUITS,4.0
4431,36,2990.0,5990.0,SHIRTS,4.5
4432,49,2990.0,4490.0,LOUNGEWEARNEW,3.8
4433,47,3290.0,3990.0,CO-ORD SETS|SKIRTS,3.9
4434,23,2990.0,4990.0,WORKWEARNEW|SHIRTS,3.7
4435,46,2990.0,4990.0,WAISTCOATS_GILETS|SHOES|BEAUTY,4.1
4436,30,1790.0,5990.0,LOUNGEWEARNEW|CO-ORD SETS|ACCESSORIES_JEWELLERY,4.6
4437,22,2590.0,4090.0,CO-ORD SETS|JEANS,4.6
4438,22,3990.0,5990.0,SKIRTS,4.7
4439,48,1990.0,3490.0,BASICS|ACCESSORIES_JEWELLERY,3.6
4440,52,2890.0,4990.0,SKIRTS,4.4
4441,47,3290.0,4990.0,TOPS_BODYSUITS|PERFUMESNEW|SHOES,4.3
4442,41,1890.0,7590.0,BASICS|WORKWEARNEW,4.1
4443,55,5990.0,7490.0,LOUNGEWEARNEW,4.0
4444,46,1590.0,3290.0,SHIRTS|BASICS,3.6
4445,24,2890.0,4990.0,SKIRTS,4.1
4446,55,590.0,3290.0,CO-ORD SETS,4.6
4447,41,2290.0,3290.0,BAGS|BLAZERS,4.7
4448,43,4990.0,6490.0,SPECIAL PRICES,4.6
4449,40,2590.0,3290.0,T-SHIRTS_SWEATSHIRTS,4.7
4450,51,3290.0,4790.0,WAISTCOATS_GILETS|PERFUMESNEW,4.1
4451,40,3290.0,6990.0,CO-ORD SETS,4.1
4452,49,4990.0,6490.0,T-SHIRTS_SWEATSHIRTS,3.9
4453,36,2590.0,5590.0,JACKETS|LOUNGEWEARNEW|CO-ORD SETS,3.6
4454,51,2990.0,3990.0,T-SHIRTS_SWEATSHIRTS|SHORTS_SKORTS,4.6
4455,26,3290.0,4790.0,SKIRTS,4.3
4456,43,2290.0,2990.0,JACKETS,4.2
4457,32,3990.0,5990.0,WORKWEARNEW,4.5
4458,37,2590.0,5990.0,PERFUMESNEW|SHORTS_SKORTS,3.5
4459,20,3290.0,5990.0,SKIRTS,3.9
4460,22,3290.0,9590.0,JACKETS|BASICS,3.8
4461,28,1590.0,3090.0,SHORTS_SKORTS,4.7
4462,36,3290.0,4990.0,DRESSES_JUMPSUITS,3.8
4463,53,790.0,1890.0,CO-ORD SETS|JEANS,4.4
4464,29,4990.0,5990.0,SPECIAL PRICES,4.5
4465,30,3290.0,5990.0,BAGS,4.1
4466,43,3290.0,4790.0,WORKWEARNEW,4.2
4467,50,1990.0,7590.0,SPECIAL PRICES,4.1
4468,41,2290.0,3990.0,JACKETS|LOUNGEWEARNEW,3.5
4469,46,4990.0,5990.0,LOUNGEWEARNEW|PERFUMESNEW,3.8
4470,50,1290.0,2890.0,BEAUTY,3.8
4471,35,2590.0,4090.0,BLAZERS|ACCESSORIES_JEWELLERY,4.5
4472,49,3290.0,4790.0,BASICS,3.5
4473,40,2990.0,3990.0,SHOES,3.5
4474,52,3290.0,4790.0,JEANS|LOUNGEWEARNEW,4.0
4475,48,3290.0,5990.0,T-SHIRTS_SWEATSHIRTS|LOUNGEWEARNEW,4.6
4476,42,3290.0,3990.0,SHOES|WAISTCOATS_GILETS,3.7
4477,40,2590.0,5590.0,TOPS_BODYSUITS|SHIRTS|SKIRTS,4.6
4478,37,2590.0,4090.0,TROUSERS|SHOES,4.4
4479,55,1590.0,2590.0,JEANS,4.6
4480,21,2590.0,4990.0,WAISTCOATS_GILETS|BAGS|BEAUTY,4.0
4481,37,3290.0,4790.0,PERFUMESNEW,3.8
4482,41,2590.0,3290.0,BASICS|SHOES,4.2
4483,20,2590.0,5990.0,SHIRTS,4.6
4484,32,2590.0,4090.0,TOPS_BODYSUITS,4.7
4485,36,2590.0,3990.0,BASICS|SHORTS_SKORTS,4.5
4486,32,3290.0,4990.0,SKIRTS|BAGS|WORKWEARNEW,4.3
4487,22,2990.0,4490.0,CO-ORD SETS|T-SHIRTS_SWEATSHIRTS,3.8
4488,43,4990.0,8590.0,BAGS|BEAUTY|WORKWEARNEW,4.6
4489,31,3990.0,5990.0,TOPS_BODYSUITS|WAISTCOATS_GILETS,4.4
4490,26,4990.0,5990.0,LOUNGEWEARNEW|T-SHIRTS_SWEATSHIRTS,3.8
4491,53,790.0,3290.0,BASICS|PERFUMESNEW|WAISTCOATS_GILETS,4.5
4492,29,4990.0,6490.0,PERFUMESNEW,4.0
4493,55,3290.0,4990.0,DRESSES_JUMPSUITS|BLAZERS|T-SHIRTS_SWEATSHIRTS,3.7
4494,46,1090.0,7590.0,PERFUMESNEW|LOUNGEWEARNEW,4.2
4495,48,2590.0,3290.0,SHORTS_SKORTS|SPECIAL PRICES,3.6
4496,41,2590.0,4090.0,TOPS_BODYSUITS|SHORTS_SKORTS,4.4
4497,38,2990.0,4990.0,SKIRTS,4.0
4498,35,3290.0,8990.0,BEAUTY|KNITWEAR|DRESSES_JUMPSUITS,4.1
4499,38,1990.0,3490.0,TOPS_BODYSUITS,3.8
4500,31,1590.0,2990.0,SHOES|DRESSES_JUMPSUITS,4.5
4501,21,2290.0,5990.0,PERFUMESNEW,4.6
4502,39,1890.0,4990.0,SKIRTS,3.9
4503,25,2290.0,2990.0,SPECIAL PRICES|ACCESSORIES_JEWELLERY,4.3
4504,20,1590.0,2890.0,BAGS|JACKETS|WORKWEARNEW,3.7
4505,46,2290.0,3790.0,PERFUMESNEW,4.1
4506,29,2490.0,4990.0,T-SHIRTS_SWEATSHIRTS,4.5
4507,27,2990.0,7990.0,BASICS|JACKETS,4.7
4508,55,790.0,4990.0,SHORTS_SKORTS,4.1
4509,54,2890.0,9590.0,SHIRTS|BEAUTY,4.0
4510,25,3290.0,5590.0,TOPS_BODYSUITS|SHOES|T-SHIRTS_SWEATSHIRTS,3.7
4511,35,3290.0,4990.0,SPECIAL PRICES|ACCESSORIES_JEWELLERY,4.1
4512,40,2890.0,4990.0,SPECIAL PRICES,3.9
4513,35,2990.0,4490.0,SHIRTS|SHOES,3.9
4514,18,3990.0,5990.0,SPECIAL PRICES,3.8
4515,50,990.0,2990.0,KNITWEAR|LOUNGEWEARNEW,4.4
4516,49,2290.0,3790.0,KNITWEAR|SHOES,4.0
4517,46,1790.0,3290.0,LOUNGEWEARNEW,4.1
4518,22,1290.0,2290.0,BEAUTY,4.7
4519,52,4990.0,8590.0,TOPS_BODYSUITS,4.0
4520,31,2890.0,12990.0,CO-ORD SETS|BAGS,4.2
4521,55,1990.0,2990.0,SHOES,4.5
4522,24,790.0,2290.0,PERFUMESNEW,3.8
4523,32,3990.0,5990.0,WAISTCOATS_GILETS|CO-ORD SETS|KNITWEAR,4.0
4524,34,1590.0,5990.0,WAISTCOATS_GILETS,3.8
4525,34,2290.0,4990.0,SPECIAL PRICES|T-SHIRTS_SWEATSHIRTS,4.5
4526,19,1990.0,5990.0,SKIRTS,4.6
4527,18,1890.0,3990.0,CO-ORD SETS,4.5
4528,21,3290.0,5990.0,ACCESSORIES_JEWELLERY|BLAZERS,4.1
4529,50,2890.0,4390.0,KNITWEAR,4.1
4530,30,2990.0,4990.0,LOUNGEWEARNEW|WAISTCOATS_GILETS,4.1
4531,27,3990.0,4990.0,TOPS_BODYSUITS,4.5
4532,18,4990.0,6490.0,WAISTCOATS_GILETS|SHOES,4.4
4533,26,2890.0,4390.0,JEANS|WAISTCOATS_GILETS,4.3
4534,26,2290.0,2990.0,SHORTS_SKORTS|BAGS,3.8
4535,45,8590.0,10090.0,CO-ORD SETS,3.8
4536,20,4990.0,6490.0,SPECIAL PRICES|LOUNGEWEARNEW,3.8
4537,49,2590.0,6990.0,CO-ORD SETS,3.6
4538,30,2290.0,3790.0,CO-ORD SETS|WORKWEARNEW,3.7
4539,33,1590.0,3290.0,T-SHIRTS_SWEATSHIRTS,4.1
4540,33,1590.0,4990.0,JEANS|SPECIAL PRICES,4.7
4541,25,690.0,1990.0,DRESSES_JUMPSUITS,4.0
4542,36,2590.0,4090.0,SPECIAL PRICES|TOPS_BODYSUITS,3.8
4543,50,2590.0,3290.0,SPECIAL PRICES|BLAZERS,4.0
4544,55,1590.0,3290.0,BEAUTY|BASICS,3.7
4545,32,3290.0,4790.0,BLAZERS,3.6
4546,34,2290.0,4990.0,WAISTCOATS_GILETS,4.5
4547,28,1890.0,2990.0,DRESSES_JUMPSUITS,3.9
4548,50,3290.0,5590.0,JACKETS|WAISTCOATS_GILETS|T-SHIRTS_SWEATSHIRTS,3.6
4549,49,3290.0,7590.0,DRESSES_JUMPSUITS,4.2
4550,47,2290.0,3290.0,CO-ORD SETS|WORKWEARNEW,3.7
4551,38,3290.0,4990.0,WORKWEARNEW|PERFUMESNEW,4.6
4552,42,1590.0,3290.0,ACCESSORIES_JEWELLERY|BLAZERS,4.3
4553,45,2990.0,3990.0,TROUSERS,3.9
4554,38,3990.0,4990.0,CO-ORD SETS,4.7
4555,29,2990.0,3990.0,BLAZERS|SKIRTS,4.7
4556,51,1590.0,3290.0,T-SHIRTS_SWEATSHIRTS,4.5
4557,45,2990.0,4490.0,JACKETS,3.9
4558,47,3990.0,4990.0,SHORTS_SKORTS|SPECIAL PRICES,4.0
4559,48,5990.0,7490.0,BLAZERS|DRESSES_JUMPSUITS,4.2
4560,46,2590.0,4990.0,PERFUMESNEW|SPECIAL PRICES,3.6
4561,37,4990.0,6490.0,TROUSERS|SHORTS_SKORTS|BAGS,4.1
4562,25,3290.0,3990.0,CO-ORD SETS|DRESSES_JUMPSUITS,4.6
4563,41,3990.0,4990.0,JEANS|TOPS_BODYSUITS,4.6
4564,21,2290.0,3990.0,JEANS,4.2
4565,19,1590.0,3290.0,SHOES|BAGS,4.6
4566,24,3290.0,7590.0,BASICS|JACKETS,4.5
4567,50,3290.0,4990.0,SHORTS_SKORTS|BLAZERS,3.9
4568,55,2590.0,4090.0,DRESSES_JUMPSUITS,4.2
4569,33,2290.0,3990.0,SHOES|T-SHIRTS_SWEATSHIRTS,4.3
4570,45,690.0,2290.0,ACCESSORIES_JEWELLERY|WORKWEARNEW|BEAUTY,4.2
4571,32,2990.0,5590.0,T-SHIRTS_SWEATSHIRTS,3.8
4572,24,2990.0,7590.0,LOUNGEWEARNEW|SKIRTS,3.9
4573,32,3290.0,4990.0,BEAUTY|KNITWEAR,3.7
4574,51,3290.0,3990.0,WORKWEARNEW,3.6
4575,37,3290.0,7590.0,TROUSERS|SHIRTS,3.5
4576,54,3290.0,4790.0,TOPS_BODYSUITS,4.0
4577,47,2990.0,5990.0,WORKWEARNEW|WAISTCOATS_GILETS,4.1
4578,33,1990.0,5990.0,BASICS|T-SHIRTS_SWEATSHIRTS|SHIRTS,4.6
4579,30,2890.0,6990.0,SHIRTS|BEAUTY|TOPS_BODYSUITS,4.2
4580,54,5590.0,9590.0,BLAZERS,3.6
4581,27,3290.0,4990.0,TOPS_BODYSUITS|BASICS,4.0
4582,27,4990.0,6490.0,LOUNGEWEARNEW|BEAUTY,4.1
4583,18,2990.0,4490.0,BASICS,4.4
4584,40,3290.0,4990.0,BEAUTY|TROUSERS,4.4
4585,41,2890.0,4390.0,BASICS|SHORTS_SKORTS,4.1
4586,44,4990.0,6490.0,T-SHIRTS_SWEATSHIRTS|SHIRTS|SHORTS_SKORTS,3.6
4587,31,950.0,5990.0,PERFUMESNEW,4.6
4588,47,2990.0,4990.0,BASICS,4.5
4589,52,3290.0,4790.0,SKIRTS|ACCESSORIES_JEWELLERY|BASICS,3.8
4590,22,2590.0,3290.0,DRESSES_JUMPSUITS|BEAUTY,4.7
4591,47,2990.0,4990.0,WAISTCOATS_GILETS,3.8
4592,41,890.0,1590.0,CO-ORD SETS,4.4
4593,24,2590.0,4090.0,BEAUTY|KNITWEAR,4.2
4594,40,2990.0,4990.0,BASICS|TROUSERS|LOUNGEWEARNEW,3.9
4595,33,2990.0,4490.0,PERFUMESNEW|SHORTS_SKORTS,4.3
4596,31,3290.0,4990.0,JEANS|PERFUMESNEW,4.3
4597,38,590.0,3290.0,PERFUMESNEW|TROUSERS,4.6
4598,38,1890.0,2990.0,SHOES,4.4
4599,51,990.0,2990.0,DRESSES_JUMPSUITS|BASICS,4.6
4600,42,3290.0,3990.0,T-SHIRTS_SWEATSHIRTS|WORKWEARNEW,4.0
4601,55,990.0,1890.0,SPECIAL PRICES|CO-ORD SETS,3.8
4602,30,4990.0,5990.0,TOPS_BODYSUITS|JACKETS,3.9
4603,19,1590.0,4990.0,DRESSES_JUMPSUITS,4.4
4604,21,1990.0,5990.0,SKIRTS,3.7
4605,39,1990.0,4990.0,BASICS,4.0
4606,54,3990.0,5990.0,LOUNGEWEARNEW|BASICS,3.7
4607,23,2590.0,5590.0,BAGS,3.7
4608,49,3990.0,7590.0,T-SHIRTS_SWEATSHIRTS|SHOES,3.6
4609,41,2990.0,4490.0,BLAZERS,4.2
4610,39,2990.0,4990.0,SHORTS_SKORTS|CO-ORD SETS,4.0
4611,28,2990.0,4490.0,SHORTS_SKORTS|CO-ORD SETS,4.1
4612,34,2290.0,2890.0,SHOES|JEANS,4.5
4613,36,2990.0,7590.0,KNITWEAR|CO-ORD SETS|JACKETS,3.6
4614,19,3290.0,4990.0,TROUSERS|JEANS|PERFUMESNEW,4.1
4615,33,1590.0,5990.0,JACKETS|BEAUTY,4.2
4616,31,3990.0,5990.0,SPECIAL PRICES|T-SHIRTS_SWEATSHIRTS|JACKETS,4.0
4617,35,2990.0,5990.0,JACKETS|SHOES,4.1
4618,38,2990.0,4490.0,JACKETS,3.7
4619,36,2290.0,4990.0,ACCESSORIES_JEWELLERY|DRESSES_JUMPSUITS,4.3
4620,23,3290.0,5590.0,CO-ORD SETS,3.6
4621,50,3290.0,4790.0,LOUNGEWEARNEW|SKIRTS|TROUSERS,4.1
4622,22,2590.0,5990.0,SHORTS_SKORTS,4.4
4623,22,2290.0,3290.0,DRESSES_JUMPSUITS|CO-ORD SETS,4.4
4624,40,3290.0,4990.0,PERFUMESNEW|JACKETS|SKIRTS,4.0
4625,50,3290.0,5990.0,PERFUMESNEW,3.6
4626,36,2590.0,3990.0,LOUNGEWEARNEW|TROUSERS,3.7
4627,22,4990.0,6490.0,BEAUTY|BASICS,4.1
4628,54,1990.0,3290.0,TOPS_BODYSUITS|SHIRTS,4.2
4629,39,2990.0,4990.0,SHOES|BEAUTY,4.4
4630,31,4990.0,8590.0,JEANS,4.0
4631,30,2590.0,5990.0,TOPS_BODYSUITS,4.5
4632,36,2590.0,4990.0,SPECIAL PRICES|BASICS,3.8
4633,22,2990.0,4490.0,LOUNGEWEARNEW|BLAZERS,4.7
4634,35,2990.0,4990.0,BAGS|SPECIAL PRICES,3.7
4635,36,3990.0,4990.0,T-SHIRTS_SWEATSHIRTS|BEAUTY,4.4
4636,40,3290.0,5990.0,BLAZERS,4.0
4637,38,3290.0,6990.0,BASICS,4.1
4638,44,3990.0,4990.0,LOUNGEWEARNEW,4.5
4639,47,2990.0,5990.0,SHIRTS,4.5
4640,36,2290.0,3990.0,SHOES|JACKETS,3.8
4641,37,4990.0,5590.0,BASICS,4.6
4642,54,2990.0,11990.0,SPECIAL PRICES,3.8
4643,54,3290.0,3990.0,DRESSES_JUMPSUITS,4.3
4644,49,2590.0,3290.0,WORKWEARNEW,4.6
4645,41,2990.0,4490.0,SHIRTS,3.5
4646,54,790.0,1590.0,SPECIAL PRICES,4.0
4647,36,1590.0,3290.0,TROUSERS|ACCESSORIES_JEWELLERY,4.6
4648,37,3290.0,4990.0,T-SHIRTS_SWEATSHIRTS|WAISTCOATS_GILETS,4.6
4649,42,2990.0,5990.0,TOPS_BODYSUITS|TROUSERS,4.6
4650,30,2590.0,6990.0,SPECIAL PRICES|JEANS|LOUNGEWEARNEW,4.6
4651,47,3290.0,4790.0,BLAZERS,4.0
4652,55,3290.0,4790.0,SPECIAL PRICES,4.2
4653,34,1990.0,3290.0,KNITWEAR|SHOES|JACKETS,3.6
4654,46,2290.0,5990.0,SHIRTS,4.0
4655,47,2990.0,4990.0,ACCESSORIES_JEWELLERY|KNITWEAR,4.5
4656,49,3290.0,4990.0,T-SHIRTS_SWEATSHIRTS|BLAZERS,4.6
4657,55,4990.0,6490.0,KNITWEAR|LOUNGEWEARNEW,4.0
4658,44,2990.0,4490.0,LOUNGEWEARNEW,3.7
4659,45,2890.0,4390.0,ACCESSORIES_JEWELLERY,4.4
4660,46,2590.0,4090.0,LOUNGEWEARNEW,3.6
4661,48,4990.0,6490.0,WAISTCOATS_GILETS|SHIRTS,3.6
4662,51,1890.0,3290.0,SHORTS_SKORTS|BEAUTY,3.7
4663,19,690.0,5990.0,BLAZERS|SHIRTS,4.2
4664,23,2990.0,4990.0,BAGS,3.7
4665,45,2590.0,3290.0,BLAZERS,4.0
4666,43,2290.0,3290.0,ACCESSORIES_JEWELLERY,3.8
4667,39,3290.0,5990.0,BASICS,4.5
4668,55,2590.0,3290.0,TOPS_BODYSUITS|WORKWEARNEW,4.2
4669,18,2890.0,3990.0,WORKWEARNEW|SPECIAL PRICES,3.7
4670,52,3290.0,4990.0,JACKETS,4.4
4671,27,3290.0,4990.0,SHIRTS,4.5
4672,42,1590.0,3290.0,BAGS|SHOES|BEAUTY,4.5
4673,44,2990.0,3990.0,TROUSERS,3.7
4674,36,2990.0,4490.0,LOUNGEWEARNEW|SPECIAL PRICES,4.5
4675,52,3290.0,4790.0,JACKETS|SKIRTS|BAGS,4.3
4676,45,2990.0,5990.0,WAISTCOATS_GILETS,4.4
4677,49,3290.0,5990.0,ACCESSORIES_JEWELLERY,3.9
4678,41,1990.0,3490.0,SHIRTS,4.1
4679,19,2290.0,4990.0,BASICS|BLAZERS|T-SHIRTS_SWEATSHIRTS,4.7
4680,53,2290.0,3290.0,BAGS|BLAZERS,4.5
4681,46,2590.0,4090.0,TOPS_BODYSUITS,4.6
4682,23,4990.0,6490.0,JEANS,4.1
4683,42,1590.0,2990.0,ACCESSORIES_JEWELLERY|TOPS_BODYSUITS,4.0
4684,38,3290.0,4990.0,WAISTCOATS_GILETS|SKIRTS|BASICS,3.8
4685,53,2990.0,3990.0,ACCESSORIES_JEWELLERY|CO-ORD SETS|SPECIAL PRICES,4.1
4686,26,3290.0,3990.0,KNITWEAR,4.1
4687,46,2290.0,3790.0,JEANS|SHIRTS,3.8
4688,19,2590.0,4090.0,BEAUTY,3.7
4689,40,1990.0,2990.0,SHIRTS,4.1
4690,25,2990.0,4990.0,SKIRTS,4.5
4691,25,2890.0,3990.0,BEAUTY|JEANS|PERFUMESNEW,3.9
4692,40,2290.0,2990.0,WORKWEARNEW|BEAUTY|SPECIAL PRICES,4.2
4693,27,2990.0,4490.0,JEANS,4.6
4694,39,2590.0,5990.0,SHIRTS,3.7
4695,24,3290.0,5990.0,CO-ORD SETS|KNITWEAR,4.0
4696,25,4990.0,8590.0,TOPS_BODYSUITS,4.5
4697,18,2590.0,4990.0,KNITWEAR|BEAUTY,3.8
4698,48,3290.0,4790.0,SKIRTS|JEANS,3.6
4699,23,1590.0,7990.0,TROUSERS,4.1
4700,22,1590.0,3090.0,T-SHIRTS_SWEATSHIRTS,4.3
4701,32,2290.0,2990.0,SHORTS_SKORTS,3.9
4702,36,2590.0,4090.0,PERFUMESNEW|SKIRTS,3.9
4703,43,1590.0,4990.0,JACKETS,4.2
4704,51,2290.0,2990.0,WAISTCOATS_GILETS|TROUSERS,4.0
4705,26,3990.0,4990.0,LOUNGEWEARNEW|SHOES,4.1
4706,48,3290.0,4990.0,SHOES,4.1
4707,52,1890.0,5990.0,JEANS,4.6
4708,29,4990.0,11990.0,BLAZERS|SKIRTS,4.4
4709,51,590.0,2590.0,JEANS|T-SHIRTS_SWEATSHIRTS,4.0
4710,40,3990.0,5990.0,TOPS_BODYSUITS,4.6
4711,30,3290.0,3990.0,SHOES|WAISTCOATS_GILETS,3.9
4712,21,2990.0,5990.0,PERFUMESNEW,3.9
4713,53,3990.0,5490.0,DRESSES_JUMPSUITS,4.5
4714,27,2290.0,5990.0,JEANS,4.6
4715,48,2990.0,5990.0,DRESSES_JUMPSUITS,4.4
4716,32,2590.0,4090.0,SHOES|JACKETS,3.7
4717,51,2890.0,4390.0,LOUNGEWEARNEW|BASICS,3.7
4718,22,3990.0,7590.0,SHORTS_SKORTS,4.3
4719,50,3290.0,7590.0,WAISTCOATS_GILETS|SKIRTS,4.2
4720,49,2990.0,4490.0,T-SHIRTS_SWEATSHIRTS|SHOES|ACCESSORIES_JEWELLERY,3.9
4721,30,4990.0,6490.0,JACKETS,3.6
4722,42,2890.0,4390.0,BLAZERS,4.6
4723,39,2290.0,3290.0,SHOES|JEANS,3.8
4724,20,2990.0,5990.0,TROUSERS|SKIRTS|BAGS,4.6
4725,37,2990.0,5590.0,BEAUTY|WAISTCOATS_GILETS,3.6
4726,45,4990.0,5990.0,T-SHIRTS_SWEATSHIRTS|TOPS_BODYSUITS,3.5
4727,26,2590.0,3990.0,ACCESSORIES_JEWELLERY,4.0
4728,51,2590.0,4990.0,LOUNGEWEARNEW|T-SHIRTS_SWEATSHIRTS|WAISTCOATS_GILETS,4.5
4729,25,3290.0,3990.0,WORKWEARNEW,3.6
4730,48,1990.0,7590.0,LOUNGEWEARNEW,4.6
4731,23,1590.0,3290.0,BLAZERS,3.7
4732,22,4990.0,6490.0,SHOES,4.4
4733,51,2990.0,3990.0,TOPS_BODYSUITS,4.6
4734,27,1890.0,2990.0,DRESSES_JUMPSUITS,4.5
4735,45,2990.0,4490.0,JEANS,4.5
4736,30,2990.0,4990.0,DRESSES_JUMPSUITS|JACKETS,3.8
4737,22,2290.0,3290.0,WORKWEARNEW,4.3
4738,22,1590.0,3090.0,JACKETS,4.3
4739,42,990.0,3290.0,BLAZERS,4.6
4740,52,990.0,2290.0,SHORTS_SKORTS|JACKETS|DRESSES_JUMPSUITS,3.5
4741,48,3290.0,5990.0,JEANS,3.7
4742,54,1890.0,4990.0,BASICS,4.2
4743,20,2290.0,4990.0,BLAZERS|ACCESSORIES_JEWELLERY,3.8
4744,43,3290.0,5990.0,TOPS_BODYSUITS|BLAZERS,3.8
4745,18,3290.0,4990.0,SHORTS_SKORTS,4.6
4746,49,3290.0,3990.0,BEAUTY|DRESSES_JUMPSUITS,4.5
4747,48,2890.0,4390.0,BASICS|KNITWEAR|BEAUTY,4.0
4748,26,4990.0,8990.0,ACCESSORIES_JEWELLERY|SPECIAL PRICES,4.5
4749,23,3990.0,5490.0,BASICS,4.3
4750,31,2590.0,4090.0,JEANS|BEAUTY,3.9
4751,28,1990.0,3490.0,ACCESSORIES_JEWELLERY|BLAZERS,3.8
4752,18,2890.0,4390.0,TROUSERS,4.6
4753,41,2290.0,5990.0,JEANS|CO-ORD SETS,4.2
4754,23,2990.0,4490.0,ACCESSORIES_JEWELLERY,4.1
4755,41,4990.0,6490.0,SHOES,3.7
4756,27,2290.0,3990.0,SHOES,3.6
4757,44,2990.0,4490.0,T-SHIRTS_SWEATSHIRTS,4.2
4758,42,2890.0,3990.0,BASICS|SHORTS_SKORTS,4.5
4759,22,1290.0,2790.0,KNITWEAR|CO-ORD SETS,4.1
4760,52,2590.0,3290.0,SKIRTS|TOPS_BODYSUITS|LOUNGEWEARNEW,4.4
4761,33,2990.0,4490.0,SPECIAL PRICES,3.7
4762,24,4990.0,5990.0,SKIRTS,3.8
4763,55,1590.0,4990.0,JACKETS|TROUSERS|SHORTS_SKORTS,4.4
4764,34,2590.0,4090.0,LOUNGEWEARNEW|SPECIAL PRICES|PERFUMESNEW,4.4
4765,51,2290.0,2990.0,BEAUTY,3.6
4766,29,2990.0,4490.0,PERFUMESNEW|BLAZERS,4.1
4767,30,4990.0,5990.0,SKIRTS|TROUSERS,4.5
4768,36,4990.0,5990.0,PERFUMESNEW,4.4
4769,54,2890.0,9590.0,SHIRTS,4.6
4770,42,2990.0,4990.0,SKIRTS|BLAZERS,4.4
4771,44,2990.0,4490.0,KNITWEAR|CO-ORD SETS,3.8
4772,47,3990.0,7590.0,ACCESSORIES_JEWELLERY|T-SHIRTS_SWEATSHIRTS,3.6
4773,51,1590.0,2990.0,WORKWEARNEW|BASICS,4.3
4774,39,3290.0,5990.0,BASICS|SHORTS_SKORTS,4.1
4775,30,2290.0,3290.0,KNITWEAR|JACKETS,3.8
4776,52,2290.0,4990.0,SHOES,3.6
4777,45,2990.0,4490.0,CO-ORD SETS|BASICS,4.6
4778,30,2290.0,2990.0,WORKWEARNEW|SHORTS_SKORTS|JACKETS,4.6
4779,43,2290.0,4990.0,SKIRTS|DRESSES_JUMPSUITS|SPECIAL PRICES,4.2
4780,48,3290.0,4790.0,TROUSERS|ACCESSORIES_JEWELLERY,4.3
4781,20,2990.0,4490.0,CO-ORD SETS,4.2
4782,28,3290.0,4990.0,BASICS|TOPS_BODYSUITS|JACKETS,3.8
4783,34,2590.0,3290.0,KNITWEAR|BEAUTY,4.2
4784,35,3990.0,6990.0,JACKETS,4.4
4785,21,3290.0,5990.0,BLAZERS|KNITWEAR|ACCESSORIES_JEWELLERY,4.5
4786,38,3290.0,4990.0,SPECIAL PRICES,3.7
4787,48,3290.0,4790.0,SKIRTS|BEAUTY,4.2
4788,38,4990.0,5990.0,BEAUTY,4.3
4789,47,3290.0,4790.0,JEANS|BASICS,4.3
4790,34,1990.0,3290.0,DRESSES_JUMPSUITS,4.5
4791,46,3290.0,3990.0,BAGS|TROUSERS,4.5
4792,22,1590.0,3090.0,DRESSES_JUMPSUITS,4.2
4793,38,1590.0,2990.0,BASICS,4.4
4794,49,1290.0,3290.0,SKIRTS|SPECIAL PRICES|WAISTCOATS_GILETS,4.0
4795,28,3290.0,4790.0,CO-ORD SETS|TOPS_BODYSUITS|LOUNGEWEARNEW,3.9
4796,33,990.0,3290.0,BLAZERS,3.6
4797,26,2290.0,3290.0,CO-ORD SETS|SHOES|WORKWEARNEW,3.8
4798,31,2990.0,4490.0,PERFUMESNEW|BASICS|SPECIAL PRICES,3.5
4799,21,2590.0,3990.0,BASICS|WAISTCOATS_GILETS,3.8
4800,42,2990.0,3990.0,JEANS,4.3
4801,48,3990.0,5990.0,BLAZERS|TROUSERS,4.5
4802,38,3990.0,4990.0,T-SHIRTS_SWEATSHIRTS,3.6
4803,23,2590.0,4990.0,SHORTS_SKORTS,4.3
4804,33,2990.0,4990.0,T-SHIRTS_SWEATSHIRTS|SHORTS_SKORTS,4.1
4805,41,2990.0,4490.0,SPECIAL PRICES|KNITWEAR|JEANS,3.8
4806,45,950.0,1590.0,T-SHIRTS_SWEATSHIRTS,4.4
4807,40,2990.0,4990.0,SPECIAL PRICES|ACCESSORIES_JEWELLERY,4.7
4808,41,1890.0,3290.0,ACCESSORIES_JEWELLERY|KNITWEAR,3.9
4809,45,2590.0,3290.0,BLAZERS|SPECIAL PRICES,4.0
4810,46,3290.0,4990.0,LOUNGEWEARNEW|DRESSES_JUMPSUITS,4.4
4811,33,2290.0,3290.0,BLAZERS,4.5
4812,35,3290.0,5990.0,CO-ORD SETS|TROUSERS,3.8
4813,55,2290.0,4990.0,SHORTS_SKORTS,4.3
4814,40,2590.0,4990.0,SPECIAL PRICES,4.4
4815,47,4990.0,5990.0,SKIRTS|BAGS,4.4
4816,34,4990.0,5590.0,ACCESSORIES_JEWELLERY|SPECIAL PRICES,4.3
4817,55,3990.0,4990.0,LOUNGEWEARNEW,3.8
4818,29,990.0,4990.0,SHOES|KNITWEAR,4.4
4819,51,1590.0,2290.0,ACCESSORIES_JEWELLERY,4.2
4820,47,2990.0,4490.0,SHOES|LOUNGEWEARNEW,3.5
4821,53,4990.0,8590.0,LOUNGEWEARNEW,4.0
4822,22,3290.0,4990.0,LOUNGEWEARNEW|SHORTS_SKORTS|SKIRTS,4.2
4823,27,3290.0,4990.0,BLAZERS,4.6
4824,32,2590.0,5990.0,CO-ORD SETS,3.7
4825,41,2590.0,5590.0,WAISTCOATS_GILETS,4.0
4826,20,2590.0,4990.0,ACCESSORIES_JEWELLERY|DRESSES_JUMPSUITS,4.5
4827,49,3290.0,4990.0,T-SHIRTS_SWEATSHIRTS|WORKWEARNEW|SHOES,4.2
4828,21,3290.0,4790.0,BLAZERS,4.1
4829,32,2990.0,4490.0,DRESSES_JUMPSUITS,3.7
4830,39,2990.0,4490.0,BASICS,4.3
4831,41,4990.0,5990.0,CO-ORD SETS|SHOES,3.8
4832,37,2290.0,3290.0,PERFUMESNEW|BLAZERS,3.8
4833,50,3290.0,4990.0,BEAUTY|BAGS,4.4
4834,18,2590.0,3290.0,ACCESSORIES_JEWELLERY|LOUNGEWEARNEW,4.2
4835,18,3290.0,4990.0,JACKETS|ACCESSORIES_JEWELLERY,3.8
4836,36,2290.0,2990.0,KNITWEAR,4.0
4837,48,2590.0,4990.0,T-SHIRTS_SWEATSHIRTS,3.8
4838,26,3290.0,4790.0,BASICS,3.9
4839,50,3290.0,5990.0,JEANS|BEAUTY,4.0
4840,37,2890.0,4390.0,SPECIAL PRICES,4.7
4841,24,3990.0,5490.0,CO-ORD SETS|BEAUTY,4.5
4842,38,2590.0,3290.0,CO-ORD SETS,4.5
4843,37,4990.0,6490.0,BAGS|CO-ORD SETS,4.5
4844,34,690.0,5990.0,SHIRTS|JEANS,3.6
4845,40,3990.0,5990.0,SHOES|PERFUMESNEW|BLAZERS,3.9
4846,46,3290.0,5990.0,SHOES,3.8
4847,34,3290.0,4990.0,T-SHIRTS_SWEATSHIRTS,4.2
4848,36,2590.0,3290.0,SPECIAL PRICES|SHORTS_SKORTS,3.7
4849,53,2590.0,4990.0,TROUSERS|PERFUMESNEW,3.7
4850,43,3990.0,4990.0,ACCESSORIES_JEWELLERY|SKIRTS,3.5
4851,19,2990.0,4990.0,PERFUMESNEW|LOUNGEWEARNEW,3.7
4852,42,5590.0,7090.0,BAGS|JEANS|DRESSES_JUMPSUITS,4.4
4853,28,2890.0,4990.0,TROUSERS|PERFUMESNEW|LOUNGEWEARNEW,4.2
4854,39,1890.0,2590.0,BLAZERS|KNITWEAR|BAGS,4.3
4855,32,3290.0,4790.0,SHORTS_SKORTS|CO-ORD SETS,4.4
4856,54,2990.0,4490.0,BASICS,4.1
4857,27,990.0,2990.0,KNITWEAR,4.4
4858,24,3290.0,4990.0,JEANS,4.0
4859,18,2590.0,5990.0,SHIRTS|BAGS|TROUSERS,3.8
4860,47,990.0,2290.0,LOUNGEWEARNEW|TROUSERS,4.6
4861,32,1990.0,2990.0,JEANS|KNITWEAR,3.8
4862,34,790.0,3290.0,DRESSES_JUMPSUITS|SHORTS_SKORTS,3.8
4863,38,2990.0,4990.0,BLAZERS|JACKETS,4.0
4864,36,1990.0,5590.0,TROUSERS|BASICS,3.9
4865,35,3290.0,4990.0,T-SHIRTS_SWEATSHIRTS|TROUSERS,4.3
4866,27,3990.0,5490.0,TROUSERS,3.5
4867,41,2990.0,5990.0,JEANS|WAISTCOATS_GILETS,3.7
4868,54,2590.0,3290.0,BEAUTY|BLAZERS,3.5
4869,32,2990.0,8590.0,SKIRTS,4.0
4870,51,2590.0,3290.0,SHORTS_SKORTS|SHOES,3.6
4871,55,1590.0,4990.0,CO-ORD SETS|SHORTS_SKORTS,4.4
4872,26,1590.0,5990.0,SHORTS_SKORTS,4.3
4873,25,2990.0,7590.0,WAISTCOATS_GILETS,3.9
4874,51,3990.0,5990.0,TOPS_BODYSUITS|BEAUTY|CO-ORD SETS,4.3
4875,37,2590.0,3990.0,SHOES|SHORTS_SKORTS,3.7
4876,29,3990.0,4990.0,SPECIAL PRICES|SHORTS_SKORTS,4.3
4877,45,3290.0,5590.0,DRESSES_JUMPSUITS|WORKWEARNEW,4.2
4878,19,2590.0,7590.0,SHOES,4.4
4879,54,3290.0,4790.0,ACCESSORIES_JEWELLERY|BAGS,3.8
4880,27,3290.0,5990.0,BEAUTY|BAGS|JACKETS,4.6
4881,43,2590.0,3290.0,SKIRTS|PERFUMESNEW,4.4
4882,31,1890.0,3390.0,KNITWEAR|TOPS_BODYSUITS,4.1
4883,33,3290.0,5590.0,WAISTCOATS_GILETS,4.0
4884,46,2990.0,3990.0,SHORTS_SKORTS,3.9
4885,32,990.0,2590.0,TROUSERS|BEAUTY|SHORTS_SKORTS,4.0
4886,47,2990.0,5990.0,LOUNGEWEARNEW|SHOES,4.6
4887,30,1590.0,2890.0,BEAUTY|TROUSERS,4.5
4888,55,5590.0,8590.0,SHOES,4.0
4889,27,1990.0,5990.0,WAISTCOATS_GILETS|WORKWEARNEW,3.6
4890,48,3290.0,4990.0,SKIRTS|BLAZERS,3.9
4891,42,1090.0,2990.0,BASICS|PERFUMESNEW,4.0
4892,22,3990.0,5490.0,CO-ORD SETS,3.6
4893,24,3290.0,4990.0,BEAUTY|WORKWEARNEW,4.5
4894,40,2990.0,4490.0,LOUNGEWEARNEW,4.0
4895,38,1890.0,5990.0,SKIRTS,3.9
4896,45,3290.0,3990.0,DRESSES_JUMPSUITS,3.6
4897,53,2990.0,4990.0,WAISTCOATS_GILETS|BEAUTY|BLAZERS,3.8
4898,31,1890.0,3990.0,JACKETS|SHORTS_SKORTS,3.6
4899,19,2990.0,5990.0,JEANS|WORKWEARNEW,4.4
4900,30,2990.0,4490.0,PERFUMESNEW|WORKWEARNEW,3.9
4901,19,3290.0,5590.0,TROUSERS,3.5
4902,39,3290.0,4990.0,SKIRTS,4.3
4903,39,3290.0,4990.0,JACKETS,4.2
4904,50,4990.0,9590.0,TOPS_BODYSUITS|SPECIAL PRICES,4.6
4905,25,1590.0,3290.0,SKIRTS|SHOES,3.9
4906,24,4990.0,5990.0,LOUNGEWEARNEW|DRESSES_JUMPSUITS|BAGS,3.9
4907,18,2590.0,5590.0,WORKWEARNEW|PERFUMESNEW,4.0
4908,42,2290.0,5990.0,DRESSES_JUMPSUITS,3.7
4909,21,2590.0,4990.0,PERFUMESNEW|SHOES|BASICS,3.5
4910,52,2290.0,3290.0,SHIRTS|SHORTS_SKORTS|DRESSES_JUMPSUITS,4.6
4911,33,3990.0,4990.0,ACCESSORIES_JEWELLERY,3.9
4912,18,1990.0,3290.0,SKIRTS|CO-ORD SETS,4.4
4913,50,1590.0,2890.0,SHORTS_SKORTS,4.0
4914,27,1990.0,5990.0,TROUSERS|WORKWEARNEW,3.6
4915,48,1790.0,3990.0,ACCESSORIES_JEWELLERY,3.9
4916,18,3290.0,5990.0,JACKETS|WAISTCOATS_GILETS,4.5
4917,24,3290.0,3990.0,TOPS_BODYSUITS|BEAUTY,4.2
4918,35,3990.0,5990.0,BASICS|DRESSES_JUMPSUITS,4.3
4919,25,3290.0,5590.0,SPECIAL PRICES|KNITWEAR,4.4
4920,48,3990.0,16990.0,DRESSES_JUMPSUITS|JACKETS,3.7
4921,21,3290.0,5990.0,BEAUTY,4.7
4922,26,2990.0,5990.0,BAGS|SHIRTS,4.1
4923,45,1990.0,2590.0,SKIRTS,4.6
4924,48,3290.0,3990.0,SHIRTS,3.9
4925,47,1990.0,2590.0,WORKWEARNEW,4.5
4926,35,690.0,2190.0,DRESSES_JUMPSUITS,4.0
4927,32,2590.0,3290.0,SHORTS_SKORTS,4.2
4928,36,1590.0,2290.0,SPECIAL PRICES|BLAZERS|TOPS_BODYSUITS,3.8
4929,47,3290.0,4990.0,CO-ORD SETS,4.6
4930,24,3290.0,3990.0,TOPS_BODYSUITS,4.7
4931,25,3290.0,3990.0,WORKWEARNEW|KNITWEAR,4.2
4932,21,3990.0,4990.0,SPECIAL PRICES,3.6
4933,45,2990.0,4490.0,ACCESSORIES_JEWELLERY,4.4
4934,33,990.0,5990.0,PERFUMESNEW,3.6
4935,50,1990.0,5590.0,LOUNGEWEARNEW,4.5
4936,31,2590.0,4990.0,BASICS,3.7
4937,23,4990.0,6990.0,SPECIAL PRICES|LOUNGEWEARNEW,4.1
4938,21,2590.0,3990.0,KNITWEAR,3.6
4939,44,1590.0,3290.0,BASICS,3.9
4940,51,3290.0,4990.0,LOUNGEWEARNEW,3.6
4941,54,1590.0,3290.0,WAISTCOATS_GILETS,3.9
4942,45,1990.0,3290.0,BEAUTY,3.8
4943,28,2990.0,3990.0,WAISTCOATS_GILETS,3.8
4944,44,3290.0,5590.0,TROUSERS|SPECIAL PRICES,4.1
4945,22,2290.0,3290.0,BASICS,3.7
4946,40,990.0,4990.0,LOUNGEWEARNEW,4.0
4947,32,2890.0,4990.0,TOPS_BODYSUITS|SHORTS_SKORTS,4.4
4948,53,3290.0,4990.0,SHORTS_SKORTS|KNITWEAR,4.0
4949,36,1990.0,2990.0,PERFUMESNEW|SPECIAL PRICES|DRESSES_JUMPSUITS,3.8
4950,32,2590.0,3290.0,PERFUMESNEW,4.0
4951,31,4990.0,6490.0,BLAZERS|DRESSES_JUMPSUITS,4.3
4952,30,3990.0,4990.0,SPECIAL PRICES,4.2
4953,52,2290.0,11990.0,PERFUMESNEW|SHOES,3.5
4954,49,2990.0,4990.0,JACKETS,4.2
4955,50,3990.0,5990.0,BEAUTY,4.3
4956,47,2990.0,4490.0,DRESSES_JUMPSUITS,4.2
4957,36,2990.0,3990.0,SPECIAL PRICES|T-SHIRTS_SWEATSHIRTS|JEANS,3.9
4958,26,1990.0,3990.0,T-SHIRTS_SWEATSHIRTS,4.5
4959,43,3290.0,5990.0,SHIRTS,3.7
4960,36,2290.0,5990.0,WORKWEARNEW|TOPS_BODYSUITS,4.5
4961,38,2590.0,3290.0,BASICS|TOPS_BODYSUITS|T-SHIRTS_SWEATSHIRTS,3.9
4962,29,2290.0,4990.0,JEANS,4.6
4963,24,2990.0,4490.0,WORKWEARNEW|DRESSES_JUMPSUITS|SHOES,4.4
4964,27,2590.0,4090.0,ACCESSORIES_JEWELLERY,3.9
4965,54,2990.0,4490.0,BAGS|BEAUTY|SHORTS_SKORTS,4.0
4966,45,2590.0,3990.0,ACCESSORIES_JEWELLERY|DRESSES_JUMPSUITS,4.6
4967,45,5590.0,8590.0,BLAZERS|WAISTCOATS_GILETS,4.4
4968,47,1990.0,2590.0,T-SHIRTS_SWEATSHIRTS,4.5
4969,29,2990.0,4990.0,SKIRTS,4.7
4970,22,2290.0,2990.0,WORKWEARNEW,4.4
4971,51,3290.0,3990.0,JACKETS,3.9
4972,31,4990.0,6490.0,SHORTS_SKORTS|LOUNGEWEARNEW,3.8
4973,38,1590.0,4990.0,KNITWEAR,4.0
4974,46,2890.0,5990.0,TOPS_BODYSUITS|ACCESSORIES_JEWELLERY|SKIRTS,4.1
4975,46,1290.0,3290.0,DRESSES_JUMPSUITS,4.5
4976,33,3990.0,4990.0,BASICS,4.3
4977,19,1590.0,2290.0,BEAUTY|CO-ORD SETS,3.7
4978,31,2890.0,5990.0,SHIRTS,4.3
4979,46,3990.0,4990.0,JACKETS|JEANS,4.0
4980,54,3290.0,4990.0,BAGS,3.9
4981,47,3290.0,8590.0,PERFUMESNEW|CO-ORD SETS|BEAUTY,4.1
4982,22,3290.0,4790.0,WORKWEARNEW|PERFUMESNEW,4.4
4983,50,1890.0,3390.0,WORKWEARNEW,4.1
4984,22,2290.0,3990.0,JEANS,3.9
4985,40,2590.0,5590.0,CO-ORD SETS|WAISTCOATS_GILETS,4.0
4986,22,2590.0,3290.0,SHOES,3.7
4987,38,2590.0,4090.0,BASICS|PERFUMESNEW|TOPS_BODYSUITS,3.8
4988,20,1590.0,2590.0,SPECIAL PRICES,4.4
4989,46,2290.0,11990.0,SHORTS_SKORTS|SKIRTS,4.4
4990,23,1990.0,3290.0,SHORTS_SKORTS,4.7
4991,44,1590.0,4990.0,SPECIAL PRICES,3.7
4992,49,990.0,4990.0,BEAUTY,3.5
4993,32,1990.0,3290.0,SHIRTS|WAISTCOATS_GILETS,3.9
4994,49,790.0,5990.0,KNITWEAR|SPECIAL PRICES|BLAZERS,4.7
4995,22,1590.0,3090.0,TROUSERS|BLAZERS,4.1
4996,38,2990.0,4990.0,WORKWEARNEW|KNITWEAR,4.5
4997,44,2590.0,4990.0,JACKETS,4.3
4998,53,2290.0,5590.0,SHIRTS|DRESSES_JUMPSUITS,3.6
4999,49,2590.0,3290.0,PERFUMESNEW|JACKETS,4.0
5000,18,2890.0,5590.0,SPECIAL PRICES,3.8
5001,32,1990.0,2590.0,KNITWEAR|SHIRTS,4.0
5002,18,1590.0,3990.0,T-SHIRTS_SWEATSHIRTS,4.6
5003,45,3290.0,5990.0,SHIRTS,4.0
5004,37,2990.0,5990.0,TROUSERS|JACKETS,4.4
5005,24,2590.0,3290.0,TOPS_BODYSUITS,3.6
5006,21,2290.0,4990.0,BLAZERS|SPECIAL PRICES,3.5
5007,27,1590.0,2990.0,SHORTS_SKORTS|PERFUMESNEW,3.6
5008,21,3290.0,4990.0,BAGS,4.4
5009,38,2590.0,4990.0,PERFUMESNEW,4.3
5010,31,2590.0,3990.0,BAGS,4.1
5011,55,3290.0,4990.0,WAISTCOATS_GILETS|JACKETS,3.8
5012,29,2990.0,5990.0,SPECIAL PRICES,4.0
5013,23,1890.0,2990.0,WAISTCOATS_GILETS|SHOES,3.6
5014,35,2990.0,3990.0,BLAZERS|JACKETS,4.4
5015,30,2990.0,4490.0,WAISTCOATS_GILETS,4.7
5016,32,3290.0,4990.0,TROUSERS,4.5
5017,40,1990.0,3290.0,TROUSERS|CO-ORD SETS,3.8
5018,53,2590.0,4990.0,SHORTS_SKORTS,3.7
5019,25,2290.0,3790.0,SHORTS_SKORTS,3.8
5020,54,3290.0,4790.0,BASICS|BEAUTY,3.8
5021,45,1990.0,4990.0,PERFUMESNEW|WORKWEARNEW,4.2
5022,29,790.0,2290.0,PERFUMESNEW,3.7
5023,30,2590.0,4990.0,BASICS|BLAZERS|SHIRTS,4.0
5024,18,990.0,1990.0,WAISTCOATS_GILETS|JEANS,4.0
5025,36,3290.0,4790.0,SPECIAL PRICES|BLAZERS|WORKWEARNEW,4.5
5026,22,2590.0,4090.0,BLAZERS|SKIRTS|SHORTS_SKORTS,3.5
5027,34,990.0,3290.0,LOUNGEWEARNEW,4.2
5028,37,3290.0,3990.0,BLAZERS|SHIRTS,4.7
5029,32,2290.0,4990.0,LOUNGEWEARNEW,4.2
5030,34,490.0,2990.0,SKIRTS|CO-ORD SETS,4.4
5031,51,990.0,1890.0,BASICS|SPECIAL PRICES|SHORTS_SKORTS,4.4
5032,50,2890.0,4990.0,DRESSES_JUMPSUITS|ACCESSORIES_JEWELLERY|SKIRTS,4.3
5033,40,4990.0,5590.0,SKIRTS,3.9
5034,23,2590.0,3290.0,PERFUMESNEW,4.0
5035,29,2990.0,4490.0,DRESSES_JUMPSUITS|WORKWEARNEW,3.6
5036,49,5590.0,7090.0,WORKWEARNEW,4.0
5037,18,2290.0,4990.0,PERFUMESNEW,3.5
5038,55,3290.0,4990.0,BAGS|SKIRTS,4.5
5039,49,1590.0,3290.0,TOPS_BODYSUITS|SHORTS_SKORTS,4.1
5040,37,4990.0,6490.0,BASICS,3.5
5041,35,3990.0,4990.0,JEANS,3.5
5042,27,1790.0,2990.0,BLAZERS|SPECIAL PRICES,4.0
5043,38,1590.0,2990.0,SHORTS_SKORTS|BASICS,4.5
5044,35,2990.0,5990.0,WORKWEARNEW,4.5
5045,42,3290.0,3990.0,BAGS,4.2
5046,22,1290.0,3990.0,KNITWEAR,4.0
5047,47,2990.0,3990.0,SKIRTS,4.6
5048,50,790.0,4990.0,BEAUTY,4.5
5049,40,2590.0,4990.0,SHIRTS|CO-ORD SETS,4.4
5050,28,3290.0,8590.0,BAGS,4.1
5051,18,1990.0,3290.0,KNITWEAR,3.6
5052,33,2290.0,3290.0,TOPS_BODYSUITS,4.4
5053,28,3290.0,7990.0,BAGS|BLAZERS|SHOES,4.3
5054,55,1590.0,3990.0,ACCESSORIES_JEWELLERY|TOPS_BODYSUITS,4.7
5055,33,790.0,3290.0,BEAUTY,3.8
5056,40,2590.0,3290.0,WORKWEARNEW|BEAUTY|SPECIAL PRICES,4.5
5057,45,1590.0,3290.0,SHORTS_SKORTS|LOUNGEWEARNEW,4.0
5058,46,4990.0,5990.0,SHIRTS|CO-ORD SETS,4.3
5059,38,1990.0,2990.0,TOPS_BODYSUITS,4.3
5060,26,3290.0,4990.0,PERFUMESNEW|SHOES,3.6
5061,43,1990.0,3290.0,WORKWEARNEW|BAGS,4.3
5062,25,3290.0,7590.0,DRESSES_JUMPSUITS,4.6
5063,32,3290.0,4790.0,SKIRTS,4.3
5064,30,1590.0,3290.0,SHIRTS,4.6
5065,39,1890.0,5990.0,KNITWEAR|PERFUMESNEW,3.7
5066,46,1990.0,2590.0,SHIRTS|WORKWEARNEW,4.3
5067,27,2290.0,4990.0,T-SHIRTS_SWEATSHIRTS,4.2
5068,47,2590.0,8590.0,BASICS,3.8
5069,44,2990.0,4990.0,SHIRTS,4.4
5070,53,1290.0,4990.0,PERFUMESNEW,3.8
5071,52,2590.0,3990.0,JEANS,3.8
5072,29,2290.0,4990.0,PERFUMESNEW|CO-ORD SETS,4.1
5073,27,2290.0,5990.0,JACKETS|ACCESSORIES_JEWELLERY|BLAZERS,3.6
5074,48,4990.0,5990.0,DRESSES_JUMPSUITS,4.1
5075,53,3290.0,4790.0,TOPS_BODYSUITS,3.9
5076,50,1990.0,3990.0,BASICS,4.5
5077,43,3290.0,4990.0,BEAUTY|TOPS_BODYSUITS,3.9
5078,44,990.0,3290.0,KNITWEAR,4.7
5079,35,2290.0,2890.0,KNITWEAR,4.3
5080,48,990.0,3290.0,JEANS|PERFUMESNEW|TROUSERS,4.2
5081,28,2290.0,2990.0,T-SHIRTS_SWEATSHIRTS,3.8
5082,33,1890.0,4990.0,BASICS|JEANS,4.6
5083,31,2590.0,3990.0,DRESSES_JUMPSUITS,3.6
5084,23,990.0,7590.0,SHIRTS,4.3
5085,44,3290.0,4990.0,CO-ORD SETS,3.5
5086,40,3290.0,4790.0,JEANS,4.3
5087,20,4990.0,5990.0,WORKWEARNEW|CO-ORD SETS,4.5
5088,18,2590.0,4990.0,PERFUMESNEW,3.9
5089,23,1590.0,5590.0,SHIRTS|T-SHIRTS_SWEATSHIRTS,3.9
5090,37,690.0,2990.0,ACCESSORIES_JEWELLERY|BAGS,3.9
5091,32,2890.0,5990.0,SHORTS_SKORTS,3.6
5092,31,1990.0,4990.0,BASICS|BAGS|BLAZERS,4.1
5093,27,4990.0,5990.0,BASICS,4.1
5094,30,5990.0,7490.0,DRESSES_JUMPSUITS|SHOES,3.6
5095,32,2990.0,4490.0,BEAUTY|BLAZERS|SHIRTS,3.6
5096,27,2590.0,3990.0,CO-ORD SETS,3.6
5097,47,2590.0,3290.0,LOUNGEWEARNEW|ACCESSORIES_JEWELLERY,4.2
5098,36,2290.0,5990.0,TROUSERS,4.1
5099,19,2590.0,3290.0,JACKETS|KNITWEAR|BASICS,4.0
5100,36,990.0,5990.0,WAISTCOATS_GILETS,3.9
5101,33,1590.0,5590.0,DRESSES_JUMPSUITS,4.1
5102,19,3290.0,4990.0,JEANS|SKIRTS,4.0
5103,45,3990.0,5990.0,SHIRTS|SHOES|SHORTS_SKORTS,3.6
5104,37,1890.0,3290.0,TROUSERS,4.4
5105,49,2990.0,5990.0,SHOES|SKIRTS|BLAZERS,4.5
5106,22,2990.0,3990.0,BEAUTY|WORKWEARNEW,3.7
5107,35,3290.0,5590.0,SHOES,4.2
5108,23,2890.0,4390.0,BASICS,4.1
5109,34,3990.0,5990.0,DRESSES_JUMPSUITS,4.2
5110,29,2590.0,4090.0,WORKWEARNEW|BASICS,3.6
5111,26,1290.0,2990.0,SHORTS_SKORTS,4.6
5112,32,2590.0,4090.0,BLAZERS|SHORTS_SKORTS|SPECIAL PRICES,4.5
5113,26,3990.0,5990.0,DRESSES_JUMPSUITS|WAISTCOATS_GILETS|CO-ORD SETS,4.7
5114,28,3290.0,3990.0,SHORTS_SKORTS,4.1
5115,37,2290.0,3990.0,SHOES,4.0
5116,47,3290.0,7590.0,BLAZERS,4.6
5117,38,2890.0,4390.0,KNITWEAR|JEANS,4.3
5118,44,2290.0,4990.0,JEANS|ACCESSORIES_JEWELLERY,3.9
5119,49,1890.0,3990.0,JACKETS|SHOES,3.5
5120,22,3990.0,5490.0,ACCESSORIES_JEWELLERY,3.7
5121,19,1990.0,2890.0,ACCESSORIES_JEWELLERY|SHORTS_SKORTS,3.6
5122,38,2290.0,3990.0,BEAUTY,3.9
5123,41,1890.0,3390.0,JEANS,3.8
5124,42,3290.0,4990.0,CO-ORD SETS,4.5
5125,39,2990.0,4990.0,WORKWEARNEW|SKIRTS,4.3
5126,31,1990.0,2990.0,LOUNGEWEARNEW,4.2
5127,51,2290.0,3990.0,ACCESSORIES_JEWELLERY|TOPS_BODYSUITS,3.7
5128,27,3290.0,6990.0,JEANS,4.2
5129,30,2890.0,4990.0,JEANS|WAISTCOATS_GILETS,4.5
5130,46,990.0,6990.0,BEAUTY,4.3
5131,53,1890.0,2990.0,KNITWEAR|TOPS_BODYSUITS,3.7
5132,29,1890.0,3290.0,SHOES,4.0
5133,24,2290.0,3290.0,DRESSES_JUMPSUITS|PERFUMESNEW,3.9
5134,49,3290.0,4990.0,SHOES,3.8
5135,54,2590.0,4090.0,WORKWEARNEW|JEANS,3.7
5136,26,3290.0,4990.0,BAGS|WORKWEARNEW,3.8
5137,27,2590.0,4090.0,T-SHIRTS_SWEATSHIRTS,4.1
5138,33,1990.0,3490.0,BEAUTY,3.9
5139,37,1990.0,3290.0,KNITWEAR|SHOES,3.9
5140,25,2990.0,8590.0,CO-ORD SETS|PERFUMESNEW,3.5
5141,31,3290.0,3990.0,BAGS|TOPS_BODYSUITS,3.9
5142,20,3290.0,4790.0,BLAZERS|JEANS,4.7
5143,27,2990.0,7590.0,BLAZERS,3.8
5144,27,2590.0,3990.0,KNITWEAR|SHOES|BAGS,3.6
5145,52,4990.0,6490.0,PERFUMESNEW,3.5
5146,44,2990.0,4490.0,CO-ORD SETS|PERFUMESNEW,4.4
5147,46,2290.0,3290.0,SPECIAL PRICES|BLAZERS,4.2
5148,46,3290.0,4990.0,WORKWEARNEW,3.6
5149,36,2890.0,4990.0,SHIRTS|SKIRTS,4.1
5150,20,2290.0,3790.0,TOPS_BODYSUITS|TROUSERS,3.9
5151,25,2590.0,3990.0,JACKETS|BLAZERS,3.7
5152,43,2990.0,4490.0,CO-ORD SETS,4.1
5153,51,2290.0,5990.0,WORKWEARNEW,4.0
5154,30,3990.0,4990.0,WAISTCOATS_GILETS|BASICS,4.2
5155,38,4990.0,6990.0,BLAZERS,3.8
5156,20,2590.0,4090.0,WORKWEARNEW,3.9
5157,22,2990.0,4490.0,SPECIAL PRICES,3.6
5158,32,2890.0,4390.0,SHORTS_SKORTS|BAGS,4.5
5159,26,2290.0,3290.0,BEAUTY,4.6
5160,23,3290.0,4990.0,ACCESSORIES_JEWELLERY|DRESSES_JUMPSUITS,3.8
5161,18,1990.0,5590.0,TROUSERS,4.6
5162,34,2590.0,3290.0,CO-ORD SETS,3.6
5163,46,2590.0,3290.0,T-SHIRTS_SWEATSHIRTS|CO-ORD SETS,4.7
5164,44,3290.0,4990.0,JEANS|CO-ORD SETS,3.9
5165,31,3290.0,4990.0,CO-ORD SETS|DRESSES_JUMPSUITS,3.6
5166,45,590.0,4990.0,SHOES|T-SHIRTS_SWEATSHIRTS|DRESSES_JUMPSUITS,3.8
5167,28,4990.0,13990.0,BLAZERS|T-SHIRTS_SWEATSHIRTS,3.6
5168,23,1290.0,4990.0,ACCESSORIES_JEWELLERY,4.6
5169,32,3290.0,4990.0,KNITWEAR|BLAZERS,4.0
5170,23,4990.0,5590.0,BASICS|JEANS,3.7
5171,55,2990.0,4490.0,WORKWEARNEW|JACKETS,4.2
5172,20,3290.0,13990.0,TROUSERS,3.6
5173,47,3290.0,4990.0,PERFUMESNEW|SHOES|TROUSERS,3.8
5174,33,990.0,3290.0,BEAUTY,4.3
5175,52,5990.0,7490.0,TROUSERS|TOPS_BODYSUITS|CO-ORD SETS,4.2
5176,54,1590.0,3090.0,BAGS|WORKWEARNEW,4.1
5177,39,3290.0,4990.0,LOUNGEWEARNEW|BLAZERS,4.6
5178,38,3290.0,3990.0,BEAUTY,3.5
5179,18,1890.0,2990.0,JACKETS,4.3
5180,48,3290.0,5990.0,SKIRTS,4.5
5181,34,2290.0,3290.0,SHIRTS|BAGS,3.6
5182,37,2990.0,4990.0,ACCESSORIES_JEWELLERY|KNITWEAR,4.3
5183,40,3290.0,3990.0,JACKETS,4.6
5184,20,2590.0,3290.0,ACCESSORIES_JEWELLERY|CO-ORD SETS,3.8
5185,42,2290.0,3290.0,SKIRTS,4.1
5186,38,2290.0,2990.0,SHIRTS|SHORTS_SKORTS,4.4
5187,38,1990.0,2990.0,KNITWEAR|BASICS,3.9
5188,50,5990.0,7590.0,BLAZERS|WORKWEARNEW|JEANS,4.3
5189,33,3290.0,4990.0,LOUNGEWEARNEW|WORKWEARNEW,4.2
5190,54,1990.0,3290.0,JEANS,3.8
5191,37,3290.0,4990.0,SHOES,4.4
5192,25,3290.0,4990.0,JEANS|SHORTS_SKORTS|T-SHIRTS_SWEATSHIRTS,3.9
5193,33,3990.0,5590.0,BLAZERS|DRESSES_JUMPSUITS,3.9
5194,38,2590.0,4090.0,TROUSERS|ACCESSORIES_JEWELLERY,3.6
5195,40,4990.0,8590.0,WAISTCOATS_GILETS,4.2
5196,46,2290.0,2990.0,TOPS_BODYSUITS|LOUNGEWEARNEW,4.3
5197,19,2290.0,3790.0,SKIRTS,3.6
5198,52,2990.0,3990.0,JEANS,4.6
5199,33,2990.0,4490.0,SHORTS_SKORTS|SPECIAL PRICES,4.1
5200,20,3290.0,8590.0,JEANS|WAISTCOATS_GILETS,4.4
5201,38,3290.0,3990.0,JACKETS,4.3
5202,45,2990.0,3990.0,WORKWEARNEW,3.7
5203,21,690.0,4990.0,WORKWEARNEW|LOUNGEWEARNEW,4.6
5204,22,2290.0,3290.0,SHOES|JEANS|BEAUTY,4.2
5205,52,1590.0,2990.0,TOPS_BODYSUITS|LOUNGEWEARNEW|PERFUMESNEW,4.7
5206,41,3290.0,5590.0,SHORTS_SKORTS,4.6
5207,48,3290.0,5590.0,TROUSERS,4.0
5208,23,2890.0,5990.0,SHIRTS|SPECIAL PRICES,4.6
5209,42,1590.0,3090.0,TROUSERS|WORKWEARNEW,4.5
5210,22,3290.0,4990.0,ACCESSORIES_JEWELLERY|CO-ORD SETS,3.7
5211,21,1590.0,2990.0,WORKWEARNEW|JACKETS,3.8
5212,50,950.0,3290.0,SHOES,3.7
5213,22,2590.0,3290.0,BASICS,4.0
5214,36,3290.0,4790.0,SHIRTS|BAGS,4.3
5215,43,990.0,3290.0,SHIRTS,3.5
5216,22,3290.0,4790.0,BLAZERS,3.5
5217,18,2990.0,3990.0,CO-ORD SETS|DRESSES_JUMPSUITS|KNITWEAR,4.4
5218,23,2290.0,3290.0,SKIRTS|WORKWEARNEW,4.4
5219,29,2290.0,3990.0,BLAZERS,3.6
5220,32,3290.0,4990.0,TROUSERS|CO-ORD SETS,4.4
5221,54,2890.0,3990.0,SHOES|T-SHIRTS_SWEATSHIRTS,3.8
5222,53,1990.0,4990.0,SPECIAL PRICES|T-SHIRTS_SWEATSHIRTS,4.0
5223,25,2990.0,4990.0,DRESSES_JUMPSUITS|WORKWEARNEW,4.0
5224,33,2990.0,4490.0,CO-ORD SETS|SHOES|T-SHIRTS_SWEATSHIRTS,3.7
5225,36,1990.0,2590.0,JACKETS,3.6
5226,26,2990.0,4990.0,BAGS|CO-ORD SETS,3.7
5227,49,2990.0,4490.0,BLAZERS|SKIRTS,4.6
5228,49,1590.0,2290.0,WORKWEARNEW|SKIRTS,3.9
5229,50,2590.0,3290.0,WORKWEARNEW,4.5
5230,43,3990.0,4990.0,SHIRTS|TOPS_BODYSUITS,3.6
5231,38,3290.0,4990.0,ACCESSORIES_JEWELLERY|WAISTCOATS_GILETS,3.6
5232,50,4990.0,5990.0,KNITWEAR|BAGS|T-SHIRTS_SWEATSHIRTS,4.1
5233,39,2290.0,2990.0,SHORTS_SKORTS|LOUNGEWEARNEW,4.4
5234,31,2990.0,4990.0,PERFUMESNEW|DRESSES_JUMPSUITS,3.8
5235,30,2290.0,2990.0,BASICS,4.5
5236,41,2990.0,3990.0,PERFUMESNEW|WORKWEARNEW,3.6
5237,46,990.0,4990.0,JEANS|T-SHIRTS_SWEATSHIRTS,3.8
5238,27,3290.0,4990.0,ACCESSORIES_JEWELLERY,4.3
5239,32,3290.0,5990.0,TOPS_BODYSUITS|PERFUMESNEW,4.6
5240,36,790.0,2590.0,BEAUTY|LOUNGEWEARNEW,4.4
5241,49,4990.0,6990.0,TROUSERS|LOUNGEWEARNEW,3.9
5242,22,2290.0,4990.0,SHOES|BEAUTY|BLAZERS,3.9
5243,36,3290.0,4790.0,WAISTCOATS_GILETS|JEANS,3.8
5244,39,2990.0,4490.0,JEANS|ACCESSORIES_JEWELLERY,4.0
5245,26,2290.0,2990.0,WAISTCOATS_GILETS|TOPS_BODYSUITS,4.1
5246,28,2590.0,5990.0,DRESSES_JUMPSUITS|BASICS,4.1
5247,39,2990.0,4490.0,PERFUMESNEW,4.3
5248,47,4990.0,5990.0,KNITWEAR,4.6
5249,53,2890.0,4990.0,SKIRTS,3.7
5250,55,2290.0,7990.0,BAGS|WAISTCOATS_GILETS|T-SHIRTS_SWEATSHIRTS,3.8
5251,49,1290.0,3290.0,WORKWEARNEW|CO-ORD SETS,4.3
5252,43,690.0,3290.0,TOPS_BODYSUITS,3.7
5253,54,1590.0,3290.0,WORKWEARNEW|SHOES,4.0
5254,32,2290.0,5590.0,PERFUMESNEW,3.9
5255,42,2590.0,3290.0,BEAUTY,3.7
5256,55,2990.0,4990.0,SKIRTS|LOUNGEWEARNEW,3.8
5257,30,1590.0,2290.0,PERFUMESNEW,4.1
5258,52,2590.0,3290.0,PERFUMESNEW,4.5
5259,36,2590.0,4090.0,SPECIAL PRICES|SHORTS_SKORTS,4.0
5260,39,1990.0,3490.0,TROUSERS,4.1
5261,47,3290.0,3990.0,SHIRTS,3.8
5262,24,2990.0,5990.0,PERFUMESNEW,4.4
5263,55,4990.0,5990.0,SHORTS_SKORTS,4.1
5264,32,3290.0,3990.0,SHORTS_SKORTS|TROUSERS,4.0
5265,41,3290.0,4790.0,BAGS,3.6
5266,35,1990.0,2990.0,SHIRTS,4.2
5267,50,1890.0,3290.0,BAGS,4.1
5268,32,2990.0,3990.0,JEANS|TROUSERS,4.0
5269,27,1990.0,4990.0,JACKETS|SPECIAL PRICES|KNITWEAR,4.3
5270,25,3290.0,4990.0,T-SHIRTS_SWEATSHIRTS,4.4
5271,48,3290.0,4790.0,BASICS|WORKWEARNEW,3.6
5272,51,3290.0,5990.0,TOPS_BODYSUITS|LOUNGEWEARNEW,4.5
5273,30,2990.0,3990.0,WORKWEARNEW,4.3
5274,19,2990.0,4990.0,ACCESSORIES_JEWELLERY|SHOES,4.0
5275,46,1990.0,2990.0,PERFUMESNEW|JEANS,4.5
5276,24,2290.0,3290.0,SKIRTS|WAISTCOATS_GILETS,3.6
5277,40,2290.0,3990.0,JACKETS|BEAUTY,4.5
5278,34,5990.0,7490.0,WAISTCOATS_GILETS,4.1
5279,45,2590.0,4990.0,LOUNGEWEARNEW|CO-ORD SETS,4.4
5280,20,2590.0,3290.0,WAISTCOATS_GILETS,4.3
5281,54,1990.0,4990.0,TROUSERS,3.5
5282,27,4990.0,5990.0,CO-ORD SETS|JEANS,4.5
5283,37,2990.0,7590.0,ACCESSORIES_JEWELLERY|SPECIAL PRICES|TROUSERS,3.6
5284,50,2590.0,4990.0,WAISTCOATS_GILETS|SHORTS_SKORTS,4.3
5285,38,2990.0,4490.0,TOPS_BODYSUITS|SPECIAL PRICES,3.8
5286,36,1590.0,3990.0,BEAUTY|PERFUMESNEW,4.0
5287,50,2590.0,7590.0,T-SHIRTS_SWEATSHIRTS,4.2
5288,49,2990.0,3990.0,KNITWEAR,3.6
5289,45,3290.0,5990.0,DRESSES_JUMPSUITS|SHIRTS,3.5
5290,22,2590.0,4090.0,SKIRTS|DRESSES_JUMPSUITS,4.5
5291,19,2990.0,5990.0,BLAZERS|ACCESSORIES_JEWELLERY,4.2
5292,20,2890.0,5590.0,ACCESSORIES_JEWELLERY|WAISTCOATS_GILETS,4.4
5293,51,4990.0,5990.0,JACKETS|BAGS,3.7
5294,20,490.0,3290.0,JEANS,4.6
5295,31,2990.0,4490.0,PERFUMESNEW,3.7
5296,38,3290.0,5990.0,CO-ORD SETS,3.6
5297,49,1590.0,3290.0,WORKWEARNEW|BEAUTY|BASICS,3.7
5298,41,3290.0,4990.0,BLAZERS,3.8
5299,30,2990.0,4490.0,TOPS_BODYSUITS|CO-ORD SETS,4.2
5300,31,2290.0,3290.0,JACKETS|ACCESSORIES_JEWELLERY,4.4
5301,49,3290.0,3990.0,T-SHIRTS_SWEATSHIRTS|TOPS_BODYSUITS,4.7
5302,25,2590.0,9590.0,CO-ORD SETS|JACKETS,3.6
5303,44,4990.0,5990.0,JACKETS,3.9
5304,40,1890.0,3390.0,SKIRTS,3.8
5305,52,1290.0,2290.0,DRESSES_JUMPSUITS,3.8
5306,36,1590.0,5990.0,SHIRTS|CO-ORD SETS|BAGS,3.9
5307,45,4590.0,7590.0,WAISTCOATS_GILETS,3.8
5308,34,2990.0,3990.0,JACKETS|BASICS,3.7
5309,53,1590.0,4990.0,JEANS,3.9
5310,26,3990.0,5490.0,WAISTCOATS_GILETS,3.6
5311,39,2990.0,4490.0,ACCESSORIES_JEWELLERY|SKIRTS,3.8
5312,39,2990.0,4490.0,CO-ORD SETS|SHORTS_SKORTS,4.4
5313,53,2890.0,4390.0,T-SHIRTS_SWEATSHIRTS|BAGS,3.7
5314,31,990.0,5990.0,SHOES|LOUNGEWEARNEW,4.6
5315,40,3990.0,4990.0,SKIRTS|BEAUTY,3.8
5316,44,1290.0,2990.0,CO-ORD SETS|SHOES,4.0
5317,26,3290.0,7590.0,JACKETS|T-SHIRTS_SWEATSHIRTS,3.8
5318,46,2990.0,4490.0,KNITWEAR,4.0
5319,52,3990.0,4990.0,TOPS_BODYSUITS|SPECIAL PRICES|SHORTS_SKORTS,3.8
5320,47,2990.0,4490.0,BASICS,4.5
5321,26,2890.0,4390.0,BEAUTY|T-SHIRTS_SWEATSHIRTS|DRESSES_JUMPSUITS,3.6
5322,44,3290.0,5990.0,ACCESSORIES_JEWELLERY,4.6
5323,19,1990.0,2990.0,LOUNGEWEARNEW,4.6
5324,21,2290.0,3290.0,BEAUTY|SPECIAL PRICES,3.6
5325,28,2590.0,4090.0,BAGS|BEAUTY,4.1
5326,38,1990.0,3990.0,PERFUMESNEW,3.9
5327,29,590.0,4990.0,BLAZERS,4.2
5328,21,1990.0,3990.0,SPECIAL PRICES|BAGS,3.5
5329,21,1890.0,3290.0,TOPS_BODYSUITS,4.5
5330,18,2990.0,9590.0,ACCESSORIES_JEWELLERY|BEAUTY,3.6
5331,52,2590.0,4990.0,JEANS|KNITWEAR|ACCESSORIES_JEWELLERY,4.2
5332,36,3290.0,5990.0,T-SHIRTS_SWEATSHIRTS|SPECIAL PRICES,4.5
5333,31,1990.0,3990.0,CO-ORD SETS|SPECIAL PRICES,3.6
5334,53,1990.0,5990.0,T-SHIRTS_SWEATSHIRTS,3.6
5335,33,2990.0,4490.0,SHOES,4.4
5336,31,3990.0,5990.0,SHOES|SHORTS_SKORTS,4.2
5337,32,2590.0,3290.0,T-SHIRTS_SWEATSHIRTS,4.3
5338,19,3290.0,4990.0,SHORTS_SKORTS|SKIRTS,4.6
5339,29,790.0,3990.0,CO-ORD SETS|PERFUMESNEW,4.6
5340,52,4990.0,6490.0,T-SHIRTS_SWEATSHIRTS,4.2
5341,48,2990.0,3990.0,CO-ORD SETS,3.9
5342,55,2890.0,4390.0,SPECIAL PRICES|SHOES,4.1
5343,19,4990.0,6490.0,T-SHIRTS_SWEATSHIRTS|LOUNGEWEARNEW,4.7
5344,24,2590.0,3290.0,WAISTCOATS_GILETS|JEANS,3.5
5345,24,1990.0,4990.0,CO-ORD SETS,4.3
5346,38,2990.0,3990.0,WAISTCOATS_GILETS|LOUNGEWEARNEW|KNITWEAR,4.1
5347,43,990.0,3290.0,T-SHIRTS_SWEATSHIRTS,4.3
5348,51,4990.0,5990.0,DRESSES_JUMPSUITS,3.7
5349,44,3990.0,4990.0,BAGS,3.6
5350,53,3290.0,6990.0,BAGS,4.1
5351,39,2990.0,4490.0,SHOES|JACKETS,4.5
5352,48,990.0,5990.0,DRESSES_JUMPSUITS|TOPS_BODYSUITS,3.5
5353,44,2290.0,2890.0,LOUNGEWEARNEW|CO-ORD SETS,4.1
5354,28,890.0,2990.0,BLAZERS|TOPS_BODYSUITS|JEANS,4.3
5355,55,1890.0,2990.0,LOUNGEWEARNEW,3.6
5356,42,2990.0,4990.0,BEAUTY,3.9
5357,53,2290.0,4990.0,LOUNGEWEARNEW|PERFUMESNEW|SPECIAL PRICES,3.8
5358,50,2990.0,4490.0,JEANS|ACCESSORIES_JEWELLERY,4.7
5359,45,2290.0,4990.0,BLAZERS,4.1
5360,53,2890.0,4390.0,SHORTS_SKORTS,3.7
5361,23,3290.0,3990.0,SHOES,4.1
5362,31,2590.0,3990.0,SPECIAL PRICES,3.6
5363,40,1590.0,5990.0,SHORTS_SKORTS|LOUNGEWEARNEW|JEANS,4.4
5364,54,2590.0,4990.0,T-SHIRTS_SWEATSHIRTS|SHOES,3.8
5365,18,3290.0,4990.0,T-SHIRTS_SWEATSHIRTS,4.0
5366,46,2890.0,4990.0,SKIRTS,4.2
5367,49,4990.0,8590.0,T-SHIRTS_SWEATSHIRTS,4.1
5368,31,3290.0,3990.0,ACCESSORIES_JEWELLERY|BASICS,4.3
5369,35,3990.0,4990.0,LOUNGEWEARNEW|WORKWEARNEW,4.4
5370,43,2990.0,5990.0,TROUSERS,3.8
5371,39,2590.0,3290.0,TROUSERS,3.8
5372,48,2590.0,5990.0,CO-ORD SETS,4.6
5373,36,2590.0,3990.0,T-SHIRTS_SWEATSHIRTS|SHOES|PERFUMESNEW,4.1
5374,29,2590.0,3290.0,BLAZERS|TOPS_BODYSUITS,4.2
5375,48,2290.0,2890.0,BASICS|LOUNGEWEARNEW|BLAZERS,4.5
5376,48,1990.0,3290.0,JACKETS,4.2
5377,35,2990.0,4990.0,KNITWEAR|T-SHIRTS_SWEATSHIRTS,4.7
5378,22,3990.0,4990.0,WAISTCOATS_GILETS,4.1
5379,23,2590.0,4990.0,WAISTCOATS_GILETS,3.8
5380,48,1990.0,4990.0,CO-ORD SETS,4.6
5381,52,2290.0,2890.0,DRESSES_JUMPSUITS|TROUSERS,4.1
5382,28,3290.0,3990.0,ACCESSORIES_JEWELLERY|SHOES,3.6
5383,55,4990.0,7590.0,SHORTS_SKORTS,3.5
5384,30,2990.0,3990.0,SKIRTS|PERFUMESNEW,4.0
5385,29,1990.0,3490.0,CO-ORD SETS|JEANS,4.5
5386,53,2990.0,4490.0,BLAZERS|BEAUTY,3.7
5387,24,2290.0,3290.0,KNITWEAR,4.5
5388,48,2590.0,5590.0,TOPS_BODYSUITS|PERFUMESNEW,3.7
5389,50,3290.0,5990.0,LOUNGEWEARNEW,4.4
5390,32,1990.0,6990.0,BASICS|SPECIAL PRICES,4.5
5391,33,3290.0,4790.0,LOUNGEWEARNEW|ACCESSORIES_JEWELLERY|JEANS,3.9
5392,40,790.0,5990.0,BASICS,4.2
5393,38,2290.0,6990.0,ACCESSORIES_JEWELLERY,4.0
5394,50,3290.0,3990.0,BASICS,4.7
5395,50,2990.0,4490.0,SHOES,3.5
5396,27,2590.0,4090.0,BLAZERS|PERFUMESNEW|LOUNGEWEARNEW,4.4
5397,54,3290.0,4790.0,CO-ORD SETS|BASICS,4.5
5398,23,1890.0,3990.0,JEANS|BLAZERS,4.5
5399,54,1890.0,3290.0,WAISTCOATS_GILETS|SHOES,4.7
5400,29,2590.0,3990.0,LOUNGEWEARNEW|TROUSERS,3.7
5401,44,1890.0,3390.0,LOUNGEWEARNEW,3.9
5402,43,2990.0,4590.0,BLAZERS,4.6
5403,54,2990.0,4490.0,TROUSERS,4.3
5404,29,2990.0,4990.0,SHIRTS|SHOES,4.4
5405,46,1590.0,7590.0,WAISTCOATS_GILETS,4.5
5406,53,3290.0,3990.0,TROUSERS|SHOES|JACKETS,3.8
5407,40,3290.0,4990.0,BASICS,4.3
5408,40,2890.0,5590.0,ACCESSORIES_JEWELLERY|WORKWEARNEW,4.6
5409,47,1290.0,6990.0,SPECIAL PRICES,4.1
5410,22,3290.0,4990.0,BEAUTY,4.1
5411,19,3290.0,4990.0,SHIRTS|JACKETS,3.7
5412,46,2290.0,3290.0,T-SHIRTS_SWEATSHIRTS|WORKWEARNEW,4.7
5413,42,1990.0,7590.0,BEAUTY|SHOES|KNITWEAR,4.0
5414,53,1890.0,5590.0,TROUSERS,3.6
5415,20,3290.0,5590.0,SHOES|TROUSERS,4.5
5416,23,2290.0,3290.0,DRESSES_JUMPSUITS|SKIRTS,4.3
5417,50,3990.0,5990.0,LOUNGEWEARNEW|KNITWEAR|BAGS,4.4
5418,52,2590.0,3290.0,TOPS_BODYSUITS,3.9
5419,25,1590.0,3990.0,SHORTS_SKORTS|BLAZERS,4.1
5420,54,2290.0,4990.0,SHOES,4.1
5421,47,2990.0,4490.0,SHIRTS|BLAZERS,3.9
5422,35,2590.0,9590.0,SKIRTS|WORKWEARNEW,4.3
5423,35,2990.0,4490.0,CO-ORD SETS,3.7
5424,42,1890.0,4990.0,SPECIAL PRICES,4.6
5425,48,2290.0,4990.0,JEANS|TROUSERS,3.5
5426,21,1590.0,3290.0,BEAUTY,4.1
5427,35,5590.0,7090.0,BEAUTY,3.8
5428,43,2590.0,3990.0,LOUNGEWEARNEW|PERFUMESNEW|BEAUTY,4.1
5429,50,3990.0,5490.0,WORKWEARNEW|TOPS_BODYSUITS,4.4
5430,34,2990.0,4490.0,TROUSERS|BASICS,4.1
5431,32,2590.0,4090.0,KNITWEAR,4.2
5432,32,2290.0,2990.0,BASICS,4.4
5433,53,4990.0,7590.0,JEANS|JACKETS,4.4
5434,46,4990.0,5590.0,KNITWEAR|PERFUMESNEW|JACKETS,4.5
5435,33,2290.0,4990.0,WAISTCOATS_GILETS|PERFUMESNEW,4.3
5436,37,4990.0,6490.0,TROUSERS,3.9
5437,42,2990.0,3990.0,KNITWEAR,3.9
5438,31,2890.0,5990.0,TOPS_BODYSUITS,3.8
5439,46,1890.0,3290.0,DRESSES_JUMPSUITS,4.7
5440,20,3290.0,3990.0,BASICS,4.2
5441,40,3990.0,4990.0,BASICS,3.9
5442,32,2990.0,4490.0,PERFUMESNEW|SHORTS_SKORTS,3.8
5443,35,1890.0,7590.0,SHIRTS|BAGS,3.8
5444,49,2990.0,3990.0,SPECIAL PRICES,3.7
5445,45,1990.0,3990.0,BASICS|WORKWEARNEW,3.7
5446,43,1990.0,3290.0,ACCESSORIES_JEWELLERY|CO-ORD SETS|BEAUTY,3.8
5447,23,2290.0,5990.0,BLAZERS|TROUSERS,3.8
5448,22,4990.0,5990.0,BASICS|BEAUTY|SHIRTS,4.1
5449,23,1890.0,3390.0,CO-ORD SETS,3.5
5450,46,4990.0,6490.0,BLAZERS,3.5
5451,46,1990.0,2990.0,DRESSES_JUMPSUITS,4.3
5452,21,1590.0,2290.0,WORKWEARNEW|CO-ORD SETS|TROUSERS,4.7
5453,50,2590.0,3290.0,SHOES|T-SHIRTS_SWEATSHIRTS,4.0
5454,52,2890.0,4390.0,KNITWEAR|T-SHIRTS_SWEATSHIRTS|ACCESSORIES_JEWELLERY,4.4
5455,35,3290.0,4790.0,WORKWEARNEW,4.3
5456,29,2990.0,4490.0,BASICS,4.6
5457,46,1790.0,2890.0,CO-ORD SETS|BLAZERS|SHIRTS,4.1
5458,52,2590.0,4090.0,JACKETS|ACCESSORIES_JEWELLERY,4.2
5459,27,2590.0,4990.0,T-SHIRTS_SWEATSHIRTS,3.6
5460,28,4990.0,5990.0,CO-ORD SETS,4.0
5461,50,3990.0,5990.0,BLAZERS|JACKETS,3.8
5462,20,2990.0,3990.0,TOPS_BODYSUITS|CO-ORD SETS,4.3
5463,23,2990.0,3990.0,CO-ORD SETS,4.2
5464,41,3290.0,7590.0,ACCESSORIES_JEWELLERY,3.6
5465,45,4990.0,5590.0,JEANS,4.3
5466,32,2890.0,4390.0,SHOES,3.8
5467,33,2290.0,4990.0,CO-ORD SETS,4.1
5468,28,4990.0,6490.0,KNITWEAR,3.8
5469,50,5990.0,7590.0,CO-ORD SETS|BEAUTY,4.0
5470,42,1590.0,3990.0,SHIRTS,4.6
5471,22,1890.0,5990.0,SHORTS_SKORTS|BAGS|SHOES,4.2
5472,23,4990.0,7590.0,ACCESSORIES_JEWELLERY|PERFUMESNEW|SPECIAL PRICES,4.5
5473,23,2990.0,4490.0,SPECIAL PRICES|KNITWEAR,3.6
5474,49,2890.0,4390.0,PERFUMESNEW|TROUSERS,4.5
5475,47,690.0,3990.0,WAISTCOATS_GILETS,3.9
5476,55,3990.0,5490.0,ACCESSORIES_JEWELLERY,4.7
5477,50,2890.0,3990.0,SPECIAL PRICES|T-SHIRTS_SWEATSHIRTS,4.3
5478,44,1090.0,2590.0,WAISTCOATS_GILETS|SKIRTS|CO-ORD SETS,3.8
5479,26,2990.0,4990.0,JEANS,3.8
5480,48,2990.0,4490.0,ACCESSORIES_JEWELLERY|CO-ORD SETS,3.5
5481,32,1790.0,3290.0,SHORTS_SKORTS|BEAUTY,4.5
5482,36,2290.0,4990.0,TROUSERS|CO-ORD SETS,3.5
5483,22,1790.0,2990.0,SHIRTS|PERFUMESNEW,4.1
5484,31,3290.0,4790.0,SHOES|SHIRTS,4.1
5485,48,2290.0,4990.0,SHOES,3.9
5486,47,2990.0,3990.0,WORKWEARNEW,3.5
5487,47,2990.0,4490.0,SPECIAL PRICES,3.7
5488,55,2590.0,3290.0,BEAUTY|SHORTS_SKORTS,4.1
5489,37,3290.0,4790.0,SKIRTS|BASICS,3.6
5490,36,3290.0,4990.0,BAGS|BASICS|PERFUMESNEW,4.6
5491,29,2890.0,4390.0,KNITWEAR|SHIRTS,3.5
5492,32,2990.0,4990.0,KNITWEAR|SHOES,4.6
5493,35,2590.0,6990.0,JEANS|KNITWEAR,3.9
5494,28,4990.0,6490.0,BASICS,3.8
5495,43,5590.0,6990.0,DRESSES_JUMPSUITS|SKIRTS|SPECIAL PRICES,3.6
5496,55,2990.0,5990.0,JACKETS|CO-ORD SETS,3.5
5497,50,2890.0,8590.0,LOUNGEWEARNEW,4.7
5498,45,3290.0,4790.0,TROUSERS,4.3
5499,40,5990.0,8590.0,DRESSES_JUMPSUITS,3.5
5500,43,2290.0,3790.0,DRESSES_JUMPSUITS|KNITWEAR,4.3
5501,37,1290.0,3290.0,BAGS|BEAUTY,4.4
5502,26,2890.0,5990.0,JEANS|SPECIAL PRICES,3.6
5503,38,1290.0,5990.0,BAGS,4.1
5504,21,3290.0,5990.0,SHORTS_SKORTS|ACCESSORIES_JEWELLERY,3.6
5505,49,2590.0,4990.0,DRESSES_JUMPSUITS|SHIRTS,4.6
5506,19,790.0,3290.0,BLAZERS,3.8
5507,49,3290.0,4990.0,JACKETS|KNITWEAR,3.6
5508,19,2890.0,4390.0,ACCESSORIES_JEWELLERY|T-SHIRTS_SWEATSHIRTS|TROUSERS,4.0
5509,26,4990.0,5990.0,PERFUMESNEW,4.5
5510,28,890.0,5990.0,ACCESSORIES_JEWELLERY,4.3
5511,38,2890.0,4990.0,BLAZERS|WAISTCOATS_GILETS,4.3
5512,52,3290.0,5990.0,DRESSES_JUMPSUITS|LOUNGEWEARNEW,4.4
5513,55,2990.0,3990.0,SPECIAL PRICES,4.4
5514,46,2290.0,5990.0,SHORTS_SKORTS|TROUSERS,4.3
5515,20,3290.0,10990.0,T-SHIRTS_SWEATSHIRTS|TOPS_BODYSUITS,4.6
5516,29,5990.0,7590.0,JACKETS|LOUNGEWEARNEW,3.9
5517,38,1990.0,3990.0,SHORTS_SKORTS|BAGS|BASICS,3.8
5518,38,1890.0,3390.0,PERFUMESNEW|TOPS_BODYSUITS,3.5
5519,48,990.0,3990.0,SHOES,4.0
5520,47,4990.0,5990.0,ACCESSORIES_JEWELLERY,3.6
5521,40,3290.0,4790.0,SKIRTS|JACKETS,4.6
5522,20,1890.0,11990.0,SHORTS_SKORTS,4.4
5523,28,3290.0,4990.0,JACKETS|SHORTS_SKORTS|ACCESSORIES_JEWELLERY,3.8
5524,38,2990.0,4990.0,SKIRTS|SHORTS_SKORTS,4.0
5525,46,2990.0,4490.0,SKIRTS,4.5
5526,29,1890.0,3290.0,PERFUMESNEW,3.9
5527,22,1890.0,3290.0,WORKWEARNEW|WAISTCOATS_GILETS,3.8
5528,18,1890.0,3290.0,SKIRTS|T-SHIRTS_SWEATSHIRTS,4.1
5529,42,3290.0,4990.0,SHOES,3.7
5530,32,3290.0,5990.0,SHOES|JACKETS,4.6
5531,40,2290.0,3790.0,TROUSERS|WORKWEARNEW,4.6
5532,52,4990.0,8590.0,CO-ORD SETS,4.0
5533,21,2590.0,3290.0,BLAZERS,4.2
5534,19,4990.0,5990.0,SPECIAL PRICES|T-SHIRTS_SWEATSHIRTS,4.5
5535,37,3290.0,4990.0,CO-ORD SETS|BAGS,3.6
5536,53,2990.0,4990.0,WAISTCOATS_GILETS|PERFUMESNEW,4.5
5537,52,3290.0,7990.0,WORKWEARNEW|KNITWEAR,3.6
5538,46,2990.0,4490.0,SPECIAL PRICES|SHIRTS,4.1
5539,25,4990.0,11990.0,JEANS|SHIRTS,3.7
5540,42,2990.0,4490.0,BLAZERS|CO-ORD SETS|SPECIAL PRICES,3.8
5541,27,1890.0,4990.0,DRESSES_JUMPSUITS,4.5
5542,33,2290.0,3290.0,BASICS,4.4
5543,22,2990.0,4490.0,JEANS|BAGS|BASICS,3.6
5544,34,790.0,2290.0,BASICS|LOUNGEWEARNEW,4.0
5545,49,6990.0,11990.0,PERFUMESNEW|BASICS|CO-ORD SETS,3.9
5546,22,2990.0,4490.0,SHOES|SHORTS_SKORTS,4.3
5547,39,1590.0,2290.0,JACKETS,3.7
5548,51,3290.0,4790.0,BLAZERS,4.4
5549,55,990.0,4990.0,SHOES,4.3
5550,29,2590.0,4990.0,BAGS|SKIRTS,4.5
5551,51,3290.0,4990.0,JEANS|BLAZERS|BEAUTY,4.1
5552,28,2990.0,4490.0,JACKETS,3.8
5553,22,3990.0,5490.0,DRESSES_JUMPSUITS,4.2
5554,48,2290.0,3790.0,T-SHIRTS_SWEATSHIRTS|LOUNGEWEARNEW|BASICS,4.2
5555,37,1590.0,2590.0,PERFUMESNEW|SHOES|BLAZERS,4.6
5556,47,3290.0,4990.0,BAGS,4.3
5557,37,4990.0,6490.0,DRESSES_JUMPSUITS,3.5
5558,25,3290.0,3990.0,BEAUTY|BAGS,3.8
5559,25,2590.0,3290.0,BASICS|TOPS_BODYSUITS|SHORTS_SKORTS,4.6
5560,48,2290.0,2990.0,KNITWEAR,4.4
5561,54,2290.0,2990.0,BASICS,4.1
5562,35,3290.0,4990.0,JEANS|WAISTCOATS_GILETS,3.7
5563,34,3990.0,7590.0,CO-ORD SETS|BEAUTY,3.6
5564,27,2990.0,4990.0,CO-ORD SETS|PERFUMESNEW,3.5
5565,41,2290.0,4990.0,BASICS|DRESSES_JUMPSUITS,3.9
5566,30,3290.0,4990.0,WORKWEARNEW,3.9
5567,53,2990.0,4990.0,BEAUTY|PERFUMESNEW|SKIRTS,4.1
5568,40,1890.0,3290.0,SKIRTS|BAGS,4.1
5569,45,2990.0,4490.0,T-SHIRTS_SWEATSHIRTS,3.6
5570,26,2590.0,4090.0,ACCESSORIES_JEWELLERY|DRESSES_JUMPSUITS,4.6
5571,37,2590.0,4990.0,SHORTS_SKORTS|LOUNGEWEARNEW,3.9
5572,31,2890.0,4390.0,CO-ORD SETS,4.5
5573,50,2990.0,6990.0,DRESSES_JUMPSUITS,4.3
5574,49,2990.0,4490.0,TOPS_BODYSUITS,3.9
5575,34,3290.0,4790.0,ACCESSORIES_JEWELLERY,3.6
5576,35,2290.0,3290.0,BAGS,3.8
5577,29,1890.0,5990.0,DRESSES_JUMPSUITS|SKIRTS|JACKETS,4.1
5578,51,2990.0,4490.0,CO-ORD SETS,3.9
5579,28,2990.0,4990.0,BLAZERS|SHOES,4.2
5580,51,1590.0,4990.0,PERFUMESNEW,3.9
5581,51,3290.0,4990.0,SHORTS_SKORTS,4.0
5582,25,2290.0,3790.0,JEANS,3.8
5583,22,2890.0,4390.0,WORKWEARNEW|SKIRTS,3.9
5584,35,4990.0,5990.0,DRESSES_JUMPSUITS|PERFUMESNEW,4.6
5585,33,1290.0,2990.0,BLAZERS,4.4
5586,29,2590.0,3290.0,BAGS,3.5
5587,54,3290.0,4990.0,TROUSERS,4.5
5588,30,1590.0,3290.0,KNITWEAR|JACKETS,3.7
5589,18,2290.0,5990.0,BEAUTY|T-SHIRTS_SWEATSHIRTS,3.7
5590,22,3990.0,8590.0,PERFUMESNEW|ACCESSORIES_JEWELLERY,3.6
5591,26,3290.0,4790.0,WORKWEARNEW|SHOES,3.9
5592,38,1990.0,2590.0,PERFUMESNEW|SPECIAL PRICES,4.6
5593,32,1890.0,4990.0,WORKWEARNEW,4.1
5594,43,3990.0,5490.0,SHORTS_SKORTS,4.6
5595,31,2990.0,4990.0,LOUNGEWEARNEW|SKIRTS|BASICS,4.3
5596,49,3290.0,5990.0,SPECIAL PRICES|CO-ORD SETS|ACCESSORIES_JEWELLERY,4.0
5597,24,2990.0,4990.0,SHORTS_SKORTS|TROUSERS,4.3
5598,22,2290.0,3290.0,WAISTCOATS_GILETS,4.2
5599,51,2290.0,3990.0,SHIRTS,4.0
5600,31,2890.0,4990.0,LOUNGEWEARNEW|DRESSES_JUMPSUITS|SHORTS_SKORTS,4.7
5601,36,2290.0,6990.0,PERFUMESNEW,4.5
5602,22,2590.0,4090.0,PERFUMESNEW,4.5
5603,42,3990.0,5590.0,BLAZERS,4.1
5604,47,890.0,2990.0,SKIRTS|TROUSERS,4.0
5605,49,3290.0,7590.0,BLAZERS|SHOES,4.6
5606,25,3990.0,4990.0,SHORTS_SKORTS|DRESSES_JUMPSUITS|SHOES,4.3
5607,25,2990.0,4490.0,T-SHIRTS_SWEATSHIRTS,3.6
5608,38,990.0,5990.0,BLAZERS|WAISTCOATS_GILETS,4.7
5609,27,3290.0,4990.0,SPECIAL PRICES,4.2
5610,36,2290.0,3990.0,DRESSES_JUMPSUITS,4.6
5611,29,3990.0,5490.0,SKIRTS|CO-ORD SETS,3.9
5612,32,2990.0,4490.0,WAISTCOATS_GILETS|BLAZERS,3.7
5613,48,2290.0,2990.0,WAISTCOATS_GILETS,3.8
5614,37,3290.0,4790.0,T-SHIRTS_SWEATSHIRTS|ACCESSORIES_JEWELLERY,4.1
5615,32,3290.0,4990.0,LOUNGEWEARNEW|KNITWEAR,4.7
5616,38,3290.0,4990.0,LOUNGEWEARNEW|SKIRTS|WORKWEARNEW,4.0
5617,49,3990.0,5990.0,LOUNGEWEARNEW,4.6
5618,22,2990.0,3990.0,SHORTS_SKORTS|JEANS,4.5
5619,44,5990.0,7590.0,BASICS,3.6
5620,29,4990.0,5990.0,TOPS_BODYSUITS,4.5
5621,27,1590.0,3290.0,SKIRTS,3.7
5622,45,2590.0,5990.0,SPECIAL PRICES,4.6
5623,19,2990.0,5990.0,TOPS_BODYSUITS,4.1
5624,40,1990.0,4990.0,BLAZERS,3.7
5625,32,2990.0,3990.0,TOPS_BODYSUITS|SHIRTS,4.3
5626,29,1290.0,2590.0,JACKETS,3.5
5627,26,3290.0,4990.0,KNITWEAR|SPECIAL PRICES,3.6
5628,29,2590.0,7590.0,WAISTCOATS_GILETS,4.0
5629,35,1890.0,4990.0,BLAZERS,3.6
5630,54,2590.0,4090.0,JEANS|SKIRTS,4.5
5631,31,2590.0,3990.0,WAISTCOATS_GILETS|SPECIAL PRICES,4.4
5632,48,2590.0,3290.0,PERFUMESNEW|SKIRTS,4.6
5633,41,3290.0,7590.0,TROUSERS,4.6
5634,25,3990.0,4990.0,SHOES,3.6
5635,21,3290.0,4990.0,BAGS,4.5
5636,46,590.0,5990.0,BAGS,3.9
5637,36,2290.0,3790.0,DRESSES_JUMPSUITS|TOPS_BODYSUITS,3.9
5638,31,2590.0,4090.0,BLAZERS,4.1
5639,38,2290.0,9990.0,ACCESSORIES_JEWELLERY|LOUNGEWEARNEW,3.5
5640,29,2890.0,4390.0,TROUSERS|JEANS,4.0
5641,36,2890.0,4390.0,JEANS|SHORTS_SKORTS,3.8
5642,42,2590.0,4990.0,SPECIAL PRICES,4.5
5643,54,2990.0,4490.0,WORKWEARNEW|TROUSERS,4.6
5644,46,1890.0,3290.0,WAISTCOATS_GILETS|BAGS,4.2
5645,34,2890.0,4990.0,DRESSES_JUMPSUITS|SPECIAL PRICES,4.5
5646,47,2990.0,4990.0,BAGS|PERFUMESNEW|SHOES,4.1
5647,29,2290.0,3290.0,SKIRTS|SHORTS_SKORTS,3.9
5648,35,2290.0,3290.0,DRESSES_JUMPSUITS|SPECIAL PRICES|TROUSERS,3.7
5649,53,2290.0,3790.0,SHORTS_SKORTS|BAGS,4.1
5650,39,3290.0,4990.0,BASICS,4.3
5651,38,2990.0,4990.0,TROUSERS,4.3
5652,30,1890.0,5990.0,JEANS|CO-ORD SETS|SKIRTS,3.5
5653,25,2290.0,2990.0,BAGS|TROUSERS,4.3
5654,27,3290.0,4990.0,BAGS|WAISTCOATS_GILETS,4.7
5655,38,3290.0,4990.0,PERFUMESNEW|LOUNGEWEARNEW,4.6
5656,34,1590.0,2990.0,BLAZERS,3.7
5657,47,2890.0,5990.0,PERFUMESNEW|SHOES,4.1
5658,43,1890.0,4990.0,TOPS_BODYSUITS|BEAUTY,4.5
5659,43,1590.0,2990.0,PERFUMESNEW|JEANS,3.6
5660,37,2290.0,5990.0,BEAUTY|SPECIAL PRICES|CO-ORD SETS,4.3
5661,35,2290.0,2990.0,JACKETS|SPECIAL PRICES,4.1
5662,46,1590.0,5990.0,CO-ORD SETS|JEANS|SHIRTS,4.3
5663,19,1590.0,3290.0,CO-ORD SETS,4.1
5664,54,2890.0,4990.0,LOUNGEWEARNEW,4.4
5665,48,2590.0,3290.0,WAISTCOATS_GILETS|KNITWEAR|SKIRTS,4.2
5666,42,1890.0,2590.0,LOUNGEWEARNEW,4.6
5667,48,1290.0,1990.0,JEANS|TROUSERS,4.4
5668,52,2290.0,5990.0,JACKETS|WORKWEARNEW,3.7
5669,45,3990.0,7590.0,JEANS|BLAZERS|PERFUMESNEW,4.4
5670,28,2590.0,3290.0,TROUSERS|T-SHIRTS_SWEATSHIRTS,3.8
5671,48,3290.0,4990.0,SKIRTS|BASICS,3.9
5672,46,2590.0,3990.0,SHOES,3.5
5673,47,3290.0,4990.0,BASICS|TROUSERS|SHORTS_SKORTS,4.5
5674,33,4990.0,6490.0,DRESSES_JUMPSUITS|PERFUMESNEW,3.9
5675,35,2990.0,6990.0,JACKETS|ACCESSORIES_JEWELLERY,4.3
5676,36,4990.0,5990.0,KNITWEAR|SPECIAL PRICES|PERFUMESNEW,4.4
5677,27,3290.0,3990.0,SHORTS_SKORTS|DRESSES_JUMPSUITS|JEANS,3.8
5678,55,2590.0,4090.0,SPECIAL PRICES|CO-ORD SETS,3.9
5679,24,2590.0,4090.0,BAGS,3.5
5680,48,4990.0,5990.0,SHORTS_SKORTS,4.0
5681,52,990.0,4990.0,PERFUMESNEW|SPECIAL PRICES,4.1
5682,25,2290.0,6990.0,TOPS_BODYSUITS,4.5
5683,51,4990.0,5990.0,BEAUTY|TROUSERS,4.1
5684,45,790.0,8590.0,SHOES,4.1
5685,55,2590.0,4990.0,SHORTS_SKORTS|BASICS,4.4
5686,18,3290.0,5990.0,SKIRTS|KNITWEAR,3.5
5687,37,2990.0,4490.0,BLAZERS|JACKETS,3.9
5688,24,1990.0,3290.0,TOPS_BODYSUITS,3.7
5689,42,990.0,4590.0,TOPS_BODYSUITS,4.7
5690,55,3990.0,4990.0,BAGS|SHOES,4.6
5691,24,2590.0,3990.0,BAGS|CO-ORD SETS,3.8
5692,25,1990.0,3990.0,T-SHIRTS_SWEATSHIRTS,3.8
5693,48,2290.0,3790.0,WAISTCOATS_GILETS|SKIRTS|T-SHIRTS_SWEATSHIRTS,4.7
5694,47,2590.0,3290.0,KNITWEAR|ACCESSORIES_JEWELLERY,3.6
5695,44,2590.0,4990.0,TOPS_BODYSUITS,3.7
5696,31,2990.0,4490.0,SHORTS_SKORTS|BAGS,3.9
5697,51,3290.0,4790.0,KNITWEAR|BEAUTY|SHOES,4.7
5698,30,2890.0,3990.0,KNITWEAR|BAGS|T-SHIRTS_SWEATSHIRTS,4.3
5699,21,4990.0,6490.0,T-SHIRTS_SWEATSHIRTS,4.4
5700,40,4990.0,5990.0,BLAZERS,4.1
5701,23,3290.0,3990.0,T-SHIRTS_SWEATSHIRTS|SHOES|BAGS,4.4
5702,53,2890.0,4390.0,KNITWEAR,3.8
5703,34,3290.0,4990.0,JEANS|KNITWEAR,4.3
5704,27,2590.0,4090.0,DRESSES_JUMPSUITS|LOUNGEWEARNEW|SPECIAL PRICES,4.3
5705,22,2990.0,4490.0,SKIRTS|T-SHIRTS_SWEATSHIRTS,4.1
5706,20,3290.0,6990.0,WAISTCOATS_GILETS,3.7
5707,55,2990.0,4990.0,BEAUTY|JACKETS,4.1
5708,25,4990.0,5990.0,JACKETS|WORKWEARNEW,4.5
5709,26,1590.0,3990.0,T-SHIRTS_SWEATSHIRTS|BASICS,4.5
5710,49,1990.0,5990.0,DRESSES_JUMPSUITS,4.7
5711,24,3990.0,4990.0,LOUNGEWEARNEW,3.9
5712,34,1290.0,1990.0,CO-ORD SETS,4.7
5713,44,2290.0,3990.0,SKIRTS,3.8
5714,43,3990.0,4990.0,SKIRTS|WAISTCOATS_GILETS,4.5
5715,18,2590.0,3990.0,BEAUTY|SHIRTS|BAGS,4.2
5716,47,2890.0,4990.0,BLAZERS|BEAUTY,3.6
5717,48,2990.0,5990.0,SHIRTS,4.2
5718,48,2290.0,5990.0,TROUSERS,3.8
5719,52,3290.0,5990.0,SHOES|SPECIAL PRICES|JEANS,4.6
5720,43,2990.0,4990.0,SHIRTS|BEAUTY,4.2
5721,37,990.0,5990.0,SHORTS_SKORTS,3.9
5722,35,990.0,3290.0,CO-ORD SETS,3.8
5723,22,3990.0,7590.0,BLAZERS|WORKWEARNEW,3.9
5724,45,790.0,2590.0,T-SHIRTS_SWEATSHIRTS,4.1
5725,21,2990.0,4990.0,ACCESSORIES_JEWELLERY|SHORTS_SKORTS,4.1
5726,32,3290.0,5990.0,T-SHIRTS_SWEATSHIRTS|BAGS,3.8
5727,55,1290.0,2790.0,BLAZERS|WAISTCOATS_GILETS|PERFUMESNEW,4.6
5728,47,2990.0,4490.0,TOPS_BODYSUITS,3.9
5729,34,3290.0,8590.0,ACCESSORIES_JEWELLERY,3.9
5730,18,1990.0,2990.0,SKIRTS|TROUSERS,3.5
5731,26,2990.0,5990.0,BLAZERS|KNITWEAR|BEAUTY,4.1
5732,31,2990.0,4490.0,JACKETS,4.4
5733,53,2990.0,5990.0,TOPS_BODYSUITS|CO-ORD SETS,3.6
5734,19,3290.0,4990.0,WORKWEARNEW|SHOES,3.5
5735,31,3290.0,4990.0,T-SHIRTS_SWEATSHIRTS,4.5
5736,28,2990.0,3990.0,JEANS,4.0
5737,33,3290.0,4990.0,TOPS_BODYSUITS|WORKWEARNEW,3.7
5738,21,3290.0,4990.0,JACKETS|SHORTS_SKORTS|DRESSES_JUMPSUITS,3.9
5739,26,2990.0,3990.0,BAGS|LOUNGEWEARNEW|KNITWEAR,4.6
5740,41,3290.0,4990.0,SPECIAL PRICES|WAISTCOATS_GILETS,4.2
5741,40,3290.0,5990.0,BLAZERS|SKIRTS,4.0
5742,37,2290.0,3290.0,JACKETS|BEAUTY,4.1
5743,30,1890.0,3990.0,ACCESSORIES_JEWELLERY|SPECIAL PRICES,3.9
5744,27,1590.0,3290.0,BEAUTY,4.4
5745,32,2290.0,3290.0,T-SHIRTS_SWEATSHIRTS|CO-ORD SETS,4.5
5746,20,3290.0,3990.0,SKIRTS|CO-ORD SETS,3.8
5747,47,2990.0,5990.0,WAISTCOATS_GILETS|SPECIAL PRICES,3.5
5748,36,3290.0,4990.0,TOPS_BODYSUITS|DRESSES_JUMPSUITS,3.6
5749,45,1890.0,2990.0,BASICS,4.5
5750,49,2290.0,2990.0,WORKWEARNEW,4.2
5751,34,2590.0,4090.0,BLAZERS|TOPS_BODYSUITS|SHOES,3.7
5752,55,3290.0,5590.0,SKIRTS,4.0
5753,22,2990.0,4490.0,BLAZERS|DRESSES_JUMPSUITS,4.2
5754,55,3290.0,4990.0,ACCESSORIES_JEWELLERY|T-SHIRTS_SWEATSHIRTS,4.1
5755,21,1990.0,4990.0,TOPS_BODYSUITS|CO-ORD SETS,4.3
5756,45,2990.0,5990.0,SHORTS_SKORTS|BAGS,3.7
5757,33,2290.0,4990.0,LOUNGEWEARNEW,4.4
5758,29,390.0,5590.0,JEANS|T-SHIRTS_SWEATSHIRTS,4.1
5759,31,1890.0,3290.0,CO-ORD SETS|SPECIAL PRICES|BASICS,4.3
5760,49,3290.0,4990.0,SHOES|CO-ORD SETS,4.2
5761,41,1990.0,3290.0,CO-ORD SETS,4.3
5762,24,4990.0,5990.0,DRESSES_JUMPSUITS,3.5
5763,55,3990.0,4990.0,SHORTS_SKORTS|TOPS_BODYSUITS,4.3
5764,49,2990.0,4490.0,TOPS_BODYSUITS,4.3
5765,28,990.0,1590.0,SHOES|JEANS,3.7
5766,25,3990.0,5490.0,DRESSES_JUMPSUITS,3.6
5767,32,3290.0,4990.0,TROUSERS|JACKETS,4.0
5768,52,5590.0,7090.0,TOPS_BODYSUITS|BLAZERS,4.3
5769,38,1890.0,2990.0,BAGS|TROUSERS,3.9
5770,24,3290.0,5590.0,BAGS,3.5
5771,43,3290.0,4790.0,SKIRTS,4.4
5772,43,2590.0,5990.0,BEAUTY|BASICS,4.4
5773,48,2290.0,4990.0,WAISTCOATS_GILETS,4.5
5774,52,1990.0,2990.0,SHIRTS|KNITWEAR,4.5
5775,38,1990.0,3990.0,JEANS|TROUSERS|KNITWEAR,4.2
5776,55,2590.0,4090.0,LOUNGEWEARNEW|BAGS,4.0
5777,31,4990.0,6990.0,BAGS,3.8
5778,32,3990.0,4990.0,CO-ORD SETS|WAISTCOATS_GILETS,4.1
5779,44,5590.0,7090.0,SKIRTS|JEANS,4.7
5780,48,1890.0,3390.0,BAGS,3.8
5781,18,1890.0,9590.0,JACKETS|TROUSERS,3.5
5782,46,2890.0,4990.0,SHORTS_SKORTS|KNITWEAR,4.0
5783,49,2590.0,4090.0,JEANS|SHOES|TOPS_BODYSUITS,4.1
5784,55,3290.0,5590.0,ACCESSORIES_JEWELLERY,4.4
5785,54,3290.0,5990.0,PERFUMESNEW|WAISTCOATS_GILETS,4.1
5786,31,3290.0,5990.0,JACKETS|WAISTCOATS_GILETS,3.9
5787,42,790.0,8590.0,JACKETS,4.6
5788,40,2990.0,4990.0,SHORTS_SKORTS,4.3
5789,36,2990.0,3990.0,PERFUMESNEW|WORKWEARNEW,4.6
5790,30,2990.0,4490.0,SHIRTS|SHORTS_SKORTS,3.7
5791,50,5990.0,6990.0,BAGS,3.8
5792,50,2990.0,4990.0,SHIRTS|BAGS,4.0
5793,46,2890.0,3990.0,SKIRTS|ACCESSORIES_JEWELLERY|PERFUMESNEW,3.9
5794,43,3290.0,6990.0,BEAUTY,4.4
5795,45,3990.0,4990.0,BASICS,3.9
5796,46,4990.0,5990.0,BEAUTY,3.7
5797,46,2990.0,4490.0,CO-ORD SETS|WAISTCOATS_GILETS|TOPS_BODYSUITS,4.2
5798,23,990.0,5990.0,WORKWEARNEW|LOUNGEWEARNEW,3.6
5799,47,2590.0,5990.0,T-SHIRTS_SWEATSHIRTS|TOPS_BODYSUITS,4.0
5800,55,3290.0,4790.0,JEANS|CO-ORD SETS|KNITWEAR,4.3
5801,36,2890.0,4390.0,SHORTS_SKORTS,3.9
5802,24,3990.0,4990.0,SHORTS_SKORTS|TROUSERS,4.5
5803,23,2590.0,3290.0,SHORTS_SKORTS,3.6
5804,31,4990.0,6490.0,SKIRTS|CO-ORD SETS,4.5
5805,20,1890.0,3990.0,LOUNGEWEARNEW|CO-ORD SETS,4.6
5806,31,1990.0,2990.0,LOUNGEWEARNEW,3.6
5807,33,3290.0,5990.0,SPECIAL PRICES,3.5
5808,23,950.0,2290.0,SKIRTS|PERFUMESNEW,4.5
5809,35,5590.0,7090.0,WAISTCOATS_GILETS|SHIRTS,3.7
5810,27,2590.0,3990.0,SKIRTS|SPECIAL PRICES,4.6
5811,25,2590.0,4990.0,SHIRTS|TROUSERS,4.3
5812,52,990.0,4990.0,JACKETS|BEAUTY,3.6
5813,48,2990.0,4990.0,BASICS,4.0
5814,34,2990.0,4490.0,SHORTS_SKORTS,4.4
5815,47,2990.0,4990.0,DRESSES_JUMPSUITS|T-SHIRTS_SWEATSHIRTS|WORKWEARNEW,4.2
5816,41,2990.0,5990.0,PERFUMESNEW,4.2
5817,25,2590.0,7590.0,BAGS,3.8
5818,20,2590.0,3290.0,KNITWEAR,3.8
5819,35,2990.0,4490.0,TOPS_BODYSUITS|KNITWEAR|LOUNGEWEARNEW,3.5
5820,24,2990.0,4490.0,DRESSES_JUMPSUITS|LOUNGEWEARNEW,4.1
5821,44,4990.0,6490.0,SHORTS_SKORTS,3.8
5822,44,2890.0,4990.0,SHIRTS,4.1
5823,27,3290.0,4790.0,SKIRTS|PERFUMESNEW,4.4
5824,45,2990.0,4990.0,SHOES,4.6
5825,26,2290.0,3290.0,SPECIAL PRICES|JACKETS,4.2
5826,18,3290.0,4790.0,BLAZERS,4.6
5827,25,690.0,5990.0,BEAUTY,4.1
5828,26,1990.0,4990.0,DRESSES_JUMPSUITS,3.7
5829,42,4990.0,6490.0,WORKWEARNEW,3.8
5830,27,2590.0,4990.0,CO-ORD SETS|KNITWEAR,4.1
5831,48,2590.0,5990.0,JACKETS,3.6
5832,27,3290.0,4990.0,WAISTCOATS_GILETS,4.0
5833,20,2990.0,4490.0,BLAZERS|SHIRTS,4.1
5834,40,2990.0,4490.0,BLAZERS|LOUNGEWEARNEW,4.1
5835,38,2990.0,3990.0,WORKWEARNEW,3.5
5836,39,2290.0,3990.0,TROUSERS,3.5
5837,26,1290.0,3290.0,BEAUTY|WAISTCOATS_GILETS,4.1
5838,39,2590.0,4090.0,SHOES|SHORTS_SKORTS|KNITWEAR,4.4
5839,41,3290.0,7590.0,PERFUMESNEW|T-SHIRTS_SWEATSHIRTS|WAISTCOATS_GILETS,4.3
5840,38,1890.0,3990.0,JACKETS|KNITWEAR,4.6
5841,39,990.0,2590.0,JEANS|JACKETS,4.1
5842,45,4990.0,6490.0,JACKETS,4.1
5843,36,1890.0,4990.0,SHOES|WAISTCOATS_GILETS|BASICS,4.6
5844,35,4990.0,6490.0,CO-ORD SETS|SHOES|TROUSERS,4.4
5845,25,1990.0,5990.0,TOPS_BODYSUITS|T-SHIRTS_SWEATSHIRTS,3.7
5846,51,1890.0,13990.0,TROUSERS|JACKETS,4.0
5847,39,2990.0,4990.0,TOPS_BODYSUITS|ACCESSORIES_JEWELLERY,4.7
5848,47,3290.0,4790.0,DRESSES_JUMPSUITS|ACCESSORIES_JEWELLERY,4.7
5849,40,2990.0,4990.0,LOUNGEWEARNEW,4.6
5850,43,3990.0,5990.0,CO-ORD SETS|SHIRTS,4.6
5851,35,4990.0,5990.0,TOPS_BODYSUITS|BASICS,4.7
5852,29,1890.0,2890.0,BASICS,3.6
5853,34,2990.0,3990.0,DRESSES_JUMPSUITS|TROUSERS|KNITWEAR,4.2
5854,45,2990.0,4490.0,WAISTCOATS_GILETS|SHORTS_SKORTS|LOUNGEWEARNEW,3.7
5855,29,2990.0,4490.0,BLAZERS|JEANS,4.6
5856,53,3990.0,4990.0,TROUSERS,4.0
5857,23,2590.0,5590.0,WORKWEARNEW|TOPS_BODYSUITS|WAISTCOATS_GILETS,3.7
5858,32,3290.0,4990.0,SHORTS_SKORTS,4.5
5859,22,3290.0,4990.0,SPECIAL PRICES,3.8
5860,39,2990.0,4990.0,SKIRTS|KNITWEAR,4.1
5861,34,2990.0,4490.0,JEANS|JACKETS|BEAUTY,4.1
5862,39,2590.0,3290.0,LOUNGEWEARNEW,3.7
5863,26,2990.0,4990.0,JACKETS|BAGS|BEAUTY,3.6
5864,33,4990.0,5990.0,WAISTCOATS_GILETS|SPECIAL PRICES,3.7
5865,49,3290.0,4990.0,TROUSERS|LOUNGEWEARNEW,4.3
5866,22,3290.0,4990.0,KNITWEAR|SHOES,4.4
5867,35,2890.0,3990.0,SKIRTS|LOUNGEWEARNEW|BAGS,4.3
5868,45,1590.0,4990.0,BEAUTY,3.7
5869,22,4990.0,5990.0,BLAZERS,4.0
5870,52,3990.0,5490.0,WORKWEARNEW,4.3
5871,29,1590.0,7590.0,DRESSES_JUMPSUITS,4.6
5872,53,3290.0,5990.0,BAGS|SHOES,4.5
5873,34,2590.0,4990.0,LOUNGEWEARNEW,4.2
5874,43,3290.0,4790.0,TOPS_BODYSUITS,4.3
5875,19,2990.0,3990.0,SHIRTS,4.0
5876,45,2590.0,4090.0,BEAUTY|SHOES,4.4
5877,43,2590.0,6990.0,JEANS|BEAUTY,4.6
5878,33,7590.0,11990.0,KNITWEAR|CO-ORD SETS,4.2
5879,19,3290.0,4790.0,WAISTCOATS_GILETS|SHIRTS|T-SHIRTS_SWEATSHIRTS,3.9
5880,18,1590.0,3290.0,T-SHIRTS_SWEATSHIRTS|DRESSES_JUMPSUITS|SKIRTS,4.6
5881,21,3290.0,4790.0,BAGS|ACCESSORIES_JEWELLERY,4.3
5882,41,2890.0,5990.0,SPECIAL PRICES,4.0
5883,28,5990.0,7990.0,SHORTS_SKORTS,4.2
5884,35,3290.0,5590.0,BAGS|DRESSES_JUMPSUITS,3.7
5885,18,790.0,1990.0,BASICS,3.9
5886,33,2990.0,3990.0,SKIRTS|ACCESSORIES_JEWELLERY,3.8
5887,30,2590.0,4090.0,WAISTCOATS_GILETS,3.8
5888,39,1890.0,3290.0,SHIRTS,4.0
5889,30,1990.0,2590.0,SHORTS_SKORTS|WAISTCOATS_GILETS,3.8
5890,38,3290.0,7590.0,BEAUTY|DRESSES_JUMPSUITS,4.2
5891,41,3290.0,5990.0,JEANS|WORKWEARNEW,4.4
5892,55,2290.0,4490.0,TROUSERS|SHIRTS|WAISTCOATS_GILETS,4.3
5893,39,3290.0,3990.0,T-SHIRTS_SWEATSHIRTS,3.8
5894,55,3290.0,4790.0,SHOES|SHORTS_SKORTS,4.6
5895,52,3290.0,5990.0,ACCESSORIES_JEWELLERY,4.0
5896,31,990.0,3990.0,BLAZERS|SHIRTS|JACKETS,4.4
5897,27,3290.0,5990.0,SHIRTS,3.6
5898,26,1990.0,3290.0,SKIRTS,3.7
5899,21,3290.0,5990.0,WORKWEARNEW,4.4
5900,34,1090.0,1590.0,SHOES,4.0
5901,25,5990.0,8590.0,WAISTCOATS_GILETS|SKIRTS,4.5
5902,40,5990.0,7490.0,SHIRTS,3.8
5903,40,3990.0,4990.0,BASICS,4.7
5904,25,2590.0,4090.0,WAISTCOATS_GILETS,3.6
5905,48,2890.0,10990.0,TOPS_BODYSUITS|WORKWEARNEW,4.1
5906,37,990.0,3990.0,T-SHIRTS_SWEATSHIRTS|BASICS|PERFUMESNEW,4.6
5907,43,2990.0,4490.0,JEANS|JACKETS,4.2
5908,25,2990.0,4990.0,JACKETS|DRESSES_JUMPSUITS,4.5
5909,55,2290.0,7590.0,T-SHIRTS_SWEATSHIRTS|TOPS_BODYSUITS,3.9
5910,42,3990.0,4990.0,SPECIAL PRICES,4.6
5911,50,3990.0,4990.0,SHIRTS|CO-ORD SETS,4.1
5912,49,4990.0,7590.0,SKIRTS|BEAUTY,4.6
5913,18,3290.0,4990.0,BAGS,3.7
5914,47,2990.0,5990.0,SKIRTS|LOUNGEWEARNEW,4.5
5915,35,2590.0,5590.0,TROUSERS,3.8
5916,52,2290.0,2890.0,BLAZERS|BEAUTY|WAISTCOATS_GILETS,3.7
5917,49,3290.0,5590.0,TROUSERS,4.5
5918,32,1290.0,2290.0,KNITWEAR,3.9
5919,26,2290.0,3290.0,CO-ORD SETS|SKIRTS,4.5
5920,27,2290.0,3290.0,JACKETS|TOPS_BODYSUITS|LOUNGEWEARNEW,4.3
5921,47,1290.0,2990.0,SPECIAL PRICES|WAISTCOATS_GILETS|SKIRTS,4.2
5922,48,4990.0,6490.0,JEANS,4.1
5923,49,1590.0,2990.0,JEANS|DRESSES_JUMPSUITS|BASICS,4.5
5924,52,8590.0,12990.0,SPECIAL PRICES,4.4
5925,46,2590.0,4990.0,BAGS|KNITWEAR,4.0
5926,49,2290.0,3290.0,BASICS|SHIRTS,3.9
5927,24,4990.0,6490.0,SHIRTS,4.6
5928,23,3290.0,4990.0,KNITWEAR|WORKWEARNEW,4.4
5929,54,2990.0,3990.0,SHIRTS,4.2
5930,52,3290.0,5990.0,BASICS|WAISTCOATS_GILETS,4.5
5931,40,3290.0,3990.0,WAISTCOATS_GILETS|SHIRTS,3.6
5932,18,1890.0,3390.0,TROUSERS,3.8
5933,50,3990.0,5490.0,BEAUTY,4.6
5934,50,3290.0,4790.0,SPECIAL PRICES,3.7
5935,28,1890.0,2590.0,PERFUMESNEW|BAGS,4.4
5936,37,1990.0,2990.0,BEAUTY|SHORTS_SKORTS,4.7
5937,26,1990.0,3290.0,BEAUTY|SHORTS_SKORTS,4.6
5938,44,990.0,1890.0,SHORTS_SKORTS|BASICS,3.8
5939,38,3990.0,4990.0,JEANS|LOUNGEWEARNEW,4.2
5940,36,8590.0,10090.0,SHOES|KNITWEAR,4.3
5941,35,3290.0,4790.0,WAISTCOATS_GILETS,3.9
5942,18,2290.0,3290.0,ACCESSORIES_JEWELLERY,4.0
5943,55,2590.0,4090.0,SHORTS_SKORTS,4.5
5944,29,3290.0,4990.0,BAGS|TROUSERS|SKIRTS,3.6
5945,51,1790.0,3290.0,TROUSERS|ACCESSORIES_JEWELLERY,4.4
5946,54,4990.0,9590.0,KNITWEAR,4.3
5947,48,790.0,1290.0,ACCESSORIES_JEWELLERY,4.5
5948,53,3990.0,4990.0,KNITWEAR|WORKWEARNEW,4.3
5949,28,3290.0,5990.0,WAISTCOATS_GILETS|DRESSES_JUMPSUITS,4.5
5950,36,3990.0,4990.0,LOUNGEWEARNEW|ACCESSORIES_JEWELLERY,4.1
5951,24,1890.0,3290.0,BLAZERS,4.4
5952,38,3290.0,3990.0,SHOES,3.8
5953,51,2990.0,4990.0,WAISTCOATS_GILETS,4.6
5954,40,1890.0,2590.0,BEAUTY,4.0
5955,29,2990.0,4490.0,KNITWEAR|PERFUMESNEW,4.6
5956,53,4990.0,5990.0,CO-ORD SETS,3.9
5957,45,1990.0,4990.0,PERFUMESNEW,4.2
5958,33,2290.0,2990.0,BAGS|SHIRTS,4.0
5959,45,4990.0,5990.0,KNITWEAR,4.3
5960,40,2990.0,5590.0,SHIRTS|PERFUMESNEW,3.7
5961,50,1890.0,5990.0,PERFUMESNEW|KNITWEAR,3.9
5962,31,690.0,3990.0,BAGS,4.0
5963,37,1290.0,2990.0,BAGS,4.5
5964,50,2890.0,5990.0,WAISTCOATS_GILETS|PERFUMESNEW,3.6
5965,46,2990.0,5990.0,ACCESSORIES_JEWELLERY|KNITWEAR,4.4
5966,27,890.0,3990.0,CO-ORD SETS|LOUNGEWEARNEW|TOPS_BODYSUITS,3.9
5967,25,2290.0,3990.0,WAISTCOATS_GILETS|SHORTS_SKORTS,3.7
5968,34,3290.0,4790.0,DRESSES_JUMPSUITS|T-SHIRTS_SWEATSHIRTS,3.8
5969,30,2590.0,9590.0,SPECIAL PRICES,3.7
5970,52,1990.0,4990.0,ACCESSORIES_JEWELLERY,4.3
5971,33,3290.0,4990.0,SHIRTS|WORKWEARNEW,3.9
5972,46,3290.0,4790.0,KNITWEAR|SPECIAL PRICES,3.6
5973,27,5990.0,16990.0,SHIRTS,3.8
5974,20,1990.0,2590.0,SHORTS_SKORTS|TROUSERS|DRESSES_JUMPSUITS,3.8
5975,25,2290.0,3790.0,SHIRTS,3.7
5976,44,1590.0,5990.0,TOPS_BODYSUITS|WAISTCOATS_GILETS,4.3
5977,53,490.0,2590.0,SKIRTS|SHOES,3.7
5978,36,2990.0,4990.0,WORKWEARNEW|SHORTS_SKORTS,4.7
5979,45,1590.0,5990.0,SKIRTS|TOPS_BODYSUITS,4.1
5980,49,2990.0,5990.0,ACCESSORIES_JEWELLERY|WAISTCOATS_GILETS,4.3
5981,27,4990.0,5990.0,DRESSES_JUMPSUITS,3.8
5982,32,2990.0,4990.0,SHOES|TROUSERS,4.7
5983,33,2990.0,4990.0,DRESSES_JUMPSUITS|WORKWEARNEW|SHORTS_SKORTS,3.7
5984,53,3990.0,5490.0,DRESSES_JUMPSUITS|SKIRTS,4.5
5985,42,1990.0,3990.0,WORKWEARNEW|BAGS,4.5
5986,26,1890.0,5990.0,ACCESSORIES_JEWELLERY|JACKETS,4.3
5987,51,2590.0,4990.0,SHOES|BASICS,4.0
5988,53,2290.0,4990.0,PERFUMESNEW,3.6
5989,30,2590.0,3290.0,SPECIAL PRICES,4.6
5990,42,3290.0,5990.0,BEAUTY|WORKWEARNEW,4.1
5991,52,2990.0,4990.0,TOPS_BODYSUITS,3.5
5992,32,2290.0,3290.0,ACCESSORIES_JEWELLERY,3.5
5993,44,3290.0,4990.0,TROUSERS,3.6
5994,44,2990.0,4990.0,SKIRTS,3.7
5995,26,2290.0,3290.0,SHIRTS|SHOES,4.6
5996,55,1990.0,5990.0,DRESSES_JUMPSUITS|KNITWEAR|JEANS,4.7
5997,38,2990.0,4490.0,LOUNGEWEARNEW|CO-ORD SETS,4.0
5998,54,2590.0,4990.0,DRESSES_JUMPSUITS|BAGS,3.8
5999,53,2990.0,4990.0,T-SHIRTS_SWEATSHIRTS|PERFUMESNEW,4.1
6000,36,1990.0,3290.0,BAGS,3.8
6001,34,4990.0,5590.0,SHOES|T-SHIRTS_SWEATSHIRTS,3.9
6002,30,2290.0,4990.0,JEANS,4.5
6003,25,2590.0,4090.0,LOUNGEWEARNEW|WAISTCOATS_GILETS|JEANS,3.7
6004,30,3290.0,5590.0,BASICS,4.2
6005,19,4990.0,6490.0,BLAZERS|TROUSERS,4.1
6006,20,1890.0,5990.0,BASICS,4.4
6007,48,2290.0,5990.0,JEANS,4.1
6008,20,1090.0,4990.0,WAISTCOATS_GILETS,4.5
6009,44,3290.0,3990.0,JEANS|T-SHIRTS_SWEATSHIRTS,4.2
6010,30,3290.0,4790.0,PERFUMESNEW,4.6
6011,33,3990.0,4990.0,JACKETS|DRESSES_JUMPSUITS,4.5
6012,43,2590.0,4090.0,T-SHIRTS_SWEATSHIRTS,3.5
6013,37,3290.0,5990.0,JACKETS,4.2
6014,38,2990.0,3990.0,DRESSES_JUMPSUITS,4.0
6015,25,3290.0,4990.0,DRESSES_JUMPSUITS|SKIRTS|BAGS,4.6
6016,21,3290.0,7590.0,SKIRTS,3.9
6017,35,1890.0,2990.0,ACCESSORIES_JEWELLERY|PERFUMESNEW|TROUSERS,4.0
6018,32,2290.0,3990.0,LOUNGEWEARNEW,3.9
6019,18,1990.0,3290.0,JEANS|T-SHIRTS_SWEATSHIRTS,4.3
6020,43,1890.0,2990.0,WAISTCOATS_GILETS|BEAUTY,3.7
6021,33,1590.0,5990.0,JEANS,3.8
6022,48,2590.0,3990.0,BLAZERS|CO-ORD SETS,4.5
6023,51,3290.0,5990.0,JACKETS|SKIRTS,3.7
6024,54,2990.0,3990.0,LOUNGEWEARNEW,4.1
6025,19,4990.0,6490.0,ACCESSORIES_JEWELLERY|BASICS,3.9
6026,54,1990.0,2990.0,WORKWEARNEW,4.7
6027,34,1590.0,4990.0,BLAZERS|DRESSES_JUMPSUITS,3.9
6028,32,1990.0,3990.0,SHIRTS|JEANS,4.0
6029,43,2590.0,4990.0,BASICS|SHIRTS,4.2
6030,52,1990.0,9590.0,BLAZERS,3.8
6031,38,2990.0,3990.0,TROUSERS,4.7
6032,49,2590.0,4990.0,BLAZERS,3.8
6033,41,2990.0,4490.0,SKIRTS|WORKWEARNEW,3.7
6034,40,2290.0,4990.0,TOPS_BODYSUITS,4.0
6035,52,3290.0,4990.0,SHIRTS|T-SHIRTS_SWEATSHIRTS,3.6
6036,24,2890.0,5990.0,PERFUMESNEW,3.8
6037,27,2990.0,3990.0,SHIRTS|TROUSERS|PERFUMESNEW,3.8
6038,24,2990.0,4490.0,ACCESSORIES_JEWELLERY,4.4
6039,20,3290.0,4790.0,BEAUTY,3.6
6040,42,2990.0,3990.0,KNITWEAR,4.3
6041,43,2990.0,4490.0,WORKWEARNEW,4.1
6042,55,1290.0,4990.0,TROUSERS|LOUNGEWEARNEW,4.1
6043,25,3990.0,4990.0,DRESSES_JUMPSUITS,3.9
6044,37,3290.0,5990.0,SPECIAL PRICES,4.3
6045,38,2990.0,5990.0,BEAUTY|BAGS|SHOES,4.1
6046,34,1890.0,9590.0,WAISTCOATS_GILETS|TOPS_BODYSUITS|BEAUTY,4.2
6047,19,1990.0,3990.0,TOPS_BODYSUITS,4.2
6048,18,2290.0,3290.0,JEANS|WAISTCOATS_GILETS,4.5
6049,28,2590.0,4090.0,BEAUTY,4.4
6050,28,2990.0,5990.0,SPECIAL PRICES|KNITWEAR|BAGS,3.9
6051,47,1590.0,3290.0,ACCESSORIES_JEWELLERY|DRESSES_JUMPSUITS,4.3
6052,52,3290.0,3990.0,BEAUTY,4.7
6053,54,3990.0,5490.0,CO-ORD SETS|JACKETS,4.6
6054,44,4990.0,7990.0,TOPS_BODYSUITS|PERFUMESNEW,3.5
6055,35,3290.0,4790.0,WAISTCOATS_GILETS|SHORTS_SKORTS,4.4
6056,23,3290.0,4990.0,T-SHIRTS_SWEATSHIRTS,3.9
6057,35,3990.0,5490.0,SPECIAL PRICES,4.0
6058,31,2990.0,4490.0,BASICS|SPECIAL PRICES,3.5
6059,51,1790.0,3990.0,LOUNGEWEARNEW,3.9
6060,23,3290.0,4790.0,DRESSES_JUMPSUITS,4.6
6061,40,1990.0,3290.0,SKIRTS|WAISTCOATS_GILETS,3.7
6062,41,1590.0,3290.0,SPECIAL PRICES|SKIRTS,4.1
6063,27,2590.0,3290.0,SHORTS_SKORTS,3.9
6064,50,1290.0,5990.0,TOPS_BODYSUITS,4.2
6065,21,2590.0,3990.0,SPECIAL PRICES|DRESSES_JUMPSUITS,4.1
6066,33,1890.0,2990.0,BEAUTY|SHORTS_SKORTS,4.3
6067,22,2290.0,5590.0,BEAUTY|SPECIAL PRICES,4.6
6068,27,3290.0,4790.0,SHOES|LOUNGEWEARNEW,4.4
6069,28,3290.0,5590.0,JACKETS,4.4
6070,37,2990.0,4490.0,WAISTCOATS_GILETS|SHIRTS|JACKETS,3.6
6071,44,1590.0,2990.0,SHIRTS|JEANS,3.7
6072,26,2990.0,4990.0,BAGS|LOUNGEWEARNEW,3.7
6073,41,3290.0,5990.0,SKIRTS|LOUNGEWEARNEW,4.6
6074,39,4990.0,11990.0,BLAZERS|SHORTS_SKORTS,4.3
6075,22,2290.0,2990.0,SHOES|WAISTCOATS_GILETS|BASICS,4.7
6076,49,2290.0,3790.0,SKIRTS|BASICS,4.6
6077,18,3290.0,5990.0,BASICS,3.8
6078,28,2990.0,3990.0,BASICS|SHOES,3.7
6079,27,1590.0,3090.0,SHORTS_SKORTS,4.5
6080,27,2290.0,3290.0,SHORTS_SKORTS,4.1
6081,41,1990.0,4990.0,WAISTCOATS_GILETS,3.9
6082,47,2990.0,7590.0,SHORTS_SKORTS,4.0
6083,39,2990.0,3990.0,KNITWEAR,4.7
6084,36,2890.0,4390.0,SHORTS_SKORTS,4.6
6085,45,5590.0,6990.0,ACCESSORIES_JEWELLERY,3.9
6086,28,1090.0,2590.0,PERFUMESNEW|SHIRTS,3.9
6087,43,3990.0,5990.0,ACCESSORIES_JEWELLERY,4.5
6088,48,2590.0,8590.0,JEANS|JACKETS,3.6
6089,47,2590.0,3290.0,CO-ORD SETS,3.6
6090,45,2290.0,3290.0,BEAUTY|SKIRTS,4.4
6091,27,1890.0,2890.0,SHIRTS,4.1
6092,37,3290.0,4990.0,CO-ORD SETS|LOUNGEWEARNEW|BAGS,4.1
6093,48,2590.0,4990.0,WORKWEARNEW|SHORTS_SKORTS,4.7
6094,29,1890.0,5990.0,BEAUTY,3.5
6095,46,2590.0,3290.0,JEANS,3.6
6096,51,1990.0,4990.0,BAGS|DRESSES_JUMPSUITS,4.1
6097,50,2890.0,4390.0,SHIRTS,4.0
6098,31,1090.0,3290.0,JEANS,3.7
6099,53,2590.0,3290.0,BLAZERS,4.6
6100,39,2590.0,4990.0,ACCESSORIES_JEWELLERY|SKIRTS,4.3
6101,44,3290.0,3990.0,WORKWEARNEW|BEAUTY|KNITWEAR,3.7
6102,36,2990.0,5990.0,WORKWEARNEW,4.6
6103,42,990.0,2590.0,BAGS|LOUNGEWEARNEW,3.6
6104,52,3990.0,5490.0,CO-ORD SETS,4.6
6105,41,2990.0,3990.0,JEANS,3.5
6106,31,1990.0,5990.0,T-SHIRTS_SWEATSHIRTS,4.3
6107,36,1590.0,3990.0,SHIRTS|TROUSERS,4.6
6108,33,3990.0,11990.0,BLAZERS,4.4
6109,40,2990.0,4490.0,SPECIAL PRICES|TOPS_BODYSUITS,4.5
6110,46,2990.0,4990.0,JACKETS|SHORTS_SKORTS,3.9
6111,36,3990.0,4990.0,TOPS_BODYSUITS|KNITWEAR,4.0
6112,40,4990.0,5990.0,SHORTS_SKORTS,3.7
6113,37,1990.0,9590.0,TOPS_BODYSUITS,4.4
6114,41,3290.0,4790.0,SHORTS_SKORTS|TOPS_BODYSUITS,3.9
6115,50,1990.0,3990.0,WAISTCOATS_GILETS,3.7
6116,24,1590.0,3990.0,T-SHIRTS_SWEATSHIRTS,4.6
6117,19,2290.0,3290.0,BAGS,4.1
6118,52,3290.0,4790.0,BLAZERS,3.8
6119,28,1990.0,2590.0,BLAZERS|TOPS_BODYSUITS,4.3
6120,27,3990.0,5990.0,LOUNGEWEARNEW|TROUSERS,3.7
6121,25,3290.0,9590.0,BASICS,4.5
6122,34,2990.0,3990.0,BEAUTY|JEANS|BAGS,4.0
6123,43,1890.0,3390.0,T-SHIRTS_SWEATSHIRTS,3.7
6124,18,3290.0,3990.0,SHIRTS,4.6
6125,51,3990.0,4990.0,CO-ORD SETS|WAISTCOATS_GILETS,4.4
6126,40,3990.0,4990.0,SHORTS_SKORTS|BEAUTY,4.0
6127,22,2990.0,4490.0,CO-ORD SETS|SPECIAL PRICES,4.0
6128,52,1990.0,4990.0,T-SHIRTS_SWEATSHIRTS|TOPS_BODYSUITS,4.7
6129,29,1790.0,3290.0,ACCESSORIES_JEWELLERY,4.5
6130,43,1890.0,5590.0,BLAZERS|BAGS,3.6
6131,19,3290.0,5590.0,ACCESSORIES_JEWELLERY,4.3
6132,21,4990.0,5990.0,JACKETS|WORKWEARNEW,4.7
6133,21,1990.0,2990.0,SHOES|JEANS,3.7
6134,33,2890.0,4390.0,BAGS,4.3
6135,48,3290.0,4990.0,LOUNGEWEARNEW,4.0
6136,27,3290.0,4990.0,SHOES,3.7
6137,29,3290.0,3990.0,PERFUMESNEW|BASICS,3.8
6138,34,3290.0,4990.0,KNITWEAR|SKIRTS,3.6
6139,39,2290.0,4990.0,WORKWEARNEW|WAISTCOATS_GILETS,3.5
6140,39,3290.0,6990.0,TOPS_BODYSUITS,3.6
6141,47,3990.0,4990.0,BAGS|ACCESSORIES_JEWELLERY,3.8
6142,22,4990.0,6490.0,SPECIAL PRICES|PERFUMESNEW,4.2
6143,26,2290.0,4990.0,WORKWEARNEW,4.4
6144,34,3290.0,4990.0,BAGS,4.5
6145,45,4990.0,6490.0,KNITWEAR,4.0
6146,49,3290.0,5590.0,PERFUMESNEW|T-SHIRTS_SWEATSHIRTS,3.6
6147,40,1990.0,2590.0,SHOES|CO-ORD SETS,4.4
6148,20,2990.0,5990.0,LOUNGEWEARNEW|CO-ORD SETS,3.7
6149,52,2290.0,3990.0,KNITWEAR|TOPS_BODYSUITS,4.6
6150,35,4990.0,7590.0,CO-ORD SETS|LOUNGEWEARNEW,4.0
6151,34,2890.0,4990.0,JEANS,3.8
6152,26,790.0,3990.0,DRESSES_JUMPSUITS|KNITWEAR,3.6
6153,48,1990.0,4990.0,JEANS|T-SHIRTS_SWEATSHIRTS,4.5
6154,24,2890.0,3990.0,WORKWEARNEW|TOPS_BODYSUITS,4.1
6155,54,4990.0,5990.0,BLAZERS,3.9
6156,51,1290.0,4990.0,JACKETS,3.5
6157,27,2990.0,4490.0,SKIRTS|BAGS|JEANS,3.7
6158,23,3290.0,4790.0,WAISTCOATS_GILETS,4.2
6159,47,2590.0,4090.0,JEANS|DRESSES_JUMPSUITS,4.7
6160,54,3990.0,4990.0,BLAZERS,4.6
6161,36,2590.0,3990.0,TOPS_BODYSUITS|BASICS|SHIRTS,3.8
6162,51,3290.0,5990.0,BASICS|T-SHIRTS_SWEATSHIRTS|CO-ORD SETS,3.9
6163,46,2990.0,3990.0,BASICS|DRESSES_JUMPSUITS,4.7
6164,26,3290.0,4790.0,ACCESSORIES_JEWELLERY|BEAUTY,4.6
6165,50,2290.0,3990.0,DRESSES_JUMPSUITS,4.0
6166,18,1990.0,5990.0,T-SHIRTS_SWEATSHIRTS,4.5
6167,33,2590.0,4990.0,JACKETS,3.9
6168,38,3290.0,3990.0,SHIRTS|SPECIAL PRICES,4.0
6169,32,2990.0,5990.0,WAISTCOATS_GILETS|SHIRTS|TOPS_BODYSUITS,3.6
6170,32,2990.0,4490.0,SKIRTS,4.5
6171,40,990.0,2890.0,ACCESSORIES_JEWELLERY|DRESSES_JUMPSUITS,4.0
6172,45,3290.0,4990.0,BASICS|SHORTS_SKORTS,3.9
6173,33,2590.0,4090.0,DRESSES_JUMPSUITS|BAGS,3.6
6174,38,2990.0,4490.0,JEANS|KNITWEAR,3.5
6175,35,4990.0,6490.0,PERFUMESNEW,4.1
6176,43,3290.0,4990.0,SHORTS_SKORTS,4.6
6177,43,1890.0,3290.0,SPECIAL PRICES|PERFUMESNEW,4.5
6178,27,2990.0,5990.0,TOPS_BODYSUITS,3.5
6179,28,2290.0,2990.0,TOPS_BODYSUITS,3.7
6180,19,990.0,3290.0,TOPS_BODYSUITS,3.9
6181,32,3290.0,4790.0,SHIRTS|CO-ORD SETS,4.0
6182,30,3990.0,4990.0,PERFUMESNEW,4.1
6183,20,1290.0,3290.0,LOUNGEWEARNEW|SHOES,4.6
6184,38,2590.0,4090.0,SHORTS_SKORTS|CO-ORD SETS,3.6
6185,33,2990.0,4490.0,BEAUTY|SHIRTS,3.5
6186,40,3990.0,5490.0,SHIRTS,3.7
6187,48,1990.0,4990.0,SHOES,4.4
6188,26,1490.0,5990.0,SHORTS_SKORTS|KNITWEAR,3.7
6189,36,2290.0,3790.0,KNITWEAR,3.5
6190,43,3290.0,3990.0,JACKETS|CO-ORD SETS,4.5
6191,43,3290.0,4990.0,TROUSERS|PERFUMESNEW,4.6
6192,53,3290.0,5990.0,WORKWEARNEW,4.3
6193,43,2290.0,5990.0,SKIRTS,4.5
6194,26,3290.0,4790.0,JEANS,4.0
6195,41,1890.0,5990.0,PERFUMESNEW|TOPS_BODYSUITS,4.1
6196,49,1990.0,5990.0,WAISTCOATS_GILETS|BASICS,4.1
6197,42,2990.0,5990.0,BASICS,3.6
6198,39,1890.0,3990.0,BASICS|BAGS,4.5
6199,23,2590.0,4990.0,T-SHIRTS_SWEATSHIRTS|DRESSES_JUMPSUITS,4.6
6200,37,890.0,3290.0,TOPS_BODYSUITS|T-SHIRTS_SWEATSHIRTS|ACCESSORIES_JEWELLERY,4.5
6201,48,990.0,3290.0,SHIRTS,4.2
6202,52,1990.0,2990.0,BASICS,3.7
6203,49,2590.0,3990.0,BLAZERS,4.3
6204,51,4990.0,5990.0,DRESSES_JUMPSUITS|BAGS,3.9
6205,31,3290.0,4990.0,SKIRTS,4.0
6206,34,990.0,1990.0,LOUNGEWEARNEW|BAGS,4.5
6207,33,2990.0,3990.0,ACCESSORIES_JEWELLERY,4.7
6208,29,4990.0,5990.0,SHOES|WORKWEARNEW,4.6
6209,48,2290.0,3290.0,ACCESSORIES_JEWELLERY,4.3
6210,18,3990.0,5990.0,BLAZERS,4.7
6211,23,1990.0,3990.0,JEANS|DRESSES_JUMPSUITS,3.6
6212,24,1890.0,2990.0,SPECIAL PRICES,3.6
6213,36,1990.0,2990.0,JEANS,3.8
6214,53,3990.0,5490.0,WORKWEARNEW|BASICS,4.5
6215,19,690.0,3290.0,SHORTS_SKORTS|BAGS|KNITWEAR,4.4
6216,41,2290.0,3290.0,PERFUMESNEW,4.1
6217,23,1590.0,4990.0,BEAUTY,4.5
6218,54,2590.0,4090.0,BAGS|DRESSES_JUMPSUITS,4.6
6219,23,3290.0,4990.0,BASICS,4.4
6220,32,1590.0,4590.0,BLAZERS,4.7
6221,23,4990.0,6490.0,LOUNGEWEARNEW,4.2
6222,22,2890.0,4390.0,DRESSES_JUMPSUITS|TROUSERS,4.0
6223,54,1990.0,3990.0,BLAZERS,4.0
6224,42,1890.0,3290.0,PERFUMESNEW|ACCESSORIES_JEWELLERY|SHORTS_SKORTS,3.6
6225,51,2990.0,4490.0,BEAUTY|TOPS_BODYSUITS|SPECIAL PRICES,3.7
6226,36,3990.0,4990.0,T-SHIRTS_SWEATSHIRTS,4.6
6227,35,2990.0,4990.0,BLAZERS|KNITWEAR|BEAUTY,4.4
6228,51,3990.0,4990.0,SKIRTS|DRESSES_JUMPSUITS,3.9
6229,50,3290.0,5990.0,SHORTS_SKORTS,4.3
6230,42,2590.0,3290.0,SKIRTS,4.0
6231,37,2990.0,5990.0,JACKETS,4.6
6232,37,3290.0,4990.0,BASICS|CO-ORD SETS,4.0
6233,52,790.0,2990.0,PERFUMESNEW,4.6
6234,44,2990.0,3990.0,PERFUMESNEW,4.1
6235,27,2290.0,2990.0,KNITWEAR,4.6
6236,21,2290.0,3290.0,WORKWEARNEW|BASICS,4.1
6237,28,2590.0,4090.0,WAISTCOATS_GILETS,3.7
6238,19,3290.0,3990.0,T-SHIRTS_SWEATSHIRTS|KNITWEAR,4.4
6239,41,1290.0,3290.0,SKIRTS,3.8
6240,28,2290.0,3290.0,TROUSERS,4.2
6241,43,1590.0,3090.0,SHIRTS,4.4
6242,40,3290.0,4990.0,BLAZERS|DRESSES_JUMPSUITS|TOPS_BODYSUITS,4.5
6243,29,2990.0,5590.0,DRESSES_JUMPSUITS|WORKWEARNEW,4.5
6244,30,2990.0,4990.0,BEAUTY,4.3
6245,29,4990.0,6490.0,SKIRTS|BASICS,4.0
6246,50,4990.0,6490.0,BEAUTY,3.7
6247,55,4990.0,7990.0,TROUSERS|T-SHIRTS_SWEATSHIRTS,3.5
6248,30,1990.0,3290.0,BASICS|SHIRTS,3.9
6249,42,1290.0,2990.0,PERFUMESNEW|SKIRTS,4.3
6250,24,2290.0,3290.0,LOUNGEWEARNEW,3.7
6251,21,3290.0,5990.0,ACCESSORIES_JEWELLERY|JEANS,4.5
6252,48,2590.0,4990.0,SPECIAL PRICES,3.7
6253,19,1990.0,3290.0,JEANS|JACKETS,3.9
6254,27,2590.0,8590.0,SHOES|DRESSES_JUMPSUITS,4.3
6255,53,3290.0,4790.0,BAGS,3.6
6256,51,3290.0,5990.0,BEAUTY,4.3
6257,55,3990.0,4990.0,DRESSES_JUMPSUITS|SPECIAL PRICES,4.5
6258,52,1590.0,2990.0,T-SHIRTS_SWEATSHIRTS|WAISTCOATS_GILETS|JACKETS,3.8
6259,26,3990.0,4990.0,SHORTS_SKORTS,4.0
6260,31,2590.0,4090.0,BEAUTY|SPECIAL PRICES,4.3
6261,43,3290.0,4990.0,SKIRTS|DRESSES_JUMPSUITS,3.8
6262,51,2990.0,4490.0,LOUNGEWEARNEW|SPECIAL PRICES,3.6
6263,52,4990.0,5990.0,SHORTS_SKORTS|ACCESSORIES_JEWELLERY|CO-ORD SETS,4.5
6264,40,1890.0,3390.0,JEANS,3.7
6265,42,2290.0,3990.0,DRESSES_JUMPSUITS,3.5
6266,19,2590.0,5590.0,SHORTS_SKORTS|BEAUTY,3.9
6267,20,2990.0,3990.0,ACCESSORIES_JEWELLERY,4.4
6268,50,1590.0,2590.0,T-SHIRTS_SWEATSHIRTS|SHORTS_SKORTS,4.6
6269,54,3990.0,5990.0,CO-ORD SETS,4.0
6270,24,3290.0,3990.0,TOPS_BODYSUITS|JEANS,3.9
6271,38,2890.0,4990.0,LOUNGEWEARNEW|KNITWEAR,4.5
6272,18,1590.0,5990.0,BAGS,3.6
6273,32,2590.0,3290.0,TOPS_BODYSUITS,3.8
6274,28,3990.0,5590.0,SKIRTS|JEANS,3.9
6275,24,2990.0,4990.0,TROUSERS,4.3
6276,39,1890.0,3290.0,JACKETS|CO-ORD SETS|TROUSERS,4.4
6277,53,2990.0,8590.0,SHOES|PERFUMESNEW|SHORTS_SKORTS,4.3
6278,21,690.0,5590.0,SHOES,4.1
6279,35,3990.0,8590.0,WAISTCOATS_GILETS,4.2
6280,36,1990.0,3290.0,DRESSES_JUMPSUITS|CO-ORD SETS,4.2
6281,45,2590.0,3990.0,SHIRTS|SHORTS_SKORTS|JACKETS,3.9
6282,34,3290.0,4790.0,JEANS,3.8
6283,55,1590.0,5990.0,BLAZERS|BEAUTY,4.7
6284,54,3290.0,4990.0,JACKETS|TROUSERS,4.5
6285,43,1990.0,2990.0,BLAZERS|BEAUTY|SHOES,4.6
6286,35,2990.0,3990.0,T-SHIRTS_SWEATSHIRTS|SHIRTS|WORKWEARNEW,4.3
6287,42,1990.0,9990.0,SKIRTS,3.7
6288,49,990.0,2290.0,SHOES|BLAZERS,3.8
6289,36,2990.0,4990.0,BLAZERS|JACKETS,4.5
6290,54,2290.0,3990.0,ACCESSORIES_JEWELLERY|KNITWEAR|TOPS_BODYSUITS,3.8
6291,52,3290.0,4990.0,SHORTS_SKORTS,3.9
6292,41,2990.0,4490.0,JEANS|WORKWEARNEW,4.7
6293,28,4990.0,5990.0,SKIRTS,4.2
6294,27,1890.0,3290.0,ACCESSORIES_JEWELLERY,4.1
6295,54,2590.0,4090.0,PERFUMESNEW|BAGS,4.4
6296,28,3290.0,7590.0,BLAZERS|ACCESSORIES_JEWELLERY,4.1
6297,55,2590.0,4990.0,CO-ORD SETS|DRESSES_JUMPSUITS|SPECIAL PRICES,4.4
6298,33,2990.0,5990.0,PERFUMESNEW,4.3
6299,54,3990.0,5990.0,T-SHIRTS_SWEATSHIRTS|DRESSES_JUMPSUITS,3.8
6300,35,2890.0,4390.0,TOPS_BODYSUITS,4.1
6301,25,2290.0,3290.0,JEANS,4.4
6302,47,3290.0,3990.0,SHORTS_SKORTS,4.5
6303,34,1890.0,3290.0,SKIRTS|CO-ORD SETS|WAISTCOATS_GILETS,3.6
6304,55,490.0,2590.0,BASICS|SHOES,4.3
6305,31,4990.0,5990.0,PERFUMESNEW,3.7
6306,41,2990.0,4990.0,T-SHIRTS_SWEATSHIRTS|ACCESSORIES_JEWELLERY,4.0
6307,33,2990.0,4490.0,BASICS,3.9
6308,36,5990.0,7490.0,JEANS|DRESSES_JUMPSUITS,3.8
6309,35,2990.0,4490.0,SKIRTS|BAGS,3.5
6310,38,2990.0,3990.0,WAISTCOATS_GILETS,4.4
6311,49,2290.0,2890.0,SPECIAL PRICES|DRESSES_JUMPSUITS|WAISTCOATS_GILETS,4.0
6312,35,1290.0,2890.0,SHIRTS|SHORTS_SKORTS|WAISTCOATS_GILETS,3.7
6313,25,1990.0,2590.0,BLAZERS|PERFUMESNEW|ACCESSORIES_JEWELLERY,3.9
6314,47,3290.0,6990.0,CO-ORD SETS|T-SHIRTS_SWEATSHIRTS,4.7
6315,22,590.0,3290.0,SHORTS_SKORTS|ACCESSORIES_JEWELLERY,4.1
6316,50,1290.0,3990.0,ACCESSORIES_JEWELLERY|BASICS|TOPS_BODYSUITS,3.9
6317,33,3290.0,4790.0,WORKWEARNEW|BLAZERS|JACKETS,4.2
6318,39,2990.0,4490.0,CO-ORD SETS|WORKWEARNEW|JEANS,4.7
6319,24,4990.0,6490.0,SKIRTS|JEANS|SHIRTS,4.0
6320,54,2290.0,4990.0,WORKWEARNEW|T-SHIRTS_SWEATSHIRTS,3.5
6321,53,990.0,6990.0,BLAZERS|JEANS,4.6
6322,39,2990.0,4490.0,T-SHIRTS_SWEATSHIRTS|SHIRTS|JACKETS,3.9
6323,51,1890.0,4990.0,LOUNGEWEARNEW|JEANS,3.9
6324,24,3290.0,8590.0,DRESSES_JUMPSUITS|TOPS_BODYSUITS,4.3
6325,23,1290.0,5990.0,BEAUTY,4.2
6326,28,3290.0,7990.0,PERFUMESNEW,3.5
6327,26,3290.0,4990.0,TOPS_BODYSUITS|BEAUTY,3.9
6328,23,2890.0,4390.0,KNITWEAR|T-SHIRTS_SWEATSHIRTS,3.7
6329,18,2590.0,4090.0,CO-ORD SETS|LOUNGEWEARNEW,4.4
6330,47,2590.0,3290.0,LOUNGEWEARNEW|JACKETS,3.6
6331,32,1890.0,2590.0,TOPS_BODYSUITS|SPECIAL PRICES,4.3
6332,33,3290.0,4990.0,KNITWEAR|LOUNGEWEARNEW,4.1
6333,30,3290.0,4990.0,BASICS,4.1
6334,41,1890.0,3290.0,DRESSES_JUMPSUITS,4.7
6335,46,3290.0,4790.0,KNITWEAR|SPECIAL PRICES,4.1
6336,43,1890.0,3390.0,WAISTCOATS_GILETS|SHOES|SKIRTS,4.4
6337,18,5990.0,7490.0,SHORTS_SKORTS|JACKETS,4.1
6338,45,2290.0,3990.0,BAGS,4.4
6339,38,3290.0,5990.0,SKIRTS|DRESSES_JUMPSUITS|KNITWEAR,4.3
6340,38,3290.0,4790.0,TROUSERS|SPECIAL PRICES|BLAZERS,4.3
6341,27,3290.0,3990.0,SHIRTS|LOUNGEWEARNEW,4.1
6342,23,2290.0,3290.0,JACKETS,3.7
6343,18,3290.0,5990.0,PERFUMESNEW|TOPS_BODYSUITS,3.8
6344,19,1990.0,3290.0,BASICS,4.1
6345,37,3290.0,3990.0,KNITWEAR,3.8
6346,39,1990.0,3490.0,WAISTCOATS_GILETS|PERFUMESNEW,4.3
6347,33,3290.0,4790.0,T-SHIRTS_SWEATSHIRTS|WAISTCOATS_GILETS,4.5
6348,37,2290.0,3990.0,WORKWEARNEW|PERFUMESNEW,4.3
6349,33,590.0,3990.0,BASICS,3.8
6350,21,2290.0,4990.0,WORKWEARNEW|SHORTS_SKORTS,4.1
6351,22,2290.0,3290.0,SHIRTS,4.1
6352,28,2290.0,3990.0,SKIRTS|DRESSES_JUMPSUITS,3.9
6353,23,2990.0,3990.0,ACCESSORIES_JEWELLERY|CO-ORD SETS|JACKETS,4.0
6354,41,2590.0,3990.0,SHORTS_SKORTS|SHIRTS,4.6
6355,54,3290.0,4990.0,LOUNGEWEARNEW,3.7
6356,39,1590.0,3090.0,PERFUMESNEW|TROUSERS|WORKWEARNEW,4.5
6357,27,2290.0,4990.0,WAISTCOATS_GILETS,3.7
6358,40,2890.0,4390.0,WAISTCOATS_GILETS|WORKWEARNEW|SHOES,3.6
6359,46,2590.0,4990.0,JACKETS|SKIRTS,3.6
6360,21,2990.0,4990.0,BEAUTY,3.8
6361,49,3990.0,5590.0,CO-ORD SETS|WAISTCOATS_GILETS,3.8
6362,44,1590.0,2990.0,PERFUMESNEW,3.9
6363,47,3290.0,4990.0,BAGS|SHORTS_SKORTS|DRESSES_JUMPSUITS,4.4
6364,32,1590.0,3290.0,TROUSERS,3.8
6365,55,3290.0,5990.0,JACKETS|SKIRTS,4.4
6366,40,2590.0,4090.0,KNITWEAR,4.0
6367,43,3290.0,4790.0,CO-ORD SETS,3.9
6368,31,2990.0,3990.0,T-SHIRTS_SWEATSHIRTS,3.8
6369,55,3990.0,5990.0,PERFUMESNEW|SHORTS_SKORTS,4.3
6370,46,2290.0,5990.0,WAISTCOATS_GILETS,4.1
6371,22,3290.0,4790.0,BAGS,4.0
6372,18,3290.0,5990.0,T-SHIRTS_SWEATSHIRTS|DRESSES_JUMPSUITS,3.9
6373,53,1990.0,3990.0,BEAUTY|SKIRTS|SPECIAL PRICES,3.8
6374,33,2990.0,4990.0,DRESSES_JUMPSUITS,4.3
6375,21,2590.0,4090.0,BAGS|TROUSERS,4.3
6376,45,2290.0,7590.0,DRESSES_JUMPSUITS|WAISTCOATS_GILETS,4.0
6377,27,1990.0,4990.0,JEANS,3.7
6378,50,1890.0,5990.0,BEAUTY,3.7
6379,45,4990.0,5990.0,TOPS_BODYSUITS|SHOES,3.9
6380,41,2990.0,6990.0,CO-ORD SETS,4.1
6381,51,2290.0,3990.0,T-SHIRTS_SWEATSHIRTS|SHORTS_SKORTS|SKIRTS,4.7
6382,26,2990.0,3990.0,BAGS|SPECIAL PRICES,4.6
6383,37,1590.0,3290.0,SHIRTS|JEANS,3.6
6384,23,3990.0,4990.0,ACCESSORIES_JEWELLERY|BAGS,3.9
6385,50,2290.0,3290.0,T-SHIRTS_SWEATSHIRTS|WORKWEARNEW|BAGS,4.4
6386,29,2990.0,11990.0,WAISTCOATS_GILETS|SHORTS_SKORTS|BLAZERS,4.1
6387,41,3290.0,3990.0,SHOES|SHORTS_SKORTS,4.4
6388,39,3290.0,5990.0,LOUNGEWEARNEW,3.5
6389,25,2990.0,4490.0,JEANS|CO-ORD SETS|SHOES,4.2
6390,45,2290.0,4990.0,WORKWEARNEW,4.0
6391,34,1990.0,4990.0,JEANS|BLAZERS,3.6
6392,48,2290.0,2990.0,SHIRTS|DRESSES_JUMPSUITS,4.2
6393,38,1590.0,3290.0,KNITWEAR,4.5
6394,48,2590.0,4990.0,ACCESSORIES_JEWELLERY|BAGS,3.6
6395,51,1990.0,5590.0,ACCESSORIES_JEWELLERY|PERFUMESNEW,3.8
6396,52,2890.0,3990.0,WORKWEARNEW,3.8
6397,18,2590.0,3990.0,T-SHIRTS_SWEATSHIRTS|JEANS,3.5
6398,48,990.0,2490.0,JACKETS|PERFUMESNEW|BEAUTY,4.6
6399,18,1490.0,3290.0,WORKWEARNEW|JEANS,4.6
6400,29,4990.0,6490.0,CO-ORD SETS,3.6
6401,36,2890.0,3990.0,SKIRTS,4.3
6402,37,3290.0,4990.0,BLAZERS,4.2
6403,21,3290.0,4990.0,KNITWEAR,3.6
6404,20,2590.0,3290.0,SPECIAL PRICES,3.5
6405,42,4990.0,5990.0,JACKETS|BLAZERS,4.3
6406,31,2590.0,3290.0,SPECIAL PRICES,4.7
6407,35,2990.0,5990.0,JACKETS|TROUSERS,4.0
6408,54,1290.0,3990.0,ACCESSORIES_JEWELLERY|JEANS|SKIRTS,3.7
6409,55,4990.0,5990.0,SKIRTS,3.6
6410,24,2990.0,5590.0,SHOES,4.3
6411,46,2590.0,4090.0,WAISTCOATS_GILETS,4.1
6412,40,2990.0,11990.0,BASICS|ACCESSORIES_JEWELLERY,3.8
6413,37,2590.0,4090.0,SHOES,4.3
6414,55,1990.0,11990.0,SKIRTS,3.6
6415,50,3290.0,4990.0,T-SHIRTS_SWEATSHIRTS|BLAZERS|SKIRTS,4.6
6416,20,4990.0,5990.0,JACKETS|SKIRTS,4.7
6417,31,3290.0,4790.0,TROUSERS,4.4
6418,27,2890.0,4390.0,SHOES|T-SHIRTS_SWEATSHIRTS,3.6
6419,50,3290.0,5990.0,JEANS|BASICS|TROUSERS,4.2
6420,45,3290.0,7990.0,BEAUTY|SHOES,3.8
6421,38,3290.0,4790.0,SHOES|JACKETS|SPECIAL PRICES,4.6
6422,18,2590.0,5990.0,SHOES|DRESSES_JUMPSUITS,3.9
6423,18,3290.0,4790.0,BASICS|BEAUTY,3.5
6424,36,3990.0,8990.0,BEAUTY,4.6
6425,43,2290.0,3790.0,KNITWEAR,3.7
6426,47,1990.0,2990.0,ACCESSORIES_JEWELLERY,4.4
6427,24,1590.0,3090.0,SHORTS_SKORTS,4.3
6428,41,2290.0,3790.0,SHIRTS,4.3
6429,35,2290.0,3990.0,BAGS,4.5
6430,44,2590.0,4990.0,JEANS|BASICS,4.2
6431,51,3290.0,4990.0,WAISTCOATS_GILETS|SHORTS_SKORTS,3.9
6432,45,2990.0,4990.0,SHIRTS,4.7
6433,40,2990.0,4490.0,WORKWEARNEW|JACKETS,4.1
6434,23,3290.0,4990.0,WORKWEARNEW,3.6
6435,49,890.0,2590.0,BLAZERS|WAISTCOATS_GILETS|SHOES,4.6
6436,50,1890.0,3990.0,SPECIAL PRICES,4.1
6437,28,1890.0,3290.0,SHIRTS|DRESSES_JUMPSUITS,4.4
6438,33,1290.0,3290.0,JACKETS|TROUSERS,4.1
6439,36,2990.0,4990.0,LOUNGEWEARNEW|BEAUTY,4.7
6440,40,2990.0,4990.0,TROUSERS|BASICS,4.1
6441,19,2590.0,4090.0,BLAZERS|JEANS,4.4
6442,23,1590.0,3290.0,KNITWEAR,3.6
6443,52,2990.0,4490.0,SPECIAL PRICES|TROUSERS,3.5
6444,18,3290.0,3990.0,SHORTS_SKORTS|BEAUTY,3.5
6445,52,2590.0,3990.0,TROUSERS|SHORTS_SKORTS,4.3
6446,29,3990.0,7590.0,SHORTS_SKORTS,4.5
6447,29,2590.0,4990.0,SHIRTS|BASICS,4.0
6448,30,1290.0,5990.0,SKIRTS|WORKWEARNEW,3.5
6449,54,3290.0,8590.0,SPECIAL PRICES,4.4
6450,49,790.0,5590.0,WAISTCOATS_GILETS,3.7
6451,25,2290.0,5990.0,BASICS|SHORTS_SKORTS|WORKWEARNEW,4.5
6452,31,3990.0,4990.0,SHIRTS|WORKWEARNEW,4.4
6453,45,2990.0,4490.0,TOPS_BODYSUITS|KNITWEAR,4.2
6454,38,890.0,2290.0,TOPS_BODYSUITS,4.5
6455,24,1590.0,2290.0,LOUNGEWEARNEW|ACCESSORIES_JEWELLERY,3.9
6456,40,2990.0,4990.0,T-SHIRTS_SWEATSHIRTS|DRESSES_JUMPSUITS,4.4
6457,33,2590.0,4090.0,KNITWEAR|CO-ORD SETS,4.0
6458,54,2290.0,4990.0,CO-ORD SETS|PERFUMESNEW|TOPS_BODYSUITS,3.6
6459,18,3990.0,5590.0,BEAUTY|PERFUMESNEW|WAISTCOATS_GILETS,3.5
6460,53,690.0,3290.0,JEANS,3.7
6461,38,3290.0,4990.0,PERFUMESNEW|WORKWEARNEW,4.6
6462,43,3290.0,5990.0,BLAZERS,3.5
6463,48,3290.0,5990.0,WORKWEARNEW|TROUSERS|SPECIAL PRICES,4.1
6464,37,2990.0,4490.0,SHOES|WORKWEARNEW,3.6
6465,45,590.0,3990.0,BAGS,4.2
6466,29,3990.0,4990.0,ACCESSORIES_JEWELLERY,4.1
6467,39,2590.0,4090.0,TOPS_BODYSUITS,3.9
6468,38,2290.0,2990.0,SKIRTS|JEANS,4.6
6469,25,1590.0,3090.0,T-SHIRTS_SWEATSHIRTS,3.6
6470,28,1590.0,7590.0,BLAZERS|JACKETS,4.1
6471,25,2290.0,3290.0,DRESSES_JUMPSUITS|KNITWEAR,4.1
6472,25,3290.0,4990.0,PERFUMESNEW,4.7
6473,31,3990.0,5990.0,SPECIAL PRICES|SHIRTS,3.5
6474,29,3990.0,5990.0,SPECIAL PRICES|PERFUMESNEW|BLAZERS,4.4
6475,53,1890.0,3390.0,SHORTS_SKORTS|SPECIAL PRICES,3.7
6476,45,3290.0,4790.0,TROUSERS,4.1
6477,28,2990.0,4990.0,BAGS|KNITWEAR|SPECIAL PRICES,4.4
6478,30,2890.0,4390.0,WAISTCOATS_GILETS|KNITWEAR,3.6
6479,36,3990.0,5490.0,BLAZERS,4.7
6480,52,2990.0,4490.0,SPECIAL PRICES|SHOES|T-SHIRTS_SWEATSHIRTS,4.2
6481,48,2990.0,4490.0,WORKWEARNEW,3.9
6482,30,2990.0,4990.0,WORKWEARNEW|SHOES,3.7
6483,36,3990.0,5490.0,SPECIAL PRICES|SHORTS_SKORTS,4.1
6484,26,990.0,1590.0,SHOES,4.5
6485,34,1990.0,2590.0,BAGS,4.3
6486,46,2290.0,2990.0,KNITWEAR|CO-ORD SETS,4.6
6487,33,1990.0,4990.0,SPECIAL PRICES|SKIRTS,4.6
6488,43,2990.0,8590.0,TOPS_BODYSUITS,4.6
6489,26,2990.0,5990.0,BASICS,4.5
6490,53,1590.0,3290.0,SPECIAL PRICES|KNITWEAR|ACCESSORIES_JEWELLERY,4.1
6491,42,1590.0,3990.0,TROUSERS|BASICS,3.7
6492,19,2590.0,4990.0,BAGS|BLAZERS|SHOES,3.7
6493,33,2890.0,4390.0,DRESSES_JUMPSUITS|WAISTCOATS_GILETS,4.4
6494,49,1590.0,5590.0,BASICS|SHOES,4.3
6495,30,2990.0,5990.0,BLAZERS,3.6
6496,32,1890.0,3290.0,TROUSERS,4.2
6497,27,3290.0,4790.0,SHIRTS,4.1
6498,20,2290.0,7990.0,JEANS|SPECIAL PRICES,3.8
6499,40,4990.0,9590.0,LOUNGEWEARNEW|BEAUTY|T-SHIRTS_SWEATSHIRTS,4.2
6500,34,2990.0,4490.0,LOUNGEWEARNEW|SKIRTS,4.7
6501,53,2490.0,3290.0,T-SHIRTS_SWEATSHIRTS,4.2
6502,52,3290.0,5990.0,BASICS|SHOES,4.7
6503,32,2990.0,5990.0,JEANS,4.2
6504,41,3290.0,4790.0,BLAZERS,4.1
6505,23,4990.0,6490.0,CO-ORD SETS|SPECIAL PRICES|BEAUTY,3.8
6506,33,2290.0,3290.0,SHORTS_SKORTS|TOPS_BODYSUITS,4.1
6507,28,2990.0,5990.0,WAISTCOATS_GILETS|SHORTS_SKORTS,3.6
6508,38,2990.0,5990.0,CO-ORD SETS,3.8
6509,18,3990.0,7590.0,SHORTS_SKORTS|SHIRTS,4.4
6510,28,3290.0,4990.0,ACCESSORIES_JEWELLERY|CO-ORD SETS,4.3
6511,32,3290.0,3990.0,SPECIAL PRICES,4.7
6512,45,3290.0,5990.0,WORKWEARNEW|JEANS,4.6
6513,47,5990.0,11990.0,KNITWEAR|T-SHIRTS_SWEATSHIRTS|LOUNGEWEARNEW,4.3
6514,25,3290.0,7990.0,BAGS,4.3
6515,20,3290.0,3990.0,TROUSERS,3.8
6516,44,3290.0,4990.0,BLAZERS,4.1
6517,51,1890.0,4990.0,CO-ORD SETS,4.2
6518,26,8990.0,10990.0,T-SHIRTS_SWEATSHIRTS|WORKWEARNEW,4.1
6519,42,3290.0,5990.0,SPECIAL PRICES,4.7
6520,45,3290.0,5990.0,T-SHIRTS_SWEATSHIRTS,4.5
6521,54,4990.0,5990.0,BLAZERS|DRESSES_JUMPSUITS|SKIRTS,4.2
6522,21,2990.0,4990.0,BAGS|KNITWEAR,4.1
6523,38,3290.0,5990.0,SKIRTS|TOPS_BODYSUITS|SHOES,4.0
6524,48,3290.0,4790.0,PERFUMESNEW|BEAUTY,4.1
6525,52,2590.0,5990.0,WAISTCOATS_GILETS,4.0
6526,36,1590.0,3090.0,SHOES|KNITWEAR,3.8
6527,45,1890.0,3290.0,SKIRTS,4.3
6528,51,2290.0,3290.0,LOUNGEWEARNEW|T-SHIRTS_SWEATSHIRTS,4.6
6529,49,3990.0,4990.0,DRESSES_JUMPSUITS|BASICS,3.6
6530,45,3290.0,5990.0,PERFUMESNEW,4.1
6531,35,3290.0,4790.0,SPECIAL PRICES,4.3
6532,55,2990.0,4490.0,SHORTS_SKORTS|CO-ORD SETS,3.7
6533,51,2290.0,2990.0,JEANS|SPECIAL PRICES,4.6
6534,21,2890.0,3990.0,TROUSERS,4.2
6535,23,2990.0,4490.0,WORKWEARNEW,4.3
6536,24,2990.0,4490.0,BLAZERS|BAGS|TOPS_BODYSUITS,4.6
6537,28,2590.0,5990.0,PERFUMESNEW|BEAUTY,3.5
6538,52,3290.0,3990.0,PERFUMESNEW,4.0
6539,53,4990.0,5590.0,SHIRTS,3.8
6540,36,2890.0,4990.0,SKIRTS|BEAUTY|SHORTS_SKORTS,3.9
6541,32,2990.0,4990.0,WAISTCOATS_GILETS|PERFUMESNEW|SPECIAL PRICES,4.3
6542,31,1590.0,4990.0,SHOES|WORKWEARNEW,4.0
6543,19,4990.0,5990.0,T-SHIRTS_SWEATSHIRTS,3.8
6544,48,2590.0,9590.0,TROUSERS|TOPS_BODYSUITS|BLAZERS,3.5
6545,30,2990.0,4490.0,SKIRTS|PERFUMESNEW|WAISTCOATS_GILETS,4.2
6546,42,3290.0,5590.0,SHIRTS|T-SHIRTS_SWEATSHIRTS,4.5
6547,19,2990.0,4990.0,KNITWEAR|BASICS,4.3
6548,41,2590.0,4090.0,BAGS,4.0
6549,21,1990.0,4990.0,BASICS|BLAZERS,4.2
6550,31,1590.0,3290.0,BLAZERS|TROUSERS|WORKWEARNEW,4.3
6551,35,1990.0,3290.0,SPECIAL PRICES|WAISTCOATS_GILETS,3.6
6552,40,2990.0,3990.0,SHIRTS,3.9
6553,46,2290.0,5990.0,TROUSERS,4.0
6554,23,1590.0,5990.0,BEAUTY|KNITWEAR|LOUNGEWEARNEW,3.8
6555,48,1790.0,5990.0,WAISTCOATS_GILETS,3.9
6556,21,1990.0,3290.0,PERFUMESNEW|BEAUTY,3.9
6557,33,990.0,2990.0,BAGS,4.4
6558,43,2990.0,4990.0,DRESSES_JUMPSUITS|CO-ORD SETS|SHOES,4.1
6559,44,3290.0,4790.0,BEAUTY,4.4
6560,31,990.0,3290.0,BASICS,3.6
6561,42,2590.0,5990.0,TOPS_BODYSUITS,4.1
6562,32,2890.0,4390.0,SHIRTS,4.0
6563,29,1990.0,7990.0,CO-ORD SETS|LOUNGEWEARNEW,3.7
6564,21,2590.0,4090.0,SHORTS_SKORTS|KNITWEAR,3.9
6565,47,2290.0,5990.0,BLAZERS,3.7
6566,29,990.0,5990.0,TROUSERS,4.6
6567,36,3290.0,4990.0,JEANS|LOUNGEWEARNEW|BLAZERS,4.1
6568,23,1290.0,2790.0,WORKWEARNEW,3.9
6569,47,4990.0,6490.0,TROUSERS|SHOES,3.8
6570,26,2990.0,4990.0,SHIRTS,4.6
6571,52,2290.0,7590.0,BAGS|BASICS|PERFUMESNEW,3.6
6572,24,1990.0,5990.0,DRESSES_JUMPSUITS|T-SHIRTS_SWEATSHIRTS,4.5
6573,35,2890.0,4990.0,ACCESSORIES_JEWELLERY|SHOES,4.1
6574,25,2990.0,4490.0,BAGS|JEANS,4.5
6575,44,1890.0,7590.0,LOUNGEWEARNEW|SHOES|SHORTS_SKORTS,3.5
6576,51,2290.0,4990.0,SHORTS_SKORTS,4.6
6577,47,2290.0,5990.0,WAISTCOATS_GILETS|TOPS_BODYSUITS,3.6
6578,40,2890.0,5990.0,LOUNGEWEARNEW|TROUSERS,4.5
6579,41,2890.0,4390.0,PERFUMESNEW|ACCESSORIES_JEWELLERY|WORKWEARNEW,4.1
6580,36,3290.0,5990.0,WAISTCOATS_GILETS|T-SHIRTS_SWEATSHIRTS|DRESSES_JUMPSUITS,4.5
6581,21,3290.0,4790.0,WAISTCOATS_GILETS|ACCESSORIES_JEWELLERY|TROUSERS,4.4
6582,18,2990.0,11990.0,SHOES,4.6
6583,44,790.0,5990.0,SKIRTS|BASICS,4.4
6584,50,3290.0,5990.0,SKIRTS|SHIRTS,4.7
6585,28,1990.0,3290.0,BLAZERS|ACCESSORIES_JEWELLERY,4.7
6586,24,2290.0,5990.0,WORKWEARNEW,4.4
6587,51,2990.0,4490.0,SKIRTS|PERFUMESNEW,4.0
6588,38,2590.0,3290.0,TROUSERS,4.2
6589,19,2890.0,4390.0,KNITWEAR,4.1
6590,28,3990.0,5990.0,BASICS,3.8
6591,25,3290.0,4990.0,WORKWEARNEW,4.3
6592,39,3290.0,5990.0,PERFUMESNEW,4.0
6593,37,3290.0,3990.0,SHORTS_SKORTS|WORKWEARNEW,3.9
6594,51,5990.0,9590.0,SHIRTS,3.6
6595,39,2990.0,3990.0,WORKWEARNEW,4.6
6596,45,2590.0,4990.0,BAGS,4.4
6597,18,2290.0,3290.0,CO-ORD SETS,4.4
6598,28,3290.0,4790.0,ACCESSORIES_JEWELLERY,4.5
6599,46,4990.0,5990.0,TOPS_BODYSUITS,4.6
6600,23,2290.0,3290.0,WAISTCOATS_GILETS|PERFUMESNEW,3.8
6601,37,2290.0,3990.0,SPECIAL PRICES,4.0
6602,50,2290.0,3790.0,DRESSES_JUMPSUITS|BAGS,3.9
6603,53,2990.0,4490.0,SHOES,4.0
6604,42,2290.0,8590.0,T-SHIRTS_SWEATSHIRTS,4.3
6605,39,4990.0,5990.0,SHORTS_SKORTS,4.1
6606,42,690.0,4990.0,JEANS|CO-ORD SETS,4.3
6607,38,4990.0,5990.0,PERFUMESNEW|BEAUTY|SPECIAL PRICES,3.6
6608,25,3290.0,4790.0,SPECIAL PRICES|JEANS,4.1
6609,28,1990.0,3990.0,BLAZERS,4.6
6610,51,2590.0,3290.0,T-SHIRTS_SWEATSHIRTS|SHORTS_SKORTS,4.5
6611,44,2990.0,4490.0,PERFUMESNEW,4.1
6612,24,2290.0,4990.0,JEANS|SHORTS_SKORTS,4.3
6613,25,2990.0,4490.0,T-SHIRTS_SWEATSHIRTS|PERFUMESNEW,3.6
6614,47,4990.0,5990.0,WORKWEARNEW,4.3
6615,26,3290.0,7590.0,SPECIAL PRICES|LOUNGEWEARNEW|CO-ORD SETS,3.6
6616,45,2290.0,7590.0,JEANS|KNITWEAR,4.3
6617,21,1890.0,4990.0,SKIRTS,4.1
6618,32,3290.0,4790.0,LOUNGEWEARNEW|WORKWEARNEW,3.8
6619,35,3290.0,5990.0,DRESSES_JUMPSUITS|JACKETS,3.7
6620,50,2890.0,5990.0,SHOES|JEANS,4.3
6621,49,3290.0,3990.0,SPECIAL PRICES|PERFUMESNEW|JACKETS,4.4
6622,20,1990.0,5590.0,SPECIAL PRICES|KNITWEAR|BAGS,3.7
6623,32,2990.0,8590.0,SHOES|ACCESSORIES_JEWELLERY,4.2
6624,43,2590.0,4090.0,WORKWEARNEW,4.4
6625,51,2290.0,3290.0,TOPS_BODYSUITS|CO-ORD SETS,3.9
6626,50,2990.0,4490.0,SHOES,4.5
6627,19,1590.0,3990.0,ACCESSORIES_JEWELLERY|WAISTCOATS_GILETS|WORKWEARNEW,3.7
6628,35,2290.0,3290.0,T-SHIRTS_SWEATSHIRTS,4.4
6629,53,2290.0,3790.0,BLAZERS,3.7
6630,51,2990.0,3990.0,BLAZERS,4.4
6631,49,2590.0,4090.0,KNITWEAR,3.8
6632,52,4990.0,5990.0,CO-ORD SETS|LOUNGEWEARNEW,3.8
6633,45,5990.0,7490.0,SKIRTS|CO-ORD SETS,3.5
6634,51,3990.0,5990.0,SHORTS_SKORTS,4.6
6635,55,3290.0,4990.0,BAGS,4.3
6636,34,1990.0,4990.0,KNITWEAR,3.9
6637,31,2990.0,4490.0,SPECIAL PRICES|JEANS,4.4
6638,33,2290.0,3290.0,SPECIAL PRICES|WORKWEARNEW,4.0
6639,39,2990.0,3990.0,PERFUMESNEW,4.0
6640,46,2590.0,3290.0,SPECIAL PRICES|SKIRTS,4.5
6641,30,2590.0,5990.0,BLAZERS|BEAUTY,4.3
6642,55,2990.0,5590.0,DRESSES_JUMPSUITS|BAGS|SKIRTS,4.0
6643,20,3290.0,4790.0,BAGS|PERFUMESNEW,4.5
6644,43,2990.0,3990.0,BLAZERS,4.6
6645,19,1890.0,2990.0,ACCESSORIES_JEWELLERY,4.1
6646,18,5990.0,7490.0,JEANS|BASICS,3.8
6647,55,2990.0,11990.0,LOUNGEWEARNEW|WORKWEARNEW,3.7
6648,36,1890.0,3290.0,BASICS|DRESSES_JUMPSUITS,4.5
6649,53,2990.0,4490.0,SHORTS_SKORTS|DRESSES_JUMPSUITS,3.8
6650,24,4990.0,7990.0,ACCESSORIES_JEWELLERY|WAISTCOATS_GILETS,3.6
6651,22,2290.0,2890.0,JEANS|BASICS,4.0
6652,21,3290.0,3990.0,KNITWEAR,3.5
6653,20,4990.0,5990.0,T-SHIRTS_SWEATSHIRTS,4.0
6654,25,1890.0,4990.0,LOUNGEWEARNEW,4.1
6655,19,3290.0,5990.0,LOUNGEWEARNEW,3.6
6656,51,3990.0,4990.0,KNITWEAR|CO-ORD SETS,4.1
6657,27,4990.0,5990.0,SHORTS_SKORTS|ACCESSORIES_JEWELLERY,4.4
6658,53,2990.0,4490.0,SHIRTS,4.7
6659,44,3290.0,5990.0,BEAUTY,4.4
6660,38,1590.0,5990.0,SKIRTS|JACKETS|DRESSES_JUMPSUITS,4.2
6661,36,1890.0,4990.0,TOPS_BODYSUITS|SHIRTS,4.7
6662,41,2290.0,3290.0,JEANS,4.0
6663,48,2590.0,4090.0,SHOES,3.6
6664,21,990.0,1990.0,SHOES|BASICS|SPECIAL PRICES,3.7
6665,54,2590.0,7990.0,SHORTS_SKORTS,4.3
6666,51,2290.0,16990.0,SHIRTS|SKIRTS,3.8
6667,34,2990.0,4490.0,T-SHIRTS_SWEATSHIRTS|TROUSERS,4.5
6668,35,2290.0,3790.0,BEAUTY|CO-ORD SETS,3.8
6669,50,3290.0,5990.0,PERFUMESNEW,4.6
6670,35,3290.0,4790.0,LOUNGEWEARNEW|PERFUMESNEW|JEANS,4.1
6671,35,1090.0,1990.0,SHIRTS,4.7
6672,31,3290.0,4990.0,T-SHIRTS_SWEATSHIRTS,3.8
6673,35,1890.0,2990.0,LOUNGEWEARNEW|SHOES|PERFUMESNEW,3.8
6674,42,1590.0,5990.0,SHIRTS,4.5
6675,44,2990.0,4990.0,BEAUTY,3.9
6676,34,3990.0,5990.0,JACKETS|LOUNGEWEARNEW,3.9
6677,53,2990.0,4990.0,BLAZERS|SPECIAL PRICES,3.8
6678,38,390.0,2990.0,KNITWEAR,4.6
6679,40,3990.0,4990.0,BEAUTY,4.2
6680,47,990.0,1890.0,JACKETS|T-SHIRTS_SWEATSHIRTS,4.4
6681,46,2990.0,3990.0,SHOES|DRESSES_JUMPSUITS,3.8
6682,52,2890.0,4590.0,CO-ORD SETS,4.1
6683,19,2990.0,4490.0,SKIRTS|SPECIAL PRICES|JEANS,3.7
6684,21,2290.0,3990.0,CO-ORD SETS|BLAZERS,3.8
6685,53,4990.0,6490.0,BLAZERS,4.3
6686,52,4990.0,5990.0,TROUSERS|BASICS,4.3
6687,37,2890.0,4390.0,JACKETS|SKIRTS,3.7
6688,23,990.0,3290.0,JACKETS|SHORTS_SKORTS,4.3
6689,27,3290.0,5990.0,KNITWEAR|SPECIAL PRICES,4.5
6690,36,2990.0,4490.0,BLAZERS|WAISTCOATS_GILETS,4.0
6691,44,990.0,4990.0,TOPS_BODYSUITS|BASICS,4.1
6692,42,1890.0,3290.0,KNITWEAR,4.3
6693,27,2990.0,4990.0,JEANS|SHIRTS,3.6
6694,47,2590.0,4090.0,SPECIAL PRICES,4.6
6695,40,2990.0,4490.0,PERFUMESNEW,3.9
6696,41,3290.0,5590.0,WORKWEARNEW|CO-ORD SETS,3.8
6697,19,4990.0,5990.0,BEAUTY,4.4
6698,51,2890.0,4390.0,CO-ORD SETS,4.5
6699,34,790.0,4990.0,SHIRTS,3.7
6700,42,1890.0,2590.0,WORKWEARNEW,3.8
6701,53,2990.0,5990.0,SHORTS_SKORTS,4.3
6702,52,790.0,5990.0,SHORTS_SKORTS|BEAUTY,3.8
6703,46,3290.0,3990.0,BLAZERS|TOPS_BODYSUITS,4.4
6704,40,1990.0,3290.0,JEANS,4.4
6705,24,2990.0,4490.0,DRESSES_JUMPSUITS|PERFUMESNEW,4.3
6706,32,2490.0,3290.0,DRESSES_JUMPSUITS,4.5
6707,24,2990.0,4990.0,DRESSES_JUMPSUITS,4.5
6708,21,5990.0,8590.0,JEANS,4.5
6709,24,1890.0,3390.0,SPECIAL PRICES,3.9
6710,18,2590.0,3290.0,ACCESSORIES_JEWELLERY,4.7
6711,28,2590.0,3290.0,WORKWEARNEW,3.8
6712,46,2990.0,3990.0,LOUNGEWEARNEW|SPECIAL PRICES,3.7
6713,28,4990.0,5990.0,BASICS|KNITWEAR|WORKWEARNEW,4.2
6714,30,2590.0,3290.0,JACKETS|SHOES|ACCESSORIES_JEWELLERY,3.9
6715,54,2590.0,5990.0,JEANS|WAISTCOATS_GILETS,3.6
6716,34,2590.0,4090.0,SKIRTS,4.3
6717,44,5990.0,7590.0,T-SHIRTS_SWEATSHIRTS,4.3
6718,45,2990.0,4990.0,SHOES|TROUSERS,4.6
6719,32,2590.0,3990.0,SHORTS_SKORTS|TOPS_BODYSUITS|JACKETS,3.6
6720,49,1890.0,5990.0,BLAZERS|WORKWEARNEW,4.0
6721,53,4990.0,5990.0,SPECIAL PRICES|BAGS|CO-ORD SETS,3.5
6722,29,3990.0,4990.0,ACCESSORIES_JEWELLERY|PERFUMESNEW,4.4
6723,55,3290.0,5990.0,SHOES|WAISTCOATS_GILETS|T-SHIRTS_SWEATSHIRTS,4.0
6724,43,4990.0,8590.0,TROUSERS|SHOES|SPECIAL PRICES,4.6
6725,30,3290.0,4790.0,TOPS_BODYSUITS|TROUSERS,4.1
6726,27,1890.0,3290.0,SHIRTS|BLAZERS,4.3
6727,40,2590.0,3290.0,BASICS|TOPS_BODYSUITS,3.7
6728,50,1890.0,3290.0,BAGS|JEANS,4.1
6729,39,3290.0,4990.0,JEANS,3.8
6730,34,2990.0,4490.0,T-SHIRTS_SWEATSHIRTS,4.1
6731,31,990.0,1890.0,SHOES|SKIRTS,4.6
6732,32,1890.0,4990.0,TOPS_BODYSUITS|BLAZERS,4.4
6733,39,2290.0,2990.0,SHIRTS,3.6
6734,20,4990.0,5990.0,SHOES,3.8
6735,41,3290.0,4990.0,JACKETS|WORKWEARNEW|SHOES,4.2
6736,25,1890.0,3990.0,WORKWEARNEW|PERFUMESNEW,3.8
6737,33,1890.0,3390.0,TROUSERS,4.5
6738,52,1890.0,4990.0,CO-ORD SETS,4.1
6739,22,3290.0,4990.0,BLAZERS|ACCESSORIES_JEWELLERY|SHORTS_SKORTS,4.1
6740,43,3990.0,5990.0,JEANS|SHIRTS,4.7
6741,23,1890.0,5990.0,PERFUMESNEW,4.6
6742,37,2290.0,4990.0,BEAUTY|BASICS,3.6
6743,24,3290.0,4990.0,SHOES|SHORTS_SKORTS|JACKETS,3.5
6744,39,4990.0,5990.0,SKIRTS,3.9
6745,30,2990.0,4490.0,DRESSES_JUMPSUITS,4.0
6746,25,2990.0,4490.0,BASICS,3.7
6747,49,1290.0,2290.0,BEAUTY|JEANS|WORKWEARNEW,3.6
6748,24,2990.0,5590.0,ACCESSORIES_JEWELLERY|DRESSES_JUMPSUITS|BAGS,3.9
6749,36,4990.0,5990.0,BAGS|KNITWEAR,4.0
6750,33,3290.0,4790.0,SPECIAL PRICES|BAGS,3.8
6751,40,1590.0,3290.0,CO-ORD SETS,3.7
6752,28,1590.0,2990.0,ACCESSORIES_JEWELLERY|SHIRTS,4.0
6753,31,2590.0,5990.0,WAISTCOATS_GILETS|SKIRTS,3.6
6754,36,890.0,2890.0,KNITWEAR|SKIRTS|DRESSES_JUMPSUITS,3.9
6755,37,2990.0,4990.0,BAGS|BLAZERS,4.4
6756,50,1290.0,5990.0,TROUSERS,3.5
6757,49,2290.0,5990.0,JEANS|CO-ORD SETS,4.3
6758,41,2990.0,4990.0,BLAZERS|CO-ORD SETS,3.6
6759,18,2990.0,3990.0,TOPS_BODYSUITS|BAGS|CO-ORD SETS,3.6
6760,19,2590.0,5590.0,LOUNGEWEARNEW,3.9
6761,29,2290.0,4990.0,LOUNGEWEARNEW,4.6
6762,30,3990.0,5990.0,TROUSERS|JACKETS,3.7
6763,19,2990.0,4490.0,SHOES|JACKETS,4.4
6764,55,3290.0,7590.0,SHIRTS,3.8
6765,31,3290.0,4990.0,PERFUMESNEW,4.1
6766,28,3290.0,4790.0,WAISTCOATS_GILETS|TOPS_BODYSUITS|BEAUTY,4.6
6767,37,2590.0,4090.0,DRESSES_JUMPSUITS|BEAUTY,3.7
6768,28,2290.0,3290.0,CO-ORD SETS|SHIRTS,4.2
6769,32,1590.0,3290.0,ACCESSORIES_JEWELLERY,3.8
6770,27,3290.0,4990.0,LOUNGEWEARNEW|CO-ORD SETS,3.8
6771,24,2590.0,4090.0,TOPS_BODYSUITS|SPECIAL PRICES,3.5
6772,44,2990.0,4490.0,JACKETS|T-SHIRTS_SWEATSHIRTS,3.6
6773,28,3990.0,4990.0,CO-ORD SETS,4.1
6774,18,2590.0,5990.0,JEANS|CO-ORD SETS,3.8
6775,40,1590.0,3990.0,DRESSES_JUMPSUITS|WAISTCOATS_GILETS,3.5
6776,54,2590.0,4090.0,WAISTCOATS_GILETS|KNITWEAR,4.3
6777,27,3290.0,5990.0,T-SHIRTS_SWEATSHIRTS,4.3
6778,44,3290.0,3990.0,CO-ORD SETS|TOPS_BODYSUITS,4.3
6779,27,2290.0,3290.0,SPECIAL PRICES,3.8
6780,30,2990.0,3990.0,BLAZERS|TROUSERS,4.0
6781,21,2990.0,3990.0,TROUSERS|BAGS,3.9
6782,40,2590.0,4090.0,TROUSERS|TOPS_BODYSUITS,4.0
6783,18,2590.0,3290.0,KNITWEAR|SHOES,4.2
6784,25,1990.0,2590.0,CO-ORD SETS|WORKWEARNEW,4.3
6785,48,2990.0,3990.0,TOPS_BODYSUITS|ACCESSORIES_JEWELLERY,4.0
6786,43,2990.0,5590.0,ACCESSORIES_JEWELLERY|TOPS_BODYSUITS,3.7
6787,32,3290.0,4990.0,BEAUTY|SPECIAL PRICES,3.8
6788,52,2990.0,8590.0,JACKETS,3.5
6789,39,1990.0,3290.0,BEAUTY,3.9
6790,36,3290.0,5990.0,ACCESSORIES_JEWELLERY|TROUSERS,3.5
6791,26,790.0,7590.0,BASICS|CO-ORD SETS|SPECIAL PRICES,4.4
6792,25,2990.0,4490.0,WAISTCOATS_GILETS|TOPS_BODYSUITS,3.6
6793,33,2890.0,4390.0,TROUSERS,4.2
6794,33,2890.0,4990.0,BEAUTY,4.1
6795,19,2890.0,4390.0,DRESSES_JUMPSUITS,4.6
6796,38,2290.0,3290.0,JEANS|SHORTS_SKORTS,4.2
6797,51,3990.0,6990.0,BEAUTY|T-SHIRTS_SWEATSHIRTS,4.0
6798,21,2890.0,3990.0,PERFUMESNEW,4.3
6799,35,3290.0,3990.0,DRESSES_JUMPSUITS|SKIRTS,4.4
6800,41,3290.0,4990.0,T-SHIRTS_SWEATSHIRTS|SHIRTS|BASICS,4.4
6801,21,2590.0,3990.0,TOPS_BODYSUITS,3.9
6802,37,1590.0,2590.0,WAISTCOATS_GILETS|KNITWEAR,3.9
6803,28,2590.0,4090.0,WORKWEARNEW,3.8
6804,37,3290.0,4790.0,SHIRTS|SHORTS_SKORTS,3.9
6805,23,990.0,4990.0,TOPS_BODYSUITS,3.8
6806,43,1990.0,3990.0,WAISTCOATS_GILETS|JEANS|DRESSES_JUMPSUITS,4.2
6807,46,1890.0,5990.0,JACKETS|BLAZERS,3.8
6808,32,1890.0,5990.0,T-SHIRTS_SWEATSHIRTS|BLAZERS,4.1
6809,26,2990.0,4990.0,DRESSES_JUMPSUITS,3.5
6810,47,3290.0,4790.0,ACCESSORIES_JEWELLERY,4.1
6811,48,2990.0,4990.0,SHORTS_SKORTS,4.1
6812,53,1090.0,1990.0,TROUSERS|BEAUTY,3.8
6813,37,2590.0,4090.0,SHORTS_SKORTS,4.4
6814,29,3290.0,5990.0,JEANS|TOPS_BODYSUITS,4.7
6815,24,2590.0,3290.0,TOPS_BODYSUITS|CO-ORD SETS,4.6
6816,27,1890.0,3290.0,CO-ORD SETS,4.2
6817,23,2590.0,3290.0,SHORTS_SKORTS|CO-ORD SETS,4.0
6818,35,2590.0,4090.0,SKIRTS,4.2
6819,50,3290.0,5990.0,SPECIAL PRICES|TROUSERS,3.9
6820,35,3290.0,5990.0,BASICS|BAGS,4.1
6821,54,3290.0,4790.0,LOUNGEWEARNEW|TOPS_BODYSUITS,3.7
6822,25,3290.0,4790.0,BLAZERS,4.7
6823,34,1890.0,4990.0,CO-ORD SETS,3.9
6824,33,2990.0,4490.0,WORKWEARNEW|JEANS,4.3
6825,45,1090.0,3290.0,SKIRTS|BLAZERS|KNITWEAR,3.6
6826,25,2590.0,3290.0,T-SHIRTS_SWEATSHIRTS|TROUSERS,3.7
6827,35,4990.0,7590.0,SHORTS_SKORTS|WAISTCOATS_GILETS,3.8
6828,46,2890.0,5590.0,PERFUMESNEW|SPECIAL PRICES,3.9
6829,29,1290.0,4990.0,BEAUTY,4.3
6830,27,1890.0,3990.0,WAISTCOATS_GILETS,4.3
6831,54,590.0,1890.0,SKIRTS|BLAZERS,4.6
6832,23,2990.0,4490.0,PERFUMESNEW,4.1
6833,42,2290.0,3290.0,SPECIAL PRICES,3.7
6834,39,3290.0,5990.0,SHORTS_SKORTS|SHOES|DRESSES_JUMPSUITS,4.0
6835,24,2990.0,4990.0,BAGS,4.5
6836,54,5590.0,7590.0,KNITWEAR,4.7
6837,48,3290.0,3990.0,T-SHIRTS_SWEATSHIRTS|SKIRTS,4.0
6838,34,3990.0,4990.0,WORKWEARNEW,3.8
6839,38,1890.0,4990.0,JACKETS,3.9
6840,28,1990.0,3290.0,TOPS_BODYSUITS,4.1
6841,50,2990.0,4490.0,LOUNGEWEARNEW,3.6
6842,49,2290.0,4990.0,BEAUTY|TOPS_BODYSUITS,4.2
6843,25,3290.0,3990.0,SKIRTS,4.0
6844,18,2990.0,4990.0,SHOES|JACKETS|BEAUTY,3.6
6845,36,4990.0,7590.0,CO-ORD SETS,4.0
6846,26,2990.0,3990.0,DRESSES_JUMPSUITS|BEAUTY,4.0
6847,41,2990.0,4490.0,BEAUTY,3.8
6848,55,1990.0,3290.0,KNITWEAR|JEANS,3.6
6849,19,2890.0,4990.0,BAGS|CO-ORD SETS,4.2
6850,52,3290.0,3990.0,KNITWEAR|JEANS|SHOES,4.4
6851,37,890.0,3990.0,TOPS_BODYSUITS,4.3
6852,46,2990.0,4490.0,JACKETS,4.6
6853,27,4990.0,5990.0,SKIRTS,3.8
6854,43,950.0,3990.0,CO-ORD SETS,3.7
6855,44,1890.0,3290.0,T-SHIRTS_SWEATSHIRTS,4.4
6856,41,2990.0,4490.0,ACCESSORIES_JEWELLERY|BLAZERS,3.8
6857,21,2990.0,5990.0,WORKWEARNEW,3.8
6858,37,1890.0,2990.0,BAGS,4.6
6859,31,3290.0,3990.0,ACCESSORIES_JEWELLERY|SPECIAL PRICES,4.5
6860,36,2990.0,4490.0,TOPS_BODYSUITS|BEAUTY|TROUSERS,4.1
6861,21,3290.0,3990.0,ACCESSORIES_JEWELLERY|BEAUTY,3.6
6862,41,2590.0,4090.0,TROUSERS,4.2
6863,37,3290.0,4790.0,KNITWEAR|WORKWEARNEW,3.6
6864,50,1890.0,5590.0,SPECIAL PRICES|CO-ORD SETS,3.8
6865,39,2290.0,3290.0,TROUSERS|BLAZERS,4.2
6866,41,3290.0,4990.0,BEAUTY,3.6
6867,24,3290.0,5990.0,BLAZERS,4.6
6868,39,3290.0,4990.0,JACKETS,4.3
6869,44,2990.0,4490.0,T-SHIRTS_SWEATSHIRTS|JACKETS,4.0
6870,29,2590.0,5990.0,ACCESSORIES_JEWELLERY|JEANS,3.8
6871,25,1590.0,3090.0,JEANS|WORKWEARNEW,4.7
6872,43,3290.0,4790.0,TOPS_BODYSUITS,3.9
6873,43,2990.0,3990.0,JEANS|TROUSERS,3.8
6874,52,690.0,4990.0,WORKWEARNEW,4.5
6875,18,4990.0,5990.0,SHIRTS,4.2
6876,46,3990.0,4990.0,SHORTS_SKORTS|KNITWEAR,4.6
6877,41,2990.0,5990.0,TOPS_BODYSUITS,3.8
6878,25,1590.0,4990.0,TOPS_BODYSUITS,4.1
6879,43,2590.0,4090.0,BASICS|DRESSES_JUMPSUITS|T-SHIRTS_SWEATSHIRTS,4.0
6880,25,3290.0,4790.0,BEAUTY|LOUNGEWEARNEW,4.5
6881,24,3290.0,4790.0,JEANS|T-SHIRTS_SWEATSHIRTS,3.5
6882,24,2890.0,9590.0,SHOES|BAGS,3.7
6883,19,1590.0,3290.0,TROUSERS,4.1
6884,21,3990.0,4990.0,SPECIAL PRICES|WORKWEARNEW,3.5
6885,37,3290.0,4990.0,WAISTCOATS_GILETS,3.5
6886,18,4990.0,5590.0,T-SHIRTS_SWEATSHIRTS|WORKWEARNEW,4.4
6887,27,1290.0,4990.0,SKIRTS|ACCESSORIES_JEWELLERY,4.3
6888,41,1990.0,5990.0,BLAZERS|WAISTCOATS_GILETS,4.2
6889,43,3290.0,4990.0,LOUNGEWEARNEW|SHIRTS|SKIRTS,3.7
6890,20,2590.0,3290.0,BEAUTY,3.6
6891,44,2490.0,3290.0,SHOES,4.5
6892,46,1890.0,5990.0,LOUNGEWEARNEW|JACKETS|SHORTS_SKORTS,4.5
6893,36,3990.0,4990.0,TOPS_BODYSUITS|LOUNGEWEARNEW,4.0
6894,25,2290.0,7590.0,JACKETS,4.4
6895,20,2590.0,4090.0,SHIRTS,3.6
6896,20,2290.0,7990.0,PERFUMESNEW|BLAZERS,4.1
6897,23,1990.0,3290.0,DRESSES_JUMPSUITS,3.5
6898,48,4990.0,5990.0,T-SHIRTS_SWEATSHIRTS,4.0
6899,51,2990.0,3990.0,TROUSERS|JEANS,4.4
6900,38,1290.0,2290.0,TROUSERS|BEAUTY,4.1
6901,54,590.0,3990.0,SHORTS_SKORTS|CO-ORD SETS,4.1
6902,40,790.0,2590.0,BAGS,3.7
6903,19,2990.0,5990.0,DRESSES_JUMPSUITS,3.7
6904,39,2990.0,4990.0,SHOES|BLAZERS,4.3
6905,48,3990.0,4990.0,SPECIAL PRICES,4.2
6906,37,1590.0,3290.0,SHOES|T-SHIRTS_SWEATSHIRTS,3.7
6907,18,2590.0,3990.0,CO-ORD SETS,3.9
6908,50,1890.0,2990.0,CO-ORD SETS,4.0
6909,50,2990.0,3990.0,JACKETS|KNITWEAR,3.7
6910,32,3990.0,4990.0,JEANS|DRESSES_JUMPSUITS|BLAZERS,4.7
6911,31,2290.0,3790.0,SHIRTS|DRESSES_JUMPSUITS,3.7
6912,18,3990.0,5490.0,WORKWEARNEW|ACCESSORIES_JEWELLERY,3.8
6913,27,2290.0,3290.0,SPECIAL PRICES,3.6
6914,35,1990.0,6990.0,SHIRTS,3.7
6915,31,2990.0,4490.0,SHIRTS,4.1
6916,28,2590.0,4990.0,ACCESSORIES_JEWELLERY,4.0
6917,32,2890.0,3990.0,SHIRTS|DRESSES_JUMPSUITS,4.2
6918,38,1590.0,3090.0,BEAUTY|JEANS,4.4
6919,26,790.0,2990.0,KNITWEAR,3.9
6920,26,2990.0,3990.0,WORKWEARNEW|DRESSES_JUMPSUITS,4.7
6921,33,4990.0,5990.0,SHORTS_SKORTS|BAGS,4.6
6922,40,3990.0,4990.0,LOUNGEWEARNEW,4.7
6923,55,3990.0,5990.0,TROUSERS|DRESSES_JUMPSUITS,4.6
6924,46,3990.0,4990.0,DRESSES_JUMPSUITS,4.2
6925,21,2590.0,3290.0,JEANS,3.7
6926,43,3290.0,7590.0,CO-ORD SETS,3.6
6927,51,2890.0,4990.0,KNITWEAR|TROUSERS,3.6
6928,46,1290.0,3990.0,BAGS|JEANS|WORKWEARNEW,3.7
6929,22,1590.0,6990.0,BEAUTY,3.6
6930,20,1990.0,2990.0,WORKWEARNEW,4.0
6931,46,3290.0,4790.0,ACCESSORIES_JEWELLERY|TROUSERS,4.1
6932,37,2290.0,3990.0,BAGS|SPECIAL PRICES,4.5
6933,48,1990.0,4990.0,JEANS|LOUNGEWEARNEW,4.2
6934,38,2490.0,3990.0,BAGS|TOPS_BODYSUITS,4.5
6935,46,1990.0,4990.0,T-SHIRTS_SWEATSHIRTS,4.4
6936,22,4990.0,5990.0,SHIRTS|CO-ORD SETS,4.0
6937,48,890.0,3990.0,ACCESSORIES_JEWELLERY,3.8
6938,54,1090.0,4990.0,JEANS|SHORTS_SKORTS,3.7
6939,21,2990.0,4490.0,T-SHIRTS_SWEATSHIRTS,4.4
6940,40,2890.0,5990.0,JACKETS,4.4
6941,50,1590.0,2590.0,KNITWEAR,4.5
6942,48,2590.0,5990.0,BEAUTY|TOPS_BODYSUITS|SHIRTS,4.7
6943,48,990.0,3290.0,SHIRTS|CO-ORD SETS,4.7
6944,28,2990.0,4490.0,DRESSES_JUMPSUITS,4.0
6945,50,1890.0,2990.0,BEAUTY|BAGS|WAISTCOATS_GILETS,4.5
6946,20,2990.0,4490.0,JEANS|TROUSERS|SKIRTS,3.8
6947,40,2890.0,4990.0,BLAZERS,3.7
6948,21,2590.0,4990.0,SKIRTS,4.3
6949,45,2590.0,3290.0,KNITWEAR|SKIRTS|PERFUMESNEW,3.6
6950,42,2590.0,4090.0,ACCESSORIES_JEWELLERY,4.5
6951,37,3290.0,5990.0,JEANS,4.6
6952,26,3290.0,4990.0,BLAZERS|TROUSERS,3.8
6953,41,1590.0,4990.0,SHIRTS|JACKETS|ACCESSORIES_JEWELLERY,3.7
6954,27,2990.0,4490.0,KNITWEAR,4.6
6955,43,2290.0,4990.0,SPECIAL PRICES,3.7
6956,51,1590.0,4990.0,JEANS|SKIRTS,4.6
6957,23,3290.0,4990.0,JEANS,3.5
6958,45,4990.0,6490.0,ACCESSORIES_JEWELLERY,4.1
6959,40,2990.0,4990.0,BLAZERS|SPECIAL PRICES|JACKETS,3.9
6960,33,1990.0,3490.0,WAISTCOATS_GILETS,4.1
6961,49,3990.0,4990.0,BAGS|SPECIAL PRICES,3.9
6962,38,3990.0,4990.0,BLAZERS|WORKWEARNEW,3.8
6963,20,2590.0,3990.0,WORKWEARNEW|LOUNGEWEARNEW,3.9
6964,43,1790.0,4990.0,KNITWEAR|SHOES|JEANS,3.6
6965,27,990.0,2990.0,BASICS,4.0
6966,40,3290.0,4790.0,ACCESSORIES_JEWELLERY,4.0
6967,24,2990.0,4990.0,WORKWEARNEW,4.6
6968,41,2990.0,4490.0,JEANS,4.5
6969,43,2290.0,2990.0,BAGS|SHIRTS|SPECIAL PRICES,3.5
6970,40,2990.0,4490.0,TOPS_BODYSUITS,3.8
6971,23,3290.0,5990.0,BEAUTY|ACCESSORIES_JEWELLERY|SHIRTS,3.6
6972,31,2990.0,4490.0,SPECIAL PRICES|BAGS|TROUSERS,4.3
6973,31,1590.0,2990.0,BAGS|JEANS,3.5
6974,39,3290.0,5990.0,BASICS|PERFUMESNEW,4.2
6975,35,2990.0,5990.0,BASICS,4.6
6976,18,4990.0,6490.0,SHIRTS|SKIRTS,3.9
6977,37,2890.0,4990.0,JACKETS|DRESSES_JUMPSUITS,3.7
6978,22,3290.0,4990.0,LOUNGEWEARNEW,3.6
6979,53,1090.0,3290.0,WAISTCOATS_GILETS,3.8
6980,23,5990.0,7590.0,ACCESSORIES_JEWELLERY|BLAZERS,4.5
6981,49,1590.0,3290.0,SHORTS_SKORTS|DRESSES_JUMPSUITS,3.7
6982,49,2590.0,3990.0,SPECIAL PRICES|T-SHIRTS_SWEATSHIRTS,4.4
6983,37,2590.0,3290.0,BLAZERS|DRESSES_JUMPSUITS,4.2
6984,23,2890.0,4390.0,WAISTCOATS_GILETS|SHIRTS,4.0
6985,25,2990.0,7990.0,BLAZERS|DRESSES_JUMPSUITS|SKIRTS,4.0
6986,51,2590.0,4090.0,LOUNGEWEARNEW|CO-ORD SETS,4.1
6987,39,2990.0,3990.0,DRESSES_JUMPSUITS|TOPS_BODYSUITS|SHOES,3.8
6988,27,1590.0,2990.0,BLAZERS,3.9
6989,19,990.0,7590.0,WORKWEARNEW|ACCESSORIES_JEWELLERY|T-SHIRTS_SWEATSHIRTS,4.1
6990,52,3290.0,3990.0,T-SHIRTS_SWEATSHIRTS|DRESSES_JUMPSUITS,4.5
6991,26,1290.0,3290.0,PERFUMESNEW,4.6
6992,39,2990.0,4990.0,JACKETS|KNITWEAR,4.5
6993,35,2990.0,4490.0,JEANS|KNITWEAR,4.0
6994,41,2890.0,4390.0,KNITWEAR,4.0
6995,32,2590.0,4090.0,TOPS_BODYSUITS|SKIRTS,4.0
6996,46,2990.0,5590.0,ACCESSORIES_JEWELLERY,3.8
6997,33,4990.0,6490.0,WORKWEARNEW|LOUNGEWEARNEW,3.7
6998,47,990.0,5990.0,WORKWEARNEW|LOUNGEWEARNEW,4.4
6999,41,1590.0,3090.0,DRESSES_JUMPSUITS|TROUSERS,3.5
7000,44,2990.0,4490.0,SKIRTS|TROUSERS,3.9
7001,22,2590.0,4090.0,T-SHIRTS_SWEATSHIRTS|LOUNGEWEARNEW,3.5
7002,47,3990.0,4990.0,SHORTS_SKORTS,3.5
7003,37,2990.0,4490.0,PERFUMESNEW|BASICS,4.4
7004,42,3290.0,3990.0,KNITWEAR,4.0
7005,45,950.0,2290.0,WORKWEARNEW,3.7
7006,26,2590.0,5990.0,JEANS|CO-ORD SETS,3.6
7007,29,1990.0,3290.0,BLAZERS,3.6
7008,40,3290.0,3990.0,WAISTCOATS_GILETS,3.8
7009,46,3290.0,4790.0,SKIRTS|LOUNGEWEARNEW,4.3
7010,40,2590.0,3290.0,CO-ORD SETS|KNITWEAR,4.7
7011,34,2990.0,4490.0,KNITWEAR,4.6
7012,36,2990.0,4990.0,SHORTS_SKORTS,4.4
7013,35,3990.0,5490.0,SPECIAL PRICES|DRESSES_JUMPSUITS,3.7
7014,36,790.0,1890.0,PERFUMESNEW|DRESSES_JUMPSUITS|SHORTS_SKORTS,4.0
7015,29,3290.0,4990.0,SHOES|TOPS_BODYSUITS,4.6
7016,52,1990.0,3290.0,TROUSERS|WAISTCOATS_GILETS,4.5
7017,43,2990.0,4990.0,SHORTS_SKORTS|BASICS,4.5
7018,45,2990.0,4990.0,ACCESSORIES_JEWELLERY|WAISTCOATS_GILETS,4.3
7019,24,5990.0,11990.0,CO-ORD SETS|WORKWEARNEW,3.8
7020,51,2890.0,4390.0,SPECIAL PRICES|WORKWEARNEW,4.0
7021,33,1290.0,3290.0,SHOES,4.1
7022,35,4990.0,6490.0,JACKETS,3.6
7023,50,3290.0,4990.0,T-SHIRTS_SWEATSHIRTS|ACCESSORIES_JEWELLERY|KNITWEAR,4.2
7024,31,1990.0,3290.0,TOPS_BODYSUITS,4.5
7025,44,2590.0,3990.0,DRESSES_JUMPSUITS,4.2
7026,39,1890.0,3290.0,TOPS_BODYSUITS,3.8
7027,40,3290.0,4790.0,DRESSES_JUMPSUITS|SHOES,4.2
7028,40,2990.0,5990.0,BLAZERS|WORKWEARNEW,4.5
7029,43,790.0,4990.0,JEANS,4.2
7030,44,3290.0,4990.0,SHORTS_SKORTS|JACKETS|ACCESSORIES_JEWELLERY,3.8
7031,26,3290.0,4790.0,TROUSERS,4.3
7032,46,2290.0,3790.0,WAISTCOATS_GILETS|DRESSES_JUMPSUITS,4.7
7033,42,1990.0,3290.0,WAISTCOATS_GILETS,4.4
7034,45,1590.0,3290.0,TOPS_BODYSUITS|BLAZERS|ACCESSORIES_JEWELLERY,3.7
7035,24,1590.0,3290.0,SKIRTS|ACCESSORIES_JEWELLERY|SHOES,4.0
7036,22,2990.0,3990.0,TOPS_BODYSUITS|DRESSES_JUMPSUITS,4.3
7037,55,4990.0,5590.0,LOUNGEWEARNEW,3.7
7038,50,3290.0,4990.0,TROUSERS,3.7
7039,42,3290.0,3990.0,SHORTS_SKORTS,3.7
7040,19,2990.0,3990.0,BEAUTY|TOPS_BODYSUITS,4.1
7041,46,3290.0,5990.0,T-SHIRTS_SWEATSHIRTS,3.6
7042,19,4990.0,5990.0,JEANS,3.8
7043,19,3990.0,5990.0,SPECIAL PRICES,3.9
7044,21,3290.0,3990.0,SHIRTS|SHOES|JACKETS,3.7
7045,36,2990.0,4490.0,TROUSERS|SHORTS_SKORTS,4.0
7046,55,2590.0,4990.0,SPECIAL PRICES,3.6
7047,34,2890.0,4390.0,SHOES,4.7
7048,23,4990.0,6490.0,SHOES,3.7
7049,29,690.0,3290.0,SPECIAL PRICES|TROUSERS,4.0
7050,52,2590.0,4090.0,SPECIAL PRICES,4.3
7051,38,1090.0,4990.0,BASICS,3.6
7052,50,2990.0,4490.0,SPECIAL PRICES,3.9
7053,55,2290.0,4990.0,SPECIAL PRICES|KNITWEAR,3.6
7054,49,3990.0,4990.0,BASICS,3.6
7055,31,4990.0,5590.0,TROUSERS|TOPS_BODYSUITS,4.0
7056,20,4990.0,6490.0,SHIRTS,4.4
7057,18,3990.0,5590.0,JEANS,4.4
7058,24,2990.0,4490.0,BAGS,4.1
7059,45,1990.0,3290.0,BLAZERS,3.7
7060,23,1890.0,3290.0,BAGS|WAISTCOATS_GILETS|PERFUMESNEW,4.5
7061,49,2590.0,4090.0,ACCESSORIES_JEWELLERY,3.6
7062,24,3290.0,5590.0,T-SHIRTS_SWEATSHIRTS|BEAUTY,3.5
7063,55,2990.0,3990.0,CO-ORD SETS,4.7
7064,38,1890.0,3290.0,TOPS_BODYSUITS|BEAUTY,3.8
7065,33,2990.0,4490.0,BEAUTY|BASICS,3.8
7066,54,3290.0,4790.0,BASICS|LOUNGEWEARNEW,4.2
7067,51,1890.0,5990.0,PERFUMESNEW|ACCESSORIES_JEWELLERY,3.5
7068,43,3290.0,3990.0,DRESSES_JUMPSUITS,4.3
7069,49,3990.0,4990.0,SHORTS_SKORTS,3.7
7070,46,2290.0,3790.0,SHORTS_SKORTS,3.5
7071,18,3290.0,3990.0,WORKWEARNEW,4.6
7072,39,4990.0,6490.0,BASICS|JEANS|SHOES,3.8
7073,30,3990.0,4990.0,BEAUTY|BAGS,4.1
7074,35,1990.0,3990.0,JACKETS,4.0
7075,30,2990.0,4990.0,PERFUMESNEW|JACKETS|CO-ORD SETS,4.6
7076,43,2990.0,4490.0,SKIRTS,3.7
7077,37,2290.0,4990.0,CO-ORD SETS,4.0
7078,40,3990.0,5990.0,SKIRTS|JACKETS,4.5
7079,22,2590.0,3290.0,KNITWEAR|SHOES,3.9
7080,26,4990.0,7990.0,BASICS,4.3
7081,30,5990.0,7490.0,BASICS,4.1
7082,39,2990.0,4590.0,T-SHIRTS_SWEATSHIRTS,4.0
7083,32,2290.0,2990.0,BAGS,3.7
7084,37,2590.0,7590.0,TROUSERS,4.6
7085,51,3290.0,4790.0,SPECIAL PRICES|ACCESSORIES_JEWELLERY,3.9
7086,18,2990.0,5590.0,SHORTS_SKORTS|SPECIAL PRICES,3.7
7087,23,2290.0,3290.0,SHORTS_SKORTS,4.2
7088,21,1990.0,4990.0,TOPS_BODYSUITS,4.6
7089,39,3990.0,4990.0,T-SHIRTS_SWEATSHIRTS,3.7
7090,55,2890.0,4990.0,SKIRTS,4.2
7091,27,950.0,5990.0,TROUSERS|LOUNGEWEARNEW,4.1
7092,22,3290.0,4990.0,JEANS|BEAUTY,3.7
7093,55,2890.0,4390.0,LOUNGEWEARNEW,4.1
7094,47,2590.0,5990.0,SHOES,4.0
7095,40,2990.0,4490.0,PERFUMESNEW|SKIRTS,4.3
7096,22,2990.0,4490.0,JEANS|TROUSERS,4.5
7097,50,2990.0,5990.0,JEANS|ACCESSORIES_JEWELLERY,4.4
7098,52,3290.0,5990.0,SHORTS_SKORTS,4.7
7099,41,1890.0,2990.0,KNITWEAR,3.6
7100,46,4990.0,9590.0,LOUNGEWEARNEW|WORKWEARNEW,4.1
7101,38,2290.0,3790.0,BASICS,4.4
7102,54,4990.0,6490.0,TOPS_BODYSUITS|WAISTCOATS_GILETS,4.2
7103,29,3290.0,3990.0,SKIRTS,4.0
7104,36,2290.0,5990.0,SKIRTS|BAGS|KNITWEAR,4.5
7105,23,1990.0,5990.0,BLAZERS|KNITWEAR,4.1
7106,49,4990.0,5590.0,PERFUMESNEW,4.0
7107,38,490.0,1990.0,SKIRTS|KNITWEAR|PERFUMESNEW,4.3
7108,37,3290.0,3990.0,KNITWEAR|TROUSERS,3.5
7109,27,2990.0,4490.0,SPECIAL PRICES,4.5
7110,47,3990.0,4990.0,BEAUTY,4.2
7111,44,2990.0,5990.0,SPECIAL PRICES,4.0
7112,44,2990.0,4990.0,SHOES,3.5
7113,26,2290.0,3290.0,T-SHIRTS_SWEATSHIRTS,4.7
7114,55,3990.0,4990.0,LOUNGEWEARNEW,3.9
7115,55,2290.0,2990.0,BAGS|BASICS,4.7
7116,49,2290.0,3290.0,SHORTS_SKORTS,3.9
7117,50,2990.0,4490.0,BASICS|BEAUTY,4.1
7118,20,3290.0,3990.0,TROUSERS,4.1
7119,27,3290.0,5990.0,KNITWEAR|JEANS,4.7
7120,43,1990.0,3290.0,DRESSES_JUMPSUITS|TOPS_BODYSUITS,4.1
7121,54,1990.0,3990.0,SHOES|TOPS_BODYSUITS,4.6
7122,51,2990.0,5990.0,BEAUTY,3.5
7123,47,3290.0,4990.0,PERFUMESNEW,3.8
7124,20,4990.0,6490.0,PERFUMESNEW|JEANS,3.8
7125,42,2290.0,4990.0,BAGS|KNITWEAR,4.6
7126,28,1990.0,5990.0,BLAZERS|BEAUTY|TROUSERS,4.1
7127,30,1590.0,10990.0,ACCESSORIES_JEWELLERY,4.0
7128,19,3990.0,4990.0,WAISTCOATS_GILETS|LOUNGEWEARNEW,4.1
7129,34,2590.0,3290.0,PERFUMESNEW,3.9
7130,23,890.0,1990.0,SPECIAL PRICES|LOUNGEWEARNEW,4.0
7131,27,2890.0,3990.0,SHOES,3.6
7132,54,2990.0,3990.0,SHIRTS|JACKETS,4.3
7133,33,2890.0,4990.0,BASICS|KNITWEAR|DRESSES_JUMPSUITS,3.6
7134,50,2990.0,4490.0,ACCESSORIES_JEWELLERY,3.6
7135,42,4990.0,8990.0,DRESSES_JUMPSUITS,3.8
7136,51,2990.0,4490.0,ACCESSORIES_JEWELLERY|BASICS,3.6
7137,39,5990.0,11990.0,SHORTS_SKORTS|DRESSES_JUMPSUITS|TROUSERS,3.9
7138,28,1990.0,3490.0,BEAUTY|PERFUMESNEW|T-SHIRTS_SWEATSHIRTS,4.1
7139,30,3290.0,4790.0,DRESSES_JUMPSUITS|WORKWEARNEW|JEANS,4.5
7140,41,2590.0,3990.0,SHIRTS,3.6
7141,42,1590.0,4990.0,BASICS,3.9
7142,54,1590.0,2990.0,TROUSERS,3.6
7143,54,2990.0,4490.0,BLAZERS|WAISTCOATS_GILETS,4.2
7144,39,3290.0,5990.0,WORKWEARNEW|T-SHIRTS_SWEATSHIRTS,4.2
7145,47,3990.0,5990.0,CO-ORD SETS,3.5
7146,24,4990.0,6490.0,SKIRTS,4.1
7147,18,5990.0,7490.0,SKIRTS,4.6
7148,19,2590.0,4090.0,BLAZERS|JEANS|SHORTS_SKORTS,4.4
7149,48,3290.0,4790.0,CO-ORD SETS|PERFUMESNEW,4.0
7150,23,2590.0,3290.0,JEANS|KNITWEAR,3.9
7151,33,2290.0,3290.0,TROUSERS,4.4
7152,29,2990.0,4990.0,T-SHIRTS_SWEATSHIRTS,4.6
7153,24,3290.0,7590.0,SHORTS_SKORTS,3.8
7154,25,2990.0,4490.0,BLAZERS,3.6
7155,34,2590.0,4090.0,SHIRTS,3.7
7156,44,2590.0,3290.0,DRESSES_JUMPSUITS,4.1
7157,45,3290.0,8590.0,CO-ORD SETS|T-SHIRTS_SWEATSHIRTS,4.4
7158,36,2990.0,4990.0,CO-ORD SETS,4.4
7159,30,2590.0,3290.0,BAGS|SPECIAL PRICES,3.8
7160,43,3990.0,5990.0,DRESSES_JUMPSUITS,4.2
7161,26,990.0,4990.0,PERFUMESNEW|SHOES,3.8
7162,28,990.0,2590.0,BASICS|SHIRTS,4.2
7163,19,2590.0,3990.0,WORKWEARNEW|TOPS_BODYSUITS|BAGS,4.5
7164,36,2290.0,5590.0,BLAZERS,4.0
7165,23,2990.0,4490.0,ACCESSORIES_JEWELLERY|BAGS|WORKWEARNEW,4.4
7166,37,3290.0,5990.0,TROUSERS|SHOES,3.7
7167,21,3290.0,3990.0,SHIRTS|CO-ORD SETS|SHOES,4.5
7168,35,2590.0,4990.0,WORKWEARNEW|T-SHIRTS_SWEATSHIRTS,4.4
7169,37,2290.0,2890.0,BEAUTY|ACCESSORIES_JEWELLERY,4.5
7170,25,1990.0,3490.0,T-SHIRTS_SWEATSHIRTS|BEAUTY,4.4
7171,37,1890.0,3990.0,CO-ORD SETS|SHORTS_SKORTS|WORKWEARNEW,4.7
7172,28,2590.0,3290.0,LOUNGEWEARNEW,3.6
7173,23,3290.0,4990.0,CO-ORD SETS|WAISTCOATS_GILETS,4.0
7174,37,1990.0,2990.0,JEANS,4.5
7175,19,2990.0,4490.0,JEANS|ACCESSORIES_JEWELLERY,4.0
7176,25,990.0,4990.0,PERFUMESNEW|T-SHIRTS_SWEATSHIRTS,4.3
7177,38,1990.0,3990.0,TROUSERS|SPECIAL PRICES,3.8
7178,39,1990.0,2990.0,LOUNGEWEARNEW|PERFUMESNEW,4.6
7179,31,2590.0,5990.0,T-SHIRTS_SWEATSHIRTS,4.3
7180,24,2590.0,5990.0,JACKETS|SHOES|TOPS_BODYSUITS,4.2
7181,45,2590.0,9590.0,DRESSES_JUMPSUITS,4.3
7182,32,1990.0,4990.0,TOPS_BODYSUITS,4.3
7183,22,2990.0,5990.0,BLAZERS|WAISTCOATS_GILETS|KNITWEAR,4.3
7184,44,2590.0,3290.0,BEAUTY,3.5
7185,28,2590.0,3990.0,KNITWEAR,4.0
7186,34,1590.0,2290.0,PERFUMESNEW|T-SHIRTS_SWEATSHIRTS,4.5
7187,47,2990.0,4990.0,WORKWEARNEW,4.4
7188,20,1090.0,5990.0,WORKWEARNEW|T-SHIRTS_SWEATSHIRTS,4.0
7189,23,1890.0,3990.0,BAGS,4.3
7190,27,2990.0,4990.0,BLAZERS,4.2
7191,44,1590.0,2590.0,SHIRTS,3.7
7192,40,3290.0,4990.0,SKIRTS|T-SHIRTS_SWEATSHIRTS,4.6
7193,20,1890.0,3290.0,ACCESSORIES_JEWELLERY,4.1
7194,50,2290.0,5990.0,CO-ORD SETS|SHOES|SKIRTS,3.6
7195,44,2290.0,3990.0,KNITWEAR|BLAZERS,4.4
7196,35,5990.0,11990.0,SHORTS_SKORTS|SKIRTS,3.9
7197,34,1890.0,3990.0,SHORTS_SKORTS|TOPS_BODYSUITS,3.7
7198,45,3290.0,4790.0,CO-ORD SETS|KNITWEAR,4.7
7199,43,1890.0,3290.0,JACKETS,3.5
7200,22,4990.0,6490.0,SKIRTS,4.0
7201,31,2990.0,4490.0,DRESSES_JUMPSUITS,3.7
7202,51,2990.0,4490.0,ACCESSORIES_JEWELLERY|TOPS_BODYSUITS,4.6
7203,32,2990.0,3990.0,WAISTCOATS_GILETS,4.6
7204,27,2290.0,4990.0,BEAUTY,4.5
7205,53,3290.0,6990.0,JEANS,3.7
7206,28,3290.0,8590.0,SHOES|JACKETS,4.2
7207,47,3290.0,4990.0,BLAZERS,4.0
7208,28,1890.0,3290.0,ACCESSORIES_JEWELLERY,4.6
7209,53,2290.0,3990.0,SPECIAL PRICES,3.9
7210,22,1290.0,4990.0,TOPS_BODYSUITS|PERFUMESNEW,4.4
7211,41,1990.0,2990.0,TROUSERS|SPECIAL PRICES|ACCESSORIES_JEWELLERY,3.8
7212,43,2890.0,4390.0,BAGS|BASICS|TROUSERS,4.5
7213,26,1990.0,7590.0,WAISTCOATS_GILETS|BEAUTY,3.6
7214,39,3290.0,7590.0,PERFUMESNEW|WORKWEARNEW,4.4
7215,44,4990.0,7590.0,SKIRTS,4.4
7216,19,3290.0,4990.0,BASICS|BEAUTY,4.4
7217,39,990.0,3290.0,BLAZERS,3.5
7218,28,2290.0,3990.0,JEANS,4.2
7219,40,2290.0,2990.0,BASICS|SHIRTS|ACCESSORIES_JEWELLERY,4.7
7220,36,2590.0,4090.0,KNITWEAR,3.8
7221,26,1990.0,3990.0,KNITWEAR|SHIRTS,3.8
7222,30,3290.0,4790.0,BAGS|DRESSES_JUMPSUITS,4.3
7223,52,2990.0,4490.0,T-SHIRTS_SWEATSHIRTS|ACCESSORIES_JEWELLERY|SKIRTS,4.1
7224,52,3290.0,4790.0,PERFUMESNEW|T-SHIRTS_SWEATSHIRTS,4.6
7225,44,8590.0,11990.0,SHIRTS|SHOES,4.3
7226,30,3290.0,5990.0,BAGS|JACKETS,3.8
7227,35,2890.0,4390.0,SKIRTS,3.5
7228,24,1890.0,3990.0,SHOES,4.7
7229,40,1890.0,3290.0,WAISTCOATS_GILETS|BAGS,4.2
7230,23,2590.0,4090.0,WAISTCOATS_GILETS,3.8
7231,45,2990.0,4490.0,SKIRTS|JEANS|DRESSES_JUMPSUITS,3.6
7232,26,4990.0,5990.0,SKIRTS,4.1
7233,19,2290.0,8590.0,BEAUTY,4.7
7234,45,4990.0,9590.0,BAGS|BEAUTY,4.4
7235,38,5990.0,7490.0,JACKETS,3.8
7236,46,3990.0,6990.0,SHIRTS,3.9
7237,40,3290.0,4990.0,BLAZERS,4.1
7238,36,2990.0,4490.0,SHIRTS|PERFUMESNEW,4.7
7239,18,1590.0,2590.0,SPECIAL PRICES|WORKWEARNEW|JEANS,3.9
7240,44,1290.0,3290.0,SPECIAL PRICES|WAISTCOATS_GILETS,3.5
7241,19,990.0,3290.0,BAGS|ACCESSORIES_JEWELLERY|T-SHIRTS_SWEATSHIRTS,4.2
7242,43,1590.0,3990.0,SHOES,4.4
7243,40,2290.0,2990.0,SPECIAL PRICES,3.7
7244,51,3290.0,5990.0,TROUSERS,4.0
7245,47,3290.0,4990.0,TOPS_BODYSUITS|PERFUMESNEW,4.1
7246,40,3290.0,4990.0,TROUSERS,4.2
7247,38,2290.0,4990.0,BEAUTY|SPECIAL PRICES,4.0
7248,35,4990.0,6990.0,SKIRTS,4.3
7249,20,3290.0,3990.0,BAGS,4.4
7250,30,3290.0,5990.0,KNITWEAR|WAISTCOATS_GILETS,4.0
7251,55,2990.0,5990.0,ACCESSORIES_JEWELLERY|PERFUMESNEW,4.3
7252,51,3290.0,3990.0,SKIRTS,3.6
7253,22,2990.0,4490.0,ACCESSORIES_JEWELLERY|TROUSERS,4.4
7254,39,2590.0,4990.0,BEAUTY,4.2
7255,33,5590.0,11990.0,SHOES,4.4
7256,30,1990.0,2990.0,TOPS_BODYSUITS|LOUNGEWEARNEW,4.2
7257,20,2990.0,3990.0,PERFUMESNEW|CO-ORD SETS,4.3
7258,47,2990.0,3990.0,SPECIAL PRICES|SHIRTS|LOUNGEWEARNEW,4.4
7259,50,2590.0,4090.0,BAGS,4.5
7260,26,3290.0,4990.0,TROUSERS|DRESSES_JUMPSUITS,3.8
7261,40,2590.0,3290.0,SHIRTS|TOPS_BODYSUITS,4.4
7262,44,5990.0,7490.0,BAGS,4.6
7263,27,4990.0,5990.0,SHOES|SHIRTS|BASICS,4.3
7264,19,2290.0,3290.0,WAISTCOATS_GILETS,3.9
7265,22,1890.0,3990.0,WAISTCOATS_GILETS,4.0
7266,24,2590.0,4990.0,SHIRTS|ACCESSORIES_JEWELLERY,4.7
7267,33,2590.0,8590.0,SHIRTS,3.8
7268,27,2590.0,4090.0,WORKWEARNEW|CO-ORD SETS|SHOES,3.8
7269,33,2290.0,2990.0,BEAUTY,3.9
7270,19,4990.0,5590.0,TOPS_BODYSUITS,3.9
7271,39,1590.0,4990.0,PERFUMESNEW|JACKETS|ACCESSORIES_JEWELLERY,3.5
7272,25,3290.0,4790.0,BLAZERS|KNITWEAR|SHIRTS,3.5
7273,53,1590.0,3290.0,BEAUTY|TROUSERS,4.4
7274,20,1990.0,5990.0,JACKETS,4.5
7275,43,1890.0,5990.0,DRESSES_JUMPSUITS,3.6
7276,24,1990.0,3990.0,BEAUTY|JACKETS|BLAZERS,3.6
7277,41,950.0,3990.0,PERFUMESNEW,4.5
7278,42,3290.0,4790.0,PERFUMESNEW|TOPS_BODYSUITS,4.6
7279,31,3290.0,4990.0,SHOES,3.8
7280,23,2590.0,3990.0,BASICS|WORKWEARNEW,3.7
7281,46,4990.0,5590.0,PERFUMESNEW,4.6
7282,45,3290.0,4990.0,JEANS,4.3
7283,20,2590.0,3990.0,T-SHIRTS_SWEATSHIRTS|KNITWEAR,3.8
7284,22,2590.0,3290.0,TROUSERS|ACCESSORIES_JEWELLERY|SHIRTS,4.6
7285,49,1890.0,5990.0,DRESSES_JUMPSUITS,3.5
7286,23,4990.0,6490.0,SKIRTS,3.7
7287,52,3290.0,4790.0,WORKWEARNEW|BEAUTY,3.8
7288,18,990.0,2590.0,BLAZERS,4.0
7289,23,3290.0,5990.0,JEANS|BLAZERS,4.3
7290,38,1890.0,5990.0,WORKWEARNEW,4.0
7291,32,2990.0,5590.0,ACCESSORIES_JEWELLERY|DRESSES_JUMPSUITS,4.1
7292,22,2290.0,3290.0,SHIRTS|PERFUMESNEW,4.1
7293,25,3290.0,4990.0,SPECIAL PRICES,4.2
7294,46,2990.0,4490.0,SPECIAL PRICES|TOPS_BODYSUITS,4.6
7295,30,2990.0,4490.0,SHIRTS,3.8
7296,51,990.0,4990.0,BLAZERS|BEAUTY|TOPS_BODYSUITS,4.2
7297,50,3290.0,4990.0,WORKWEARNEW|JEANS,4.0
7298,49,2990.0,4490.0,SHORTS_SKORTS|WORKWEARNEW,3.8
7299,36,2290.0,3990.0,TROUSERS,4.4
7300,50,4990.0,6490.0,LOUNGEWEARNEW,4.1
7301,52,2990.0,4990.0,BASICS|BLAZERS,4.1
7302,51,2590.0,4990.0,WAISTCOATS_GILETS,4.1
7303,43,2590.0,4990.0,CO-ORD SETS|KNITWEAR,4.3
7304,50,3290.0,3990.0,T-SHIRTS_SWEATSHIRTS|SHIRTS,3.8
7305,21,790.0,3290.0,BLAZERS|BASICS|BEAUTY,3.7
7306,23,3290.0,5990.0,JEANS|DRESSES_JUMPSUITS,4.0
7307,33,4990.0,6490.0,CO-ORD SETS,4.0
7308,41,1590.0,4990.0,BAGS,4.1
7309,51,2290.0,3290.0,CO-ORD SETS,3.8
7310,38,2990.0,4490.0,SKIRTS|BLAZERS|BEAUTY,3.9
7311,39,1590.0,4990.0,WAISTCOATS_GILETS|CO-ORD SETS|BASICS,4.4
7312,37,3990.0,4990.0,JACKETS|SHORTS_SKORTS,3.8
7313,28,3290.0,4790.0,DRESSES_JUMPSUITS,4.3
7314,40,2590.0,4990.0,CO-ORD SETS,4.1
7315,29,3290.0,7990.0,LOUNGEWEARNEW|T-SHIRTS_SWEATSHIRTS,4.1
7316,31,2590.0,7590.0,SKIRTS,3.7
7317,20,3290.0,8590.0,SHIRTS,4.1
7318,49,2590.0,5990.0,TOPS_BODYSUITS,4.2
7319,24,3290.0,3990.0,CO-ORD SETS|BAGS|WAISTCOATS_GILETS,4.3
7320,53,2990.0,5990.0,JACKETS|SHORTS_SKORTS,4.0
7321,29,3290.0,4790.0,SHORTS_SKORTS|WORKWEARNEW,4.0
7322,42,2990.0,4990.0,PERFUMESNEW|BAGS,4.6
7323,43,1290.0,4990.0,KNITWEAR,4.2
7324,50,1890.0,2990.0,WORKWEARNEW|LOUNGEWEARNEW|SKIRTS,3.9
7325,18,2590.0,3990.0,DRESSES_JUMPSUITS,4.6
7326,53,4990.0,6490.0,SHOES,3.6
7327,55,1990.0,4990.0,SKIRTS,4.7
7328,45,2590.0,3290.0,WAISTCOATS_GILETS,3.6
7329,24,490.0,1890.0,LOUNGEWEARNEW,4.1
7330,25,1890.0,3290.0,SKIRTS,3.8
7331,22,690.0,3990.0,BAGS,4.0
7332,48,2990.0,4490.0,ACCESSORIES_JEWELLERY,3.9
7333,49,3290.0,4990.0,PERFUMESNEW|SKIRTS,3.8
7334,54,790.0,2990.0,JACKETS|T-SHIRTS_SWEATSHIRTS,4.4
7335,50,2990.0,5590.0,BEAUTY,4.6
7336,22,1990.0,4990.0,WORKWEARNEW,3.8
7337,45,3290.0,3990.0,SHIRTS,3.6
7338,21,3290.0,3990.0,JEANS|SHIRTS,3.9
7339,35,3990.0,4990.0,SKIRTS|T-SHIRTS_SWEATSHIRTS,4.7
7340,54,4990.0,9590.0,TROUSERS,4.5
7341,27,4990.0,8590.0,BAGS,4.5
7342,48,2590.0,5990.0,LOUNGEWEARNEW|WORKWEARNEW,3.7
7343,28,1890.0,3290.0,T-SHIRTS_SWEATSHIRTS|WORKWEARNEW,3.8
7344,21,790.0,3290.0,LOUNGEWEARNEW|SKIRTS|KNITWEAR,3.6
7345,52,1990.0,3990.0,SHORTS_SKORTS,3.7
7346,52,2990.0,4490.0,SPECIAL PRICES,3.6
7347,37,2990.0,3990.0,BASICS,4.2
7348,39,2290.0,2990.0,PERFUMESNEW,4.5
7349,39,1090.0,4990.0,SPECIAL PRICES|SKIRTS|CO-ORD SETS,3.6
7350,53,1890.0,5990.0,TOPS_BODYSUITS,4.5
7351,50,590.0,1990.0,SPECIAL PRICES|TROUSERS,3.8
7352,48,1090.0,5590.0,SKIRTS,4.5
7353,34,1890.0,3290.0,BLAZERS|SPECIAL PRICES|PERFUMESNEW,4.3
7354,49,4990.0,6490.0,T-SHIRTS_SWEATSHIRTS|BAGS,3.8
7355,44,1890.0,3290.0,BEAUTY|CO-ORD SETS,3.7
7356,52,3990.0,4990.0,SHORTS_SKORTS|SHIRTS,4.4
7357,30,2990.0,3990.0,BAGS|DRESSES_JUMPSUITS,3.8
7358,46,3290.0,9590.0,TOPS_BODYSUITS|WAISTCOATS_GILETS,4.2
7359,40,2290.0,4990.0,JACKETS|TOPS_BODYSUITS,3.8
7360,18,2990.0,4490.0,PERFUMESNEW,3.8
7361,32,2290.0,4990.0,ACCESSORIES_JEWELLERY,3.6
7362,42,1990.0,3290.0,SKIRTS,4.6
7363,24,3290.0,5990.0,JEANS|TOPS_BODYSUITS|BLAZERS,4.6
7364,23,2990.0,3990.0,SHOES|JACKETS|LOUNGEWEARNEW,4.2
7365,48,5990.0,8990.0,BAGS,4.5
7366,40,2990.0,4490.0,ACCESSORIES_JEWELLERY|BEAUTY|BLAZERS,4.7
7367,32,5990.0,7490.0,KNITWEAR,4.1
7368,27,2590.0,3290.0,SHORTS_SKORTS,4.0
7369,42,3290.0,5990.0,BEAUTY|PERFUMESNEW,3.6
7370,21,1590.0,4990.0,SHOES,4.3
7371,37,2990.0,5990.0,WAISTCOATS_GILETS|BASICS|TROUSERS,4.0
7372,54,2290.0,3290.0,BASICS|BLAZERS,4.3
7373,33,3290.0,4990.0,TROUSERS,3.7
7374,28,1990.0,2990.0,SHOES|BEAUTY|TROUSERS,4.6
7375,47,3290.0,5990.0,TOPS_BODYSUITS,4.0
7376,40,3290.0,7590.0,WAISTCOATS_GILETS|TROUSERS|SHIRTS,3.9
7377,55,2990.0,4990.0,BAGS,3.6
7378,19,2590.0,4090.0,WAISTCOATS_GILETS|ACCESSORIES_JEWELLERY,3.5
7379,31,2990.0,4490.0,WAISTCOATS_GILETS|DRESSES_JUMPSUITS,4.5
7380,40,3290.0,5990.0,WAISTCOATS_GILETS|BAGS,4.6
7381,35,1590.0,2990.0,SHOES|ACCESSORIES_JEWELLERY,3.6
7382,48,1890.0,3390.0,ACCESSORIES_JEWELLERY|TROUSERS|TOPS_BODYSUITS,4.4
7383,48,3290.0,5990.0,SHOES|BAGS,4.6
7384,26,2990.0,4490.0,TOPS_BODYSUITS,4.2
7385,32,1990.0,2990.0,SKIRTS,4.2
7386,28,3290.0,3990.0,JACKETS|ACCESSORIES_JEWELLERY,4.2
7387,28,1890.0,3290.0,SHOES,4.4
7388,44,2290.0,4990.0,LOUNGEWEARNEW,3.7
7389,37,590.0,2590.0,BAGS,4.6
7390,35,2290.0,3290.0,WAISTCOATS_GILETS|SKIRTS,4.4
7391,26,1990.0,2890.0,ACCESSORIES_JEWELLERY,3.8
7392,25,5990.0,7490.0,PERFUMESNEW|BEAUTY|TROUSERS,3.9
7393,23,1590.0,2590.0,PERFUMESNEW,4.4
7394,29,3290.0,3990.0,SHORTS_SKORTS|SPECIAL PRICES,4.7
7395,29,3290.0,5990.0,CO-ORD SETS,3.5
7396,35,3290.0,4790.0,SHIRTS|SPECIAL PRICES,4.0
7397,28,2990.0,3990.0,BEAUTY|TOPS_BODYSUITS,3.8
7398,49,1590.0,5990.0,TOPS_BODYSUITS|BLAZERS,3.8
7399,54,1890.0,7590.0,SPECIAL PRICES|BLAZERS,4.4
7400,46,2890.0,3990.0,TOPS_BODYSUITS|SPECIAL PRICES,4.6
7401,51,3990.0,5490.0,KNITWEAR|SKIRTS,3.8
7402,37,2290.0,3990.0,T-SHIRTS_SWEATSHIRTS|DRESSES_JUMPSUITS|BASICS,3.7
7403,21,2290.0,2990.0,CO-ORD SETS,4.2
7404,36,2590.0,4090.0,SPECIAL PRICES,4.6
7405,22,2590.0,4090.0,TOPS_BODYSUITS,4.1
7406,34,2290.0,5990.0,SHOES,4.4
7407,20,2290.0,3290.0,TOPS_BODYSUITS,4.4
7408,23,790.0,2590.0,KNITWEAR|CO-ORD SETS|T-SHIRTS_SWEATSHIRTS,4.1
7409,51,1890.0,3990.0,KNITWEAR,3.7
7410,42,2990.0,5990.0,SHORTS_SKORTS|CO-ORD SETS,4.4
7411,40,3290.0,5990.0,CO-ORD SETS|SHOES|SPECIAL PRICES,4.4
7412,55,1290.0,4990.0,TOPS_BODYSUITS|SHIRTS,4.7
7413,47,3290.0,3990.0,PERFUMESNEW,4.1
7414,39,2590.0,3290.0,SPECIAL PRICES,4.6
7415,48,3290.0,3990.0,BAGS|WAISTCOATS_GILETS,3.6
7416,42,1590.0,3290.0,WAISTCOATS_GILETS|DRESSES_JUMPSUITS,3.7
7417,30,2990.0,6990.0,ACCESSORIES_JEWELLERY,3.9
7418,27,2890.0,3990.0,PERFUMESNEW|ACCESSORIES_JEWELLERY,3.5
7419,37,4990.0,6490.0,BEAUTY,4.0
7420,42,2990.0,5990.0,SHIRTS|TROUSERS,4.3
7421,34,1290.0,3990.0,T-SHIRTS_SWEATSHIRTS|DRESSES_JUMPSUITS,4.2
7422,35,1890.0,3390.0,BLAZERS|TOPS_BODYSUITS,4.1
7423,50,2990.0,4490.0,SHORTS_SKORTS|JACKETS,3.7
7424,28,2290.0,4990.0,SHIRTS,3.9
7425,36,1890.0,3390.0,DRESSES_JUMPSUITS,4.4
7426,30,3290.0,11990.0,ACCESSORIES_JEWELLERY|BASICS,4.3
7427,49,3290.0,8990.0,BASICS,4.3
7428,48,2990.0,4490.0,PERFUMESNEW|SHOES,4.6
7429,18,2590.0,7590.0,SHIRTS|WAISTCOATS_GILETS|JACKETS,4.3
7430,45,1590.0,2990.0,LOUNGEWEARNEW|TOPS_BODYSUITS|ACCESSORIES_JEWELLERY,4.3
7431,29,2290.0,4990.0,BEAUTY|TROUSERS,4.3
7432,39,1990.0,5990.0,ACCESSORIES_JEWELLERY|SKIRTS|T-SHIRTS_SWEATSHIRTS,4.4
7433,50,1890.0,3290.0,WAISTCOATS_GILETS,3.5
7434,53,3290.0,4990.0,BAGS|TROUSERS,4.4
7435,18,1590.0,4990.0,LOUNGEWEARNEW|JACKETS,4.3
7436,48,2290.0,3290.0,T-SHIRTS_SWEATSHIRTS,3.6
7437,19,2990.0,4490.0,BLAZERS,4.1
7438,42,3290.0,6990.0,SKIRTS,4.2
7439,29,2290.0,3790.0,JEANS,4.2
7440,25,2890.0,4990.0,WAISTCOATS_GILETS,3.8
7441,51,1890.0,3290.0,BEAUTY,4.2
7442,54,1590.0,4990.0,SHOES|DRESSES_JUMPSUITS,3.6
7443,46,2990.0,7590.0,BLAZERS|SHORTS_SKORTS,4.4
7444,21,2990.0,7990.0,BASICS|PERFUMESNEW|SHORTS_SKORTS,4.0
7445,55,3990.0,5490.0,T-SHIRTS_SWEATSHIRTS|CO-ORD SETS,3.6
7446,19,2990.0,5990.0,DRESSES_JUMPSUITS,3.6
7447,18,3290.0,3990.0,ACCESSORIES_JEWELLERY|LOUNGEWEARNEW|BASICS,4.5
7448,51,3290.0,4990.0,JEANS|WAISTCOATS_GILETS,4.3
7449,27,2590.0,4990.0,JACKETS|JEANS,4.0
7450,46,1990.0,2990.0,JACKETS|KNITWEAR,4.4
7451,49,3290.0,4790.0,BLAZERS|SHORTS_SKORTS,3.6
7452,42,2990.0,9590.0,TROUSERS|BAGS|KNITWEAR,3.9
7453,45,1590.0,2290.0,SKIRTS,4.2
7454,35,2290.0,3990.0,JACKETS|JEANS,4.1
7455,20,3990.0,4990.0,BAGS,4.4
7456,23,1090.0,4990.0,BASICS|T-SHIRTS_SWEATSHIRTS,3.9
7457,47,3990.0,5490.0,JEANS,3.6
7458,32,2890.0,8590.0,ACCESSORIES_JEWELLERY,4.2
7459,45,1990.0,3290.0,BASICS,4.0
7460,21,2990.0,5990.0,T-SHIRTS_SWEATSHIRTS,4.5
7461,33,3990.0,4990.0,KNITWEAR|JEANS,4.4
7462,29,2590.0,9590.0,JEANS,4.4
7463,38,2990.0,4490.0,SHOES|WAISTCOATS_GILETS|CO-ORD SETS,3.7
7464,45,1590.0,3290.0,SKIRTS|PERFUMESNEW,4.2
7465,42,2590.0,5990.0,JEANS,4.3
7466,26,2590.0,3290.0,SHOES|KNITWEAR,4.1
7467,22,1890.0,3990.0,SHORTS_SKORTS,4.0
7468,50,990.0,2990.0,SHIRTS,3.7
7469,41,2990.0,4490.0,BASICS|LOUNGEWEARNEW,3.7
7470,52,2990.0,7590.0,SHORTS_SKORTS,4.1
7471,36,3290.0,4990.0,SHIRTS|LOUNGEWEARNEW,3.6
7472,31,1890.0,2590.0,SHORTS_SKORTS,4.5
7473,40,3290.0,4790.0,ACCESSORIES_JEWELLERY|CO-ORD SETS|BEAUTY,3.7
7474,42,1290.0,2990.0,KNITWEAR,4.2
7475,36,3290.0,5990.0,LOUNGEWEARNEW,4.3
7476,23,3290.0,3990.0,KNITWEAR|TROUSERS|SPECIAL PRICES,3.7
7477,33,2590.0,3990.0,T-SHIRTS_SWEATSHIRTS,4.5
7478,20,3290.0,4990.0,BAGS|TROUSERS|CO-ORD SETS,3.8
7479,45,2590.0,3290.0,LOUNGEWEARNEW,4.3
7480,51,2890.0,4390.0,T-SHIRTS_SWEATSHIRTS|WAISTCOATS_GILETS,4.3
7481,36,4990.0,6490.0,WORKWEARNEW,3.6
7482,27,2590.0,3290.0,T-SHIRTS_SWEATSHIRTS|WAISTCOATS_GILETS,3.6
7483,42,3290.0,4990.0,SPECIAL PRICES,4.4
7484,27,2290.0,3990.0,ACCESSORIES_JEWELLERY|JACKETS|BLAZERS,4.1
7485,55,690.0,2290.0,SHOES,3.6
7486,46,990.0,3990.0,WORKWEARNEW|SHOES,4.6
7487,20,2590.0,4090.0,ACCESSORIES_JEWELLERY,3.6
7488,33,1290.0,3290.0,BLAZERS,4.4
7489,22,3290.0,3990.0,KNITWEAR,4.3
7490,54,1890.0,5990.0,SHORTS_SKORTS,4.4
7491,29,2590.0,5990.0,SHIRTS|SKIRTS,4.1
7492,32,790.0,4990.0,SHOES|WORKWEARNEW,4.4
7493,23,3290.0,5590.0,SHOES|CO-ORD SETS,4.0
7494,30,2290.0,3290.0,TROUSERS|DRESSES_JUMPSUITS,3.7
7495,43,2290.0,3290.0,T-SHIRTS_SWEATSHIRTS|SHIRTS,4.5
7496,31,1090.0,4990.0,BAGS,4.4
7497,46,2290.0,5990.0,LOUNGEWEARNEW|BAGS,3.8
7498,39,3290.0,4990.0,TOPS_BODYSUITS|WAISTCOATS_GILETS,4.6
7499,41,3290.0,3990.0,LOUNGEWEARNEW,4.2
7500,35,2990.0,3990.0,SHOES|WAISTCOATS_GILETS,3.6
7501,20,3290.0,4790.0,BAGS|BEAUTY,3.6
7502,53,2990.0,5990.0,BASICS|WORKWEARNEW,4.4
7503,40,2290.0,6990.0,WORKWEARNEW,4.1
7504,48,2990.0,8590.0,SPECIAL PRICES,3.9
7505,37,790.0,3290.0,BLAZERS|SHORTS_SKORTS,3.9
7506,46,2290.0,2990.0,BASICS|PERFUMESNEW,3.8
7507,31,1990.0,3290.0,TROUSERS|LOUNGEWEARNEW,4.5
7508,26,2990.0,4990.0,TROUSERS,4.3
7509,51,1590.0,3290.0,TOPS_BODYSUITS,4.2
7510,36,3290.0,4790.0,PERFUMESNEW,3.5
7511,50,3290.0,5990.0,LOUNGEWEARNEW|WORKWEARNEW,4.2
7512,34,2590.0,4990.0,CO-ORD SETS,4.5
7513,31,1290.0,5990.0,ACCESSORIES_JEWELLERY|LOUNGEWEARNEW,4.1
7514,21,2990.0,4490.0,BEAUTY|T-SHIRTS_SWEATSHIRTS|BLAZERS,4.4
7515,27,1990.0,3290.0,SKIRTS,4.6
7516,47,2990.0,4490.0,SHOES|BAGS,4.2
7517,29,3290.0,3990.0,CO-ORD SETS,4.3
7518,37,3990.0,7590.0,DRESSES_JUMPSUITS|JEANS,4.5
7519,55,2590.0,3290.0,T-SHIRTS_SWEATSHIRTS,4.4
7520,50,4990.0,6490.0,JACKETS,4.4
7521,22,1290.0,5590.0,T-SHIRTS_SWEATSHIRTS,3.5
7522,43,4990.0,5590.0,CO-ORD SETS|PERFUMESNEW,4.1
7523,19,3290.0,4990.0,SPECIAL PRICES,4.6
7524,18,3990.0,4990.0,BAGS,4.2
7525,19,3290.0,5990.0,TOPS_BODYSUITS|WORKWEARNEW,4.4
7526,52,2990.0,4990.0,KNITWEAR,4.2
7527,28,3290.0,3990.0,KNITWEAR,3.5
7528,33,1890.0,3290.0,SPECIAL PRICES,4.5
7529,29,3290.0,4990.0,TOPS_BODYSUITS|SHORTS_SKORTS|LOUNGEWEARNEW,3.7
7530,53,4990.0,5990.0,TROUSERS|JACKETS,3.6
7531,43,790.0,1990.0,BASICS|BAGS,3.8
7532,40,2290.0,2890.0,DRESSES_JUMPSUITS,3.9
7533,29,1590.0,5990.0,SKIRTS,4.6
7534,43,2990.0,3990.0,CO-ORD SETS,4.5
7535,41,1090.0,3290.0,SHIRTS,3.7
7536,34,3290.0,4990.0,SHIRTS,3.6
7537,28,3290.0,4790.0,JEANS|PERFUMESNEW,3.9
7538,42,2590.0,4090.0,BASICS|JEANS,4.4
7539,53,4990.0,5990.0,BAGS|ACCESSORIES_JEWELLERY,3.7
7540,48,2590.0,3290.0,TROUSERS,4.6
7541,21,4990.0,5990.0,BASICS,4.5
7542,51,2290.0,4990.0,BEAUTY,4.4
7543,19,3290.0,5990.0,PERFUMESNEW|BLAZERS,4.4
7544,27,1990.0,3290.0,ACCESSORIES_JEWELLERY,4.4
7545,25,1890.0,3390.0,BEAUTY,3.9
7546,35,2990.0,4490.0,BLAZERS|BEAUTY,4.7
7547,53,4990.0,6490.0,T-SHIRTS_SWEATSHIRTS,4.6
7548,40,1890.0,4990.0,BASICS|SKIRTS,3.8
7549,24,3290.0,4990.0,KNITWEAR,4.5
7550,38,2290.0,4990.0,CO-ORD SETS,4.7
7551,22,2990.0,5590.0,BAGS|BEAUTY,4.4
7552,50,4990.0,6490.0,TOPS_BODYSUITS,4.0
7553,22,3990.0,4990.0,TROUSERS|BEAUTY,3.9
7554,54,1990.0,3990.0,CO-ORD SETS|JACKETS,4.0
7555,52,2590.0,3290.0,SHORTS_SKORTS,3.8
7556,35,2890.0,4390.0,SHORTS_SKORTS,4.0
7557,33,2590.0,4990.0,SHIRTS|KNITWEAR,4.4
7558,26,2990.0,4990.0,SHOES,4.1
7559,37,2590.0,3990.0,SPECIAL PRICES|SHIRTS,4.7
7560,18,3290.0,4990.0,SHIRTS,4.0
7561,54,1890.0,2990.0,TROUSERS,4.6
7562,29,590.0,4990.0,T-SHIRTS_SWEATSHIRTS,3.7
7563,50,1990.0,3990.0,TROUSERS|BLAZERS,4.5
7564,20,1590.0,4990.0,DRESSES_JUMPSUITS|SHIRTS|CO-ORD SETS,4.0
7565,31,1990.0,3290.0,JACKETS|KNITWEAR,4.6
7566,53,2990.0,4490.0,SHOES,4.2
7567,42,2590.0,4990.0,SHORTS_SKORTS|SPECIAL PRICES|KNITWEAR,3.5
7568,29,1590.0,2290.0,JEANS,4.7
7569,19,3990.0,4990.0,TOPS_BODYSUITS|BASICS|SHORTS_SKORTS,3.9
7570,21,3290.0,3990.0,BASICS|PERFUMESNEW,4.6
7571,30,3990.0,11990.0,TROUSERS,3.9
7572,20,1590.0,5990.0,SHOES|SPECIAL PRICES,4.7
7573,53,1990.0,2990.0,BLAZERS|TROUSERS,4.4
7574,49,3990.0,4990.0,ACCESSORIES_JEWELLERY|BEAUTY,4.0
7575,32,1990.0,3290.0,TOPS_BODYSUITS|SPECIAL PRICES,4.6
7576,34,1890.0,2590.0,BASICS,3.8
7577,41,4990.0,5990.0,SPECIAL PRICES,3.7
7578,27,990.0,2590.0,ACCESSORIES_JEWELLERY,3.8
7579,34,2590.0,3290.0,ACCESSORIES_JEWELLERY|JACKETS,4.2
7580,31,2590.0,7590.0,KNITWEAR|BAGS,4.0
7581,42,3990.0,4990.0,BAGS,3.7
7582,42,3990.0,4990.0,LOUNGEWEARNEW|T-SHIRTS_SWEATSHIRTS|WAISTCOATS_GILETS,3.7
7583,22,2990.0,4490.0,PERFUMESNEW,4.2
7584,52,2590.0,4090.0,TROUSERS|BEAUTY,3.6
7585,46,3990.0,6990.0,JACKETS,4.2
7586,25,2990.0,4490.0,T-SHIRTS_SWEATSHIRTS|DRESSES_JUMPSUITS,4.5
7587,27,2290.0,3990.0,SHIRTS,4.0
7588,20,1590.0,3290.0,SKIRTS|PERFUMESNEW|LOUNGEWEARNEW,4.6
7589,19,2990.0,3990.0,KNITWEAR|LOUNGEWEARNEW,4.7
7590,43,4990.0,5990.0,WAISTCOATS_GILETS,4.6
7591,30,2290.0,5990.0,CO-ORD SETS,4.3
7592,44,2990.0,4490.0,SHIRTS,4.6
7593,37,3290.0,5990.0,TROUSERS|BLAZERS,3.6
7594,42,1790.0,3990.0,KNITWEAR|SHORTS_SKORTS,4.4
7595,41,1090.0,2590.0,BASICS|SHOES,4.0
7596,23,1590.0,3290.0,BEAUTY|T-SHIRTS_SWEATSHIRTS,3.9
7597,53,2290.0,4990.0,TROUSERS|WAISTCOATS_GILETS,3.8
7598,38,2590.0,3290.0,SPECIAL PRICES|JACKETS|TROUSERS,4.0
7599,26,3990.0,8990.0,BASICS|TOPS_BODYSUITS,4.2
7600,51,1590.0,3990.0,TROUSERS|TOPS_BODYSUITS,4.3
7601,22,3290.0,5990.0,BAGS|CO-ORD SETS|SKIRTS,3.8
7602,35,3290.0,4790.0,ACCESSORIES_JEWELLERY,4.6
7603,54,2590.0,3290.0,SKIRTS|BASICS,3.5
7604,49,3290.0,4990.0,WAISTCOATS_GILETS|SHOES,3.9
7605,18,3290.0,4990.0,BASICS|JACKETS,4.4
7606,25,1990.0,3290.0,WAISTCOATS_GILETS|SHORTS_SKORTS|SPECIAL PRICES,4.4
7607,52,1890.0,5990.0,BASICS,3.9
7608,44,1590.0,3290.0,ACCESSORIES_JEWELLERY,3.8
7609,51,2290.0,2990.0,JEANS|LOUNGEWEARNEW,3.8
7610,34,4990.0,5990.0,BEAUTY|ACCESSORIES_JEWELLERY,3.9
7611,45,2590.0,3290.0,KNITWEAR|SPECIAL PRICES|DRESSES_JUMPSUITS,4.2
7612,50,2890.0,5990.0,ACCESSORIES_JEWELLERY,4.6
7613,44,1890.0,2990.0,BASICS|SHIRTS|BLAZERS,3.7
7614,18,2590.0,5990.0,JEANS,4.6
7615,36,2990.0,5590.0,JEANS|TROUSERS|TOPS_BODYSUITS,4.1
7616,48,2990.0,4990.0,PERFUMESNEW,4.5
7617,40,2590.0,3990.0,JACKETS,4.3
7618,37,2290.0,3990.0,SHORTS_SKORTS|BEAUTY|SPECIAL PRICES,4.1
7619,41,2290.0,2990.0,CO-ORD SETS|SKIRTS|SHORTS_SKORTS,4.0
7620,31,1990.0,3290.0,ACCESSORIES_JEWELLERY|SHIRTS,4.0
7621,30,1890.0,4990.0,BAGS|BASICS,4.1
7622,22,3990.0,4990.0,SKIRTS|BASICS,3.7
7623,40,3990.0,5990.0,BASICS,4.1
7624,20,3990.0,4990.0,ACCESSORIES_JEWELLERY,4.6
7625,37,3990.0,5990.0,SHIRTS|JACKETS,4.0
7626,38,3290.0,3990.0,SPECIAL PRICES|SHIRTS|BAGS,4.2
7627,19,2990.0,4490.0,JACKETS|LOUNGEWEARNEW|ACCESSORIES_JEWELLERY,4.5
7628,31,990.0,1590.0,TROUSERS,4.5
7629,28,7990.0,8590.0,TROUSERS,3.6
7630,44,2290.0,9590.0,WORKWEARNEW,3.9
7631,31,1890.0,3290.0,WORKWEARNEW,3.9
7632,30,3290.0,4790.0,WORKWEARNEW|SHOES|BLAZERS,4.4
7633,31,2990.0,4490.0,ACCESSORIES_JEWELLERY|KNITWEAR,3.6
7634,31,1590.0,2890.0,ACCESSORIES_JEWELLERY|SPECIAL PRICES,4.6
7635,41,3290.0,4790.0,PERFUMESNEW|BEAUTY,4.3
7636,38,3290.0,5590.0,SHOES,4.4
7637,31,1890.0,3990.0,CO-ORD SETS|SHOES,4.5
7638,25,2990.0,3990.0,T-SHIRTS_SWEATSHIRTS|DRESSES_JUMPSUITS|JACKETS,4.1
7639,30,2990.0,11990.0,SPECIAL PRICES|LOUNGEWEARNEW,3.7
7640,33,4990.0,6990.0,TOPS_BODYSUITS,3.6
7641,40,1990.0,7590.0,WORKWEARNEW,4.2
7642,22,3290.0,5990.0,SPECIAL PRICES,4.3
7643,49,2990.0,8590.0,JEANS|DRESSES_JUMPSUITS|TOPS_BODYSUITS,4.2
7644,53,2290.0,3990.0,JEANS|WAISTCOATS_GILETS,4.4
7645,42,2990.0,4490.0,SHIRTS|KNITWEAR|CO-ORD SETS,4.1
7646,24,2990.0,3990.0,LOUNGEWEARNEW,4.4
7647,37,2990.0,4990.0,BEAUTY|TROUSERS|JACKETS,4.6
7648,54,2590.0,3290.0,TROUSERS,3.7
7649,18,2990.0,5990.0,WAISTCOATS_GILETS,3.7
7650,43,2890.0,3990.0,SPECIAL PRICES|PERFUMESNEW,3.9
7651,47,3290.0,4790.0,CO-ORD SETS,4.2
7652,30,790.0,2290.0,T-SHIRTS_SWEATSHIRTS|TOPS_BODYSUITS,4.0
7653,42,3290.0,4990.0,SHOES,4.0
7654,31,3990.0,5490.0,TOPS_BODYSUITS,4.4
7655,47,3290.0,3990.0,WAISTCOATS_GILETS|PERFUMESNEW,3.9
7656,51,3290.0,4790.0,CO-ORD SETS|KNITWEAR|ACCESSORIES_JEWELLERY,3.8
7657,31,2290.0,3790.0,BASICS,3.9
7658,42,2590.0,4090.0,TROUSERS,4.3
7659,43,2290.0,3790.0,WAISTCOATS_GILETS|CO-ORD SETS|T-SHIRTS_SWEATSHIRTS,4.3
7660,30,1890.0,3390.0,CO-ORD SETS,4.0
7661,32,3990.0,5990.0,WAISTCOATS_GILETS|SHORTS_SKORTS,4.1
7662,43,2990.0,4490.0,PERFUMESNEW|SKIRTS|KNITWEAR,3.7
7663,35,2990.0,4990.0,CO-ORD SETS,3.5
7664,46,3990.0,5990.0,BAGS,4.2
7665,55,4990.0,6490.0,SKIRTS,4.3
7666,21,3290.0,3990.0,TOPS_BODYSUITS,3.9
7667,45,1990.0,2590.0,DRESSES_JUMPSUITS,4.1
7668,25,2990.0,3990.0,PERFUMESNEW,3.6
7669,45,1990.0,2990.0,BAGS|T-SHIRTS_SWEATSHIRTS|CO-ORD SETS,3.7
7670,34,2290.0,2990.0,TROUSERS|SKIRTS,4.5
7671,35,3290.0,6990.0,WAISTCOATS_GILETS|BLAZERS|SHORTS_SKORTS,3.6
7672,24,2990.0,3990.0,BLAZERS,4.4
7673,51,4990.0,6490.0,SPECIAL PRICES,3.6
7674,31,3990.0,5990.0,DRESSES_JUMPSUITS|WAISTCOATS_GILETS,3.5
7675,44,3290.0,4990.0,KNITWEAR|CO-ORD SETS,4.2
7676,43,3290.0,5590.0,SHIRTS|BASICS|WORKWEARNEW,4.3
7677,42,3290.0,3990.0,TOPS_BODYSUITS,4.4
7678,18,2590.0,4990.0,SKIRTS|PERFUMESNEW|SHIRTS,3.9
7679,28,3290.0,5990.0,BEAUTY,4.3
7680,47,2990.0,4590.0,LOUNGEWEARNEW|TOPS_BODYSUITS|SPECIAL PRICES,4.5
7681,20,790.0,3290.0,KNITWEAR,3.8
7682,18,2290.0,3290.0,WAISTCOATS_GILETS,4.0
7683,50,4990.0,8590.0,DRESSES_JUMPSUITS|JEANS,4.6
7684,36,2890.0,4390.0,WAISTCOATS_GILETS|SKIRTS|ACCESSORIES_JEWELLERY,4.6
7685,47,3990.0,5490.0,WORKWEARNEW,4.2
7686,40,3290.0,4790.0,PERFUMESNEW,4.6
7687,20,2590.0,4090.0,TOPS_BODYSUITS,3.9
7688,27,1590.0,3090.0,BEAUTY,4.1
7689,35,2590.0,3290.0,BAGS,3.7
7690,36,4990.0,5990.0,SPECIAL PRICES,4.5
7691,21,2590.0,3290.0,JACKETS,4.0
7692,28,2990.0,4490.0,TROUSERS|DRESSES_JUMPSUITS,4.4
7693,36,3990.0,4990.0,LOUNGEWEARNEW|SHOES,3.9
7694,36,1890.0,3990.0,BAGS|ACCESSORIES_JEWELLERY,4.0
7695,36,2990.0,4990.0,BAGS,3.6
7696,32,3290.0,4790.0,PERFUMESNEW,4.1
7697,28,2990.0,4990.0,SHOES,4.0
7698,39,1990.0,3290.0,BAGS,4.3
7699,39,2290.0,3990.0,JACKETS,4.0
7700,24,1290.0,2990.0,DRESSES_JUMPSUITS|KNITWEAR,4.5
7701,41,3290.0,5990.0,SHORTS_SKORTS|LOUNGEWEARNEW|ACCESSORIES_JEWELLERY,3.9
7702,40,3290.0,5990.0,BAGS,4.2
7703,27,2890.0,13990.0,BEAUTY,4.3
7704,55,3290.0,4790.0,SKIRTS,4.7
7705,36,2290.0,2990.0,CO-ORD SETS|ACCESSORIES_JEWELLERY,3.6
7706,51,2990.0,4490.0,ACCESSORIES_JEWELLERY|WORKWEARNEW|DRESSES_JUMPSUITS,4.5
7707,51,690.0,2890.0,BAGS,4.4
7708,49,1890.0,2590.0,SHOES,3.7
7709,22,4990.0,5990.0,SHORTS_SKORTS|WAISTCOATS_GILETS,3.8
7710,33,2990.0,5590.0,BLAZERS|KNITWEAR,3.5
7711,28,4990.0,6490.0,WORKWEARNEW|DRESSES_JUMPSUITS,3.8
7712,42,3290.0,3990.0,LOUNGEWEARNEW|SHOES,4.0
7713,27,2590.0,3290.0,SHOES,4.0
7714,38,2290.0,5990.0,WORKWEARNEW,4.5
7715,38,1890.0,3990.0,SPECIAL PRICES,4.4
7716,18,3290.0,4790.0,TOPS_BODYSUITS|SHORTS_SKORTS,4.0
7717,30,3290.0,4790.0,BASICS|KNITWEAR|WORKWEARNEW,4.5
7718,44,1590.0,3090.0,BLAZERS,4.5
7719,46,990.0,3290.0,BEAUTY|DRESSES_JUMPSUITS,4.3
7720,38,3290.0,5990.0,JACKETS,3.7
7721,50,3990.0,4990.0,BASICS|BLAZERS,4.1
7722,45,4990.0,6490.0,KNITWEAR|CO-ORD SETS,4.6
7723,49,2590.0,3990.0,CO-ORD SETS|SPECIAL PRICES,4.2
7724,22,2590.0,5990.0,BAGS,3.6
7725,55,2290.0,3790.0,SPECIAL PRICES|PERFUMESNEW|SHIRTS,4.6
7726,51,2990.0,3990.0,DRESSES_JUMPSUITS|WORKWEARNEW,3.9
7727,25,2590.0,5990.0,BASICS,4.4
7728,19,1290.0,1990.0,BASICS|SPECIAL PRICES|BEAUTY,4.4
7729,38,4990.0,8590.0,TROUSERS,4.6
7730,39,3990.0,4990.0,TROUSERS,4.4
7731,25,1290.0,3290.0,BAGS|KNITWEAR|WORKWEARNEW,4.2
7732,28,2990.0,5990.0,SHORTS_SKORTS,3.8
7733,55,2590.0,4990.0,PERFUMESNEW|DRESSES_JUMPSUITS|TROUSERS,3.6
7734,21,2290.0,5990.0,LOUNGEWEARNEW|CO-ORD SETS,4.4
7735,48,3290.0,4790.0,DRESSES_JUMPSUITS,3.6
7736,22,2290.0,5990.0,WAISTCOATS_GILETS|T-SHIRTS_SWEATSHIRTS|BLAZERS,4.2
7737,33,3290.0,5590.0,SHIRTS|KNITWEAR,3.9
7738,33,3290.0,4790.0,BEAUTY,3.8
7739,38,3990.0,4990.0,PERFUMESNEW,3.7
7740,32,1890.0,2990.0,TROUSERS|PERFUMESNEW|TOPS_BODYSUITS,3.7
7741,26,2290.0,2990.0,BAGS,4.1
7742,50,1990.0,4990.0,SPECIAL PRICES|WAISTCOATS_GILETS,4.0
7743,51,3290.0,4990.0,WAISTCOATS_GILETS|BLAZERS,4.5
7744,48,1990.0,2590.0,JEANS|TOPS_BODYSUITS|BEAUTY,3.7
7745,34,2290.0,3790.0,BEAUTY,3.8
7746,23,2990.0,4490.0,CO-ORD SETS|ACCESSORIES_JEWELLERY,4.1
7747,31,2590.0,4090.0,SHORTS_SKORTS,3.9
7748,26,1590.0,3290.0,PERFUMESNEW|BEAUTY|T-SHIRTS_SWEATSHIRTS,4.2
7749,23,3990.0,5990.0,PERFUMESNEW|LOUNGEWEARNEW|BEAUTY,3.7
7750,32,3290.0,3990.0,BAGS|BLAZERS,4.0
7751,45,1890.0,5990.0,JEANS|SPECIAL PRICES,3.6
7752,34,3290.0,3990.0,TROUSERS,3.8
7753,42,3290.0,4990.0,BLAZERS|SHOES|JEANS,3.7
7754,21,3290.0,4990.0,SPECIAL PRICES|T-SHIRTS_SWEATSHIRTS,3.6
7755,32,2990.0,4490.0,JEANS|TROUSERS,4.3
7756,23,2590.0,3290.0,DRESSES_JUMPSUITS|TROUSERS,4.4
7757,29,5590.0,7590.0,DRESSES_JUMPSUITS|WORKWEARNEW|JACKETS,4.5
7758,21,2590.0,6990.0,SHIRTS,3.9
7759,30,3290.0,4790.0,TOPS_BODYSUITS|ACCESSORIES_JEWELLERY,4.4
7760,28,2590.0,4090.0,JEANS|WORKWEARNEW|BLAZERS,3.7
7761,45,4990.0,5990.0,T-SHIRTS_SWEATSHIRTS|LOUNGEWEARNEW|BLAZERS,4.3
7762,18,5590.0,7090.0,TOPS_BODYSUITS|SHIRTS,4.5
7763,40,4990.0,5990.0,DRESSES_JUMPSUITS|SPECIAL PRICES|WORKWEARNEW,4.3
7764,26,3290.0,4990.0,SHOES,3.9
7765,54,2990.0,5990.0,JACKETS|BLAZERS,4.6
7766,45,790.0,3990.0,TOPS_BODYSUITS|BAGS,4.3
7767,46,2990.0,3990.0,BAGS|ACCESSORIES_JEWELLERY|SHIRTS,3.6
7768,53,2590.0,4990.0,SHOES|BAGS,4.2
7769,38,2990.0,4990.0,SKIRTS|JACKETS|DRESSES_JUMPSUITS,4.5
7770,55,1590.0,5990.0,KNITWEAR|SHORTS_SKORTS,3.7
7771,44,2990.0,9590.0,BLAZERS,4.0
7772,23,2890.0,4390.0,PERFUMESNEW,3.6
7773,34,2990.0,3990.0,CO-ORD SETS,4.4
7774,36,1990.0,2990.0,SHIRTS,3.5
7775,42,1890.0,2990.0,BAGS|TROUSERS,3.8
7776,41,2990.0,4990.0,JEANS|TOPS_BODYSUITS|SHOES,4.4
7777,25,2290.0,3290.0,WAISTCOATS_GILETS|ACCESSORIES_JEWELLERY,4.6
7778,27,790.0,3290.0,SHOES,3.8
7779,49,1590.0,2990.0,JACKETS,3.6
7780,42,3290.0,3990.0,SHOES,4.2
7781,25,790.0,6990.0,ACCESSORIES_JEWELLERY|WORKWEARNEW|KNITWEAR,3.8
7782,46,2990.0,3990.0,CO-ORD SETS|BLAZERS,4.0
7783,33,2990.0,3990.0,BASICS|T-SHIRTS_SWEATSHIRTS,4.5
7784,32,2990.0,7990.0,SKIRTS|JEANS,4.0
7785,20,3290.0,4790.0,PERFUMESNEW|SHORTS_SKORTS,4.6
7786,20,990.0,2990.0,CO-ORD SETS|LOUNGEWEARNEW|JACKETS,3.8
7787,53,3290.0,4790.0,SHOES|DRESSES_JUMPSUITS,3.7
7788,53,3990.0,5990.0,ACCESSORIES_JEWELLERY,4.6
7789,20,2290.0,5990.0,TROUSERS,3.6
7790,34,1590.0,2590.0,WAISTCOATS_GILETS,4.2
7791,55,2590.0,4090.0,ACCESSORIES_JEWELLERY,3.8
7792,36,2290.0,3290.0,BLAZERS|SHORTS_SKORTS,3.8
7793,35,3290.0,4990.0,SHIRTS,3.6
7794,37,2290.0,5990.0,TROUSERS|JEANS,4.1
7795,35,3990.0,4990.0,SHORTS_SKORTS|BASICS,4.7
7796,36,2890.0,3990.0,JACKETS,4.5
7797,29,2990.0,4490.0,DRESSES_JUMPSUITS|SHOES,4.2
7798,19,2590.0,4990.0,DRESSES_JUMPSUITS|PERFUMESNEW,4.3
7799,44,2990.0,3990.0,LOUNGEWEARNEW|BASICS|WAISTCOATS_GILETS,3.9
7800,38,1590.0,3090.0,BLAZERS|BASICS|JACKETS,4.2
7801,24,3290.0,7590.0,KNITWEAR|BEAUTY,4.4
7802,31,2990.0,6990.0,SHORTS_SKORTS,3.9
7803,33,1990.0,6990.0,WORKWEARNEW|SHOES,3.9
7804,41,2290.0,2890.0,KNITWEAR|SPECIAL PRICES,4.0
7805,22,1890.0,7590.0,ACCESSORIES_JEWELLERY|KNITWEAR|SKIRTS,3.6
7806,29,2290.0,2990.0,JEANS|BEAUTY,3.9
7807,34,3290.0,7590.0,BLAZERS|SKIRTS,4.1
7808,43,4990.0,5990.0,T-SHIRTS_SWEATSHIRTS,4.5
7809,20,1990.0,3990.0,CO-ORD SETS,4.1
7810,21,2290.0,3990.0,T-SHIRTS_SWEATSHIRTS,3.7
7811,32,2990.0,5990.0,KNITWEAR,4.0
7812,32,2290.0,3790.0,SHOES,3.6
7813,41,1590.0,3090.0,ACCESSORIES_JEWELLERY,4.5
7814,36,1990.0,2990.0,SHORTS_SKORTS,4.5
7815,31,2590.0,4990.0,PERFUMESNEW|BASICS,4.6
7816,38,3290.0,3990.0,DRESSES_JUMPSUITS,3.6
7817,29,1890.0,3390.0,TROUSERS|BASICS,4.7
7818,33,3290.0,5990.0,T-SHIRTS_SWEATSHIRTS|SHORTS_SKORTS|LOUNGEWEARNEW,4.7
7819,46,2990.0,4490.0,SKIRTS|KNITWEAR,4.7
7820,38,3290.0,4990.0,SHIRTS|SHORTS_SKORTS|KNITWEAR,3.5
7821,49,2990.0,4490.0,BEAUTY,4.6
7822,21,2290.0,5990.0,BLAZERS|SHIRTS|WAISTCOATS_GILETS,3.5
7823,53,2990.0,5990.0,BAGS|WAISTCOATS_GILETS,4.2
7824,46,1890.0,3990.0,JACKETS|ACCESSORIES_JEWELLERY,4.0
7825,51,2590.0,3290.0,T-SHIRTS_SWEATSHIRTS,4.2
7826,31,2290.0,3790.0,JEANS,3.9
7827,45,3290.0,4790.0,LOUNGEWEARNEW|JACKETS,4.0
7828,50,1590.0,9990.0,KNITWEAR,4.1
7829,33,3290.0,4790.0,WAISTCOATS_GILETS|SHIRTS|KNITWEAR,4.4
7830,28,3990.0,5490.0,SHOES|SHORTS_SKORTS,4.6
7831,26,3290.0,4790.0,SKIRTS|SHORTS_SKORTS,4.4
7832,43,2590.0,4090.0,BEAUTY,4.3
7833,53,2290.0,2990.0,LOUNGEWEARNEW,3.8
7834,29,2290.0,6990.0,PERFUMESNEW|TROUSERS,4.6
7835,38,4990.0,6490.0,ACCESSORIES_JEWELLERY|WAISTCOATS_GILETS,4.0
7836,53,2990.0,4490.0,LOUNGEWEARNEW|WAISTCOATS_GILETS,3.9
7837,27,790.0,3290.0,WAISTCOATS_GILETS|SHORTS_SKORTS|SPECIAL PRICES,3.8
7838,28,2890.0,5990.0,SHORTS_SKORTS|WAISTCOATS_GILETS|BAGS,4.5
7839,54,1590.0,3090.0,T-SHIRTS_SWEATSHIRTS|SHIRTS,3.8
7840,54,2590.0,3990.0,DRESSES_JUMPSUITS,4.4
7841,50,3290.0,4790.0,TOPS_BODYSUITS|T-SHIRTS_SWEATSHIRTS|SPECIAL PRICES,3.6
7842,26,2990.0,4990.0,CO-ORD SETS|SPECIAL PRICES,3.9
7843,26,2290.0,4990.0,SKIRTS|SHIRTS,4.6
7844,42,2290.0,3290.0,SHORTS_SKORTS|LOUNGEWEARNEW|KNITWEAR,4.0
7845,21,2590.0,4090.0,CO-ORD SETS,4.3
7846,37,1890.0,3290.0,SPECIAL PRICES,4.2
7847,19,4990.0,6490.0,T-SHIRTS_SWEATSHIRTS|PERFUMESNEW,4.2
7848,34,2890.0,4990.0,BAGS,3.6
7849,37,3290.0,4790.0,JACKETS,4.2
7850,32,3290.0,5990.0,WORKWEARNEW,4.2
7851,22,3990.0,12990.0,LOUNGEWEARNEW|KNITWEAR,3.6
7852,53,2990.0,4490.0,SHIRTS,4.3
7853,49,990.0,3290.0,SPECIAL PRICES,3.7
7854,27,1290.0,2990.0,TOPS_BODYSUITS,4.5
7855,31,1990.0,3290.0,TOPS_BODYSUITS|JACKETS,4.3
7856,55,3290.0,4790.0,SPECIAL PRICES|KNITWEAR,4.3
7857,19,2990.0,4490.0,CO-ORD SETS|SHORTS_SKORTS|BEAUTY,4.2
7858,38,1290.0,5990.0,T-SHIRTS_SWEATSHIRTS|JEANS,4.1
7859,38,2990.0,7590.0,T-SHIRTS_SWEATSHIRTS,4.0
7860,53,2990.0,4490.0,JACKETS|BASICS|TOPS_BODYSUITS,4.6
7861,39,3990.0,5990.0,SKIRTS|JACKETS,4.1
7862,52,890.0,2590.0,T-SHIRTS_SWEATSHIRTS,4.3
7863,33,1990.0,4990.0,BEAUTY,4.4
7864,21,2990.0,4490.0,BLAZERS,4.6
7865,49,1590.0,4990.0,PERFUMESNEW|BLAZERS,3.5
7866,20,2590.0,4990.0,LOUNGEWEARNEW,4.1
7867,19,6990.0,7590.0,TROUSERS|ACCESSORIES_JEWELLERY,4.7
7868,43,2890.0,4390.0,BEAUTY,4.4
7869,38,4990.0,5990.0,T-SHIRTS_SWEATSHIRTS,4.3
7870,22,2590.0,3990.0,BAGS|SPECIAL PRICES,4.1
7871,42,2990.0,4490.0,JEANS|BASICS,3.8
7872,49,4990.0,6990.0,BEAUTY,3.6
7873,33,2990.0,4490.0,BLAZERS,3.9
7874,25,1990.0,3290.0,BEAUTY,4.0
7875,55,2290.0,3790.0,SHIRTS,3.6
7876,55,790.0,4990.0,CO-ORD SETS,4.5
7877,44,3290.0,4790.0,SPECIAL PRICES,4.4
7878,28,4990.0,5990.0,SHOES,4.3
7879,41,2590.0,3290.0,SKIRTS,4.5
7880,25,490.0,2990.0,ACCESSORIES_JEWELLERY|SHORTS_SKORTS|BLAZERS,3.6
7881,23,2990.0,4490.0,T-SHIRTS_SWEATSHIRTS,3.9
7882,44,2290.0,3290.0,KNITWEAR,4.1
7883,33,2590.0,3290.0,WORKWEARNEW,4.0
7884,19,1290.0,3290.0,ACCESSORIES_JEWELLERY|SKIRTS,4.5
7885,36,2290.0,3790.0,TROUSERS|SHOES,3.7
7886,51,990.0,5990.0,WORKWEARNEW|LOUNGEWEARNEW,4.1
7887,26,2290.0,2990.0,SHOES|T-SHIRTS_SWEATSHIRTS|TOPS_BODYSUITS,4.6
7888,21,3290.0,3990.0,PERFUMESNEW|LOUNGEWEARNEW,3.7
7889,37,1990.0,3490.0,SHORTS_SKORTS,4.2
7890,35,1590.0,2590.0,TOPS_BODYSUITS,3.7
7891,41,3290.0,5590.0,BAGS|BASICS|KNITWEAR,3.6
7892,31,2290.0,8590.0,BEAUTY|WORKWEARNEW,4.2
7893,23,1990.0,5990.0,SHOES|T-SHIRTS_SWEATSHIRTS,4.3
7894,33,2990.0,4490.0,KNITWEAR|SHIRTS,4.3
7895,36,3290.0,5990.0,DRESSES_JUMPSUITS|TROUSERS,3.8
7896,28,890.0,4990.0,PERFUMESNEW,3.6
7897,34,1590.0,3290.0,WAISTCOATS_GILETS|JACKETS,4.4
7898,50,2990.0,4490.0,SKIRTS,4.6
7899,44,2890.0,4390.0,SHORTS_SKORTS|T-SHIRTS_SWEATSHIRTS,3.8
7900,38,3990.0,5490.0,BEAUTY,3.6
7901,50,3290.0,4790.0,PERFUMESNEW,4.6
7902,22,2890.0,4990.0,SHIRTS,4.3
7903,21,2290.0,3290.0,SPECIAL PRICES|PERFUMESNEW,3.8
7904,40,2890.0,6990.0,SHIRTS,4.6
7905,26,3990.0,5490.0,T-SHIRTS_SWEATSHIRTS,3.9
7906,25,3290.0,4990.0,BLAZERS,3.8
7907,49,2990.0,3990.0,T-SHIRTS_SWEATSHIRTS|KNITWEAR,4.4
7908,36,3290.0,4990.0,SKIRTS|ACCESSORIES_JEWELLERY|BLAZERS,4.2
7909,34,2990.0,4990.0,WORKWEARNEW,4.4
7910,31,1990.0,3990.0,T-SHIRTS_SWEATSHIRTS|BEAUTY|SHOES,3.9
7911,25,2990.0,4490.0,LOUNGEWEARNEW,3.6
7912,27,2990.0,4490.0,JEANS,4.2
7913,55,990.0,7590.0,PERFUMESNEW|DRESSES_JUMPSUITS|BLAZERS,4.1
7914,50,1890.0,3390.0,KNITWEAR|TOPS_BODYSUITS,3.9
7915,47,2990.0,5990.0,SHOES|WORKWEARNEW,4.6
7916,30,990.0,7590.0,SKIRTS|BASICS,3.8
7917,25,2290.0,2990.0,WORKWEARNEW|SHOES,4.5
7918,53,2290.0,3290.0,SHORTS_SKORTS,4.7
7919,45,2990.0,5590.0,JACKETS|SHOES,3.8
7920,20,2990.0,4490.0,JEANS,4.3
7921,24,2990.0,4490.0,WORKWEARNEW,3.6
7922,39,1990.0,2990.0,JEANS,4.0
7923,40,2590.0,4990.0,SPECIAL PRICES|KNITWEAR,4.3
7924,29,1590.0,3290.0,TROUSERS,4.4
7925,19,2590.0,4990.0,SHOES,4.0
7926,36,1990.0,5990.0,BEAUTY,4.2
7927,49,2290.0,3990.0,BAGS|CO-ORD SETS,4.2
7928,44,2890.0,3990.0,SHOES,4.6
7929,51,990.0,3290.0,SHORTS_SKORTS,3.9
7930,42,3290.0,3990.0,BASICS|CO-ORD SETS,3.6
7931,54,4990.0,6490.0,JEANS,3.5
7932,18,2890.0,4390.0,T-SHIRTS_SWEATSHIRTS,4.6
7933,55,790.0,2990.0,LOUNGEWEARNEW|SKIRTS,4.1
7934,51,3290.0,4790.0,SHOES|SHIRTS|BLAZERS,3.9
7935,37,3990.0,5990.0,SHOES|BLAZERS,3.7
7936,45,2590.0,3290.0,KNITWEAR|BASICS|CO-ORD SETS,3.6
7937,49,2290.0,5590.0,PERFUMESNEW,3.9
7938,26,2290.0,5990.0,BAGS,4.6
7939,24,2590.0,3290.0,TROUSERS|WORKWEARNEW,4.2
7940,33,2990.0,4490.0,SPECIAL PRICES,4.1
7941,27,3290.0,11990.0,SKIRTS,4.3
7942,46,4990.0,9590.0,JACKETS,4.4
7943,47,3290.0,4990.0,CO-ORD SETS|WAISTCOATS_GILETS|SHIRTS,4.4
7944,50,690.0,3290.0,KNITWEAR,4.6
7945,34,2990.0,4490.0,TROUSERS,3.9
7946,51,2990.0,4990.0,DRESSES_JUMPSUITS,4.1
7947,53,2990.0,4490.0,CO-ORD SETS|SHOES,4.3
7948,40,790.0,2990.0,KNITWEAR,4.5
7949,32,1890.0,4990.0,TROUSERS|JEANS|BAGS,4.3
7950,33,2290.0,4990.0,TROUSERS|BAGS,4.1
7951,37,1890.0,3990.0,JACKETS|TOPS_BODYSUITS,3.8
7952,25,5990.0,7490.0,BASICS|WORKWEARNEW,3.5
7953,25,1890.0,11990.0,SHORTS_SKORTS|PERFUMESNEW,4.3
7954,41,2290.0,3290.0,WAISTCOATS_GILETS,3.6
7955,29,1590.0,5990.0,PERFUMESNEW,3.6
7956,45,490.0,2290.0,WAISTCOATS_GILETS,4.5
7957,26,2990.0,5590.0,SHORTS_SKORTS,4.6
7958,34,590.0,2290.0,CO-ORD SETS,3.7
7959,43,3290.0,4990.0,TOPS_BODYSUITS,3.6
7960,28,2990.0,4490.0,SPECIAL PRICES,3.7
7961,26,2590.0,3290.0,BASICS|ACCESSORIES_JEWELLERY,3.7
7962,26,2590.0,5990.0,SHIRTS|TOPS_BODYSUITS,4.1
7963,50,3290.0,4790.0,LOUNGEWEARNEW|TROUSERS|WORKWEARNEW,3.7
7964,47,2990.0,4990.0,SHOES|T-SHIRTS_SWEATSHIRTS|SKIRTS,4.2
7965,40,990.0,2890.0,BLAZERS|TOPS_BODYSUITS,4.2
7966,49,990.0,2590.0,BAGS|ACCESSORIES_JEWELLERY|SPECIAL PRICES,3.7
7967,47,2990.0,4490.0,BASICS|CO-ORD SETS,4.2
7968,52,3290.0,4990.0,SHORTS_SKORTS|JACKETS,4.4
7969,45,2590.0,3990.0,SHIRTS,4.1
7970,21,1890.0,5990.0,WAISTCOATS_GILETS|TROUSERS,4.1
7971,23,1890.0,3290.0,TOPS_BODYSUITS|KNITWEAR,4.2
7972,30,2890.0,4390.0,CO-ORD SETS|BASICS,3.6
7973,22,2290.0,5590.0,SKIRTS,4.0
7974,33,3990.0,5490.0,BLAZERS,4.2
7975,43,990.0,8590.0,DRESSES_JUMPSUITS|BAGS|WAISTCOATS_GILETS,3.9
7976,33,2990.0,5990.0,SHOES|CO-ORD SETS,4.5
7977,36,3290.0,6990.0,WAISTCOATS_GILETS|SKIRTS,3.9
7978,21,1290.0,6990.0,JEANS|BASICS,4.6
7979,45,2290.0,3290.0,JACKETS|BEAUTY,4.4
7980,40,2990.0,5590.0,BLAZERS,4.0
7981,54,2290.0,4990.0,SKIRTS|CO-ORD SETS,3.9
7982,50,3990.0,11990.0,JEANS,3.7
7983,47,2590.0,4990.0,BLAZERS|TOPS_BODYSUITS,4.0
7984,35,3990.0,4990.0,DRESSES_JUMPSUITS,3.6
7985,31,2990.0,4990.0,SHORTS_SKORTS|PERFUMESNEW,4.3
7986,26,2890.0,4390.0,BEAUTY,4.2
7987,46,990.0,4990.0,SPECIAL PRICES|BASICS,3.9
7988,36,1590.0,2990.0,T-SHIRTS_SWEATSHIRTS,3.6
7989,47,2590.0,5990.0,BEAUTY|WORKWEARNEW,3.7
7990,45,3990.0,7590.0,SHORTS_SKORTS|BAGS,4.0
7991,35,3290.0,3990.0,SHORTS_SKORTS|KNITWEAR,4.5
7992,29,3290.0,5990.0,DRESSES_JUMPSUITS,3.5
7993,48,2990.0,4490.0,DRESSES_JUMPSUITS,4.0
7994,34,790.0,3990.0,CO-ORD SETS|ACCESSORIES_JEWELLERY|LOUNGEWEARNEW,4.1
7995,32,1990.0,2590.0,SPECIAL PRICES,3.8
7996,18,3990.0,9590.0,KNITWEAR|PERFUMESNEW,4.3
7997,54,790.0,2290.0,ACCESSORIES_JEWELLERY|LOUNGEWEARNEW,4.4
7998,38,1590.0,4990.0,WORKWEARNEW,4.1
7999,24,4990.0,5990.0,KNITWEAR|SPECIAL PRICES,4.0
8000,28,2990.0,4490.0,BEAUTY,4.0
8001,34,990.0,2290.0,SHIRTS|BEAUTY|KNITWEAR,3.6
8002,27,2990.0,3990.0,SPECIAL PRICES,4.4
8003,28,2890.0,4390.0,SPECIAL PRICES,4.6
8004,29,3290.0,4790.0,SHORTS_SKORTS|KNITWEAR,3.6
8005,31,2990.0,4490.0,BLAZERS,4.0
8006,39,1990.0,4990.0,BLAZERS|TROUSERS,4.3
8007,22,2990.0,4490.0,BLAZERS|JEANS,4.6
8008,28,2990.0,4490.0,BAGS,4.5
8009,31,2590.0,5990.0,WORKWEARNEW,4.3
8010,31,490.0,3990.0,SHORTS_SKORTS|WORKWEARNEW,3.7
8011,54,2590.0,4590.0,T-SHIRTS_SWEATSHIRTS|TOPS_BODYSUITS,3.5
8012,37,2290.0,7590.0,SKIRTS|BAGS,4.3
8013,47,1890.0,4990.0,SHIRTS,3.6
8014,42,2290.0,3290.0,LOUNGEWEARNEW|DRESSES_JUMPSUITS,3.6
8015,27,2590.0,3290.0,SKIRTS|WAISTCOATS_GILETS,3.5
8016,31,2990.0,5590.0,SPECIAL PRICES|DRESSES_JUMPSUITS,3.7
8017,37,3290.0,5590.0,PERFUMESNEW,4.6
8018,36,590.0,3990.0,PERFUMESNEW,4.5
8019,25,3990.0,5990.0,SHORTS_SKORTS|BLAZERS|TOPS_BODYSUITS,3.8
8020,33,1490.0,3990.0,T-SHIRTS_SWEATSHIRTS|WORKWEARNEW,3.8
8021,21,2290.0,3290.0,DRESSES_JUMPSUITS|BLAZERS,4.5
8022,36,1990.0,2990.0,ACCESSORIES_JEWELLERY,4.3
8023,26,3990.0,4990.0,SKIRTS|TROUSERS,3.7
8024,42,3290.0,4990.0,SHOES,3.9
8025,19,2590.0,5990.0,BEAUTY|T-SHIRTS_SWEATSHIRTS|SHOES,3.6
8026,21,2290.0,3790.0,WORKWEARNEW,4.0
8027,53,2290.0,4990.0,JACKETS|LOUNGEWEARNEW,3.6
8028,52,3290.0,4790.0,BEAUTY|BASICS,3.6
8029,27,3290.0,4790.0,WAISTCOATS_GILETS|SHIRTS|T-SHIRTS_SWEATSHIRTS,4.0
8030,20,1590.0,4990.0,PERFUMESNEW,4.3
8031,43,3290.0,4990.0,SKIRTS,3.7
8032,22,3290.0,4990.0,ACCESSORIES_JEWELLERY,3.8
8033,22,3290.0,5990.0,LOUNGEWEARNEW,3.9
8034,53,2290.0,11990.0,PERFUMESNEW|SHORTS_SKORTS,4.4
8035,33,1890.0,5590.0,BAGS|KNITWEAR,4.2
8036,46,2990.0,4490.0,TROUSERS|BLAZERS|TOPS_BODYSUITS,4.3
8037,21,3290.0,4790.0,BASICS|BAGS|DRESSES_JUMPSUITS,4.4
8038,43,3290.0,4990.0,BLAZERS|TROUSERS,3.6
8039,37,3290.0,4790.0,DRESSES_JUMPSUITS|ACCESSORIES_JEWELLERY|LOUNGEWEARNEW,4.1
8040,48,2290.0,3990.0,SHOES|TOPS_BODYSUITS,3.5
8041,21,3290.0,5590.0,WAISTCOATS_GILETS,4.4
8042,30,2990.0,4490.0,SHIRTS|ACCESSORIES_JEWELLERY,4.4
8043,21,2290.0,3290.0,TOPS_BODYSUITS,4.0
8044,40,1590.0,4990.0,SPECIAL PRICES|SHOES,4.1
8045,42,3290.0,4790.0,CO-ORD SETS|LOUNGEWEARNEW,4.2
8046,25,1890.0,5990.0,LOUNGEWEARNEW,4.5
8047,20,4990.0,10990.0,ACCESSORIES_JEWELLERY|SHIRTS,3.9
8048,20,2590.0,5590.0,BASICS|SHIRTS,4.3
8049,49,2590.0,3290.0,TROUSERS,3.9
8050,18,2290.0,3790.0,WORKWEARNEW|SHIRTS,4.4
8051,49,2990.0,3990.0,TROUSERS,4.7
8052,28,2990.0,4990.0,BEAUTY,4.6
8053,38,1990.0,2590.0,SHORTS_SKORTS|TOPS_BODYSUITS|KNITWEAR,3.7
8054,44,3290.0,5990.0,JACKETS,4.3
8055,36,2990.0,3990.0,SHOES|BAGS,3.9
8056,48,1990.0,3490.0,T-SHIRTS_SWEATSHIRTS|SHIRTS,4.2
8057,40,1990.0,4990.0,BAGS|TROUSERS,3.9
8058,46,2990.0,7590.0,SPECIAL PRICES|TOPS_BODYSUITS,4.4
8059,34,3990.0,5590.0,SPECIAL PRICES|ACCESSORIES_JEWELLERY,4.2
8060,50,1590.0,5990.0,SHOES|JACKETS,4.5
8061,27,2990.0,4490.0,PERFUMESNEW|T-SHIRTS_SWEATSHIRTS,4.5
8062,22,2290.0,3790.0,JEANS,4.2
8063,50,3290.0,4990.0,BLAZERS,3.5
8064,27,1990.0,2990.0,T-SHIRTS_SWEATSHIRTS,4.4
8065,45,2290.0,3290.0,BASICS|SPECIAL PRICES,4.7
8066,28,3990.0,4990.0,SHOES,4.7
8067,24,2990.0,4490.0,JEANS,4.6
8068,51,2590.0,7590.0,CO-ORD SETS|WORKWEARNEW,3.6
8069,43,2290.0,3990.0,SHOES|SKIRTS,4.5
8070,21,3290.0,3990.0,ACCESSORIES_JEWELLERY,4.0
8071,53,2590.0,3290.0,SHOES|CO-ORD SETS,3.9
8072,21,2990.0,4490.0,SKIRTS|KNITWEAR,4.2
8073,41,2290.0,3990.0,SHORTS_SKORTS,3.8
8074,21,4990.0,8990.0,BAGS,3.9
8075,55,2590.0,4090.0,SHOES|SPECIAL PRICES,4.0
8076,37,3290.0,5990.0,SHORTS_SKORTS,4.0
8077,48,1590.0,3290.0,TOPS_BODYSUITS|SHIRTS|LOUNGEWEARNEW,4.4
8078,22,2590.0,4090.0,CO-ORD SETS|SPECIAL PRICES,4.1
8079,50,1890.0,4990.0,LOUNGEWEARNEW|BEAUTY|PERFUMESNEW,3.8
8080,46,4990.0,5990.0,SPECIAL PRICES|T-SHIRTS_SWEATSHIRTS,3.6
8081,27,1590.0,2990.0,BAGS|BLAZERS,4.6
8082,48,1990.0,4990.0,TOPS_BODYSUITS|DRESSES_JUMPSUITS,4.2
8083,28,2990.0,4990.0,CO-ORD SETS,4.6
8084,43,2990.0,3990.0,LOUNGEWEARNEW|BAGS|SHIRTS,4.5
8085,46,5990.0,7490.0,JACKETS,4.0
8086,21,2290.0,4990.0,WAISTCOATS_GILETS|SPECIAL PRICES,4.6
8087,55,4990.0,5590.0,SHORTS_SKORTS|BLAZERS,3.8
8088,46,2290.0,3290.0,CO-ORD SETS,3.8
8089,42,2290.0,2990.0,SKIRTS,3.7
8090,21,3990.0,4990.0,JEANS|ACCESSORIES_JEWELLERY,4.7
8091,21,2990.0,4990.0,BEAUTY|BASICS,4.1
8092,32,2990.0,4490.0,T-SHIRTS_SWEATSHIRTS|BAGS,3.8
8093,50,2890.0,4990.0,WORKWEARNEW,4.1
8094,33,2590.0,7590.0,BLAZERS|BAGS,4.0
8095,55,1590.0,7990.0,BLAZERS,4.3
8096,31,2290.0,2890.0,SHOES,4.5
8097,29,2290.0,5990.0,ACCESSORIES_JEWELLERY|CO-ORD SETS|T-SHIRTS_SWEATSHIRTS,4.3
8098,28,1990.0,4990.0,CO-ORD SETS|BEAUTY,3.9
8099,54,3290.0,5990.0,BASICS,4.5
8100,41,990.0,2990.0,BASICS|KNITWEAR|LOUNGEWEARNEW,4.3
8101,36,2290.0,3790.0,SPECIAL PRICES,3.9
8102,55,3290.0,5590.0,ACCESSORIES_JEWELLERY|TOPS_BODYSUITS,4.2
8103,25,3290.0,5590.0,WORKWEARNEW,4.6
8104,32,2590.0,4090.0,JEANS|SHIRTS,4.5
8105,35,2590.0,3290.0,TOPS_BODYSUITS|SPECIAL PRICES,3.7
8106,26,3990.0,4990.0,BAGS,4.0
8107,18,3290.0,4990.0,BAGS|SHIRTS,3.7
8108,33,3290.0,4990.0,SPECIAL PRICES,3.7
8109,55,990.0,4990.0,BASICS,4.2
8110,22,3290.0,4990.0,BLAZERS,4.1
8111,25,4990.0,5990.0,PERFUMESNEW,3.7
8112,48,1890.0,2990.0,SPECIAL PRICES|SHIRTS,4.5
8113,41,2290.0,2890.0,T-SHIRTS_SWEATSHIRTS|JACKETS|JEANS,4.2
8114,47,3290.0,4990.0,SHIRTS,4.7
8115,24,690.0,4990.0,BEAUTY,4.6
8116,55,3290.0,4790.0,SHORTS_SKORTS|TROUSERS,3.6
8117,24,3290.0,4990.0,WORKWEARNEW,4.2
8118,27,2990.0,4490.0,CO-ORD SETS|T-SHIRTS_SWEATSHIRTS,4.3
8119,28,2290.0,3990.0,LOUNGEWEARNEW|SHORTS_SKORTS,4.2
8120,24,3290.0,4990.0,TOPS_BODYSUITS,4.6
8121,47,490.0,2290.0,WAISTCOATS_GILETS|SHOES|TOPS_BODYSUITS,4.3
8122,44,4990.0,5590.0,BAGS,4.1
8123,51,2590.0,6990.0,CO-ORD SETS|BEAUTY,3.5
8124,24,4990.0,6490.0,PERFUMESNEW,4.4
8125,23,2890.0,3990.0,PERFUMESNEW|JEANS,4.2
8126,54,2290.0,3290.0,WORKWEARNEW,4.5
8127,23,1290.0,3990.0,PERFUMESNEW,4.3
8128,42,2890.0,4990.0,JEANS,3.7
8129,50,3290.0,5990.0,BEAUTY,3.9
8130,39,1890.0,3290.0,BEAUTY|DRESSES_JUMPSUITS,4.4
8131,45,2990.0,4490.0,LOUNGEWEARNEW,3.7
8132,47,2990.0,3990.0,SHOES|CO-ORD SETS,4.1
8133,50,3290.0,4990.0,SKIRTS,4.1
8134,53,2590.0,3990.0,DRESSES_JUMPSUITS|WORKWEARNEW,4.4
8135,33,3290.0,4990.0,SHIRTS,3.8
8136,23,2890.0,4390.0,BASICS|TOPS_BODYSUITS|KNITWEAR,4.0
8137,38,2290.0,4990.0,JACKETS|SPECIAL PRICES,4.6
8138,30,2990.0,4490.0,BEAUTY|KNITWEAR|BASICS,3.8
8139,24,2290.0,4990.0,KNITWEAR|SPECIAL PRICES,3.5
8140,50,3290.0,4990.0,SPECIAL PRICES|DRESSES_JUMPSUITS|TOPS_BODYSUITS,3.8
8141,53,3290.0,5590.0,WORKWEARNEW|SPECIAL PRICES,4.7
8142,37,2990.0,4490.0,SPECIAL PRICES|BAGS,3.7
8143,28,890.0,3290.0,SKIRTS|ACCESSORIES_JEWELLERY,4.5
8144,37,3290.0,7590.0,SKIRTS|JEANS|JACKETS,3.9
8145,50,2590.0,5990.0,ACCESSORIES_JEWELLERY|SHORTS_SKORTS,4.4
8146,31,1890.0,3390.0,SKIRTS,4.0
8147,26,2990.0,4490.0,TOPS_BODYSUITS|JEANS,4.3
8148,31,2590.0,4990.0,KNITWEAR,4.4
8149,39,5990.0,7490.0,TOPS_BODYSUITS|DRESSES_JUMPSUITS|SHIRTS,4.1
8150,21,4990.0,5990.0,TOPS_BODYSUITS,4.4
8151,51,3290.0,5990.0,PERFUMESNEW,4.3
8152,26,4990.0,5990.0,JACKETS,4.4
8153,53,1890.0,3290.0,LOUNGEWEARNEW,3.8
8154,31,3290.0,5590.0,PERFUMESNEW,4.5
8155,50,990.0,3290.0,WAISTCOATS_GILETS,3.9
8156,52,1590.0,3090.0,JACKETS,4.1
8157,47,2990.0,4490.0,SHOES|DRESSES_JUMPSUITS,4.6
8158,36,1590.0,5990.0,SHOES|TOPS_BODYSUITS,4.2
8159,23,2590.0,4090.0,WAISTCOATS_GILETS,3.8
8160,20,1590.0,3290.0,ACCESSORIES_JEWELLERY|DRESSES_JUMPSUITS,4.2
8161,35,7590.0,8590.0,WORKWEARNEW,3.8
8162,53,3290.0,5990.0,SKIRTS,4.2
8163,39,5990.0,7490.0,SHOES|SHIRTS,4.2
8164,22,4990.0,6490.0,JEANS|T-SHIRTS_SWEATSHIRTS,4.3
8165,42,2290.0,4990.0,T-SHIRTS_SWEATSHIRTS|SHOES,4.7
8166,29,5590.0,7090.0,WORKWEARNEW,4.4
8167,24,4990.0,5990.0,TROUSERS,3.6
8168,50,3290.0,4790.0,CO-ORD SETS,3.7
8169,32,4990.0,6490.0,BEAUTY,4.2
8170,37,1590.0,2990.0,WORKWEARNEW,3.6
8171,33,3290.0,4790.0,JEANS|BASICS,4.1
8172,19,2890.0,4390.0,T-SHIRTS_SWEATSHIRTS|BEAUTY,4.3
8173,39,1590.0,3290.0,DRESSES_JUMPSUITS,4.3
8174,54,2590.0,9990.0,PERFUMESNEW|CO-ORD SETS,4.7
8175,45,2290.0,3990.0,T-SHIRTS_SWEATSHIRTS,3.8
8176,20,3290.0,5590.0,LOUNGEWEARNEW|ACCESSORIES_JEWELLERY,4.6
8177,37,1990.0,3290.0,BEAUTY|SPECIAL PRICES,4.6
8178,45,2990.0,4490.0,SHIRTS|PERFUMESNEW,3.6
8179,26,2590.0,3990.0,JEANS|SHIRTS|PERFUMESNEW,3.8
8180,18,2990.0,4490.0,T-SHIRTS_SWEATSHIRTS,4.5
8181,22,2590.0,8590.0,KNITWEAR|SHOES,4.0
8182,44,1890.0,3290.0,WORKWEARNEW,3.7
8183,20,1990.0,3290.0,T-SHIRTS_SWEATSHIRTS|SHIRTS,3.7
8184,18,2590.0,11990.0,BEAUTY|TOPS_BODYSUITS,3.9
8185,40,2590.0,4090.0,CO-ORD SETS,3.6
8186,28,1890.0,5990.0,JACKETS,4.3
8187,42,1990.0,6990.0,SHOES|JEANS,4.4
8188,34,2590.0,4990.0,SHOES|T-SHIRTS_SWEATSHIRTS,3.9
8189,40,2290.0,3290.0,SHOES|JEANS,3.9
8190,42,4990.0,7590.0,BAGS|T-SHIRTS_SWEATSHIRTS,3.5
8191,19,2990.0,4490.0,KNITWEAR|TROUSERS|BAGS,4.6
8192,41,3290.0,5990.0,LOUNGEWEARNEW,4.1
8193,42,1990.0,4590.0,BAGS|SHOES,4.5
8194,46,1590.0,4590.0,PERFUMESNEW|SHIRTS|BEAUTY,4.3
8195,48,1890.0,3290.0,DRESSES_JUMPSUITS|JEANS,4.1
8196,52,2590.0,3990.0,SHIRTS,4.2
8197,22,2590.0,4990.0,DRESSES_JUMPSUITS|SPECIAL PRICES,3.9
8198,32,2590.0,4090.0,TOPS_BODYSUITS,4.5
8199,21,2590.0,5990.0,JEANS,3.8
8200,50,2990.0,4990.0,SHOES|ACCESSORIES_JEWELLERY,3.8
8201,32,2990.0,5990.0,BEAUTY|JEANS,4.3
8202,51,2290.0,4990.0,DRESSES_JUMPSUITS|LOUNGEWEARNEW,4.4
8203,45,3990.0,4990.0,TROUSERS|JEANS,3.6
8204,39,3990.0,11990.0,KNITWEAR|BAGS,3.6
8205,48,1990.0,7590.0,WORKWEARNEW,4.6
8206,52,1590.0,2990.0,SHORTS_SKORTS,4.5
8207,55,2890.0,4390.0,SHORTS_SKORTS|JACKETS,4.1
8208,43,3290.0,4790.0,SHIRTS,3.6
8209,38,990.0,1590.0,PERFUMESNEW|BAGS|CO-ORD SETS,4.2
8210,34,2990.0,4490.0,BLAZERS,4.0
8211,24,2290.0,3290.0,JEANS|DRESSES_JUMPSUITS|SHIRTS,3.7
8212,42,3290.0,4990.0,WORKWEARNEW|ACCESSORIES_JEWELLERY|TROUSERS,4.0
8213,51,2290.0,3290.0,TROUSERS,4.6
8214,50,990.0,4990.0,JACKETS|BAGS|SHORTS_SKORTS,4.4
8215,36,2290.0,3990.0,BAGS|LOUNGEWEARNEW,3.9
8216,26,2290.0,3990.0,BLAZERS|JEANS,4.7
8217,22,2590.0,5990.0,SKIRTS|T-SHIRTS_SWEATSHIRTS|JACKETS,3.6
8218,20,2890.0,4390.0,JEANS,4.6
8219,49,4990.0,10990.0,BEAUTY|LOUNGEWEARNEW,4.2
8220,38,4990.0,6490.0,BLAZERS,4.4
8221,27,3290.0,3990.0,WAISTCOATS_GILETS,4.7
8222,23,2590.0,3990.0,SHOES,4.4
8223,54,2990.0,4490.0,BEAUTY|DRESSES_JUMPSUITS|KNITWEAR,4.4
8224,33,2290.0,7590.0,SHORTS_SKORTS,4.4
8225,52,2990.0,8590.0,SHOES,4.3
8226,30,2590.0,3990.0,BLAZERS|WAISTCOATS_GILETS,4.6
8227,22,3290.0,3990.0,PERFUMESNEW|ACCESSORIES_JEWELLERY|BLAZERS,3.8
8228,22,2290.0,4990.0,SHORTS_SKORTS,4.6
8229,42,2590.0,3990.0,BLAZERS|JACKETS,4.4
8230,32,2590.0,4990.0,SPECIAL PRICES|BASICS|WORKWEARNEW,4.3
8231,26,2990.0,5590.0,ACCESSORIES_JEWELLERY|WORKWEARNEW,4.0
8232,40,3990.0,8590.0,PERFUMESNEW,4.6
8233,47,4990.0,5590.0,SKIRTS,3.7
8234,48,2290.0,2990.0,BASICS,3.7
8235,24,2290.0,3290.0,DRESSES_JUMPSUITS|SHOES,3.9
8236,27,1590.0,2590.0,SHIRTS,4.4
8237,48,1290.0,2990.0,SHORTS_SKORTS|BAGS,3.6
8238,45,990.0,4990.0,PERFUMESNEW,4.7
8239,49,2990.0,4990.0,BLAZERS,4.6
8240,35,4990.0,6490.0,LOUNGEWEARNEW|SPECIAL PRICES,4.4
8241,34,2890.0,3990.0,CO-ORD SETS|WORKWEARNEW|T-SHIRTS_SWEATSHIRTS,3.5
8242,45,950.0,3290.0,SHOES|TOPS_BODYSUITS,3.8
8243,38,1990.0,4990.0,BAGS,4.5
8244,32,1590.0,3090.0,TOPS_BODYSUITS|ACCESSORIES_JEWELLERY,4.0
8245,30,3290.0,4790.0,SHIRTS|SHOES,4.6
8246,18,4990.0,8590.0,SPECIAL PRICES|WAISTCOATS_GILETS,4.2
8247,40,4990.0,7990.0,SKIRTS|T-SHIRTS_SWEATSHIRTS,3.7
8248,24,2590.0,4990.0,SHIRTS|BEAUTY,4.2
8249,36,6990.0,7590.0,BLAZERS,3.5
8250,50,2290.0,3790.0,BLAZERS|JEANS,4.4
8251,22,3290.0,4990.0,SPECIAL PRICES,4.0
8252,49,1790.0,4990.0,PERFUMESNEW|ACCESSORIES_JEWELLERY,4.0
8253,23,3990.0,5990.0,SHIRTS,4.4
8254,47,3290.0,4790.0,SHIRTS,3.8
8255,24,3290.0,4790.0,BASICS|SHIRTS|BAGS,4.2
8256,40,3290.0,9990.0,SKIRTS,4.0
8257,43,2290.0,5990.0,WAISTCOATS_GILETS|JACKETS,3.7
8258,30,6990.0,8990.0,SKIRTS|TOPS_BODYSUITS|WAISTCOATS_GILETS,3.8
8259,32,2590.0,4090.0,BAGS|WORKWEARNEW,4.4
8260,29,2990.0,5990.0,SHORTS_SKORTS|CO-ORD SETS,3.8
8261,30,4990.0,6490.0,DRESSES_JUMPSUITS,3.8
8262,35,2990.0,4990.0,WAISTCOATS_GILETS,4.5
8263,19,3290.0,7990.0,ACCESSORIES_JEWELLERY,3.6
8264,46,2990.0,3990.0,SHIRTS,4.4
8265,36,4590.0,6090.0,TROUSERS|WORKWEARNEW|DRESSES_JUMPSUITS,4.2
8266,37,2590.0,5990.0,BAGS|LOUNGEWEARNEW,4.6
8267,31,3290.0,4790.0,ACCESSORIES_JEWELLERY|KNITWEAR|JACKETS,4.6
8268,39,2990.0,3990.0,BEAUTY|SHOES|LOUNGEWEARNEW,4.4
8269,28,5990.0,8590.0,CO-ORD SETS,3.6
8270,35,2890.0,4390.0,T-SHIRTS_SWEATSHIRTS,4.5
8271,22,790.0,2590.0,WAISTCOATS_GILETS,4.3
8272,18,3290.0,5990.0,SHIRTS,4.0
8273,30,2290.0,4990.0,BASICS|CO-ORD SETS|SHORTS_SKORTS,3.6
8274,50,490.0,990.0,WAISTCOATS_GILETS|TROUSERS,4.5
8275,36,2290.0,5990.0,SKIRTS|T-SHIRTS_SWEATSHIRTS,4.7
8276,26,3990.0,5990.0,CO-ORD SETS|SHOES,3.8
8277,36,4990.0,6490.0,WORKWEARNEW,3.9
8278,25,1590.0,5990.0,TROUSERS|LOUNGEWEARNEW,4.7
8279,26,2990.0,3990.0,BASICS,4.6
8280,54,2990.0,4490.0,BAGS,4.6
8281,26,3290.0,5990.0,SPECIAL PRICES|BASICS,4.5
8282,33,5990.0,7990.0,ACCESSORIES_JEWELLERY,4.7
8283,42,3290.0,4990.0,JACKETS,4.3
8284,42,1990.0,3290.0,TROUSERS,4.6
8285,36,2990.0,3990.0,BLAZERS|DRESSES_JUMPSUITS|TROUSERS,4.4
8286,28,3290.0,4790.0,LOUNGEWEARNEW|ACCESSORIES_JEWELLERY,4.7
8287,25,1590.0,3290.0,SHORTS_SKORTS,4.1
8288,53,4990.0,5990.0,BASICS,4.5
8289,31,7590.0,8590.0,SHOES|BASICS,4.3
8290,32,2590.0,4090.0,WORKWEARNEW,4.0
8291,27,2290.0,5990.0,SHORTS_SKORTS,4.6
8292,43,2990.0,5590.0,SHORTS_SKORTS|WAISTCOATS_GILETS,4.0
8293,36,4990.0,6490.0,DRESSES_JUMPSUITS|KNITWEAR|SHIRTS,4.6
8294,29,3290.0,4990.0,BLAZERS,3.6
8295,46,2290.0,5590.0,SPECIAL PRICES|SKIRTS|JACKETS,4.3
8296,25,3290.0,7590.0,BASICS|ACCESSORIES_JEWELLERY,4.4
8297,47,3290.0,7590.0,PERFUMESNEW|SHORTS_SKORTS,3.6
8298,29,3290.0,8990.0,JEANS|DRESSES_JUMPSUITS|BASICS,4.1
8299,20,2990.0,4990.0,JACKETS|BASICS,4.6
8300,39,2590.0,5990.0,SHIRTS,4.4
8301,52,1890.0,8990.0,TOPS_BODYSUITS,4.0
8302,53,1890.0,3290.0,WAISTCOATS_GILETS,3.6
8303,50,2990.0,4990.0,SHORTS_SKORTS,4.1
8304,49,1890.0,3390.0,BEAUTY,3.8
8305,47,1890.0,4990.0,KNITWEAR,4.0
8306,34,4590.0,5990.0,KNITWEAR|SHIRTS|TOPS_BODYSUITS,4.3
8307,44,3290.0,3990.0,BAGS,4.2
8308,44,2990.0,5590.0,TROUSERS,4.3
8309,49,2590.0,4990.0,CO-ORD SETS|BLAZERS,4.5
8310,34,1990.0,3290.0,SKIRTS|SHIRTS,4.1
8311,53,2590.0,4090.0,LOUNGEWEARNEW|CO-ORD SETS,4.2
8312,22,790.0,3990.0,DRESSES_JUMPSUITS|SHORTS_SKORTS|BASICS,4.2
8313,24,1990.0,2590.0,BASICS|PERFUMESNEW,3.6
8314,52,3290.0,6990.0,BLAZERS|PERFUMESNEW|SKIRTS,4.6
8315,42,3290.0,4990.0,ACCESSORIES_JEWELLERY,3.6
8316,40,1590.0,4990.0,DRESSES_JUMPSUITS|BLAZERS,3.9
8317,53,5990.0,7490.0,CO-ORD SETS|BLAZERS,4.1
8318,43,2290.0,2990.0,ACCESSORIES_JEWELLERY|LOUNGEWEARNEW,3.5
8319,46,2290.0,3790.0,BAGS,3.6
8320,44,3290.0,4990.0,ACCESSORIES_JEWELLERY|SHORTS_SKORTS,3.9
8321,42,4990.0,5990.0,SPECIAL PRICES|KNITWEAR,3.9
8322,31,3290.0,4990.0,T-SHIRTS_SWEATSHIRTS|BASICS,3.7
8323,39,3990.0,4990.0,T-SHIRTS_SWEATSHIRTS|KNITWEAR,4.7
8324,53,2290.0,2890.0,TROUSERS,4.7
8325,33,2590.0,5990.0,BLAZERS,3.9
8326,42,3290.0,4990.0,SHOES|DRESSES_JUMPSUITS,4.6
8327,48,4590.0,5990.0,SHOES|PERFUMESNEW,4.4
8328,43,1290.0,3290.0,TROUSERS,3.6
8329,29,1090.0,1990.0,DRESSES_JUMPSUITS|BLAZERS,4.1
8330,20,1590.0,2590.0,ACCESSORIES_JEWELLERY|DRESSES_JUMPSUITS,3.6
8331,44,3290.0,5990.0,TROUSERS|BAGS,4.6
8332,55,4990.0,6490.0,DRESSES_JUMPSUITS,4.3
8333,54,2290.0,2890.0,TOPS_BODYSUITS|LOUNGEWEARNEW,4.6
8334,20,2990.0,4490.0,BASICS,4.1
8335,32,2990.0,4990.0,CO-ORD SETS|ACCESSORIES_JEWELLERY|WAISTCOATS_GILETS,4.2
8336,37,1990.0,3490.0,BASICS,3.6
8337,40,2890.0,4390.0,DRESSES_JUMPSUITS|LOUNGEWEARNEW,4.6
8338,34,3290.0,5990.0,SKIRTS|WORKWEARNEW,4.4
8339,18,3290.0,4990.0,SKIRTS|WAISTCOATS_GILETS,3.6
8340,38,2890.0,4990.0,SKIRTS,4.1
8341,21,3990.0,4990.0,TROUSERS,3.8
8342,20,3290.0,9590.0,SKIRTS|SPECIAL PRICES,4.0
8343,31,2590.0,4090.0,BASICS|CO-ORD SETS,4.2
8344,21,1590.0,3290.0,DRESSES_JUMPSUITS|TOPS_BODYSUITS,3.6
8345,19,2990.0,4490.0,KNITWEAR,4.5
8346,44,2990.0,4490.0,SKIRTS|BEAUTY,4.2
8347,31,2290.0,4990.0,WORKWEARNEW|BAGS,3.8
8348,55,1590.0,3290.0,SHOES,4.3
8349,52,3990.0,5990.0,ACCESSORIES_JEWELLERY|LOUNGEWEARNEW|TROUSERS,3.7
8350,41,4990.0,5590.0,SHORTS_SKORTS,4.4
8351,42,2590.0,4090.0,BASICS,3.9
8352,32,3290.0,4990.0,TOPS_BODYSUITS|DRESSES_JUMPSUITS,4.3
8353,50,1590.0,3290.0,BAGS,3.7
8354,42,2290.0,7590.0,WORKWEARNEW,4.0
8355,20,3290.0,4990.0,KNITWEAR,4.6
8356,46,2290.0,8590.0,LOUNGEWEARNEW,4.6
8357,54,2990.0,7590.0,CO-ORD SETS|LOUNGEWEARNEW,4.3
8358,55,1590.0,3290.0,KNITWEAR|PERFUMESNEW,3.9
8359,46,1890.0,3390.0,TROUSERS,3.8
8360,46,2990.0,4490.0,SKIRTS,4.0
8361,41,1290.0,3990.0,JEANS|LOUNGEWEARNEW|BEAUTY,4.3
8362,55,3290.0,4990.0,T-SHIRTS_SWEATSHIRTS|BAGS,4.6
8363,42,3290.0,5990.0,SKIRTS|SHORTS_SKORTS,3.5
8364,43,2290.0,5990.0,SHIRTS,3.5
8365,22,5990.0,7490.0,JEANS|JACKETS,4.2
8366,48,4990.0,6490.0,SHOES|JACKETS,4.5
8367,43,990.0,3290.0,PERFUMESNEW,3.9
8368,35,3290.0,5990.0,TOPS_BODYSUITS,4.5
8369,25,3990.0,4990.0,WORKWEARNEW|SHORTS_SKORTS|BAGS,4.3
8370,22,2990.0,4490.0,WORKWEARNEW|BEAUTY,4.2
8371,32,3990.0,5490.0,WAISTCOATS_GILETS,3.8
8372,48,1590.0,3290.0,JEANS,4.6
8373,50,3990.0,7590.0,SHORTS_SKORTS,4.7
8374,44,4990.0,5990.0,KNITWEAR|LOUNGEWEARNEW,3.6
8375,53,2590.0,4090.0,CO-ORD SETS,4.1
8376,34,2290.0,2990.0,SHIRTS|DRESSES_JUMPSUITS,3.9
8377,53,3290.0,5990.0,DRESSES_JUMPSUITS,4.6
8378,29,2990.0,5590.0,BLAZERS,3.5
8379,55,790.0,2290.0,LOUNGEWEARNEW|JEANS,4.4
8380,30,2990.0,4490.0,PERFUMESNEW,4.3
8381,54,2290.0,4990.0,BEAUTY|DRESSES_JUMPSUITS,4.4
8382,51,2990.0,4990.0,SKIRTS|TOPS_BODYSUITS,3.6
8383,55,2590.0,5990.0,CO-ORD SETS,4.2
8384,49,2990.0,3990.0,WORKWEARNEW|SHOES|BAGS,4.1
8385,33,990.0,5590.0,PERFUMESNEW|JACKETS,4.1
8386,21,4990.0,6490.0,BAGS|KNITWEAR,4.2
8387,37,2590.0,4090.0,DRESSES_JUMPSUITS,3.5
8388,19,2590.0,4090.0,SKIRTS|TOPS_BODYSUITS,4.3
8389,46,3290.0,3990.0,TOPS_BODYSUITS|SPECIAL PRICES,4.7
8390,27,2290.0,4990.0,TROUSERS|TOPS_BODYSUITS|SHIRTS,4.2
8391,54,4990.0,6490.0,SHORTS_SKORTS|SPECIAL PRICES,3.8
8392,25,2990.0,4490.0,TOPS_BODYSUITS|CO-ORD SETS|PERFUMESNEW,4.0
8393,20,3290.0,4990.0,JACKETS,4.1
8394,21,1890.0,3390.0,BASICS|T-SHIRTS_SWEATSHIRTS,4.0
8395,45,2590.0,3290.0,BLAZERS|SHIRTS,3.9
8396,22,2990.0,7590.0,KNITWEAR,4.7
8397,45,990.0,3990.0,BEAUTY|JEANS,4.0
8398,53,2990.0,3990.0,LOUNGEWEARNEW|SHIRTS|SKIRTS,3.8
8399,45,1290.0,2590.0,BASICS,3.8
8400,24,3290.0,4990.0,DRESSES_JUMPSUITS|BEAUTY|BAGS,4.1
8401,38,3290.0,4990.0,TROUSERS,4.4
8402,19,4990.0,5990.0,T-SHIRTS_SWEATSHIRTS|JACKETS,4.1
8403,24,6990.0,7590.0,ACCESSORIES_JEWELLERY|BLAZERS|SPECIAL PRICES,4.7
8404,50,2990.0,4490.0,PERFUMESNEW,4.1
8405,34,4990.0,5990.0,ACCESSORIES_JEWELLERY|SKIRTS|BAGS,4.2
8406,26,4990.0,5990.0,DRESSES_JUMPSUITS,4.1
8407,19,3290.0,5990.0,SHORTS_SKORTS,4.5
8408,36,2890.0,4990.0,SHORTS_SKORTS|BEAUTY,4.1
8409,51,2990.0,3990.0,WAISTCOATS_GILETS,3.7
8410,38,1890.0,3990.0,BASICS|BLAZERS,3.6
8411,33,1990.0,4990.0,BAGS,4.6
8412,18,390.0,2590.0,TOPS_BODYSUITS|TROUSERS,4.6
8413,21,3990.0,5590.0,SHOES|TOPS_BODYSUITS|KNITWEAR,3.8
8414,42,2990.0,3990.0,JEANS,3.5
8415,54,2290.0,3290.0,JEANS,4.5
8416,49,3290.0,3990.0,TROUSERS,4.5
8417,49,3290.0,5990.0,KNITWEAR|TOPS_BODYSUITS|T-SHIRTS_SWEATSHIRTS,3.8
8418,41,3290.0,5990.0,SHIRTS|BAGS,3.6
8419,37,2290.0,4990.0,SKIRTS|DRESSES_JUMPSUITS,3.9
8420,37,2290.0,9590.0,SHOES,3.8
8421,41,3290.0,5990.0,KNITWEAR,4.1
8422,31,3290.0,5990.0,BLAZERS|JACKETS,4.4
8423,27,990.0,2990.0,T-SHIRTS_SWEATSHIRTS|CO-ORD SETS,4.6
8424,35,3290.0,4990.0,LOUNGEWEARNEW|SHIRTS,3.6
8425,25,1590.0,2990.0,SHOES,3.6
8426,26,2290.0,3290.0,TROUSERS,4.7
8427,25,4990.0,5990.0,BLAZERS|TOPS_BODYSUITS,3.9
8428,31,2890.0,4390.0,TROUSERS,4.1
8429,34,2590.0,3290.0,SHORTS_SKORTS|JEANS,3.9
8430,33,3290.0,3990.0,WAISTCOATS_GILETS|KNITWEAR|PERFUMESNEW,4.1
8431,49,2290.0,2990.0,BAGS,3.9
8432,41,3290.0,3990.0,T-SHIRTS_SWEATSHIRTS|SPECIAL PRICES,4.4
8433,18,2990.0,4990.0,SKIRTS,3.5
8434,41,1890.0,11990.0,PERFUMESNEW|SKIRTS,3.7
8435,22,2990.0,4990.0,JACKETS|CO-ORD SETS,4.5
8436,51,3290.0,5990.0,JEANS|WORKWEARNEW,4.0
8437,24,2990.0,4490.0,SKIRTS,4.5
8438,36,3990.0,5990.0,WORKWEARNEW,4.1
8439,43,2890.0,4390.0,KNITWEAR|SHORTS_SKORTS,4.2
8440,45,690.0,4990.0,DRESSES_JUMPSUITS|KNITWEAR,4.1
8441,46,2990.0,4990.0,TOPS_BODYSUITS|WAISTCOATS_GILETS|WORKWEARNEW,3.9
8442,47,2990.0,5990.0,BASICS,3.5
8443,51,1990.0,4990.0,ACCESSORIES_JEWELLERY|TOPS_BODYSUITS|SHOES,3.6
8444,49,1490.0,3290.0,BLAZERS,4.4
8445,42,3290.0,7590.0,TOPS_BODYSUITS|CO-ORD SETS,3.7
8446,18,3290.0,4990.0,JEANS,4.0
8447,38,2590.0,4090.0,BLAZERS,3.8
8448,48,3290.0,4990.0,WAISTCOATS_GILETS,4.3
8449,45,1990.0,3290.0,DRESSES_JUMPSUITS,3.8
8450,34,4990.0,6490.0,LOUNGEWEARNEW,3.7
8451,38,3290.0,4990.0,SHOES,4.1
8452,46,2990.0,4490.0,ACCESSORIES_JEWELLERY|DRESSES_JUMPSUITS|SKIRTS,4.4
8453,46,3290.0,4790.0,CO-ORD SETS|SHOES,3.7
8454,38,2890.0,4390.0,TROUSERS,3.7
8455,29,690.0,1890.0,BLAZERS|SHOES|WAISTCOATS_GILETS,4.1
8456,32,490.0,2590.0,CO-ORD SETS|JACKETS|JEANS,4.7
8457,54,1590.0,2590.0,SKIRTS,3.8
8458,26,2990.0,3990.0,BAGS|ACCESSORIES_JEWELLERY,4.5
8459,55,3290.0,3990.0,BAGS|SKIRTS|ACCESSORIES_JEWELLERY,3.9
8460,38,2890.0,4990.0,TROUSERS|TOPS_BODYSUITS|BAGS,4.4
8461,49,1890.0,11990.0,BLAZERS|DRESSES_JUMPSUITS,4.1
8462,20,2290.0,3990.0,PERFUMESNEW|JACKETS,4.0
8463,30,3990.0,7590.0,TROUSERS|SPECIAL PRICES,4.5
8464,42,1890.0,3990.0,CO-ORD SETS,4.6
8465,28,2990.0,5590.0,TROUSERS|WORKWEARNEW,4.5
8466,32,2590.0,3290.0,SKIRTS,4.5
8467,55,3290.0,7590.0,TROUSERS|BAGS,4.5
8468,31,590.0,2290.0,PERFUMESNEW,3.6
8469,43,2890.0,5990.0,CO-ORD SETS|BASICS,4.0
8470,31,2990.0,4490.0,JACKETS|TOPS_BODYSUITS|CO-ORD SETS,4.1
8471,27,3290.0,5590.0,LOUNGEWEARNEW|SHORTS_SKORTS|WORKWEARNEW,4.4
8472,48,1890.0,3290.0,WORKWEARNEW|KNITWEAR,3.9
8473,27,3990.0,5990.0,BAGS|T-SHIRTS_SWEATSHIRTS,3.6
8474,53,3290.0,5990.0,WAISTCOATS_GILETS|ACCESSORIES_JEWELLERY|SHIRTS,4.7
8475,35,2890.0,4390.0,DRESSES_JUMPSUITS,4.0
8476,27,2590.0,4990.0,T-SHIRTS_SWEATSHIRTS|CO-ORD SETS,3.7
8477,33,2990.0,4990.0,BLAZERS,4.3
8478,41,2590.0,5990.0,WAISTCOATS_GILETS,4.6
8479,25,790.0,3290.0,CO-ORD SETS,3.7
8480,44,490.0,5990.0,BLAZERS|T-SHIRTS_SWEATSHIRTS,4.3
8481,53,1890.0,3290.0,SHOES|SPECIAL PRICES,4.4
8482,24,2290.0,7590.0,JACKETS|TROUSERS|WORKWEARNEW,4.1
8483,49,2990.0,4990.0,DRESSES_JUMPSUITS|LOUNGEWEARNEW|JEANS,3.7
8484,23,3990.0,7590.0,SHORTS_SKORTS,3.6
8485,54,2990.0,4490.0,KNITWEAR|TOPS_BODYSUITS,4.7
8486,21,3290.0,5990.0,BAGS,4.3
8487,24,1890.0,3290.0,JACKETS|WORKWEARNEW|ACCESSORIES_JEWELLERY,4.5
8488,54,2990.0,4490.0,WAISTCOATS_GILETS,3.8
8489,36,3290.0,3990.0,KNITWEAR,4.2
8490,50,2590.0,5990.0,DRESSES_JUMPSUITS|PERFUMESNEW,3.8
8491,20,2290.0,4990.0,ACCESSORIES_JEWELLERY|LOUNGEWEARNEW|SHIRTS,4.3
8492,23,2590.0,3990.0,T-SHIRTS_SWEATSHIRTS|SHOES,4.6
8493,30,1990.0,2990.0,LOUNGEWEARNEW|JACKETS,4.0
8494,32,3290.0,4790.0,SHOES,4.1
8495,52,1890.0,3390.0,TROUSERS|T-SHIRTS_SWEATSHIRTS|KNITWEAR,3.7
8496,21,1290.0,3290.0,T-SHIRTS_SWEATSHIRTS,3.7
8497,48,2990.0,5590.0,KNITWEAR|LOUNGEWEARNEW,4.6
8498,27,2990.0,4490.0,SHORTS_SKORTS|BASICS|WORKWEARNEW,4.1
8499,22,3290.0,7590.0,ACCESSORIES_JEWELLERY,4.3
8500,20,890.0,3990.0,WORKWEARNEW|ACCESSORIES_JEWELLERY,3.7
8501,22,3290.0,3990.0,SPECIAL PRICES|KNITWEAR|DRESSES_JUMPSUITS,4.6
8502,44,3990.0,4990.0,JACKETS,4.2
8503,42,2590.0,5990.0,WAISTCOATS_GILETS|SHORTS_SKORTS|CO-ORD SETS,3.7
8504,52,1990.0,4990.0,JEANS|SHORTS_SKORTS,3.8
8505,23,3990.0,4990.0,SHIRTS,3.7
8506,23,3290.0,4990.0,SKIRTS,3.9
8507,28,2890.0,5990.0,SHORTS_SKORTS,4.5
8508,32,3290.0,4790.0,LOUNGEWEARNEW|T-SHIRTS_SWEATSHIRTS,3.7
8509,52,2290.0,4990.0,SKIRTS|BEAUTY,4.6
8510,21,2590.0,4090.0,BASICS|LOUNGEWEARNEW,3.8
8511,42,3990.0,4990.0,BEAUTY|JACKETS,4.2
8512,47,2290.0,7990.0,SKIRTS,4.2
8513,44,2590.0,3290.0,CO-ORD SETS,4.2
8514,51,3990.0,4990.0,JACKETS|BEAUTY,3.7
8515,54,1590.0,3090.0,TOPS_BODYSUITS|TROUSERS,4.6
8516,24,2290.0,4990.0,JEANS|SKIRTS,4.3
8517,38,2990.0,4990.0,LOUNGEWEARNEW,4.4
8518,49,2990.0,4990.0,PERFUMESNEW,4.0
8519,29,2990.0,4490.0,BASICS|SKIRTS,3.9
8520,49,490.0,4990.0,JEANS|WAISTCOATS_GILETS|BASICS,4.3
8521,53,3290.0,4990.0,JACKETS|TOPS_BODYSUITS,4.3
8522,45,4990.0,5990.0,T-SHIRTS_SWEATSHIRTS|SPECIAL PRICES,3.7
8523,21,5990.0,7490.0,BEAUTY|JEANS,3.8
8524,54,2990.0,4490.0,DRESSES_JUMPSUITS|CO-ORD SETS,3.6
8525,48,3290.0,3990.0,SKIRTS,3.8
8526,23,2990.0,4990.0,TROUSERS,4.4
8527,41,4990.0,6490.0,JACKETS|DRESSES_JUMPSUITS,4.7
8528,32,2990.0,8590.0,SPECIAL PRICES|T-SHIRTS_SWEATSHIRTS,3.6
8529,46,2590.0,3290.0,SHIRTS|BASICS,4.2
8530,27,2290.0,2990.0,PERFUMESNEW,3.6
8531,55,1890.0,3290.0,TOPS_BODYSUITS,4.0
8532,51,2990.0,3990.0,CO-ORD SETS|SHIRTS|TROUSERS,3.5
8533,49,3290.0,3990.0,SHORTS_SKORTS|CO-ORD SETS,4.2
8534,39,2590.0,4990.0,KNITWEAR,4.3
8535,44,2990.0,4990.0,CO-ORD SETS|BASICS|BLAZERS,4.6
8536,54,2990.0,4490.0,BLAZERS,3.7
8537,42,1590.0,4990.0,TROUSERS|WAISTCOATS_GILETS|DRESSES_JUMPSUITS,3.8
8538,18,3290.0,3990.0,BLAZERS,4.7
8539,41,3290.0,4990.0,JACKETS|CO-ORD SETS,3.7
8540,49,2590.0,4090.0,BAGS,3.7
8541,38,2990.0,4490.0,LOUNGEWEARNEW|SHIRTS|WAISTCOATS_GILETS,3.9
8542,35,3290.0,5990.0,BLAZERS,3.6
8543,53,3290.0,4990.0,DRESSES_JUMPSUITS,3.8
8544,34,2990.0,8590.0,SPECIAL PRICES|WORKWEARNEW,4.3
8545,31,3290.0,4790.0,PERFUMESNEW|WAISTCOATS_GILETS|SHOES,4.0
8546,21,2990.0,4990.0,LOUNGEWEARNEW|ACCESSORIES_JEWELLERY|T-SHIRTS_SWEATSHIRTS,4.1
8547,28,2990.0,4490.0,DRESSES_JUMPSUITS,4.1
8548,37,3290.0,4790.0,DRESSES_JUMPSUITS|T-SHIRTS_SWEATSHIRTS,4.5
8549,34,890.0,3290.0,LOUNGEWEARNEW|SKIRTS,4.4
8550,53,4590.0,5990.0,BAGS,4.2
8551,35,3990.0,4990.0,SPECIAL PRICES|BAGS,3.7
8552,45,990.0,3990.0,SHOES,4.1
8553,20,3290.0,4990.0,BEAUTY|CO-ORD SETS|SPECIAL PRICES,4.1
8554,37,5590.0,7090.0,SKIRTS,4.2
8555,28,3990.0,5590.0,SHIRTS,3.7
8556,24,3290.0,4990.0,ACCESSORIES_JEWELLERY|SHORTS_SKORTS|DRESSES_JUMPSUITS,3.8
8557,46,1590.0,2890.0,BASICS|ACCESSORIES_JEWELLERY|SHOES,4.1
8558,49,2990.0,4490.0,T-SHIRTS_SWEATSHIRTS,4.1
8559,20,5990.0,7490.0,T-SHIRTS_SWEATSHIRTS,3.7
8560,40,3290.0,4790.0,TOPS_BODYSUITS|BASICS,4.4
8561,29,3290.0,5990.0,WAISTCOATS_GILETS|KNITWEAR,4.6
8562,37,2990.0,4490.0,BEAUTY,4.0
8563,46,1890.0,17990.0,JEANS,3.9
8564,50,2990.0,10990.0,TOPS_BODYSUITS|T-SHIRTS_SWEATSHIRTS,3.7
8565,51,1990.0,3290.0,SHORTS_SKORTS,4.4
8566,32,5990.0,7590.0,LOUNGEWEARNEW|SHIRTS,4.2
8567,50,2590.0,3290.0,BASICS,3.9
8568,28,1990.0,3990.0,KNITWEAR|LOUNGEWEARNEW,4.1
8569,20,2990.0,4990.0,SKIRTS|JEANS,4.4
8570,26,2290.0,2990.0,TOPS_BODYSUITS,4.4
8571,37,990.0,2490.0,SHIRTS,4.4
8572,39,2590.0,7590.0,BEAUTY|ACCESSORIES_JEWELLERY|WAISTCOATS_GILETS,4.1
8573,54,2990.0,4990.0,JEANS,3.7
8574,33,3290.0,4790.0,LOUNGEWEARNEW,4.1
8575,48,1990.0,3990.0,BASICS,3.8
8576,29,2990.0,3990.0,SHORTS_SKORTS|T-SHIRTS_SWEATSHIRTS,4.6
8577,23,3290.0,4790.0,SHIRTS,4.6
8578,44,3290.0,5990.0,SHOES,4.2
8579,18,2590.0,3290.0,LOUNGEWEARNEW|JACKETS,3.8
8580,23,3290.0,3990.0,JEANS,4.2
8581,20,3290.0,4790.0,SHOES,4.0
8582,34,990.0,6990.0,DRESSES_JUMPSUITS|SHORTS_SKORTS,3.8
8583,46,3290.0,4990.0,CO-ORD SETS,3.7
8584,26,2290.0,4990.0,TOPS_BODYSUITS|PERFUMESNEW|SHORTS_SKORTS,4.4
8585,20,3290.0,4990.0,SHORTS_SKORTS,4.5
8586,53,2290.0,3290.0,SKIRTS,3.5
8587,49,2590.0,4090.0,BAGS|PERFUMESNEW|LOUNGEWEARNEW,4.6
8588,55,4990.0,8990.0,SHIRTS,4.4
8589,43,2590.0,5990.0,SKIRTS|T-SHIRTS_SWEATSHIRTS|SHOES,3.5
8590,46,5590.0,7090.0,BAGS,4.5
8591,29,3990.0,4990.0,BAGS|PERFUMESNEW,4.3
8592,47,4990.0,5990.0,TROUSERS|BEAUTY,4.3
8593,29,3290.0,4790.0,LOUNGEWEARNEW|SHORTS_SKORTS|SPECIAL PRICES,4.4
8594,50,3290.0,3990.0,TOPS_BODYSUITS|ACCESSORIES_JEWELLERY,3.7
8595,41,1590.0,3990.0,TROUSERS|WAISTCOATS_GILETS,4.3
8596,55,2590.0,3290.0,BASICS|CO-ORD SETS,4.3
8597,20,2990.0,4990.0,JEANS,4.4
8598,23,3290.0,3990.0,KNITWEAR,4.4
8599,32,1590.0,3290.0,SKIRTS|ACCESSORIES_JEWELLERY,4.0
8600,32,2290.0,5990.0,TROUSERS|BASICS,4.6
8601,21,4990.0,8990.0,SHORTS_SKORTS,3.8
8602,45,1990.0,3290.0,SKIRTS,3.6
8603,32,890.0,9590.0,BASICS|JEANS|SHORTS_SKORTS,4.4
8604,47,1590.0,4990.0,SKIRTS,4.3
8605,49,3290.0,5990.0,SKIRTS|SHOES|JACKETS,3.6
8606,48,3290.0,5990.0,SHOES,3.9
8607,46,2990.0,4490.0,WORKWEARNEW|BEAUTY,3.7
8608,31,3290.0,5990.0,LOUNGEWEARNEW,4.5
8609,44,2590.0,11990.0,LOUNGEWEARNEW|SHOES|SKIRTS,4.4
8610,28,4990.0,5990.0,TOPS_BODYSUITS,3.6
8611,41,1590.0,3290.0,WAISTCOATS_GILETS|BLAZERS,3.6
8612,39,2990.0,5990.0,ACCESSORIES_JEWELLERY|WAISTCOATS_GILETS|WORKWEARNEW,3.5
8613,24,3990.0,4990.0,WAISTCOATS_GILETS|CO-ORD SETS,4.7
8614,27,3290.0,3990.0,BAGS,4.1
8615,40,2290.0,3290.0,SHIRTS|BEAUTY|ACCESSORIES_JEWELLERY,4.2
8616,52,3990.0,8990.0,SKIRTS|TOPS_BODYSUITS,4.5
8617,41,3290.0,3990.0,SHORTS_SKORTS|JACKETS,3.9
8618,39,1890.0,4990.0,T-SHIRTS_SWEATSHIRTS,3.7
8619,43,3990.0,5990.0,BASICS|BEAUTY|JEANS,3.6
8620,22,2590.0,3990.0,KNITWEAR|SHORTS_SKORTS,4.0
8621,36,2990.0,4990.0,PERFUMESNEW,4.1
8622,18,3990.0,4990.0,BEAUTY|SHORTS_SKORTS|BASICS,4.1
8623,36,1990.0,4990.0,BASICS,4.5
8624,24,3290.0,4990.0,SKIRTS|JEANS,4.5
8625,35,1990.0,5990.0,WORKWEARNEW|T-SHIRTS_SWEATSHIRTS|DRESSES_JUMPSUITS,4.5
8626,44,2990.0,4490.0,LOUNGEWEARNEW,3.9
8627,43,4990.0,5990.0,BASICS,4.7
8628,36,3290.0,4990.0,DRESSES_JUMPSUITS|PERFUMESNEW|WORKWEARNEW,3.7
8629,55,4990.0,5990.0,BLAZERS,4.2
8630,30,1590.0,3290.0,CO-ORD SETS|SHIRTS|SHOES,4.1
8631,18,2990.0,4490.0,BASICS,4.6
8632,49,4990.0,8590.0,DRESSES_JUMPSUITS,4.0
8633,27,890.0,2290.0,WAISTCOATS_GILETS,3.8
8634,22,3290.0,4990.0,CO-ORD SETS,4.5
8635,39,2290.0,3790.0,DRESSES_JUMPSUITS|BEAUTY,4.3
8636,24,3290.0,4990.0,BAGS,4.1
8637,33,2990.0,4490.0,DRESSES_JUMPSUITS,4.2
8638,28,1990.0,4990.0,ACCESSORIES_JEWELLERY|SPECIAL PRICES,4.3
8639,31,2290.0,4990.0,T-SHIRTS_SWEATSHIRTS|BLAZERS,4.2
8640,35,1990.0,3290.0,TOPS_BODYSUITS,4.0
8641,22,1990.0,4990.0,LOUNGEWEARNEW|T-SHIRTS_SWEATSHIRTS,3.6
8642,42,3290.0,4990.0,SHIRTS,3.8
8643,39,2990.0,3990.0,BASICS,4.4
8644,36,2990.0,3990.0,TROUSERS|CO-ORD SETS,4.2
8645,25,3290.0,6990.0,TROUSERS,3.7
8646,45,2990.0,6990.0,BEAUTY,3.8
8647,43,690.0,2290.0,ACCESSORIES_JEWELLERY,4.1
8648,33,2890.0,4390.0,SHORTS_SKORTS|SKIRTS,4.5
8649,38,4990.0,5990.0,BLAZERS,4.6
8650,40,2590.0,4090.0,DRESSES_JUMPSUITS,4.7
8651,26,790.0,1990.0,BASICS,4.6
8652,43,4990.0,6490.0,JACKETS|SHORTS_SKORTS,4.2
8653,37,2890.0,3990.0,LOUNGEWEARNEW,3.8
8654,35,2990.0,5990.0,BASICS|ACCESSORIES_JEWELLERY,4.3
8655,45,2590.0,3290.0,SHOES,4.4
8656,26,2990.0,3990.0,SHORTS_SKORTS|JACKETS,3.5
8657,30,2990.0,4990.0,SHORTS_SKORTS,4.4
8658,34,1990.0,2590.0,JACKETS|CO-ORD SETS,4.0
8659,54,5990.0,7490.0,SPECIAL PRICES,3.6
8660,54,1990.0,2590.0,T-SHIRTS_SWEATSHIRTS,4.6
8661,21,3290.0,4990.0,BAGS|KNITWEAR|SPECIAL PRICES,4.3
8662,49,2990.0,4490.0,T-SHIRTS_SWEATSHIRTS|BLAZERS,3.9
8663,36,1990.0,3290.0,SPECIAL PRICES,3.7
8664,53,3290.0,5990.0,BLAZERS,4.4
8665,40,3290.0,3990.0,T-SHIRTS_SWEATSHIRTS|KNITWEAR,4.2
8666,18,1590.0,3290.0,ACCESSORIES_JEWELLERY|PERFUMESNEW|DRESSES_JUMPSUITS,4.1
8667,35,790.0,3290.0,WAISTCOATS_GILETS,4.4
8668,50,5590.0,8590.0,T-SHIRTS_SWEATSHIRTS|LOUNGEWEARNEW,4.5
8669,49,2990.0,4990.0,CO-ORD SETS|SHORTS_SKORTS,4.5
8670,26,3290.0,3990.0,BASICS,4.1
8671,37,2990.0,3990.0,KNITWEAR|BEAUTY,3.9
8672,40,3290.0,4990.0,BASICS|CO-ORD SETS,4.7
8673,53,3290.0,5990.0,KNITWEAR|SPECIAL PRICES,4.3
8674,49,2890.0,4390.0,CO-ORD SETS|SHORTS_SKORTS,4.7
8675,51,3290.0,4990.0,BLAZERS,4.5
8676,35,790.0,6990.0,BEAUTY|BASICS,3.9
8677,38,7590.0,8590.0,JEANS,3.7
8678,54,3990.0,7590.0,BAGS|BASICS,4.4
8679,25,2990.0,4990.0,JACKETS,4.1
8680,20,2990.0,4490.0,WORKWEARNEW,4.6
8681,33,3290.0,3990.0,JACKETS|SHORTS_SKORTS,4.3
8682,50,2290.0,3990.0,BAGS|DRESSES_JUMPSUITS,3.8
8683,35,1990.0,5990.0,BEAUTY|SHIRTS|DRESSES_JUMPSUITS,4.7
8684,29,2590.0,3290.0,DRESSES_JUMPSUITS,3.7
8685,41,3290.0,4990.0,SKIRTS,3.8
8686,44,1590.0,2990.0,JACKETS|ACCESSORIES_JEWELLERY|TROUSERS,3.9
8687,31,2490.0,3990.0,CO-ORD SETS|TOPS_BODYSUITS,4.4
8688,43,2290.0,3790.0,CO-ORD SETS,4.6
8689,49,2990.0,11990.0,SHORTS_SKORTS,4.2
8690,33,1490.0,1990.0,WAISTCOATS_GILETS|CO-ORD SETS,4.3
8691,40,3290.0,13990.0,CO-ORD SETS,3.8
8692,36,1090.0,3290.0,JEANS|SHOES,3.9
8693,46,3290.0,5990.0,SPECIAL PRICES|BEAUTY,3.8
8694,22,2990.0,4490.0,JACKETS|CO-ORD SETS,4.5
8695,50,3990.0,4990.0,SHORTS_SKORTS|TOPS_BODYSUITS,4.2
8696,40,2590.0,3290.0,BAGS|BASICS,3.8
8697,20,3990.0,5490.0,BAGS,4.2
8698,45,1890.0,3290.0,WAISTCOATS_GILETS|JEANS,4.3
8699,22,3290.0,4990.0,DRESSES_JUMPSUITS|WORKWEARNEW,4.3
8700,53,2990.0,3990.0,ACCESSORIES_JEWELLERY,4.3
8701,40,2990.0,4490.0,SKIRTS,4.5
8702,23,2990.0,4990.0,WORKWEARNEW|DRESSES_JUMPSUITS,3.8
8703,33,3990.0,5490.0,JACKETS,3.8
8704,53,1590.0,3290.0,BASICS,4.4
8705,20,3290.0,9590.0,SPECIAL PRICES|T-SHIRTS_SWEATSHIRTS,4.6
8706,51,4990.0,7590.0,WAISTCOATS_GILETS,3.7
8707,37,2990.0,4990.0,BEAUTY,4.0
8708,50,2590.0,5990.0,TOPS_BODYSUITS|SHORTS_SKORTS|BASICS,4.3
8709,26,2590.0,3290.0,BAGS|LOUNGEWEARNEW,4.6
8710,34,3290.0,3990.0,SHOES|KNITWEAR,4.1
8711,35,4990.0,5990.0,SHOES|WORKWEARNEW,3.9
8712,25,2290.0,4990.0,DRESSES_JUMPSUITS|LOUNGEWEARNEW,4.3
8713,37,1290.0,4990.0,JACKETS|BAGS,3.7
8714,47,2590.0,4990.0,TROUSERS,3.7
8715,27,3990.0,5990.0,DRESSES_JUMPSUITS|PERFUMESNEW|JEANS,4.2
8716,48,3290.0,3990.0,BEAUTY,3.5
8717,50,950.0,3290.0,TOPS_BODYSUITS|SKIRTS|SPECIAL PRICES,3.6
8718,29,1590.0,2590.0,TROUSERS|BEAUTY,3.9
8719,39,2290.0,2990.0,SHIRTS,4.6
8720,48,990.0,2990.0,WAISTCOATS_GILETS|TOPS_BODYSUITS,3.6
8721,30,5590.0,7090.0,SKIRTS,4.6
8722,52,4990.0,5590.0,TROUSERS|PERFUMESNEW,3.6
8723,35,2590.0,5990.0,SHIRTS,4.4
8724,41,2290.0,2990.0,SKIRTS,4.5
8725,39,990.0,2990.0,KNITWEAR|SHORTS_SKORTS,4.3
8726,31,890.0,4990.0,ACCESSORIES_JEWELLERY,3.5
8727,55,3290.0,5990.0,SHOES|DRESSES_JUMPSUITS,4.1
8728,25,3290.0,6990.0,BEAUTY|SHORTS_SKORTS|SHIRTS,4.7
8729,42,1590.0,4990.0,WAISTCOATS_GILETS,3.6
8730,51,990.0,4990.0,BASICS,3.5
8731,52,2590.0,3290.0,LOUNGEWEARNEW|SPECIAL PRICES,4.6
8732,49,1590.0,4990.0,JACKETS,3.6
8733,19,2290.0,3990.0,SKIRTS,4.0
8734,55,3990.0,5990.0,SHORTS_SKORTS,3.7
8735,36,3290.0,3990.0,JEANS,4.4
8736,23,3990.0,5490.0,SHIRTS|BEAUTY,4.0
8737,49,2990.0,4490.0,KNITWEAR|T-SHIRTS_SWEATSHIRTS|JEANS,4.5
8738,32,2590.0,3290.0,BLAZERS|WORKWEARNEW,4.7
8739,26,3290.0,5990.0,SKIRTS|DRESSES_JUMPSUITS,4.7
8740,27,2990.0,4490.0,BEAUTY,4.7
8741,29,2990.0,3990.0,JACKETS,4.6
8742,40,2990.0,4990.0,JEANS,3.6
8743,43,2890.0,4990.0,T-SHIRTS_SWEATSHIRTS,3.9
8744,41,2990.0,4990.0,BAGS,4.3
8745,19,2990.0,5990.0,DRESSES_JUMPSUITS|JACKETS,4.6
8746,31,3290.0,5990.0,BEAUTY,3.9
8747,20,1090.0,6990.0,SHORTS_SKORTS|SHIRTS,4.5
8748,53,2990.0,3990.0,WAISTCOATS_GILETS|T-SHIRTS_SWEATSHIRTS|SPECIAL PRICES,4.4
8749,49,5990.0,7490.0,SKIRTS,4.4
8750,45,1990.0,3290.0,TROUSERS,4.0
8751,50,2990.0,4990.0,DRESSES_JUMPSUITS|LOUNGEWEARNEW,3.9
8752,48,2590.0,3990.0,JEANS,4.5
8753,18,790.0,5590.0,BEAUTY,3.5
8754,40,1890.0,3990.0,WAISTCOATS_GILETS,3.7
8755,41,2590.0,4990.0,WAISTCOATS_GILETS|T-SHIRTS_SWEATSHIRTS|SHORTS_SKORTS,4.1
8756,41,2990.0,4990.0,SHORTS_SKORTS|SPECIAL PRICES,3.8
8757,28,2990.0,5990.0,JEANS,4.4
8758,31,2990.0,4990.0,T-SHIRTS_SWEATSHIRTS|BLAZERS,4.4
8759,50,3990.0,5990.0,SHORTS_SKORTS,4.6
8760,44,3990.0,4990.0,SHIRTS,3.8
8761,30,2590.0,3290.0,SHOES|WAISTCOATS_GILETS|ACCESSORIES_JEWELLERY,4.5
8762,28,2990.0,4490.0,BASICS|BLAZERS,4.2
8763,42,3990.0,4990.0,BASICS|SKIRTS,4.7
8764,52,3990.0,4590.0,JACKETS|TOPS_BODYSUITS,3.5
8765,39,3290.0,4790.0,WAISTCOATS_GILETS,4.2
8766,51,3290.0,5990.0,DRESSES_JUMPSUITS|BASICS,3.5
8767,29,4990.0,6490.0,SKIRTS,4.0
8768,45,3290.0,4790.0,BLAZERS,4.4
8769,38,3290.0,5990.0,SKIRTS,4.0
8770,18,990.0,3290.0,SHOES|JACKETS,3.6
8771,53,3290.0,3990.0,SHIRTS|CO-ORD SETS,4.3
8772,32,890.0,2990.0,SHOES|T-SHIRTS_SWEATSHIRTS,3.9
8773,35,2890.0,4390.0,SHIRTS|LOUNGEWEARNEW,3.5
8774,44,2990.0,4490.0,ACCESSORIES_JEWELLERY|BAGS,4.2
8775,22,2290.0,3290.0,DRESSES_JUMPSUITS|BEAUTY,4.2
8776,23,1290.0,2990.0,SHOES,3.6
8777,36,4990.0,6490.0,SKIRTS|BASICS,4.5
8778,22,3990.0,10990.0,SHOES|SHIRTS,3.7
8779,47,1290.0,4990.0,TOPS_BODYSUITS|BAGS|T-SHIRTS_SWEATSHIRTS,4.0
8780,52,3290.0,4790.0,T-SHIRTS_SWEATSHIRTS|KNITWEAR,4.0
8781,42,1890.0,2590.0,TROUSERS|WORKWEARNEW|JEANS,4.5
8782,49,5990.0,7490.0,KNITWEAR|SKIRTS,3.6
8783,48,1890.0,4990.0,BLAZERS|SPECIAL PRICES,3.7
8784,34,1890.0,4990.0,TOPS_BODYSUITS|SHORTS_SKORTS,3.7
8785,29,2890.0,4390.0,JEANS,4.3
8786,41,2890.0,5990.0,DRESSES_JUMPSUITS,3.9
8787,41,3290.0,8990.0,BEAUTY|PERFUMESNEW|BAGS,4.3
8788,39,3290.0,3990.0,JEANS,4.4
8789,33,590.0,4990.0,SPECIAL PRICES,4.0
8790,21,2590.0,5990.0,CO-ORD SETS,3.6
8791,53,2990.0,4990.0,DRESSES_JUMPSUITS,4.0
8792,49,1890.0,5990.0,BASICS,4.6
8793,29,1590.0,2990.0,ACCESSORIES_JEWELLERY,4.0
8794,22,2990.0,3990.0,SKIRTS,3.6
8795,47,2990.0,4990.0,BEAUTY|SPECIAL PRICES,3.9
8796,26,2590.0,4990.0,CO-ORD SETS,3.5
8797,27,1990.0,2590.0,SHORTS_SKORTS|TOPS_BODYSUITS,3.9
8798,19,2590.0,4990.0,KNITWEAR,4.2
8799,21,2990.0,4490.0,TOPS_BODYSUITS|WORKWEARNEW,3.7
8800,23,1890.0,2990.0,WORKWEARNEW|SHIRTS,3.6
8801,48,2290.0,3990.0,BAGS|SHORTS_SKORTS,3.7
8802,40,2290.0,2990.0,SHOES|BASICS,3.9
8803,26,1790.0,5990.0,JACKETS|ACCESSORIES_JEWELLERY,3.9
8804,35,3990.0,4990.0,SHOES,4.5
8805,42,3290.0,4790.0,DRESSES_JUMPSUITS,4.3
8806,52,2990.0,4490.0,SKIRTS|PERFUMESNEW,3.7
8807,51,4990.0,5990.0,TROUSERS,4.1
8808,21,3290.0,4990.0,TOPS_BODYSUITS|TROUSERS,4.1
8809,54,2990.0,4490.0,T-SHIRTS_SWEATSHIRTS,4.4
8810,40,2290.0,3990.0,SKIRTS|SHOES,4.3
8811,29,3990.0,5990.0,BASICS|SKIRTS,4.0
8812,19,2590.0,3990.0,WORKWEARNEW|BASICS,4.7
8813,18,1990.0,2990.0,SHIRTS|BLAZERS|TOPS_BODYSUITS,4.4
8814,18,2590.0,4090.0,SPECIAL PRICES,4.3
8815,22,2890.0,4390.0,WAISTCOATS_GILETS|ACCESSORIES_JEWELLERY,3.6
8816,18,790.0,3290.0,SHORTS_SKORTS|TROUSERS|DRESSES_JUMPSUITS,4.1
8817,44,3290.0,5990.0,SHOES|SPECIAL PRICES|TOPS_BODYSUITS,3.6
8818,25,3290.0,3990.0,CO-ORD SETS|BAGS,4.4
8819,28,2990.0,4490.0,PERFUMESNEW|JACKETS|DRESSES_JUMPSUITS,4.5
8820,44,3290.0,5990.0,TROUSERS,3.7
8821,28,3290.0,4990.0,TOPS_BODYSUITS|LOUNGEWEARNEW|CO-ORD SETS,4.3
8822,23,4990.0,6990.0,BAGS,3.8
8823,39,3290.0,3990.0,SHOES|JACKETS,3.8
8824,40,990.0,2290.0,WAISTCOATS_GILETS|PERFUMESNEW,3.9
8825,43,3290.0,5990.0,BASICS|SHORTS_SKORTS|PERFUMESNEW,3.5
8826,52,1990.0,2590.0,SHOES|JACKETS,4.4
8827,24,3290.0,9990.0,BASICS|SHOES,4.5
8828,41,2990.0,4990.0,T-SHIRTS_SWEATSHIRTS|BEAUTY,3.9
8829,46,3290.0,5990.0,BLAZERS,3.7
8830,34,3990.0,5990.0,T-SHIRTS_SWEATSHIRTS|WAISTCOATS_GILETS|SPECIAL PRICES,4.6
8831,19,3290.0,4990.0,TROUSERS,3.6
8832,55,2590.0,4990.0,JACKETS,3.8
8833,54,2890.0,4390.0,T-SHIRTS_SWEATSHIRTS|CO-ORD SETS|WORKWEARNEW,3.6
8834,34,2590.0,3990.0,KNITWEAR|JACKETS,4.1
8835,43,2290.0,3290.0,KNITWEAR|CO-ORD SETS|SPECIAL PRICES,3.9
8836,29,2290.0,7590.0,WAISTCOATS_GILETS|SHOES|ACCESSORIES_JEWELLERY,4.6
8837,28,890.0,2990.0,SKIRTS,4.3
8838,34,2990.0,4990.0,TOPS_BODYSUITS|SHOES,4.1
8839,36,3290.0,4990.0,BAGS,4.2
8840,49,2290.0,3290.0,BLAZERS|WAISTCOATS_GILETS,4.4
8841,31,3290.0,4790.0,PERFUMESNEW|SKIRTS,4.0
8842,50,2290.0,3290.0,TROUSERS|KNITWEAR,4.3
8843,37,2290.0,3790.0,WORKWEARNEW,4.5
8844,24,1590.0,2990.0,BASICS|BAGS,4.5
8845,40,1890.0,2590.0,LOUNGEWEARNEW|SPECIAL PRICES,3.9
8846,27,4990.0,6490.0,KNITWEAR|SKIRTS,4.1
8847,53,4990.0,6490.0,PERFUMESNEW|SHOES|SHIRTS,4.4
8848,55,2990.0,7590.0,CO-ORD SETS,4.6
8849,52,2990.0,4990.0,DRESSES_JUMPSUITS,3.8
8850,48,3290.0,10990.0,SPECIAL PRICES|WORKWEARNEW,3.8
8851,26,5590.0,7090.0,JEANS|CO-ORD SETS,4.1
8852,50,2290.0,3290.0,TROUSERS,3.8
8853,37,1590.0,5990.0,ACCESSORIES_JEWELLERY,3.8
8854,25,1890.0,3290.0,SHIRTS|SKIRTS,4.0
8855,20,1990.0,3490.0,BASICS|LOUNGEWEARNEW|BLAZERS,3.9
8856,42,1890.0,3290.0,ACCESSORIES_JEWELLERY|WAISTCOATS_GILETS,4.4
8857,38,3290.0,4790.0,WORKWEARNEW,4.6
8858,23,3290.0,4790.0,BEAUTY|PERFUMESNEW,4.1
8859,38,3290.0,3990.0,TROUSERS,4.5
8860,29,2290.0,5990.0,ACCESSORIES_JEWELLERY|KNITWEAR,4.0
8861,49,2290.0,3790.0,SPECIAL PRICES,4.7
8862,19,2590.0,3290.0,TOPS_BODYSUITS|BASICS,4.6
8863,31,2590.0,3290.0,T-SHIRTS_SWEATSHIRTS,4.2
8864,48,1890.0,4990.0,SPECIAL PRICES|BAGS,3.5
8865,54,2990.0,5990.0,JEANS,4.7
8866,48,2590.0,4990.0,LOUNGEWEARNEW,4.6
8867,49,2590.0,3290.0,PERFUMESNEW,4.2
8868,31,4990.0,5990.0,DRESSES_JUMPSUITS,4.5
8869,52,2890.0,4990.0,JACKETS|WAISTCOATS_GILETS,4.6
8870,48,950.0,2990.0,SHOES,4.3
8871,30,1990.0,3990.0,SPECIAL PRICES,4.2
8872,45,1590.0,4990.0,CO-ORD SETS|DRESSES_JUMPSUITS|JACKETS,3.9
8873,44,4990.0,5990.0,WAISTCOATS_GILETS|PERFUMESNEW,3.8
8874,23,2590.0,3290.0,SHOES,3.7
8875,50,1990.0,3290.0,TOPS_BODYSUITS|BASICS,4.2
8876,43,2990.0,5990.0,SHORTS_SKORTS|TROUSERS,3.9
8877,32,2990.0,4990.0,BAGS|TROUSERS|DRESSES_JUMPSUITS,3.9
8878,18,3290.0,4790.0,SKIRTS|DRESSES_JUMPSUITS,3.9
8879,33,1890.0,3290.0,DRESSES_JUMPSUITS,4.7
8880,20,2990.0,5990.0,BAGS|LOUNGEWEARNEW,4.5
8881,55,2290.0,6990.0,WAISTCOATS_GILETS,4.1
8882,32,2990.0,3990.0,CO-ORD SETS|SHORTS_SKORTS|JEANS,4.5
8883,28,3290.0,4990.0,SKIRTS,4.2
8884,38,2590.0,3990.0,ACCESSORIES_JEWELLERY,4.4
8885,41,3990.0,4990.0,SHORTS_SKORTS|BEAUTY|CO-ORD SETS,3.9
8886,19,1090.0,3290.0,WORKWEARNEW,3.6
8887,31,2290.0,3990.0,DRESSES_JUMPSUITS|SHIRTS|TOPS_BODYSUITS,3.9
8888,34,3290.0,3990.0,TROUSERS|T-SHIRTS_SWEATSHIRTS,3.8
8889,44,2290.0,3290.0,BAGS|JACKETS,3.7
8890,24,2290.0,3290.0,PERFUMESNEW|SHOES|T-SHIRTS_SWEATSHIRTS,3.6
8891,34,2990.0,3990.0,CO-ORD SETS|WORKWEARNEW,4.0
8892,35,2590.0,5990.0,SPECIAL PRICES|ACCESSORIES_JEWELLERY|SHIRTS,4.2
8893,47,2290.0,3290.0,JACKETS,4.3
8894,37,2990.0,5990.0,SKIRTS,4.5
8895,53,1890.0,3290.0,T-SHIRTS_SWEATSHIRTS,4.3
8896,18,4990.0,6490.0,SPECIAL PRICES,3.9
8897,19,3290.0,4990.0,PERFUMESNEW,4.2
8898,36,1590.0,2290.0,SHIRTS|DRESSES_JUMPSUITS,4.7
8899,42,2590.0,3290.0,BAGS|WAISTCOATS_GILETS,3.6
8900,37,2590.0,3290.0,TROUSERS|SKIRTS|SPECIAL PRICES,3.8
8901,38,1990.0,3290.0,JEANS|BLAZERS|TOPS_BODYSUITS,4.4
8902,32,1590.0,2290.0,BEAUTY|BLAZERS,3.7
8903,38,3290.0,3990.0,CO-ORD SETS,4.2
8904,30,3990.0,4990.0,ACCESSORIES_JEWELLERY,3.8
8905,33,990.0,3990.0,TROUSERS|SHOES,3.7
8906,30,1990.0,7590.0,BEAUTY|WORKWEARNEW|LOUNGEWEARNEW,4.7
8907,39,2990.0,4490.0,WAISTCOATS_GILETS|TOPS_BODYSUITS|CO-ORD SETS,3.6
8908,32,4990.0,6490.0,SPECIAL PRICES|TROUSERS,3.8
8909,20,3290.0,4790.0,WORKWEARNEW|BLAZERS,4.6
8910,43,3290.0,5590.0,SHORTS_SKORTS|TROUSERS,4.2
8911,27,3990.0,5990.0,DRESSES_JUMPSUITS|LOUNGEWEARNEW,4.4
8912,33,2590.0,3990.0,PERFUMESNEW,4.3
8913,33,2290.0,3290.0,JEANS,4.4
8914,50,2990.0,5990.0,SHOES,4.3
8915,32,2290.0,3290.0,SPECIAL PRICES|JACKETS,4.0
8916,39,2990.0,5990.0,SHOES,4.6
8917,35,2590.0,4990.0,JEANS|TROUSERS,3.8
8918,41,2590.0,4990.0,SHIRTS,4.2
8919,41,1990.0,2990.0,SHOES|PERFUMESNEW,3.7
8920,20,2990.0,4490.0,JEANS,4.5
8921,35,3290.0,4790.0,TOPS_BODYSUITS,4.3
8922,34,3290.0,4990.0,BLAZERS,3.8
8923,33,2590.0,4090.0,BASICS,4.0
8924,30,2290.0,3790.0,SHORTS_SKORTS,3.7
8925,28,2990.0,4490.0,TROUSERS|TOPS_BODYSUITS,3.9
8926,33,1990.0,3290.0,SHIRTS|T-SHIRTS_SWEATSHIRTS|DRESSES_JUMPSUITS,3.5
8927,40,2590.0,4090.0,SHORTS_SKORTS|ACCESSORIES_JEWELLERY|BASICS,3.5
8928,24,2990.0,4490.0,SHORTS_SKORTS|SKIRTS,3.5
8929,23,2490.0,3290.0,SHIRTS|JEANS|SHORTS_SKORTS,4.7
8930,48,2990.0,4490.0,WAISTCOATS_GILETS|TROUSERS,3.9
8931,52,3290.0,5590.0,ACCESSORIES_JEWELLERY,4.3
8932,40,790.0,5590.0,CO-ORD SETS|SPECIAL PRICES,4.1
8933,29,2290.0,3990.0,CO-ORD SETS|T-SHIRTS_SWEATSHIRTS,3.7
8934,22,2890.0,4390.0,SKIRTS,3.8
8935,47,3290.0,4790.0,JEANS|TROUSERS,4.3
8936,29,950.0,1990.0,WORKWEARNEW,4.2
8937,55,1890.0,4990.0,SPECIAL PRICES,4.4
8938,28,3290.0,4990.0,SHOES,4.6
8939,18,1590.0,2990.0,SHIRTS,4.3
8940,34,3290.0,8990.0,T-SHIRTS_SWEATSHIRTS,3.6
8941,20,890.0,4990.0,PERFUMESNEW,4.2
8942,55,3990.0,4990.0,WAISTCOATS_GILETS,4.0
8943,54,3290.0,3990.0,WORKWEARNEW|TOPS_BODYSUITS|SHOES,4.5
8944,31,1590.0,5590.0,BLAZERS,3.7
8945,50,2990.0,3990.0,TROUSERS,4.0
8946,53,2290.0,2990.0,SHORTS_SKORTS,4.4
8947,49,3290.0,4990.0,JACKETS|LOUNGEWEARNEW|SKIRTS,4.3
8948,28,2890.0,4390.0,BASICS|SPECIAL PRICES,4.5
8949,42,2590.0,3290.0,SHOES,3.9
8950,55,3290.0,5990.0,LOUNGEWEARNEW|SHIRTS,3.8
8951,18,2590.0,4090.0,SPECIAL PRICES|SHOES|SHORTS_SKORTS,4.1
8952,20,2590.0,4990.0,JACKETS,3.5
8953,49,3990.0,5490.0,BEAUTY|SKIRTS|TROUSERS,4.7
8954,52,3290.0,5990.0,WAISTCOATS_GILETS,3.6
8955,21,3290.0,4990.0,SHIRTS|BASICS,4.4
8956,52,2590.0,3990.0,LOUNGEWEARNEW|WAISTCOATS_GILETS,3.7
8957,21,2590.0,4090.0,PERFUMESNEW,3.8
8958,47,4990.0,6990.0,BASICS,4.6
8959,30,2590.0,3290.0,BEAUTY,4.7
8960,30,3290.0,4990.0,BLAZERS|JACKETS,4.4
8961,18,3290.0,5990.0,SPECIAL PRICES|SHOES,4.3
8962,51,2590.0,4990.0,BEAUTY|SHOES,4.2
8963,23,2290.0,3290.0,SKIRTS|JACKETS,4.1
8964,45,1890.0,3290.0,LOUNGEWEARNEW,3.5
8965,25,4990.0,17990.0,PERFUMESNEW|TROUSERS|JEANS,4.7
8966,43,2990.0,3990.0,ACCESSORIES_JEWELLERY|SKIRTS,4.5
8967,34,3990.0,4990.0,ACCESSORIES_JEWELLERY,4.6
8968,49,2290.0,4990.0,BASICS,3.7
8969,30,1590.0,2290.0,BAGS|WAISTCOATS_GILETS,4.5
8970,45,2590.0,3290.0,SHIRTS,3.9
8971,51,2290.0,4990.0,PERFUMESNEW|T-SHIRTS_SWEATSHIRTS,3.6
8972,36,3290.0,4990.0,PERFUMESNEW|TROUSERS,4.6
8973,41,2990.0,3990.0,SHIRTS|ACCESSORIES_JEWELLERY,4.1
8974,55,2890.0,3990.0,T-SHIRTS_SWEATSHIRTS,4.6
8975,53,2990.0,4490.0,CO-ORD SETS|SHOES,4.0
8976,49,2290.0,2890.0,LOUNGEWEARNEW,3.9
8977,50,3290.0,4990.0,SHOES|TOPS_BODYSUITS,4.5
8978,40,5990.0,7490.0,KNITWEAR,3.8
8979,24,2990.0,3990.0,SKIRTS,4.1
8980,32,1890.0,3990.0,LOUNGEWEARNEW,3.8
8981,52,2990.0,4490.0,T-SHIRTS_SWEATSHIRTS|PERFUMESNEW,3.7
8982,55,2990.0,4490.0,TOPS_BODYSUITS|BAGS,4.2
8983,49,3290.0,5590.0,TOPS_BODYSUITS|BASICS|SHIRTS,3.6
8984,42,2590.0,4090.0,KNITWEAR,4.0
8985,53,2890.0,11990.0,SHORTS_SKORTS,4.4
8986,33,2990.0,3990.0,SKIRTS,4.6
8987,18,4990.0,6490.0,ACCESSORIES_JEWELLERY|T-SHIRTS_SWEATSHIRTS,4.4
8988,23,3990.0,5990.0,BEAUTY|CO-ORD SETS,4.4
8989,33,3290.0,6990.0,ACCESSORIES_JEWELLERY|LOUNGEWEARNEW,4.1
8990,37,3290.0,6990.0,BAGS|ACCESSORIES_JEWELLERY|TROUSERS,4.5
8991,22,2890.0,4390.0,ACCESSORIES_JEWELLERY,4.6
8992,23,2990.0,17990.0,T-SHIRTS_SWEATSHIRTS|BEAUTY|CO-ORD SETS,3.6
8993,52,2290.0,5590.0,DRESSES_JUMPSUITS|T-SHIRTS_SWEATSHIRTS,3.5
8994,26,3290.0,5990.0,WORKWEARNEW|BEAUTY,3.7
8995,26,790.0,2990.0,BAGS|SHORTS_SKORTS,4.5
8996,48,2990.0,10990.0,JEANS,3.6
8997,21,2890.0,4990.0,T-SHIRTS_SWEATSHIRTS|WORKWEARNEW,4.6
8998,24,3290.0,8590.0,SPECIAL PRICES,4.4
8999,33,4990.0,5990.0,T-SHIRTS_SWEATSHIRTS,3.8
9000,24,1890.0,2590.0,PERFUMESNEW|ACCESSORIES_JEWELLERY,4.6
9001,27,3990.0,5990.0,SKIRTS,4.7
9002,36,2990.0,4990.0,SPECIAL PRICES|BAGS,3.7
9003,47,3990.0,11990.0,DRESSES_JUMPSUITS|JACKETS,4.1
9004,52,3290.0,3990.0,TROUSERS,4.5
9005,22,2890.0,4390.0,TOPS_BODYSUITS|BEAUTY,3.5
9006,19,4990.0,7990.0,SHORTS_SKORTS,4.1
9007,48,2590.0,4090.0,LOUNGEWEARNEW,4.4
9008,52,2990.0,4990.0,JACKETS,4.3
9009,53,4990.0,6490.0,JACKETS|BASICS,3.9
9010,55,2890.0,5590.0,CO-ORD SETS,4.1
9011,23,1890.0,3290.0,SHIRTS|KNITWEAR|JACKETS,4.0
9012,32,2290.0,3790.0,BLAZERS,4.0
9013,41,3290.0,4990.0,TROUSERS|BEAUTY|SHOES,3.6
9014,52,2290.0,4990.0,BLAZERS,4.1
9015,52,590.0,3290.0,T-SHIRTS_SWEATSHIRTS,4.3
9016,53,990.0,2290.0,SHOES,3.7
9017,38,2890.0,5990.0,SKIRTS,3.7
9018,18,2590.0,4990.0,WAISTCOATS_GILETS|JACKETS,4.6
9019,54,2290.0,2990.0,CO-ORD SETS|SHORTS_SKORTS,3.5
9020,46,2590.0,4090.0,PERFUMESNEW,3.8
9021,46,2590.0,4090.0,PERFUMESNEW|SPECIAL PRICES,3.5
9022,40,1990.0,4990.0,SPECIAL PRICES|BAGS|PERFUMESNEW,3.7
9023,21,1890.0,2990.0,T-SHIRTS_SWEATSHIRTS|BLAZERS,4.2
9024,38,2290.0,3290.0,JEANS|SPECIAL PRICES,4.4
9025,52,2990.0,3990.0,ACCESSORIES_JEWELLERY,4.0
9026,23,4990.0,10990.0,BEAUTY|DRESSES_JUMPSUITS|SHOES,4.3
9027,49,1990.0,3290.0,SHOES,4.3
9028,50,3290.0,3990.0,KNITWEAR,4.4
9029,30,3990.0,4990.0,LOUNGEWEARNEW,4.5
9030,26,1790.0,4990.0,BASICS,4.0
9031,21,2590.0,3290.0,BEAUTY|TOPS_BODYSUITS,3.6
9032,52,4990.0,6990.0,JACKETS,3.7
9033,39,2290.0,4990.0,TROUSERS,4.0
9034,22,3990.0,5990.0,SKIRTS,4.3
9035,23,1490.0,2990.0,SHIRTS|JEANS,3.5
9036,55,4990.0,13990.0,T-SHIRTS_SWEATSHIRTS,3.8
9037,31,1890.0,3290.0,CO-ORD SETS,3.7
9038,21,2990.0,3990.0,T-SHIRTS_SWEATSHIRTS,4.3
9039,48,3990.0,5990.0,CO-ORD SETS,3.5
9040,19,590.0,5990.0,BLAZERS,4.2
9041,36,2590.0,3290.0,SHORTS_SKORTS,4.5
9042,34,1590.0,3290.0,WORKWEARNEW|BAGS,3.8
9043,53,1590.0,2990.0,WORKWEARNEW,4.5
9044,32,3290.0,4990.0,SHIRTS,4.5
9045,45,2590.0,5990.0,SHORTS_SKORTS|BASICS,4.2
9046,36,1590.0,4490.0,BLAZERS|SHIRTS,3.6
9047,33,2590.0,3990.0,SHORTS_SKORTS,3.6
9048,54,3290.0,3990.0,TROUSERS,4.1
9049,18,3990.0,7590.0,KNITWEAR|SHIRTS,4.0
9050,46,2990.0,4490.0,CO-ORD SETS|DRESSES_JUMPSUITS|WAISTCOATS_GILETS,4.2
9051,31,1890.0,2990.0,WORKWEARNEW,3.9
9052,38,3290.0,4990.0,TOPS_BODYSUITS|WAISTCOATS_GILETS,4.5
9053,46,490.0,4990.0,SPECIAL PRICES,4.0
9054,34,2890.0,7590.0,BEAUTY,4.7
9055,46,4990.0,5990.0,SHIRTS|WAISTCOATS_GILETS|SPECIAL PRICES,4.0
9056,29,3290.0,4790.0,BLAZERS,3.7
9057,37,2990.0,4490.0,TROUSERS,3.5
9058,37,790.0,3290.0,TROUSERS|SHIRTS,3.8
9059,50,1290.0,4990.0,BASICS,4.6
9060,54,2290.0,4990.0,BLAZERS|T-SHIRTS_SWEATSHIRTS,4.6
9061,18,1590.0,3290.0,CO-ORD SETS|TROUSERS|BEAUTY,4.3
9062,18,3290.0,4990.0,TROUSERS,3.6
9063,30,4990.0,5590.0,SKIRTS,4.2
9064,20,2590.0,4090.0,ACCESSORIES_JEWELLERY|CO-ORD SETS,4.5
9065,24,5990.0,11990.0,BLAZERS|LOUNGEWEARNEW|TOPS_BODYSUITS,4.6
9066,35,1890.0,3390.0,KNITWEAR,4.5
9067,48,3290.0,4990.0,BAGS|JACKETS,4.7
9068,37,3290.0,3990.0,PERFUMESNEW,3.9
9069,23,3990.0,5990.0,TOPS_BODYSUITS,4.5
9070,28,950.0,1890.0,KNITWEAR,4.3
9071,37,4990.0,6490.0,SHORTS_SKORTS,4.2
9072,27,990.0,3290.0,BAGS|TOPS_BODYSUITS,3.5
9073,38,1990.0,10990.0,SHORTS_SKORTS,3.6
9074,47,5990.0,7490.0,SHOES,4.2
9075,27,3290.0,3990.0,KNITWEAR,4.2
9076,28,3290.0,3990.0,SHIRTS|JEANS|WORKWEARNEW,3.7
9077,53,490.0,1590.0,WORKWEARNEW,4.0
9078,28,1890.0,4990.0,TOPS_BODYSUITS|SPECIAL PRICES|LOUNGEWEARNEW,4.5
9079,52,2290.0,3790.0,CO-ORD SETS|SHOES,4.6
9080,28,2590.0,3290.0,SHIRTS,4.5
9081,33,2590.0,3290.0,TROUSERS,4.6
9082,49,2990.0,4990.0,PERFUMESNEW|ACCESSORIES_JEWELLERY,3.8
9083,53,790.0,2890.0,WAISTCOATS_GILETS|SKIRTS,4.0
9084,52,3290.0,5990.0,WAISTCOATS_GILETS|PERFUMESNEW,4.5
9085,46,2890.0,4390.0,SKIRTS,4.6
9086,43,1990.0,3290.0,DRESSES_JUMPSUITS|SPECIAL PRICES,4.0
9087,25,2990.0,4490.0,SHIRTS|WORKWEARNEW,4.1
9088,52,3290.0,4790.0,BEAUTY,4.3
9089,38,3290.0,4790.0,BASICS|SHIRTS|SKIRTS,4.0
9090,19,5990.0,7490.0,CO-ORD SETS,3.7
9091,48,2290.0,3790.0,WORKWEARNEW|T-SHIRTS_SWEATSHIRTS,4.0
9092,21,1590.0,3290.0,SHOES,4.0
9093,20,2590.0,4090.0,JEANS,3.8
9094,33,2990.0,4490.0,BASICS,4.2
9095,40,490.0,11990.0,SHORTS_SKORTS|CO-ORD SETS,4.6
9096,27,3290.0,4990.0,KNITWEAR|DRESSES_JUMPSUITS|BAGS,4.7
9097,19,3990.0,4990.0,TOPS_BODYSUITS,4.5
9098,22,3290.0,5990.0,CO-ORD SETS|JEANS,3.6
9099,36,3290.0,5990.0,JACKETS|LOUNGEWEARNEW|SHORTS_SKORTS,4.4
9100,38,3290.0,4790.0,CO-ORD SETS,3.9
9101,53,2990.0,4990.0,WORKWEARNEW,3.6
9102,47,2590.0,3290.0,SKIRTS,4.1
9103,21,2990.0,3990.0,TOPS_BODYSUITS|WORKWEARNEW|BEAUTY,4.6
9104,45,2290.0,3290.0,BAGS|WAISTCOATS_GILETS,3.7
9105,36,2590.0,4990.0,SHORTS_SKORTS,4.7
9106,39,2990.0,11990.0,BLAZERS,3.6
9107,35,2990.0,9590.0,SKIRTS|WAISTCOATS_GILETS,4.3
9108,34,2590.0,4990.0,TOPS_BODYSUITS|JACKETS,4.1
9109,52,2590.0,3290.0,BASICS|BEAUTY|TROUSERS,3.7
9110,44,4990.0,6490.0,DRESSES_JUMPSUITS,3.6
9111,43,2590.0,4990.0,ACCESSORIES_JEWELLERY,3.6
9112,22,2890.0,4390.0,SPECIAL PRICES,3.5
9113,43,1790.0,5590.0,JEANS|BASICS|SHIRTS,4.1
9114,34,2890.0,3990.0,LOUNGEWEARNEW|SKIRTS,3.9
9115,34,3290.0,8590.0,SPECIAL PRICES|WORKWEARNEW,4.2
9116,32,2990.0,4490.0,BEAUTY|JACKETS,4.1
9117,33,2590.0,4990.0,SPECIAL PRICES|BASICS,4.3
9118,48,1090.0,5990.0,JEANS,3.6
9119,25,4990.0,5990.0,BAGS|PERFUMESNEW,4.1
9120,41,2590.0,3290.0,WORKWEARNEW,4.0
9121,32,2890.0,5590.0,WORKWEARNEW|TROUSERS,4.1
9122,49,1890.0,3990.0,BEAUTY|DRESSES_JUMPSUITS,4.1
9123,22,1590.0,2290.0,BLAZERS|WAISTCOATS_GILETS|BAGS,4.1
9124,52,3290.0,4790.0,SPECIAL PRICES,4.6
9125,52,2590.0,4090.0,SKIRTS,4.2
9126,33,2990.0,4990.0,T-SHIRTS_SWEATSHIRTS|TROUSERS,4.5
9127,32,1890.0,3290.0,JACKETS|SPECIAL PRICES,4.6
9128,29,2290.0,7590.0,JEANS,3.8
9129,46,3990.0,5990.0,LOUNGEWEARNEW|WAISTCOATS_GILETS,4.7
9130,23,1590.0,3290.0,TROUSERS|SHORTS_SKORTS,3.8
9131,20,1590.0,4990.0,SPECIAL PRICES|JEANS|BLAZERS,4.2
9132,51,1890.0,2590.0,KNITWEAR,4.2
9133,36,1790.0,3290.0,WORKWEARNEW,3.7
9134,40,3290.0,4990.0,WAISTCOATS_GILETS,4.0
9135,33,3290.0,4990.0,T-SHIRTS_SWEATSHIRTS|SHOES,4.4
9136,45,2890.0,4390.0,LOUNGEWEARNEW,4.0
9137,39,2590.0,3990.0,BASICS,3.5
9138,50,990.0,3990.0,LOUNGEWEARNEW|SHOES,4.2
9139,52,3290.0,4990.0,SHOES|CO-ORD SETS|WAISTCOATS_GILETS,4.4
9140,45,590.0,3990.0,KNITWEAR|T-SHIRTS_SWEATSHIRTS,4.2
9141,28,3290.0,4990.0,TROUSERS,3.6
9142,43,2990.0,5990.0,SKIRTS,4.1
9143,24,3290.0,4790.0,SHIRTS,4.1
9144,20,2590.0,3990.0,SHOES|TOPS_BODYSUITS|SKIRTS,4.0
9145,54,4990.0,6490.0,JEANS,4.4
9146,35,1590.0,2590.0,SKIRTS|JACKETS,4.5
9147,38,990.0,2990.0,SPECIAL PRICES|SHOES,3.9
9148,53,3290.0,4990.0,KNITWEAR,4.4
9149,31,1590.0,2990.0,SHORTS_SKORTS,3.8
9150,31,1590.0,2990.0,SPECIAL PRICES,3.7
9151,55,2990.0,4490.0,ACCESSORIES_JEWELLERY,4.5
9152,39,990.0,3990.0,JEANS,4.4
9153,55,3290.0,7590.0,T-SHIRTS_SWEATSHIRTS|BASICS,4.4
9154,39,990.0,5990.0,SKIRTS,3.8
9155,38,2590.0,3290.0,SKIRTS,4.5
9156,30,3290.0,4790.0,WORKWEARNEW,4.6
9157,53,3290.0,4990.0,BLAZERS,3.8
9158,43,3290.0,4790.0,TROUSERS|PERFUMESNEW,3.7
9159,41,1790.0,2290.0,SPECIAL PRICES|BEAUTY,3.7
9160,22,1990.0,3290.0,LOUNGEWEARNEW,4.3
9161,53,2590.0,4090.0,TROUSERS|JEANS|BASICS,3.5
9162,31,3290.0,5990.0,CO-ORD SETS|DRESSES_JUMPSUITS,3.8
9163,33,4990.0,5990.0,JEANS|BEAUTY,4.7
9164,55,2990.0,3990.0,DRESSES_JUMPSUITS|SKIRTS,4.1
9165,30,1890.0,2590.0,PERFUMESNEW,3.9
9166,28,5990.0,11990.0,TOPS_BODYSUITS,4.4
9167,21,690.0,3290.0,ACCESSORIES_JEWELLERY,4.0
9168,29,1590.0,2290.0,BLAZERS,4.7
9169,40,2290.0,3790.0,TROUSERS,4.1
9170,43,590.0,3990.0,KNITWEAR,4.1
9171,53,3290.0,8590.0,JACKETS|T-SHIRTS_SWEATSHIRTS,3.6
9172,49,2990.0,8590.0,CO-ORD SETS|SHIRTS,4.2
9173,53,490.0,5990.0,ACCESSORIES_JEWELLERY,3.7
9174,46,2290.0,3290.0,BEAUTY,3.7
9175,48,2590.0,4990.0,SPECIAL PRICES,3.9
9176,30,1590.0,3290.0,T-SHIRTS_SWEATSHIRTS|SHORTS_SKORTS,3.9
9177,38,2590.0,3990.0,WORKWEARNEW|SHORTS_SKORTS,3.8
9178,43,3290.0,4990.0,TROUSERS,4.6
9179,39,3290.0,3990.0,SHORTS_SKORTS|JEANS,4.4
9180,37,3290.0,4790.0,LOUNGEWEARNEW|WORKWEARNEW,4.5
9181,55,2290.0,5990.0,PERFUMESNEW|WAISTCOATS_GILETS,4.7
9182,20,2990.0,4590.0,SPECIAL PRICES|JACKETS,4.5
9183,29,1990.0,11990.0,BLAZERS,4.2
9184,29,2990.0,4490.0,BLAZERS|TROUSERS,3.6
9185,43,4990.0,6490.0,SHOES|SPECIAL PRICES|T-SHIRTS_SWEATSHIRTS,4.4
9186,38,2590.0,3290.0,BAGS|SKIRTS,4.2
9187,22,1590.0,2290.0,DRESSES_JUMPSUITS,4.0
9188,21,2590.0,4090.0,CO-ORD SETS|SKIRTS|BAGS,4.3
9189,27,890.0,1890.0,TROUSERS|T-SHIRTS_SWEATSHIRTS,4.4
9190,33,2290.0,3990.0,PERFUMESNEW|BASICS,4.5
9191,27,2290.0,4990.0,T-SHIRTS_SWEATSHIRTS,3.9
9192,31,2990.0,4990.0,BLAZERS,4.4
9193,44,4990.0,6490.0,TOPS_BODYSUITS,4.1
9194,32,3290.0,3990.0,BEAUTY,4.2
9195,27,2290.0,4990.0,LOUNGEWEARNEW,4.6
9196,46,3290.0,4990.0,JEANS,3.9
9197,28,3290.0,5590.0,SKIRTS,4.6
9198,28,1890.0,2990.0,KNITWEAR,4.3
9199,20,3990.0,5590.0,TOPS_BODYSUITS,4.6
9200,47,3290.0,3990.0,T-SHIRTS_SWEATSHIRTS|BAGS,4.1
9201,37,2590.0,4090.0,BAGS|BLAZERS|JACKETS,4.1
9202,34,4490.0,5990.0,BAGS,4.6
9203,20,3990.0,4990.0,PERFUMESNEW,3.9
9204,25,3290.0,4790.0,JEANS,3.6
9205,37,2990.0,4490.0,BLAZERS,3.7
9206,18,3290.0,4790.0,SPECIAL PRICES,4.5
9207,30,2990.0,4990.0,PERFUMESNEW|JACKETS,3.5
9208,27,2590.0,5590.0,SKIRTS|PERFUMESNEW,3.8
9209,46,2990.0,3990.0,BEAUTY,3.7
9210,37,3290.0,3990.0,WORKWEARNEW|CO-ORD SETS,3.9
9211,34,2990.0,5990.0,TROUSERS|JEANS,4.4
9212,45,4990.0,5990.0,SPECIAL PRICES|BAGS,3.6
9213,18,2990.0,4990.0,WORKWEARNEW,4.1
9214,20,4990.0,6490.0,TOPS_BODYSUITS|DRESSES_JUMPSUITS,4.3
9215,42,1590.0,8590.0,BASICS|TROUSERS,3.9
9216,47,4990.0,7990.0,LOUNGEWEARNEW,3.8
9217,21,2990.0,3990.0,ACCESSORIES_JEWELLERY,4.0
9218,31,3290.0,4990.0,KNITWEAR,4.1
9219,31,3990.0,5990.0,T-SHIRTS_SWEATSHIRTS,3.5
9220,24,3290.0,4990.0,WAISTCOATS_GILETS,4.1
9221,30,1990.0,5990.0,SHIRTS|BLAZERS|SKIRTS,4.0
9222,23,2990.0,4490.0,BLAZERS,4.5
9223,30,2290.0,4990.0,SPECIAL PRICES|JEANS,4.3
9224,43,3990.0,4990.0,SHOES|BAGS,4.3
9225,45,4990.0,6490.0,JACKETS,3.6
9226,42,3290.0,4790.0,LOUNGEWEARNEW,4.6
9227,38,1890.0,4990.0,BLAZERS|SHOES,4.1
9228,43,3990.0,5990.0,JACKETS|SHORTS_SKORTS|KNITWEAR,4.2
9229,26,3290.0,4790.0,PERFUMESNEW|BEAUTY,4.6
9230,28,2590.0,4090.0,CO-ORD SETS|KNITWEAR,4.2
9231,27,1990.0,2590.0,DRESSES_JUMPSUITS,3.9
9232,31,690.0,2590.0,JACKETS|DRESSES_JUMPSUITS|SHIRTS,4.6
9233,30,4990.0,5990.0,SHOES|JEANS|SHORTS_SKORTS,3.9
9234,23,4990.0,5590.0,SHIRTS,4.5
9235,31,4990.0,5990.0,CO-ORD SETS,4.0
9236,44,2990.0,4490.0,TOPS_BODYSUITS|ACCESSORIES_JEWELLERY,4.5
9237,27,3290.0,5990.0,SHORTS_SKORTS,3.8
9238,46,2590.0,3290.0,SHOES|TROUSERS|SKIRTS,4.6
9239,21,2590.0,4090.0,SPECIAL PRICES|CO-ORD SETS|SHORTS_SKORTS,3.8
9240,29,2890.0,4390.0,WAISTCOATS_GILETS|CO-ORD SETS,3.9
9241,48,2590.0,3290.0,JACKETS,4.4
9242,43,2990.0,3990.0,T-SHIRTS_SWEATSHIRTS|JEANS|LOUNGEWEARNEW,3.7
9243,22,1890.0,2890.0,T-SHIRTS_SWEATSHIRTS,4.1
9244,30,3290.0,4990.0,BLAZERS|LOUNGEWEARNEW,4.5
9245,41,990.0,4990.0,BLAZERS,4.1
9246,34,2990.0,4990.0,CO-ORD SETS,4.2
9247,35,3290.0,4990.0,BAGS|JEANS,3.7
9248,34,3290.0,3990.0,DRESSES_JUMPSUITS,4.5
9249,35,2290.0,3990.0,WAISTCOATS_GILETS|LOUNGEWEARNEW,3.9
9250,20,2290.0,3290.0,WORKWEARNEW,4.3
9251,46,1590.0,2990.0,BAGS,3.8
9252,55,2290.0,4990.0,TOPS_BODYSUITS|T-SHIRTS_SWEATSHIRTS|SHOES,4.5
9253,32,2890.0,4390.0,LOUNGEWEARNEW|CO-ORD SETS|ACCESSORIES_JEWELLERY,3.6
9254,22,2990.0,3990.0,BEAUTY|PERFUMESNEW,4.7
9255,43,3290.0,5990.0,TOPS_BODYSUITS,3.6
9256,25,2990.0,5990.0,SHOES|SHIRTS,4.6
9257,26,4990.0,6490.0,SHIRTS|BAGS|KNITWEAR,4.2
9258,48,2890.0,4990.0,SHIRTS,4.7
9259,38,4990.0,6490.0,TOPS_BODYSUITS,3.8
9260,19,1590.0,8590.0,PERFUMESNEW,4.4
9261,21,2890.0,6990.0,SKIRTS,4.3
9262,38,3290.0,4990.0,WORKWEARNEW|TOPS_BODYSUITS,4.6
9263,31,790.0,2290.0,BASICS,4.7
9264,55,3290.0,4590.0,PERFUMESNEW,4.0
9265,18,2590.0,5990.0,BAGS,4.0
9266,41,2590.0,5590.0,TROUSERS,3.5
9267,54,3290.0,5990.0,WAISTCOATS_GILETS|SPECIAL PRICES,4.7
9268,49,2990.0,4490.0,T-SHIRTS_SWEATSHIRTS,4.4
9269,26,2990.0,5990.0,CO-ORD SETS|BASICS,4.3
9270,53,2590.0,4090.0,TOPS_BODYSUITS|WORKWEARNEW|JACKETS,4.0
9271,18,1990.0,2590.0,BEAUTY|TROUSERS,4.1
9272,28,3990.0,4990.0,BLAZERS|BAGS,4.6
9273,47,3290.0,4790.0,PERFUMESNEW,4.5
9274,24,1890.0,2890.0,CO-ORD SETS|BEAUTY,4.4
9275,24,4990.0,5990.0,LOUNGEWEARNEW,4.0
9276,19,2990.0,4490.0,SHORTS_SKORTS,4.1
9277,43,2990.0,4490.0,BLAZERS,4.2
9278,33,990.0,2990.0,SPECIAL PRICES,3.9
9279,32,3290.0,4790.0,KNITWEAR,4.0
9280,28,3290.0,4790.0,TOPS_BODYSUITS,4.4
9281,46,3990.0,4990.0,DRESSES_JUMPSUITS,4.0
9282,54,3990.0,6990.0,WAISTCOATS_GILETS,4.0
9283,46,4990.0,5990.0,JEANS|SPECIAL PRICES,4.3
9284,38,1990.0,3490.0,CO-ORD SETS,4.3
9285,46,1990.0,3290.0,BASICS|WAISTCOATS_GILETS,3.7
9286,31,3990.0,4990.0,JACKETS|KNITWEAR|BEAUTY,4.7
9287,32,3290.0,5590.0,BASICS|T-SHIRTS_SWEATSHIRTS,4.4
9288,54,3290.0,4990.0,BEAUTY,4.0
9289,24,1590.0,4990.0,ACCESSORIES_JEWELLERY,4.0
9290,44,2990.0,3990.0,BEAUTY|KNITWEAR,3.9
9291,36,1590.0,2990.0,SHIRTS,4.7
9292,37,3290.0,3990.0,SKIRTS,3.7
9293,27,3290.0,4790.0,BLAZERS,3.7
9294,25,2890.0,4390.0,SHOES,3.6
9295,46,3290.0,4990.0,BEAUTY|TOPS_BODYSUITS|JEANS,3.8
9296,40,1890.0,4990.0,TOPS_BODYSUITS|JEANS|WORKWEARNEW,4.7
9297,44,3990.0,5990.0,T-SHIRTS_SWEATSHIRTS|TOPS_BODYSUITS,4.7
9298,47,2290.0,3290.0,JEANS,4.4
9299,43,2590.0,4990.0,SHORTS_SKORTS|WORKWEARNEW,4.3
9300,42,990.0,2990.0,TOPS_BODYSUITS,4.3
9301,30,1890.0,2590.0,LOUNGEWEARNEW|JACKETS,3.8
9302,33,4990.0,5990.0,SHOES|WORKWEARNEW,4.4
9303,29,2290.0,2990.0,CO-ORD SETS|DRESSES_JUMPSUITS|JEANS,4.4
9304,23,3290.0,5990.0,TROUSERS|KNITWEAR,3.5
9305,31,2990.0,4990.0,SKIRTS,4.3
9306,37,2890.0,4990.0,DRESSES_JUMPSUITS,3.8
9307,21,1590.0,5990.0,PERFUMESNEW,4.0
9308,35,890.0,2990.0,DRESSES_JUMPSUITS|BAGS,4.6
9309,48,2990.0,4490.0,WAISTCOATS_GILETS|BEAUTY,3.6
9310,51,3290.0,4990.0,JACKETS|DRESSES_JUMPSUITS,4.4
9311,46,3290.0,4790.0,SHORTS_SKORTS,3.5
9312,29,2990.0,3990.0,SPECIAL PRICES,3.6
9313,50,2990.0,3990.0,BAGS|BLAZERS|TROUSERS,4.2
9314,30,3290.0,3990.0,WAISTCOATS_GILETS|LOUNGEWEARNEW,3.7
9315,18,2290.0,2990.0,SHORTS_SKORTS,4.0
9316,51,2590.0,3990.0,ACCESSORIES_JEWELLERY,3.6
9317,27,2990.0,4490.0,SHIRTS|JACKETS,3.8
9318,24,4990.0,5990.0,TOPS_BODYSUITS|SHIRTS,3.9
9319,30,3290.0,4990.0,BAGS,3.8
9320,26,1590.0,2590.0,CO-ORD SETS|SHOES,4.5
9321,55,2290.0,4990.0,LOUNGEWEARNEW|TROUSERS,3.5
9322,38,4990.0,5990.0,TROUSERS,4.7
9323,18,3290.0,4790.0,KNITWEAR|SKIRTS,4.6
9324,31,3290.0,4790.0,WAISTCOATS_GILETS|ACCESSORIES_JEWELLERY,3.8
9325,52,2290.0,3290.0,BLAZERS,4.2
9326,46,2590.0,6990.0,CO-ORD SETS,4.4
9327,28,1890.0,2890.0,SHORTS_SKORTS,3.8
9328,49,3290.0,3990.0,JACKETS,4.3
9329,30,3290.0,4990.0,JACKETS|SPECIAL PRICES,4.5
9330,24,1890.0,3290.0,SKIRTS|JEANS,3.6
9331,18,2990.0,7590.0,SKIRTS,3.6
9332,31,2290.0,3290.0,WORKWEARNEW,4.3
9333,27,3290.0,4990.0,SHORTS_SKORTS|JACKETS|CO-ORD SETS,4.5
9334,23,3290.0,4990.0,BAGS|BEAUTY,4.1
9335,32,2990.0,7590.0,BASICS,3.6
9336,49,3290.0,9590.0,TROUSERS|SKIRTS,4.0
9337,39,3290.0,4990.0,SHOES|PERFUMESNEW,4.0
9338,28,4990.0,10990.0,BAGS|SPECIAL PRICES,4.2
9339,20,3290.0,5990.0,DRESSES_JUMPSUITS|SHIRTS,4.7
9340,49,590.0,3290.0,ACCESSORIES_JEWELLERY,4.6
9341,47,1890.0,2990.0,TOPS_BODYSUITS,3.5
9342,19,3290.0,4790.0,SHORTS_SKORTS|BEAUTY|DRESSES_JUMPSUITS,3.6
9343,37,1890.0,3390.0,SHIRTS,3.9
9344,37,3290.0,3990.0,CO-ORD SETS|ACCESSORIES_JEWELLERY,4.0
9345,40,4990.0,7990.0,SHOES|JEANS,3.7
9346,52,3290.0,3990.0,JACKETS,4.5
9347,41,1590.0,3290.0,SKIRTS|JACKETS|TOPS_BODYSUITS,4.0
9348,51,3290.0,3990.0,TROUSERS|WAISTCOATS_GILETS|KNITWEAR,3.6
9349,38,1790.0,2990.0,TROUSERS|SPECIAL PRICES,4.0
9350,45,2590.0,5990.0,WORKWEARNEW,4.2
9351,34,3290.0,9590.0,SKIRTS,3.7
9352,29,2590.0,4990.0,LOUNGEWEARNEW,3.5
9353,55,2590.0,3290.0,JEANS|SHOES,4.1
9354,55,2890.0,4390.0,SHORTS_SKORTS|BEAUTY|SKIRTS,4.6
9355,26,3290.0,4790.0,KNITWEAR,4.2
9356,26,2990.0,4990.0,LOUNGEWEARNEW,4.2
9357,24,2590.0,4090.0,BEAUTY,4.1
9358,37,2590.0,3290.0,TOPS_BODYSUITS,3.7
9359,38,2990.0,4490.0,WAISTCOATS_GILETS,4.1
9360,39,2990.0,4490.0,SHORTS_SKORTS,4.5
9361,48,3290.0,4990.0,WORKWEARNEW,3.9
9362,54,3290.0,3990.0,BEAUTY,4.1
9363,27,3290.0,4990.0,WORKWEARNEW,3.7
9364,25,1890.0,3990.0,ACCESSORIES_JEWELLERY|KNITWEAR|JEANS,3.7
9365,32,4990.0,9590.0,DRESSES_JUMPSUITS,4.1
9366,33,1990.0,3290.0,JEANS,3.7
9367,35,2990.0,4990.0,WAISTCOATS_GILETS|KNITWEAR,3.8
9368,43,3290.0,4790.0,BLAZERS|BASICS,3.8
9369,33,2990.0,3990.0,CO-ORD SETS|SHOES,4.5
9370,48,2990.0,4990.0,WORKWEARNEW|TROUSERS|DRESSES_JUMPSUITS,4.1
9371,41,3990.0,4590.0,TOPS_BODYSUITS|WORKWEARNEW|JEANS,3.9
9372,38,2890.0,4990.0,CO-ORD SETS,4.1
9373,24,3290.0,4990.0,JACKETS,4.4
9374,52,2590.0,5990.0,WAISTCOATS_GILETS|LOUNGEWEARNEW,3.6
9375,24,3290.0,3990.0,CO-ORD SETS|SHOES,3.7
9376,29,990.0,2290.0,ACCESSORIES_JEWELLERY|KNITWEAR|PERFUMESNEW,3.6
9377,43,3290.0,4990.0,JEANS,4.1
9378,21,3290.0,4990.0,PERFUMESNEW|CO-ORD SETS,3.7
9379,30,2290.0,3290.0,TROUSERS|T-SHIRTS_SWEATSHIRTS,4.2
9380,35,3290.0,5990.0,BASICS,4.0
9381,24,2890.0,4390.0,SHORTS_SKORTS,3.6
9382,47,2590.0,4090.0,SHORTS_SKORTS,4.1
9383,28,1590.0,3990.0,CO-ORD SETS|LOUNGEWEARNEW,4.0
9384,37,2290.0,3290.0,KNITWEAR|SHORTS_SKORTS,4.3
9385,39,2990.0,4490.0,SHOES|WAISTCOATS_GILETS|CO-ORD SETS,4.6
9386,48,3990.0,4990.0,SHIRTS|WAISTCOATS_GILETS,3.8
9387,40,4990.0,9590.0,KNITWEAR,3.8
9388,36,3290.0,5990.0,KNITWEAR,4.0
9389,36,2490.0,4990.0,TOPS_BODYSUITS|BEAUTY,4.5
9390,42,2590.0,4090.0,JACKETS|TOPS_BODYSUITS|DRESSES_JUMPSUITS,4.6
9391,25,2990.0,3990.0,BLAZERS,4.1
9392,43,2290.0,3990.0,JACKETS|SPECIAL PRICES|SKIRTS,4.6
9393,23,3290.0,4990.0,WORKWEARNEW|TROUSERS,3.7
9394,44,2890.0,4390.0,BASICS|BAGS|SPECIAL PRICES,4.4
9395,41,2990.0,3990.0,TOPS_BODYSUITS,4.6
9396,51,950.0,2590.0,WORKWEARNEW,3.6
9397,47,3290.0,3990.0,KNITWEAR,3.8
9398,50,990.0,4990.0,SPECIAL PRICES|SHORTS_SKORTS|SHIRTS,4.3
9399,41,2590.0,3290.0,KNITWEAR|BEAUTY,3.7
9400,20,2590.0,5990.0,BEAUTY|BLAZERS,4.5
9401,40,3290.0,4790.0,TROUSERS|JEANS,4.6
9402,51,2290.0,2990.0,BEAUTY,4.1
9403,53,3290.0,4790.0,SHORTS_SKORTS|BEAUTY,4.0
9404,29,990.0,2590.0,WAISTCOATS_GILETS,4.1
9405,27,1890.0,4990.0,SKIRTS,3.8
9406,20,1090.0,2990.0,PERFUMESNEW|CO-ORD SETS|SHORTS_SKORTS,4.2
9407,35,2590.0,4990.0,SHORTS_SKORTS|T-SHIRTS_SWEATSHIRTS|KNITWEAR,3.6
9408,42,1590.0,2990.0,SHIRTS,4.4
9409,47,3990.0,4990.0,BAGS|BEAUTY,4.0
9410,23,1890.0,3390.0,TOPS_BODYSUITS|BEAUTY,3.7
9411,40,3290.0,4990.0,DRESSES_JUMPSUITS|SKIRTS|SHIRTS,3.9
9412,48,3290.0,5590.0,ACCESSORIES_JEWELLERY|T-SHIRTS_SWEATSHIRTS,4.1
9413,20,2990.0,4490.0,SHORTS_SKORTS,3.9
9414,34,590.0,2090.0,BAGS|WAISTCOATS_GILETS|SKIRTS,3.6
9415,40,1890.0,8590.0,BLAZERS,4.0
9416,28,1990.0,3990.0,SHORTS_SKORTS,4.4
9417,23,2890.0,4390.0,BEAUTY|JEANS,4.5
9418,46,2590.0,3290.0,SKIRTS|DRESSES_JUMPSUITS,4.4
9419,46,950.0,4990.0,CO-ORD SETS,4.0
9420,46,1890.0,4990.0,T-SHIRTS_SWEATSHIRTS|ACCESSORIES_JEWELLERY,3.7
9421,49,2890.0,3990.0,KNITWEAR,3.9
9422,21,890.0,8590.0,WORKWEARNEW|SHIRTS,3.8
9423,46,3290.0,5990.0,BASICS,4.5
9424,36,2890.0,4390.0,SPECIAL PRICES|ACCESSORIES_JEWELLERY,4.4
9425,51,3290.0,4990.0,WORKWEARNEW|BASICS|JACKETS,3.8
9426,21,1990.0,2990.0,SKIRTS,4.1
9427,19,2990.0,4990.0,SHIRTS|SPECIAL PRICES,4.0
9428,40,1990.0,2590.0,WAISTCOATS_GILETS|JEANS,3.8
9429,55,3990.0,4990.0,BLAZERS|BAGS|BEAUTY,3.8
9430,34,2590.0,3290.0,BLAZERS,4.0
9431,30,2990.0,4990.0,JEANS|SKIRTS,4.2
9432,48,2990.0,4990.0,WAISTCOATS_GILETS,4.6
9433,36,1890.0,3390.0,WAISTCOATS_GILETS|PERFUMESNEW,4.4
9434,21,2890.0,5990.0,SKIRTS,3.5
9435,47,3290.0,5990.0,JACKETS|BASICS,4.2
9436,55,2590.0,4990.0,T-SHIRTS_SWEATSHIRTS|PERFUMESNEW,3.7
9437,46,2290.0,3290.0,DRESSES_JUMPSUITS,3.6
9438,50,2990.0,4490.0,SKIRTS|SHIRTS,3.8
9439,50,2990.0,4490.0,DRESSES_JUMPSUITS,3.7
9440,30,1990.0,3290.0,CO-ORD SETS|KNITWEAR,4.5
9441,33,2990.0,4490.0,LOUNGEWEARNEW|WORKWEARNEW,3.8
9442,47,2590.0,4090.0,SHIRTS|BAGS,4.4
9443,40,2290.0,4990.0,PERFUMESNEW|T-SHIRTS_SWEATSHIRTS,3.8
9444,23,3990.0,5590.0,DRESSES_JUMPSUITS|SHORTS_SKORTS,4.2
9445,49,2290.0,3290.0,SHOES|PERFUMESNEW|WAISTCOATS_GILETS,4.4
9446,28,3990.0,4990.0,SHORTS_SKORTS,4.5
9447,51,4990.0,5990.0,WORKWEARNEW,4.2
9448,43,1890.0,4990.0,LOUNGEWEARNEW,3.8
9449,40,3990.0,4990.0,ACCESSORIES_JEWELLERY,4.2
9450,33,1290.0,3290.0,KNITWEAR,4.1
9451,24,3990.0,4990.0,BASICS|SKIRTS|BAGS,4.2
9452,48,2290.0,3290.0,SHOES|BLAZERS,3.7
9453,34,3290.0,4990.0,ACCESSORIES_JEWELLERY|SHOES,4.6
9454,47,5590.0,7090.0,JEANS|T-SHIRTS_SWEATSHIRTS,4.0
9455,38,2990.0,4990.0,T-SHIRTS_SWEATSHIRTS,3.6
9456,32,3290.0,3990.0,TOPS_BODYSUITS|BLAZERS,4.0
9457,20,1590.0,4990.0,WAISTCOATS_GILETS|ACCESSORIES_JEWELLERY|KNITWEAR,4.1
9458,24,2990.0,4490.0,BASICS|SHORTS_SKORTS,3.5
9459,30,3290.0,5990.0,WORKWEARNEW|SHOES,3.9
9460,40,3290.0,5590.0,JACKETS|BAGS|TOPS_BODYSUITS,3.6
9461,54,1590.0,3290.0,TROUSERS|KNITWEAR,4.1
9462,29,1290.0,4990.0,BLAZERS|SPECIAL PRICES|KNITWEAR,4.3
9463,40,3290.0,8590.0,PERFUMESNEW,3.7
9464,35,790.0,2990.0,BLAZERS,3.6
9465,32,3990.0,10990.0,TROUSERS|SHIRTS|WORKWEARNEW,4.6
9466,25,1890.0,5990.0,BAGS|SPECIAL PRICES,3.8
9467,18,2590.0,3290.0,SKIRTS|SPECIAL PRICES,3.8
9468,20,3990.0,5590.0,SKIRTS,4.3
9469,37,2590.0,5990.0,WAISTCOATS_GILETS|PERFUMESNEW|SHOES,4.6
9470,28,1990.0,5590.0,PERFUMESNEW,4.2
9471,50,3290.0,4990.0,WAISTCOATS_GILETS|BAGS|LOUNGEWEARNEW,3.8
9472,32,3290.0,5990.0,TOPS_BODYSUITS|WAISTCOATS_GILETS,3.6
9473,25,2590.0,4990.0,TROUSERS|BASICS|PERFUMESNEW,4.3
9474,48,5590.0,7090.0,SPECIAL PRICES,3.8
9475,22,2290.0,3990.0,TOPS_BODYSUITS|ACCESSORIES_JEWELLERY|KNITWEAR,3.6
9476,37,1890.0,3390.0,CO-ORD SETS,4.6
9477,54,3290.0,3990.0,ACCESSORIES_JEWELLERY|WAISTCOATS_GILETS|TOPS_BODYSUITS,3.8
9478,54,3290.0,4990.0,DRESSES_JUMPSUITS,3.7
9479,32,390.0,3290.0,JEANS|ACCESSORIES_JEWELLERY,4.2
9480,21,1990.0,3290.0,PERFUMESNEW,4.5
9481,34,2590.0,5990.0,BASICS|SPECIAL PRICES,3.6
9482,42,2990.0,4490.0,SHIRTS|JACKETS,4.6
9483,34,2590.0,4990.0,SHOES|ACCESSORIES_JEWELLERY,3.6
9484,25,2990.0,4990.0,BASICS,4.3
9485,21,1990.0,2990.0,WAISTCOATS_GILETS,3.6
9486,41,2290.0,4990.0,SKIRTS,3.6
9487,24,2590.0,3290.0,BASICS,3.8
9488,43,2590.0,3290.0,SKIRTS|SHIRTS,3.9
9489,40,2590.0,3290.0,BASICS|SPECIAL PRICES,3.5
9490,23,2290.0,3290.0,BAGS|JACKETS,3.9
9491,47,3990.0,4990.0,BLAZERS|SKIRTS,4.4
9492,38,2590.0,9590.0,PERFUMESNEW,4.6
9493,29,3290.0,4790.0,SHOES|TROUSERS,4.0
9494,24,3290.0,3990.0,CO-ORD SETS|JEANS,4.2
9495,52,690.0,3290.0,TOPS_BODYSUITS|PERFUMESNEW,3.6
9496,53,3290.0,4990.0,BLAZERS|SHIRTS,4.0
9497,38,2590.0,4090.0,BEAUTY,4.4
9498,31,2590.0,3290.0,SHIRTS,4.2
9499,39,3290.0,7590.0,TOPS_BODYSUITS|PERFUMESNEW,4.7
9500,55,2590.0,4990.0,CO-ORD SETS,3.7
9501,46,1890.0,3390.0,SHOES|JEANS,3.7
9502,49,3290.0,5590.0,JEANS|WORKWEARNEW|BEAUTY,3.9
9503,40,3290.0,4990.0,JEANS,3.8
9504,25,2990.0,5990.0,SPECIAL PRICES|BAGS|BASICS,4.4
9505,24,1590.0,5990.0,TOPS_BODYSUITS|SHIRTS|T-SHIRTS_SWEATSHIRTS,3.6
9506,41,2590.0,4990.0,JACKETS|WORKWEARNEW,3.6
9507,44,2990.0,4490.0,SKIRTS|DRESSES_JUMPSUITS,3.6
9508,42,3290.0,4790.0,SHOES|JEANS,4.6
9509,31,2990.0,4490.0,ACCESSORIES_JEWELLERY|WORKWEARNEW,4.3
9510,48,3290.0,3990.0,PERFUMESNEW|SPECIAL PRICES,3.6
9511,25,2990.0,4990.0,SPECIAL PRICES|T-SHIRTS_SWEATSHIRTS,4.3
9512,53,3290.0,5990.0,PERFUMESNEW,3.6
9513,44,990.0,2990.0,WORKWEARNEW|DRESSES_JUMPSUITS|BEAUTY,4.7
9514,45,2590.0,3290.0,DRESSES_JUMPSUITS,4.7
9515,45,3990.0,5990.0,T-SHIRTS_SWEATSHIRTS|SKIRTS,4.5
9516,42,2990.0,5990.0,SHORTS_SKORTS,3.8
9517,41,2990.0,4490.0,JACKETS,4.6
9518,26,3290.0,3990.0,CO-ORD SETS,4.7
9519,31,990.0,2990.0,WAISTCOATS_GILETS,3.8
9520,34,4990.0,5590.0,BAGS|SHOES,4.1
9521,18,1590.0,2890.0,BEAUTY|BAGS,4.1
9522,41,690.0,3290.0,BEAUTY|SHORTS_SKORTS,4.1
9523,35,1590.0,3290.0,TROUSERS|TOPS_BODYSUITS,4.0
9524,41,2590.0,4990.0,BEAUTY|WORKWEARNEW|JEANS,3.9
9525,33,3290.0,7590.0,SHOES|SHIRTS,3.7
9526,34,2290.0,3290.0,JACKETS|JEANS,3.7
9527,53,1590.0,3990.0,KNITWEAR|BLAZERS,4.6
9528,31,2990.0,4490.0,SHIRTS|CO-ORD SETS,3.8
9529,52,3290.0,3990.0,T-SHIRTS_SWEATSHIRTS|SPECIAL PRICES,4.0
9530,44,2590.0,3290.0,SHIRTS,3.5
9531,39,3290.0,4990.0,BEAUTY,3.9
9532,46,3290.0,4790.0,TROUSERS|SHIRTS,3.7
9533,26,3990.0,4990.0,DRESSES_JUMPSUITS|BLAZERS,4.6
9534,37,2890.0,4990.0,JEANS,3.8
9535,46,4990.0,5990.0,LOUNGEWEARNEW,4.3
9536,37,2990.0,4990.0,BAGS|KNITWEAR|SHORTS_SKORTS,3.7
9537,35,2290.0,5990.0,SHORTS_SKORTS|JACKETS|LOUNGEWEARNEW,3.6
9538,21,1990.0,2890.0,SHIRTS|JACKETS,3.9
9539,21,3290.0,5590.0,BLAZERS|KNITWEAR,3.9
9540,34,2890.0,4390.0,BEAUTY|SHORTS_SKORTS,4.3
9541,44,3290.0,4990.0,KNITWEAR,4.2
9542,20,2990.0,4990.0,LOUNGEWEARNEW|BLAZERS,4.5
9543,44,3290.0,4990.0,JACKETS|ACCESSORIES_JEWELLERY|WAISTCOATS_GILETS,4.0
9544,47,3290.0,5990.0,TOPS_BODYSUITS|SHOES|WAISTCOATS_GILETS,4.2
9545,55,7590.0,9090.0,LOUNGEWEARNEW,3.6
9546,33,3290.0,4790.0,LOUNGEWEARNEW,3.8
9547,37,1890.0,3290.0,CO-ORD SETS,4.7
9548,55,3990.0,5490.0,KNITWEAR|CO-ORD SETS|LOUNGEWEARNEW,4.2
9549,53,4990.0,6490.0,TOPS_BODYSUITS|WORKWEARNEW,4.5
9550,32,1990.0,2990.0,WAISTCOATS_GILETS|BEAUTY,3.7
9551,32,4990.0,13990.0,CO-ORD SETS|T-SHIRTS_SWEATSHIRTS,3.6
9552,18,2990.0,4490.0,SHOES|SHORTS_SKORTS,3.6
9553,37,3290.0,8590.0,BLAZERS,3.8
9554,45,2990.0,4990.0,T-SHIRTS_SWEATSHIRTS,4.1
9555,41,3290.0,5590.0,CO-ORD SETS|JACKETS,3.8
9556,45,3290.0,5990.0,BEAUTY,4.2
9557,24,1590.0,2590.0,TROUSERS,4.5
9558,32,990.0,2990.0,TOPS_BODYSUITS|BLAZERS,4.1
9559,28,2290.0,3990.0,CO-ORD SETS|T-SHIRTS_SWEATSHIRTS,4.6
9560,34,790.0,3290.0,SPECIAL PRICES|LOUNGEWEARNEW|SHIRTS,3.6
9561,21,1590.0,3290.0,DRESSES_JUMPSUITS,3.8
9562,46,2290.0,2990.0,BEAUTY,3.8
9563,27,2990.0,4490.0,BEAUTY|BASICS,4.0
9564,43,3290.0,4790.0,LOUNGEWEARNEW|WAISTCOATS_GILETS|SKIRTS,4.0
9565,22,2590.0,5590.0,BASICS|SPECIAL PRICES|LOUNGEWEARNEW,4.5
9566,52,2590.0,3290.0,JEANS|T-SHIRTS_SWEATSHIRTS,4.0
9567,22,3990.0,4990.0,SHIRTS,4.1
9568,31,790.0,3290.0,BASICS|WORKWEARNEW,4.0
9569,37,2990.0,4990.0,BEAUTY|DRESSES_JUMPSUITS,4.0
9570,47,990.0,4990.0,SHIRTS,4.7
9571,50,3990.0,5490.0,BAGS,4.4
9572,52,2590.0,4990.0,SHORTS_SKORTS,3.8
9573,53,2590.0,4090.0,T-SHIRTS_SWEATSHIRTS|CO-ORD SETS,4.7
9574,42,1290.0,3990.0,PERFUMESNEW|JACKETS,3.7
9575,32,2290.0,11990.0,SHIRTS,4.4
9576,35,790.0,2590.0,CO-ORD SETS|LOUNGEWEARNEW|JACKETS,4.3
9577,31,2890.0,4390.0,JACKETS,4.7
9578,34,2990.0,4990.0,SHIRTS|TOPS_BODYSUITS|SHOES,3.8
9579,54,2590.0,4990.0,SPECIAL PRICES,4.4
9580,43,1890.0,3390.0,TOPS_BODYSUITS|BASICS,4.4
9581,39,2290.0,3790.0,WAISTCOATS_GILETS,3.6
9582,30,2990.0,4490.0,TOPS_BODYSUITS|BAGS,3.7
9583,51,1990.0,3290.0,TROUSERS|BEAUTY|T-SHIRTS_SWEATSHIRTS,3.9
9584,46,1890.0,3390.0,DRESSES_JUMPSUITS,4.2
9585,52,2990.0,5990.0,TOPS_BODYSUITS|BAGS|KNITWEAR,3.6
9586,47,2290.0,5990.0,BLAZERS,3.7
9587,25,2590.0,4090.0,CO-ORD SETS,3.7
9588,34,2990.0,3990.0,BLAZERS|CO-ORD SETS|SPECIAL PRICES,3.8
9589,37,3290.0,4990.0,CO-ORD SETS|BEAUTY|PERFUMESNEW,3.8
9590,48,3290.0,4790.0,SHOES,4.5
9591,32,2590.0,4090.0,BAGS,4.2
9592,21,590.0,5990.0,SHOES|SPECIAL PRICES|PERFUMESNEW,3.7
9593,37,2990.0,7590.0,TROUSERS,4.0
9594,28,3290.0,5990.0,JACKETS|BASICS,3.9
9595,46,2990.0,4990.0,BASICS|LOUNGEWEARNEW,3.8
9596,25,2890.0,3990.0,WAISTCOATS_GILETS|CO-ORD SETS,4.6
9597,26,990.0,2990.0,BLAZERS,4.4
9598,18,2590.0,4990.0,SKIRTS,3.7
9599,36,2590.0,7590.0,BASICS,4.3
9600,47,3290.0,4990.0,SPECIAL PRICES,3.8
9601,48,2990.0,5990.0,WAISTCOATS_GILETS|CO-ORD SETS,4.3
9602,37,2990.0,4490.0,JEANS|CO-ORD SETS,4.7
9603,40,2290.0,3290.0,BASICS|BLAZERS,4.3
9604,41,2290.0,2990.0,WORKWEARNEW,3.6
9605,46,2890.0,4390.0,BEAUTY,3.9
9606,32,3990.0,5490.0,PERFUMESNEW,4.3
9607,27,1990.0,3990.0,BAGS,4.5
9608,51,2890.0,4390.0,BEAUTY|BLAZERS|SPECIAL PRICES,3.9
9609,54,2590.0,3290.0,LOUNGEWEARNEW|JEANS|SPECIAL PRICES,3.6
9610,36,2990.0,4490.0,WORKWEARNEW|SKIRTS,3.7
9611,45,790.0,4990.0,SPECIAL PRICES,4.0
9612,18,2890.0,4390.0,ACCESSORIES_JEWELLERY|BASICS,4.3
9613,50,3290.0,4990.0,SPECIAL PRICES|PERFUMESNEW,3.6
9614,24,2990.0,7990.0,SPECIAL PRICES,4.0
9615,33,2290.0,2890.0,SPECIAL PRICES|BLAZERS|JACKETS,4.1
9616,48,2290.0,3790.0,TOPS_BODYSUITS,3.9
9617,19,2590.0,3990.0,DRESSES_JUMPSUITS|PERFUMESNEW,3.9
9618,25,1290.0,4990.0,SPECIAL PRICES,4.1
9619,40,4990.0,5990.0,BLAZERS|DRESSES_JUMPSUITS|ACCESSORIES_JEWELLERY,3.8
9620,49,1990.0,3290.0,DRESSES_JUMPSUITS|SPECIAL PRICES|WORKWEARNEW,3.8
9621,29,2590.0,4990.0,LOUNGEWEARNEW,4.2
9622,53,2290.0,2990.0,KNITWEAR|SHORTS_SKORTS,4.3
9623,18,1990.0,3490.0,SPECIAL PRICES|BLAZERS|BASICS,4.6
9624,24,2590.0,4090.0,WORKWEARNEW|SKIRTS,3.8
9625,34,1890.0,3290.0,JEANS,3.6
9626,27,5590.0,8590.0,JACKETS|ACCESSORIES_JEWELLERY,3.7
9627,32,4990.0,5990.0,BLAZERS|TOPS_BODYSUITS,4.6
9628,48,2590.0,5990.0,JEANS,3.9
9629,54,1590.0,4990.0,KNITWEAR|SPECIAL PRICES,4.1
9630,26,4990.0,6490.0,PERFUMESNEW|WAISTCOATS_GILETS,4.2
9631,47,3990.0,4990.0,SKIRTS,3.9
9632,41,3990.0,7590.0,SHOES|T-SHIRTS_SWEATSHIRTS,3.7
9633,25,2590.0,3290.0,BEAUTY|BLAZERS,4.3
9634,50,3290.0,5990.0,JACKETS|KNITWEAR,3.6
9635,51,2290.0,4990.0,KNITWEAR|WORKWEARNEW,4.3
9636,38,2990.0,4490.0,WORKWEARNEW,3.7
9637,22,3990.0,6990.0,SHORTS_SKORTS|SKIRTS,4.3
9638,37,3290.0,5990.0,SHIRTS,4.2
9639,33,3290.0,7590.0,JACKETS|TOPS_BODYSUITS,3.8
9640,45,3990.0,4990.0,WORKWEARNEW,4.1
9641,29,4990.0,6490.0,PERFUMESNEW,3.6
9642,26,2890.0,4990.0,T-SHIRTS_SWEATSHIRTS|SHOES,4.0
9643,23,3990.0,5990.0,TROUSERS|T-SHIRTS_SWEATSHIRTS,4.6
9644,40,890.0,5590.0,PERFUMESNEW,4.1
9645,24,2290.0,2990.0,WAISTCOATS_GILETS,4.0
9646,45,1990.0,2590.0,SPECIAL PRICES,3.7
9647,42,5590.0,8590.0,SKIRTS|DRESSES_JUMPSUITS,3.8
9648,49,2290.0,3290.0,BLAZERS|TOPS_BODYSUITS,4.5
9649,50,3290.0,8590.0,BLAZERS,4.5
9650,54,3290.0,4990.0,BASICS|WORKWEARNEW,3.6
9651,20,4990.0,7990.0,CO-ORD SETS|KNITWEAR,3.5
9652,43,2990.0,5990.0,KNITWEAR,4.2
9653,24,1990.0,2590.0,JACKETS|T-SHIRTS_SWEATSHIRTS|ACCESSORIES_JEWELLERY,4.1
9654,47,3990.0,5990.0,PERFUMESNEW|SHORTS_SKORTS|JEANS,4.4
9655,41,1990.0,7590.0,JEANS|TROUSERS,3.7
9656,49,1290.0,2290.0,PERFUMESNEW|BASICS,4.0
9657,28,1590.0,3090.0,JEANS,3.6
9658,33,3290.0,4990.0,SHOES,4.6
9659,46,2290.0,4990.0,SHOES,3.5
9660,28,2590.0,5990.0,DRESSES_JUMPSUITS|SPECIAL PRICES,3.6
9661,34,2990.0,5990.0,SHIRTS|TOPS_BODYSUITS|JACKETS,4.4
9662,54,3290.0,4790.0,SHORTS_SKORTS,3.7
9663,35,4990.0,5990.0,BASICS,4.0
9664,27,4990.0,5990.0,SHOES|LOUNGEWEARNEW,4.0
9665,48,3290.0,4990.0,WAISTCOATS_GILETS|KNITWEAR,3.9
9666,34,2290.0,3990.0,CO-ORD SETS|BEAUTY,4.4
9667,38,3990.0,5990.0,ACCESSORIES_JEWELLERY,4.3
9668,45,3990.0,5490.0,BASICS,3.9
9669,40,3290.0,5590.0,BEAUTY,4.6
9670,32,2590.0,3290.0,BASICS|T-SHIRTS_SWEATSHIRTS,4.7
9671,27,2990.0,5990.0,TROUSERS,4.2
9672,35,3290.0,6990.0,T-SHIRTS_SWEATSHIRTS|JACKETS|LOUNGEWEARNEW,4.0
9673,22,3990.0,4990.0,BASICS|DRESSES_JUMPSUITS,4.6
9674,46,3290.0,4990.0,BAGS|KNITWEAR,4.5
9675,28,3290.0,4990.0,BAGS,4.5
9676,33,2290.0,7990.0,WORKWEARNEW|BAGS|BLAZERS,3.5
9677,46,2990.0,4490.0,BASICS|KNITWEAR,4.4
9678,42,2890.0,3990.0,BAGS,3.8
9679,24,3990.0,7590.0,LOUNGEWEARNEW,3.6
9680,45,2290.0,3790.0,PERFUMESNEW,4.5
9681,33,2590.0,8590.0,LOUNGEWEARNEW,4.7
9682,54,2290.0,3790.0,SHORTS_SKORTS|SHOES,3.5
9683,18,990.0,2490.0,WAISTCOATS_GILETS,3.9
9684,40,3290.0,5590.0,PERFUMESNEW,3.7
9685,20,3990.0,4990.0,WAISTCOATS_GILETS|JEANS,4.5
9686,31,490.0,2590.0,PERFUMESNEW|ACCESSORIES_JEWELLERY|SKIRTS,3.7
9687,36,990.0,2290.0,WAISTCOATS_GILETS|LOUNGEWEARNEW,4.4
9688,35,2590.0,3290.0,SKIRTS,4.2
9689,37,2590.0,4090.0,SPECIAL PRICES,3.7
9690,39,2290.0,4990.0,LOUNGEWEARNEW|TOPS_BODYSUITS,4.0
9691,34,3290.0,4990.0,SHORTS_SKORTS|JACKETS,4.1
9692,36,1890.0,4990.0,SKIRTS|SHOES,3.6
9693,32,1790.0,2290.0,TOPS_BODYSUITS|WORKWEARNEW,3.6
9694,51,1890.0,3290.0,JEANS,4.1
9695,26,2590.0,5590.0,JACKETS|SPECIAL PRICES|JEANS,3.8
9696,27,2290.0,3290.0,TROUSERS,4.7
9697,20,3290.0,4990.0,SKIRTS|KNITWEAR,4.3
9698,20,4990.0,5990.0,CO-ORD SETS,4.2
9699,26,3990.0,4990.0,SHORTS_SKORTS|PERFUMESNEW,3.8
9700,22,5990.0,8990.0,BAGS,4.6
9701,40,490.0,4990.0,PERFUMESNEW,3.8
9702,35,1890.0,3290.0,TROUSERS,3.9
9703,47,2890.0,4990.0,DRESSES_JUMPSUITS,4.4
9704,22,2590.0,4990.0,BLAZERS,4.5
9705,34,3290.0,7590.0,SKIRTS|SHIRTS|BEAUTY,3.7
9706,52,2290.0,3290.0,PERFUMESNEW|SHORTS_SKORTS|JEANS,4.1
9707,30,1890.0,2590.0,BASICS|JEANS|BEAUTY,3.8
9708,43,3290.0,5990.0,BLAZERS,3.8
9709,48,2990.0,9590.0,PERFUMESNEW|TROUSERS,4.2
9710,43,1290.0,3290.0,ACCESSORIES_JEWELLERY|SPECIAL PRICES|BASICS,4.4
9711,51,1990.0,2990.0,BAGS,4.7
9712,30,3290.0,3990.0,DRESSES_JUMPSUITS,4.4
9713,38,2290.0,2990.0,KNITWEAR,3.8
9714,40,2990.0,4490.0,PERFUMESNEW,4.3
9715,25,3290.0,5990.0,PERFUMESNEW|SHORTS_SKORTS,3.8
9716,22,1990.0,2890.0,ACCESSORIES_JEWELLERY,4.3
9717,28,1890.0,4990.0,JACKETS,3.9
9718,29,1590.0,2990.0,LOUNGEWEARNEW,4.1
9719,28,1990.0,5990.0,LOUNGEWEARNEW|BASICS|CO-ORD SETS,3.6
9720,33,3290.0,5590.0,DRESSES_JUMPSUITS|WAISTCOATS_GILETS,3.5
9721,55,3990.0,5490.0,TROUSERS|TOPS_BODYSUITS|WORKWEARNEW,4.3
9722,33,3290.0,4990.0,ACCESSORIES_JEWELLERY|SKIRTS,4.2
9723,35,1590.0,3990.0,TOPS_BODYSUITS|ACCESSORIES_JEWELLERY,4.2
9724,28,690.0,5990.0,SPECIAL PRICES|BAGS,4.2
9725,34,3290.0,10990.0,SPECIAL PRICES,4.6
9726,34,2990.0,4490.0,T-SHIRTS_SWEATSHIRTS,3.7
9727,35,1990.0,4990.0,BLAZERS|TOPS_BODYSUITS,3.9
9728,18,2890.0,5990.0,WORKWEARNEW,3.9
9729,36,1090.0,3290.0,CO-ORD SETS,3.7
9730,41,5590.0,7090.0,DRESSES_JUMPSUITS|ACCESSORIES_JEWELLERY,4.2
9731,35,3290.0,4990.0,WAISTCOATS_GILETS,4.0
9732,46,1590.0,3290.0,SPECIAL PRICES|JACKETS,4.6
9733,30,2290.0,3290.0,JACKETS|BAGS|CO-ORD SETS,4.0
9734,24,2590.0,3290.0,BEAUTY,4.3
9735,26,2990.0,4490.0,SHOES|SPECIAL PRICES,4.2
9736,40,3290.0,5990.0,SHIRTS|BAGS,4.3
9737,48,2990.0,7590.0,BASICS|SKIRTS,3.7
9738,54,2290.0,2890.0,JACKETS,3.9
9739,36,3290.0,3990.0,SPECIAL PRICES,4.6
9740,53,2990.0,4990.0,BLAZERS|JEANS,4.4
9741,50,3290.0,4990.0,SHORTS_SKORTS|BAGS,4.3
9742,21,2990.0,4990.0,SKIRTS|BLAZERS,4.4
9743,19,3990.0,4990.0,TOPS_BODYSUITS|WORKWEARNEW|BASICS,4.0
9744,41,3290.0,4990.0,DRESSES_JUMPSUITS|T-SHIRTS_SWEATSHIRTS,4.3
9745,18,1890.0,5990.0,T-SHIRTS_SWEATSHIRTS,4.1
9746,38,3290.0,3990.0,KNITWEAR,4.5
9747,21,4990.0,5990.0,JACKETS|WORKWEARNEW,4.4
9748,28,4990.0,5990.0,WORKWEARNEW|JACKETS,4.1
9749,48,4990.0,7590.0,T-SHIRTS_SWEATSHIRTS,4.3
9750,34,2590.0,4090.0,SKIRTS|PERFUMESNEW,4.2
9751,37,2290.0,2990.0,T-SHIRTS_SWEATSHIRTS,4.0
9752,20,3290.0,5990.0,SKIRTS,4.5
9753,48,3990.0,4990.0,SKIRTS,3.9
9754,41,3290.0,3990.0,ACCESSORIES_JEWELLERY|JEANS,4.3
9755,21,3290.0,4990.0,WAISTCOATS_GILETS,4.4
9756,50,3290.0,3990.0,WAISTCOATS_GILETS|PERFUMESNEW,4.6
9757,46,3290.0,3990.0,DRESSES_JUMPSUITS|T-SHIRTS_SWEATSHIRTS,4.3
9758,28,2290.0,3790.0,SKIRTS|WAISTCOATS_GILETS|DRESSES_JUMPSUITS,4.1
9759,29,2290.0,2990.0,BLAZERS|SHIRTS,4.5
9760,38,2990.0,4490.0,SKIRTS,3.5
9761,50,5590.0,6990.0,TOPS_BODYSUITS|BEAUTY,4.3
9762,26,3290.0,4990.0,BAGS,3.7
9763,26,2290.0,3290.0,JACKETS,4.6
9764,48,1890.0,4990.0,PERFUMESNEW|WORKWEARNEW,4.6
9765,24,2590.0,3290.0,JEANS,3.7
9766,19,1890.0,6990.0,SHOES,4.5
9767,43,2590.0,4090.0,TROUSERS|KNITWEAR,3.5
9768,24,3990.0,5990.0,TOPS_BODYSUITS,4.2
9769,45,4990.0,6490.0,JACKETS,4.2
9770,19,1890.0,3290.0,BAGS,4.1
9771,21,3290.0,3990.0,SKIRTS,4.5
9772,50,1590.0,3090.0,WORKWEARNEW,4.5
9773,46,2290.0,3990.0,BAGS|SHORTS_SKORTS,3.8
9774,46,3290.0,4990.0,T-SHIRTS_SWEATSHIRTS,4.1
9775,51,2590.0,3290.0,SHORTS_SKORTS,4.3
9776,41,1890.0,3290.0,PERFUMESNEW,4.4
9777,32,2990.0,4990.0,DRESSES_JUMPSUITS|WAISTCOATS_GILETS,4.6
9778,28,790.0,2990.0,SHOES|SKIRTS,4.7
9779,21,3290.0,4990.0,SPECIAL PRICES|LOUNGEWEARNEW,4.4
9780,33,1990.0,8590.0,DRESSES_JUMPSUITS,4.2
9781,48,2590.0,4990.0,SPECIAL PRICES,4.7
9782,21,1890.0,5990.0,DRESSES_JUMPSUITS|BASICS,4.6
9783,47,3290.0,4990.0,WAISTCOATS_GILETS,4.3
9784,30,2590.0,4990.0,WORKWEARNEW|BAGS,4.7
9785,50,3290.0,4790.0,PERFUMESNEW|BAGS,4.6
9786,45,590.0,5990.0,JEANS|BEAUTY|WORKWEARNEW,4.5
9787,30,2990.0,3990.0,LOUNGEWEARNEW,4.0
9788,28,3990.0,4990.0,SKIRTS,3.9
9789,32,2590.0,3290.0,SHORTS_SKORTS|SHOES,4.3
9790,48,2290.0,3790.0,SHORTS_SKORTS|KNITWEAR|DRESSES_JUMPSUITS,3.6
9791,44,2990.0,4990.0,CO-ORD SETS,4.3
9792,34,3290.0,4990.0,JACKETS,4.3
9793,40,3290.0,4990.0,DRESSES_JUMPSUITS,3.6
9794,48,2290.0,5590.0,SPECIAL PRICES|KNITWEAR,3.7
9795,46,1290.0,2590.0,LOUNGEWEARNEW,3.8
9796,47,1290.0,1990.0,LOUNGEWEARNEW|T-SHIRTS_SWEATSHIRTS,3.6
9797,31,3290.0,4790.0,SHOES|JACKETS,4.6
9798,31,2590.0,4990.0,TOPS_BODYSUITS|SPECIAL PRICES,4.4
9799,43,2990.0,4490.0,SKIRTS,4.6
9800,30,2290.0,4990.0,BAGS,4.7
9801,41,3990.0,5990.0,SHOES,4.5
9802,38,2990.0,4990.0,WORKWEARNEW|SPECIAL PRICES|BLAZERS,4.3
9803,34,2990.0,5990.0,PERFUMESNEW,4.5
9804,21,990.0,2290.0,WAISTCOATS_GILETS,3.6
9805,47,1290.0,3990.0,PERFUMESNEW|SKIRTS|CO-ORD SETS,4.2
9806,19,2990.0,4990.0,SPECIAL PRICES,4.3
9807,24,3990.0,4990.0,KNITWEAR|SHORTS_SKORTS,4.7
9808,41,3290.0,4790.0,TROUSERS|JEANS|SHIRTS,4.0
9809,24,1990.0,4990.0,BASICS,3.7
9810,53,3290.0,4990.0,ACCESSORIES_JEWELLERY,4.0
9811,46,2890.0,4990.0,TOPS_BODYSUITS,3.9
9812,42,3990.0,5990.0,BASICS|BLAZERS,3.8
9813,33,2290.0,7590.0,LOUNGEWEARNEW|WORKWEARNEW|TROUSERS,4.6
9814,46,790.0,2990.0,WORKWEARNEW,4.3
9815,50,2290.0,5990.0,BAGS,4.2
9816,45,3290.0,4790.0,SHORTS_SKORTS|KNITWEAR|LOUNGEWEARNEW,3.9
9817,27,1990.0,7590.0,CO-ORD SETS|DRESSES_JUMPSUITS,4.7
9818,27,2990.0,4490.0,SPECIAL PRICES|KNITWEAR|TOPS_BODYSUITS,4.0
9819,43,3290.0,4790.0,SHOES|BAGS,4.4
9820,52,2290.0,3290.0,BEAUTY,3.6
9821,19,3290.0,5990.0,T-SHIRTS_SWEATSHIRTS|SHIRTS,4.0
9822,26,2990.0,4490.0,SPECIAL PRICES|PERFUMESNEW,4.5
9823,54,2590.0,4090.0,LOUNGEWEARNEW,3.8
9824,30,3990.0,4990.0,CO-ORD SETS|ACCESSORIES_JEWELLERY,4.5
9825,48,3290.0,5990.0,SKIRTS|DRESSES_JUMPSUITS,4.1
9826,48,1890.0,3290.0,PERFUMESNEW|CO-ORD SETS,4.4
9827,47,3290.0,5990.0,TROUSERS|T-SHIRTS_SWEATSHIRTS,4.6
9828,28,2890.0,3990.0,SKIRTS|TOPS_BODYSUITS,4.2
9829,18,3290.0,4790.0,BASICS|SHORTS_SKORTS,3.8
9830,42,3990.0,5990.0,DRESSES_JUMPSUITS|BLAZERS,3.8
9831,37,3990.0,5490.0,JACKETS,4.4
9832,54,4990.0,6490.0,BAGS|BASICS,4.6
9833,35,2290.0,3990.0,JEANS|DRESSES_JUMPSUITS,3.9
9834,45,2290.0,3290.0,BAGS|CO-ORD SETS,4.7
9835,25,2990.0,4490.0,LOUNGEWEARNEW|DRESSES_JUMPSUITS|KNITWEAR,3.5
9836,41,990.0,4990.0,BEAUTY,3.8
9837,49,2590.0,3290.0,TOPS_BODYSUITS,3.8
9838,38,2890.0,4990.0,ACCESSORIES_JEWELLERY|WAISTCOATS_GILETS,3.5
9839,50,1590.0,4990.0,TROUSERS|ACCESSORIES_JEWELLERY,3.7
9840,53,3290.0,3990.0,ACCESSORIES_JEWELLERY|PERFUMESNEW,4.2
9841,24,3290.0,5990.0,TOPS_BODYSUITS,4.6
9842,37,2990.0,5990.0,SHOES,4.2
9843,23,2990.0,4990.0,BEAUTY|KNITWEAR,4.4
9844,46,2590.0,4090.0,WAISTCOATS_GILETS,4.5
9845,44,2990.0,5990.0,LOUNGEWEARNEW,4.7
9846,41,3990.0,6990.0,KNITWEAR,4.7
9847,51,2290.0,3790.0,ACCESSORIES_JEWELLERY,3.9
9848,37,1890.0,3990.0,JACKETS|SHOES,3.9
9849,49,1590.0,2590.0,BAGS|TOPS_BODYSUITS,3.9
9850,27,1890.0,7590.0,BEAUTY,4.7
9851,51,2990.0,4990.0,TROUSERS|SHORTS_SKORTS,3.9
9852,55,2890.0,4390.0,BAGS|TROUSERS,4.5
9853,28,4990.0,6490.0,SPECIAL PRICES,4.6
9854,25,3290.0,3990.0,WAISTCOATS_GILETS|JACKETS|PERFUMESNEW,4.1
9855,49,2590.0,3290.0,BEAUTY|JACKETS|JEANS,3.7
9856,29,4990.0,5990.0,DRESSES_JUMPSUITS,3.6
9857,42,5990.0,7490.0,WORKWEARNEW|SPECIAL PRICES,4.2
9858,27,2990.0,4490.0,WAISTCOATS_GILETS,4.1
9859,28,590.0,2290.0,SHIRTS|DRESSES_JUMPSUITS,3.5
9860,41,2990.0,5990.0,SKIRTS|SHORTS_SKORTS,3.9
9861,45,1290.0,3290.0,KNITWEAR,4.5
9862,46,2590.0,4090.0,BLAZERS|SHORTS_SKORTS,4.6
9863,40,3290.0,4790.0,T-SHIRTS_SWEATSHIRTS,4.0
9864,38,2890.0,3990.0,WAISTCOATS_GILETS,4.1
9865,41,3290.0,4790.0,T-SHIRTS_SWEATSHIRTS,3.8
9866,52,1990.0,2990.0,T-SHIRTS_SWEATSHIRTS,3.6
9867,30,1890.0,4990.0,CO-ORD SETS,4.3
9868,53,4990.0,5990.0,SHORTS_SKORTS,3.9
9869,24,2590.0,4990.0,WORKWEARNEW|WAISTCOATS_GILETS,3.7
9870,24,2290.0,4990.0,PERFUMESNEW|TOPS_BODYSUITS|DRESSES_JUMPSUITS,3.8
9871,50,2990.0,3990.0,JEANS|JACKETS|TROUSERS,4.5
9872,54,3290.0,5990.0,T-SHIRTS_SWEATSHIRTS|CO-ORD SETS,4.3
9873,36,2290.0,5990.0,TROUSERS|CO-ORD SETS,4.5
9874,37,2590.0,4090.0,SHIRTS|JACKETS|JEANS,4.0
9875,30,4990.0,5990.0,JEANS,4.0
9876,40,3990.0,4990.0,BEAUTY|SHORTS_SKORTS,3.5
9877,55,1990.0,5590.0,KNITWEAR|CO-ORD SETS|TOPS_BODYSUITS,4.1
9878,34,2290.0,3290.0,KNITWEAR|BAGS|TOPS_BODYSUITS,3.8
9879,27,3290.0,4790.0,PERFUMESNEW|WORKWEARNEW,3.6
9880,54,3290.0,5990.0,KNITWEAR|SHOES,3.6
9881,39,2990.0,4490.0,BAGS|KNITWEAR,4.4
9882,27,4990.0,6490.0,TROUSERS|BASICS,4.2
9883,34,3290.0,7590.0,PERFUMESNEW,4.2
9884,54,2590.0,3290.0,BAGS,3.9
9885,32,1890.0,3390.0,SHORTS_SKORTS|SPECIAL PRICES|BAGS,4.5
9886,36,3290.0,4990.0,WORKWEARNEW|DRESSES_JUMPSUITS|SHOES,4.1
9887,23,1590.0,2590.0,TOPS_BODYSUITS|CO-ORD SETS,3.7
9888,32,2990.0,5990.0,BAGS,4.0
9889,35,3290.0,13990.0,WORKWEARNEW|LOUNGEWEARNEW|TOPS_BODYSUITS,4.2
9890,42,2990.0,4490.0,SHORTS_SKORTS,4.0
9891,52,4990.0,5990.0,KNITWEAR|CO-ORD SETS,3.9
9892,27,3290.0,4790.0,BLAZERS,4.4
9893,28,2590.0,4990.0,TOPS_BODYSUITS,3.9
9894,26,1990.0,2990.0,ACCESSORIES_JEWELLERY|WAISTCOATS_GILETS,3.6
9895,37,3290.0,4990.0,TROUSERS|PERFUMESNEW,4.2
9896,54,3290.0,7590.0,WORKWEARNEW,3.7
9897,38,3290.0,7590.0,PERFUMESNEW,4.5
9898,31,2290.0,2990.0,BLAZERS,4.5
9899,22,2990.0,3990.0,T-SHIRTS_SWEATSHIRTS|JACKETS,4.7
9900,54,2590.0,5990.0,BAGS|TROUSERS,3.8
9901,18,3990.0,4990.0,PERFUMESNEW,3.9
9902,31,3990.0,4990.0,SHIRTS,3.9
9903,23,2290.0,2990.0,SHORTS_SKORTS|TOPS_BODYSUITS,4.3
9904,24,3290.0,3990.0,DRESSES_JUMPSUITS,4.5
9905,24,2990.0,4990.0,WORKWEARNEW,3.8
9906,41,2990.0,4990.0,LOUNGEWEARNEW|SHIRTS,4.0
9907,38,2990.0,5990.0,ACCESSORIES_JEWELLERY|SHORTS_SKORTS,3.8
9908,42,3290.0,3990.0,SPECIAL PRICES|WORKWEARNEW,4.0
9909,26,2290.0,3290.0,TROUSERS,3.8
9910,26,2290.0,3290.0,ACCESSORIES_JEWELLERY|JACKETS,3.8
9911,44,2590.0,3290.0,SHIRTS|KNITWEAR,4.3
9912,28,1590.0,5990.0,SHORTS_SKORTS,4.0
9913,19,3290.0,3990.0,BASICS,4.1
9914,51,3290.0,4990.0,BASICS,4.6
9915,38,4990.0,6490.0,JEANS|WORKWEARNEW,4.4
9916,54,3290.0,4990.0,BLAZERS|CO-ORD SETS,4.1
9917,21,1990.0,3490.0,TROUSERS,4.4
9918,34,2590.0,4990.0,BLAZERS|DRESSES_JUMPSUITS,4.5
9919,52,2590.0,4090.0,SKIRTS|BEAUTY,3.7
9920,42,2590.0,4090.0,WORKWEARNEW,4.0
9921,50,2590.0,3990.0,ACCESSORIES_JEWELLERY|PERFUMESNEW|SHOES,4.5
9922,30,3990.0,4990.0,SPECIAL PRICES|T-SHIRTS_SWEATSHIRTS|TOPS_BODYSUITS,3.8
9923,50,3990.0,5990.0,T-SHIRTS_SWEATSHIRTS|BASICS,4.4
9924,33,1590.0,3090.0,SHIRTS,4.2
9925,33,3290.0,5990.0,DRESSES_JUMPSUITS|PERFUMESNEW|JEANS,4.5
9926,34,3990.0,5590.0,JEANS,4.2
9927,45,2990.0,4990.0,TROUSERS,3.7
9928,27,3290.0,7990.0,ACCESSORIES_JEWELLERY,4.1
9929,55,2290.0,3290.0,BAGS,4.0
9930,37,2590.0,4090.0,SPECIAL PRICES|KNITWEAR,4.2
9931,28,2990.0,4590.0,PERFUMESNEW,3.8
9932,38,4990.0,6490.0,PERFUMESNEW,3.9
9933,47,2990.0,5990.0,BAGS|WORKWEARNEW,4.0
9934,30,3290.0,4790.0,T-SHIRTS_SWEATSHIRTS,3.6
9935,54,5590.0,7090.0,WAISTCOATS_GILETS|SHOES,4.6
9936,22,3290.0,4990.0,SHIRTS,4.4
9937,40,8590.0,10090.0,JACKETS|CO-ORD SETS,3.8
9938,25,3990.0,5990.0,TROUSERS|SPECIAL PRICES,4.2
9939,43,990.0,3290.0,PERFUMESNEW|BEAUTY,3.5
9940,50,4990.0,5990.0,TOPS_BODYSUITS,4.5
9941,45,1790.0,2990.0,SKIRTS|TOPS_BODYSUITS,4.4
9942,27,2290.0,4990.0,BASICS|T-SHIRTS_SWEATSHIRTS,4.4
9943,55,1290.0,1890.0,WORKWEARNEW,4.7
9944,33,2590.0,4990.0,TROUSERS,3.5
9945,49,2290.0,4990.0,SHOES,4.0
9946,20,3290.0,4990.0,BLAZERS,4.6
9947,33,2890.0,4990.0,KNITWEAR,3.6
9948,50,2290.0,4990.0,TOPS_BODYSUITS,4.6
9949,44,3290.0,5990.0,ACCESSORIES_JEWELLERY|SHIRTS,4.0
9950,49,2290.0,3790.0,CO-ORD SETS|SHIRTS,4.6
9951,30,2590.0,3990.0,TROUSERS|BASICS,4.3
9952,33,2990.0,3990.0,BAGS|SHORTS_SKORTS,3.9
9953,48,2590.0,4090.0,TROUSERS|SHIRTS,3.7
9954,29,2290.0,2990.0,TOPS_BODYSUITS|BAGS,4.5
9955,18,2990.0,4490.0,CO-ORD SETS|BLAZERS|BEAUTY,4.3
9956,33,1890.0,3390.0,SPECIAL PRICES,3.7
9957,41,2990.0,4990.0,TOPS_BODYSUITS,4.1
9958,38,2890.0,4390.0,BLAZERS|BEAUTY,3.5
9959,52,3290.0,3990.0,BAGS,3.8
9960,48,4990.0,7590.0,PERFUMESNEW,3.8
9961,26,2590.0,4090.0,WORKWEARNEW|SKIRTS,4.4
9962,50,2590.0,4990.0,JACKETS,4.3
9963,47,4990.0,6490.0,SHOES|LOUNGEWEARNEW,4.5
9964,46,3290.0,12990.0,PERFUMESNEW|LOUNGEWEARNEW,4.0
9965,36,3990.0,4990.0,WORKWEARNEW,3.7
9966,20,2990.0,4490.0,BLAZERS,4.2
9967,33,2990.0,4490.0,BASICS|SHOES,4.5
9968,26,2590.0,3290.0,TOPS_BODYSUITS|SKIRTS,4.2
9969,36,2990.0,4490.0,WORKWEARNEW|BASICS,4.0
9970,46,2990.0,3990.0,SPECIAL PRICES|WAISTCOATS_GILETS|SKIRTS,4.3
9971,33,2590.0,3290.0,SHOES|BAGS,3.7
9972,41,3290.0,4790.0,BEAUTY,3.8
9973,32,1290.0,4990.0,BAGS|WAISTCOATS_GILETS,3.9
9974,24,2990.0,4990.0,BLAZERS,3.6
9975,34,5590.0,7090.0,CO-ORD SETS,4.6
9976,34,3990.0,7590.0,BASICS,4.6
9977,42,3290.0,3990.0,SHORTS_SKORTS|TROUSERS|BAGS,3.5
9978,26,2990.0,4490.0,SKIRTS|TOPS_BODYSUITS,3.9
9979,44,2890.0,8590.0,BEAUTY|BLAZERS,3.7
9980,20,3990.0,4990.0,SHOES,3.8
9981,39,3290.0,5990.0,T-SHIRTS_SWEATSHIRTS|BLAZERS,3.6
9982,54,2990.0,4490.0,PERFUMESNEW,3.8
9983,39,3290.0,9590.0,JACKETS|DRESSES_JUMPSUITS,4.2
9984,31,2990.0,4490.0,SKIRTS|TOPS_BODYSUITS,4.6
9985,52,1990.0,2990.0,LOUNGEWEARNEW|WORKWEARNEW,4.2
9986,29,1590.0,3090.0,BEAUTY,3.8
9987,33,2590.0,3290.0,LOUNGEWEARNEW,3.6
9988,40,990.0,5990.0,SHORTS_SKORTS,4.0
9989,46,4990.0,6490.0,SHIRTS|BASICS|SPECIAL PRICES,4.4
9990,52,2990.0,4990.0,SPECIAL PRICES|SHOES|ACCESSORIES_JEWELLERY,4.2
9991,53,2590.0,4990.0,WORKWEARNEW,4.7
9992,44,3290.0,4990.0,KNITWEAR|DRESSES_JUMPSUITS|SPECIAL PRICES,4.0
9993,29,5990.0,13990.0,SPECIAL PRICES,4.0
9994,20,3290.0,3990.0,JEANS|BLAZERS,3.5
9995,49,2290.0,3990.0,JEANS,4.4
9996,49,3290.0,8590.0,KNITWEAR|SKIRTS,4.1
9997,35,3290.0,5990.0,ACCESSORIES_JEWELLERY,4.6
9998,43,1890.0,2590.0,JEANS|SHOES|SHORTS_SKORTS,4.3
9999,19,3290.0,5990.0,LOUNGEWEARNEW|KNITWEAR,4.1
10000,38,2590.0,3290.0,JACKETS|SPECIAL PRICES,3.6
